dataset,seed,model,n_rows,n_train,n_val,n_test,n_features,n_intermediates,n_targets,mean_rmse,mean_mae,mean_r2,target_rmse_json,target_r2_json,dropped_all_nan_cols,split_group_col,train_val_group_overlap,train_test_group_overlap,val_test_group_overlap,target_constant_within_group
airfoil_self_noise,1,simple_mlp,1503,961,241,301,4,1,1,3.0741941928863525,2.185192584991455,0.7774941921234131,"{""target_scaled_sound_pressure_level"": 3.0741941928863525}","{""target_scaled_sound_pressure_level"": 0.7774941921234131}",,,0,0,0,False
airfoil_self_noise,1,random_forest,1503,961,241,301,4,1,1,1.9670184529403938,1.409471330704439,0.9089047563414177,"{""target_scaled_sound_pressure_level"": 1.9670184529403938}","{""target_scaled_sound_pressure_level"": 0.9089047563414177}",,,0,0,0,False
airfoil_self_noise,1,xgboost,1503,961,241,301,4,1,1,2.4717317861273864,1.842041453609856,0.8561593891505022,"{""target_scaled_sound_pressure_level"": 2.4717317861273864}","{""target_scaled_sound_pressure_level"": 0.8561593891505022}",,,0,0,0,False
airfoil_self_noise,1,lightgbm,1503,961,241,301,4,1,1,2.1754299086185833,1.5483735819263467,0.8885784941223045,"{""target_scaled_sound_pressure_level"": 2.1754299086185833}","{""target_scaled_sound_pressure_level"": 0.8885784941223045}",,,0,0,0,False
airfoil_self_noise,1,cnn_mlp,1503,961,241,301,4,1,1,1.4695913532148621,1.1152111197603056,0.9491522184703128,"{""target_scaled_sound_pressure_level"": 1.4695913532148621}","{""target_scaled_sound_pressure_level"": 0.9491522184703128}",,,0,0,0,False
airfoil_self_noise,1,ftt_mlp,1503,961,241,301,4,1,1,1.780903892471403,1.310506795836529,0.9253276533208996,"{""target_scaled_sound_pressure_level"": 1.780903892471403}","{""target_scaled_sound_pressure_level"": 0.9253276533208996}",,,0,0,0,False
airfoil_self_noise,1,two_stage_mlp,1503,961,241,301,4,1,1,2.5731239318847656,1.8219316005706787,0.8441164493560791,"{""target_scaled_sound_pressure_level"": 2.5731239318847656}","{""target_scaled_sound_pressure_level"": 0.8441164493560791}",,,0,0,0,False
airfoil_self_noise,1,oracle_mlp,1503,961,241,301,4,1,1,2.4047632217407227,1.784430742263794,0.8638482093811035,"{""target_scaled_sound_pressure_level"": 2.4047632217407227}","{""target_scaled_sound_pressure_level"": 0.8638482093811035}",,,0,0,0,False
airfoil_self_noise,1,prism,1503,961,241,301,4,1,1,1.5482146739959717,1.1219350099563599,0.9435659646987915,"{""target_scaled_sound_pressure_level"": 1.5482146739959717}","{""target_scaled_sound_pressure_level"": 0.9435659646987915}",,,0,0,0,False
airfoil_self_noise,1,prism_z_acp_random_forest,1503,961,241,301,4,1,1,2.3414751316145477,1.7545201235642578,0.8709203043556866,"{""target_scaled_sound_pressure_level"": 2.3414751316145477}","{""target_scaled_sound_pressure_level"": 0.8709203043556866}",,,0,0,0,False
airfoil_self_noise,1,prism_z_acp_xgboost,1503,961,241,301,4,1,1,2.367024729924189,1.7849031220703568,0.8680879637926529,"{""target_scaled_sound_pressure_level"": 2.367024729924189}","{""target_scaled_sound_pressure_level"": 0.8680879637926529}",,,0,0,0,False
airfoil_self_noise,1,prism_z_acp_lightgbm,1503,961,241,301,4,1,1,2.164671678977074,1.577868230913042,0.8896778025031941,"{""target_scaled_sound_pressure_level"": 2.164671678977074}","{""target_scaled_sound_pressure_level"": 0.8896778025031941}",,,0,0,0,False
airfoil_self_noise,1,prism_z_random_forest,1503,961,241,301,4,1,1,2.339570728033926,1.762630514663017,0.8711301890256711,"{""target_scaled_sound_pressure_level"": 2.339570728033926}","{""target_scaled_sound_pressure_level"": 0.8711301890256711}",,,0,0,0,False
airfoil_self_noise,1,prism_z_xgboost,1503,961,241,301,4,1,1,2.419340439616957,1.8445913095481523,0.862192516184967,"{""target_scaled_sound_pressure_level"": 2.419340439616957}","{""target_scaled_sound_pressure_level"": 0.862192516184967}",,,0,0,0,False
airfoil_self_noise,1,prism_z_lightgbm,1503,961,241,301,4,1,1,2.190422267744532,1.600147512066953,0.8870374401931728,"{""target_scaled_sound_pressure_level"": 2.190422267744532}","{""target_scaled_sound_pressure_level"": 0.8870374401931728}",,,0,0,0,False
airfoil_self_noise,2,simple_mlp,1503,961,241,301,4,1,1,3.099830389022827,2.162336826324463,0.814207136631012,"{""target_scaled_sound_pressure_level"": 3.099830389022827}","{""target_scaled_sound_pressure_level"": 0.814207136631012}",,,0,0,0,False
airfoil_self_noise,2,random_forest,1503,961,241,301,4,1,1,2.3510551936621837,1.7202730392348706,0.8931243353618925,"{""target_scaled_sound_pressure_level"": 2.3510551936621837}","{""target_scaled_sound_pressure_level"": 0.8931243353618925}",,,0,0,0,False
airfoil_self_noise,2,xgboost,1503,961,241,301,4,1,1,2.4716664413414953,1.8521165157692387,0.8818774262787952,"{""target_scaled_sound_pressure_level"": 2.4716664413414953}","{""target_scaled_sound_pressure_level"": 0.8818774262787952}",,,0,0,0,False
airfoil_self_noise,2,lightgbm,1503,961,241,301,4,1,1,2.493944109738321,1.7909467051045316,0.8797385012161555,"{""target_scaled_sound_pressure_level"": 2.493944109738321}","{""target_scaled_sound_pressure_level"": 0.8797385012161555}",,,0,0,0,False
airfoil_self_noise,2,cnn_mlp,1503,961,241,301,4,1,1,1.769931269747797,1.2840881176342125,0.9394288271397278,"{""target_scaled_sound_pressure_level"": 1.769931269747797}","{""target_scaled_sound_pressure_level"": 0.9394288271397278}",,,0,0,0,False
airfoil_self_noise,2,ftt_mlp,1503,961,241,301,4,1,1,2.2500756641681297,1.5616004669496848,0.9021079498460997,"{""target_scaled_sound_pressure_level"": 2.2500756641681297}","{""target_scaled_sound_pressure_level"": 0.9021079498460997}",,,0,0,0,False
airfoil_self_noise,2,two_stage_mlp,1503,961,241,301,4,1,1,2.618568181991577,1.8093950748443604,0.8674191236495972,"{""target_scaled_sound_pressure_level"": 2.618568181991577}","{""target_scaled_sound_pressure_level"": 0.8674191236495972}",,,0,0,0,False
airfoil_self_noise,2,oracle_mlp,1503,961,241,301,4,1,1,2.342874526977539,1.670642375946045,0.893866777420044,"{""target_scaled_sound_pressure_level"": 2.342874526977539}","{""target_scaled_sound_pressure_level"": 0.893866777420044}",,,0,0,0,False
airfoil_self_noise,2,prism,1503,961,241,301,4,1,1,1.6140167713165283,1.1632866859436035,0.9496303200721741,"{""target_scaled_sound_pressure_level"": 1.6140167713165283}","{""target_scaled_sound_pressure_level"": 0.9496303200721741}",,,0,0,0,False
airfoil_self_noise,2,prism_z_acp_random_forest,1503,961,241,301,4,1,1,2.9712184959943952,2.0155777292469907,0.8293043873197825,"{""target_scaled_sound_pressure_level"": 2.9712184959943952}","{""target_scaled_sound_pressure_level"": 0.8293043873197825}",,,0,0,0,False
airfoil_self_noise,2,prism_z_acp_xgboost,1503,961,241,301,4,1,1,2.8749893230775387,1.9903260173592296,0.8401820147942827,"{""target_scaled_sound_pressure_level"": 2.8749893230775387}","{""target_scaled_sound_pressure_level"": 0.8401820147942827}",,,0,0,0,False
airfoil_self_noise,2,prism_z_acp_lightgbm,1503,961,241,301,4,1,1,2.722524432429803,1.8042184516984427,0.8566833161259702,"{""target_scaled_sound_pressure_level"": 2.722524432429803}","{""target_scaled_sound_pressure_level"": 0.8566833161259702}",,,0,0,0,False
airfoil_self_noise,2,prism_z_random_forest,1503,961,241,301,4,1,1,2.9769962924852695,2.0311760253174964,0.8286398764916404,"{""target_scaled_sound_pressure_level"": 2.9769962924852695}","{""target_scaled_sound_pressure_level"": 0.8286398764916404}",,,0,0,0,False
airfoil_self_noise,2,prism_z_xgboost,1503,961,241,301,4,1,1,2.885811633057275,1.9858480874824072,0.8389765458731749,"{""target_scaled_sound_pressure_level"": 2.885811633057275}","{""target_scaled_sound_pressure_level"": 0.8389765458731749}",,,0,0,0,False
airfoil_self_noise,2,prism_z_lightgbm,1503,961,241,301,4,1,1,2.7523266824153554,1.817348515546209,0.8535284964151441,"{""target_scaled_sound_pressure_level"": 2.7523266824153554}","{""target_scaled_sound_pressure_level"": 0.8535284964151441}",,,0,0,0,False
airfoil_self_noise,3,simple_mlp,1503,961,241,301,4,1,1,2.8089442253112793,2.0557310581207275,0.8192026615142822,"{""target_scaled_sound_pressure_level"": 2.8089442253112793}","{""target_scaled_sound_pressure_level"": 0.8192026615142822}",,,0,0,0,False
airfoil_self_noise,3,random_forest,1503,961,241,301,4,1,1,2.3073957728257692,1.6648264367042593,0.8780027629817937,"{""target_scaled_sound_pressure_level"": 2.3073957728257692}","{""target_scaled_sound_pressure_level"": 0.8780027629817937}",,,0,0,0,False
airfoil_self_noise,3,xgboost,1503,961,241,301,4,1,1,2.6625767420546183,1.9897386089128648,0.8375536050795708,"{""target_scaled_sound_pressure_level"": 2.6625767420546183}","{""target_scaled_sound_pressure_level"": 0.8375536050795708}",,,0,0,0,False
airfoil_self_noise,3,lightgbm,1503,961,241,301,4,1,1,2.502139300183776,1.74000960726707,0.8565406766362342,"{""target_scaled_sound_pressure_level"": 2.502139300183776}","{""target_scaled_sound_pressure_level"": 0.8565406766362342}",,,0,0,0,False
airfoil_self_noise,3,cnn_mlp,1503,961,241,301,4,1,1,1.683503785284718,1.182262616401111,0.9350567521679252,"{""target_scaled_sound_pressure_level"": 1.683503785284718}","{""target_scaled_sound_pressure_level"": 0.9350567521679252}",,,0,0,0,False
airfoil_self_noise,3,ftt_mlp,1503,961,241,301,4,1,1,1.9241301075768968,1.3410038717399422,0.9151650750397279,"{""target_scaled_sound_pressure_level"": 1.9241301075768968}","{""target_scaled_sound_pressure_level"": 0.9151650750397279}",,,0,0,0,False
airfoil_self_noise,3,two_stage_mlp,1503,961,241,301,4,1,1,2.3851521015167236,1.7701667547225952,0.869641900062561,"{""target_scaled_sound_pressure_level"": 2.3851521015167236}","{""target_scaled_sound_pressure_level"": 0.869641900062561}",,,0,0,0,False
airfoil_self_noise,3,oracle_mlp,1503,961,241,301,4,1,1,2.440033197402954,1.8125778436660767,0.8635739088058472,"{""target_scaled_sound_pressure_level"": 2.440033197402954}","{""target_scaled_sound_pressure_level"": 0.8635739088058472}",,,0,0,0,False
airfoil_self_noise,3,prism,1503,961,241,301,4,1,1,1.5254627466201782,1.071104884147644,0.9466776847839355,"{""target_scaled_sound_pressure_level"": 1.5254627466201782}","{""target_scaled_sound_pressure_level"": 0.9466776847839355}",,,0,0,0,False
airfoil_self_noise,3,prism_z_acp_random_forest,1503,961,241,301,4,1,1,2.490719746816281,1.831987165340272,0.8578471610522713,"{""target_scaled_sound_pressure_level"": 2.490719746816281}","{""target_scaled_sound_pressure_level"": 0.8578471610522713}",,,0,0,0,False
airfoil_self_noise,3,prism_z_acp_xgboost,1503,961,241,301,4,1,1,2.4226060007200805,1.8221306789148133,0.8655157619135008,"{""target_scaled_sound_pressure_level"": 2.4226060007200805}","{""target_scaled_sound_pressure_level"": 0.8655157619135008}",,,0,0,0,False
airfoil_self_noise,3,prism_z_acp_lightgbm,1503,961,241,301,4,1,1,2.286856366951582,1.6573975828940566,0.8801650259618496,"{""target_scaled_sound_pressure_level"": 2.286856366951582}","{""target_scaled_sound_pressure_level"": 0.8801650259618496}",,,0,0,0,False
airfoil_self_noise,3,prism_z_random_forest,1503,961,241,301,4,1,1,2.5043601650343588,1.8354164396723496,0.8562858985246303,"{""target_scaled_sound_pressure_level"": 2.5043601650343588}","{""target_scaled_sound_pressure_level"": 0.8562858985246303}",,,0,0,0,False
airfoil_self_noise,3,prism_z_xgboost,1503,961,241,301,4,1,1,2.510556721034114,1.8770401154334677,0.8555738330513112,"{""target_scaled_sound_pressure_level"": 2.510556721034114}","{""target_scaled_sound_pressure_level"": 0.8555738330513112}",,,0,0,0,False
airfoil_self_noise,3,prism_z_lightgbm,1503,961,241,301,4,1,1,2.298248415448346,1.6758955704201266,0.8789681286276976,"{""target_scaled_sound_pressure_level"": 2.298248415448346}","{""target_scaled_sound_pressure_level"": 0.8789681286276976}",,,0,0,0,False
airfoil_self_noise,4,simple_mlp,1503,961,241,301,4,1,1,2.96058988571167,2.1334829330444336,0.8175663948059082,"{""target_scaled_sound_pressure_level"": 2.96058988571167}","{""target_scaled_sound_pressure_level"": 0.8175663948059082}",,,0,0,0,False
airfoil_self_noise,4,random_forest,1503,961,241,301,4,1,1,1.7676777284937144,1.3662189240479135,0.9349638860990102,"{""target_scaled_sound_pressure_level"": 1.7676777284937144}","{""target_scaled_sound_pressure_level"": 0.9349638860990102}",,,0,0,0,False
airfoil_self_noise,4,xgboost,1503,961,241,301,4,1,1,2.1513644479665732,1.6359313005625578,0.9036667133317196,"{""target_scaled_sound_pressure_level"": 2.1513644479665732}","{""target_scaled_sound_pressure_level"": 0.9036667133317196}",,,0,0,0,False
airfoil_self_noise,4,lightgbm,1503,961,241,301,4,1,1,1.99575151199383,1.532067070314227,0.9170987008166009,"{""target_scaled_sound_pressure_level"": 1.99575151199383}","{""target_scaled_sound_pressure_level"": 0.9170987008166009}",,,0,0,0,False
airfoil_self_noise,4,cnn_mlp,1503,961,241,301,4,1,1,1.5384237010475712,1.1591169737220943,0.9507393285983292,"{""target_scaled_sound_pressure_level"": 1.5384237010475712}","{""target_scaled_sound_pressure_level"": 0.9507393285983292}",,,0,0,0,False
airfoil_self_noise,4,ftt_mlp,1503,961,241,301,4,1,1,1.8337141024242447,1.4068833608223745,0.9300139226067734,"{""target_scaled_sound_pressure_level"": 1.8337141024242447}","{""target_scaled_sound_pressure_level"": 0.9300139226067734}",,,0,0,0,False
airfoil_self_noise,4,two_stage_mlp,1503,961,241,301,4,1,1,2.5406219959259033,1.7713079452514648,0.865652859210968,"{""target_scaled_sound_pressure_level"": 2.5406219959259033}","{""target_scaled_sound_pressure_level"": 0.865652859210968}",,,0,0,0,False
airfoil_self_noise,4,oracle_mlp,1503,961,241,301,4,1,1,2.0905628204345703,1.5793442726135254,0.9090349078178406,"{""target_scaled_sound_pressure_level"": 2.0905628204345703}","{""target_scaled_sound_pressure_level"": 0.9090349078178406}",,,0,0,0,False
airfoil_self_noise,4,prism,1503,961,241,301,4,1,1,1.3536278009414673,0.9996508359909058,0.9618629813194275,"{""target_scaled_sound_pressure_level"": 1.3536278009414673}","{""target_scaled_sound_pressure_level"": 0.9618629813194275}",,,0,0,0,False
airfoil_self_noise,4,prism_z_acp_random_forest,1503,961,241,301,4,1,1,2.1625273905164204,1.6325711446633868,0.9026644165306931,"{""target_scaled_sound_pressure_level"": 2.1625273905164204}","{""target_scaled_sound_pressure_level"": 0.9026644165306931}",,,0,0,0,False
airfoil_self_noise,4,prism_z_acp_xgboost,1503,961,241,301,4,1,1,2.154449873868971,1.6396090826254925,0.9033901982511717,"{""target_scaled_sound_pressure_level"": 2.154449873868971}","{""target_scaled_sound_pressure_level"": 0.9033901982511717}",,,0,0,0,False
airfoil_self_noise,4,prism_z_acp_lightgbm,1503,961,241,301,4,1,1,2.0590377130993627,1.5378604928867488,0.9117576622563349,"{""target_scaled_sound_pressure_level"": 2.0590377130993627}","{""target_scaled_sound_pressure_level"": 0.9117576622563349}",,,0,0,0,False
airfoil_self_noise,4,prism_z_random_forest,1503,961,241,301,4,1,1,2.170838238873353,1.648335143799445,0.9019148346239253,"{""target_scaled_sound_pressure_level"": 2.170838238873353}","{""target_scaled_sound_pressure_level"": 0.9019148346239253}",,,0,0,0,False
airfoil_self_noise,4,prism_z_xgboost,1503,961,241,301,4,1,1,2.2236863363906205,1.6942914950079495,0.8970810237102596,"{""target_scaled_sound_pressure_level"": 2.2236863363906205}","{""target_scaled_sound_pressure_level"": 0.8970810237102596}",,,0,0,0,False
airfoil_self_noise,4,prism_z_lightgbm,1503,961,241,301,4,1,1,2.091947320282911,1.5714685685296403,0.908914364982167,"{""target_scaled_sound_pressure_level"": 2.091947320282911}","{""target_scaled_sound_pressure_level"": 0.908914364982167}",,,0,0,0,False
airfoil_self_noise,5,simple_mlp,1503,961,241,301,4,1,1,3.390963315963745,2.4345715045928955,0.7551490664482117,"{""target_scaled_sound_pressure_level"": 3.390963315963745}","{""target_scaled_sound_pressure_level"": 0.7551490664482117}",,,0,0,0,False
airfoil_self_noise,5,random_forest,1503,961,241,301,4,1,1,2.2191298467794693,1.5617606679224731,0.8951373110553665,"{""target_scaled_sound_pressure_level"": 2.2191298467794693}","{""target_scaled_sound_pressure_level"": 0.8951373110553665}",,,0,0,0,False
airfoil_self_noise,5,xgboost,1503,961,241,301,4,1,1,2.3826253429010467,1.781474382419412,0.8791164864831535,"{""target_scaled_sound_pressure_level"": 2.3826253429010467}","{""target_scaled_sound_pressure_level"": 0.8791164864831535}",,,0,0,0,False
airfoil_self_noise,5,lightgbm,1503,961,241,301,4,1,1,2.277129727762263,1.6905760599419384,0.8895842296673018,"{""target_scaled_sound_pressure_level"": 2.277129727762263}","{""target_scaled_sound_pressure_level"": 0.8895842296673018}",,,0,0,0,False
airfoil_self_noise,5,cnn_mlp,1503,961,241,301,4,1,1,1.735679099291757,1.2371299239973716,0.9358503297498857,"{""target_scaled_sound_pressure_level"": 1.735679099291757}","{""target_scaled_sound_pressure_level"": 0.9358503297498857}",,,0,0,0,False
airfoil_self_noise,5,ftt_mlp,1503,961,241,301,4,1,1,2.2802238613770887,1.66628159688697,0.8892839628435453,"{""target_scaled_sound_pressure_level"": 2.2802238613770887}","{""target_scaled_sound_pressure_level"": 0.8892839628435453}",,,0,0,0,False
airfoil_self_noise,5,two_stage_mlp,1503,961,241,301,4,1,1,2.973121404647827,2.0982303619384766,0.8117734789848328,"{""target_scaled_sound_pressure_level"": 2.973121404647827}","{""target_scaled_sound_pressure_level"": 0.8117734789848328}",,,0,0,0,False
airfoil_self_noise,5,oracle_mlp,1503,961,241,301,4,1,1,2.606245517730713,1.87265145778656,0.855360746383667,"{""target_scaled_sound_pressure_level"": 2.606245517730713}","{""target_scaled_sound_pressure_level"": 0.855360746383667}",,,0,0,0,False
airfoil_self_noise,5,prism,1503,961,241,301,4,1,1,1.5258268117904663,1.0754258632659912,0.9504246115684509,"{""target_scaled_sound_pressure_level"": 1.5258268117904663}","{""target_scaled_sound_pressure_level"": 0.9504246115684509}",,,0,0,0,False
airfoil_self_noise,5,prism_z_acp_random_forest,1503,961,241,301,4,1,1,2.5042990277196497,1.8230218717179172,0.8664549083504268,"{""target_scaled_sound_pressure_level"": 2.5042990277196497}","{""target_scaled_sound_pressure_level"": 0.8664549083504268}",,,0,0,0,False
airfoil_self_noise,5,prism_z_acp_xgboost,1503,961,241,301,4,1,1,2.4001050474179895,1.738454149519864,0.8773362998025402,"{""target_scaled_sound_pressure_level"": 2.4001050474179895}","{""target_scaled_sound_pressure_level"": 0.8773362998025402}",,,0,0,0,False
airfoil_self_noise,5,prism_z_acp_lightgbm,1503,961,241,301,4,1,1,2.422146478862911,1.6411050776208556,0.875072983688035,"{""target_scaled_sound_pressure_level"": 2.422146478862911}","{""target_scaled_sound_pressure_level"": 0.875072983688035}",,,0,0,0,False
airfoil_self_noise,5,prism_z_random_forest,1503,961,241,301,4,1,1,2.498781098740373,1.8234962016112326,0.8670427618736877,"{""target_scaled_sound_pressure_level"": 2.498781098740373}","{""target_scaled_sound_pressure_level"": 0.8670427618736877}",,,0,0,0,False
airfoil_self_noise,5,prism_z_xgboost,1503,961,241,301,4,1,1,2.437735302123105,1.7785777230157194,0.8734597599685889,"{""target_scaled_sound_pressure_level"": 2.437735302123105}","{""target_scaled_sound_pressure_level"": 0.8734597599685889}",,,0,0,0,False
airfoil_self_noise,5,prism_z_lightgbm,1503,961,241,301,4,1,1,2.4800113912433996,1.6870491436764259,0.8690326886284939,"{""target_scaled_sound_pressure_level"": 2.4800113912433996}","{""target_scaled_sound_pressure_level"": 0.8690326886284939}",,,0,0,0,False
energy_efficiency,1,simple_mlp,768,491,123,154,8,1,1,1.4098917245864868,1.006791353225708,0.9786455631256104,"{""target_cooling_load"": 1.4098917245864868}","{""target_cooling_load"": 0.9786455631256104}",,,0,0,0,False
energy_efficiency,1,random_forest,768,491,123,154,8,1,1,1.9271408338276363,1.2614788598671727,0.9601027294867202,"{""target_cooling_load"": 1.9271408338276363}","{""target_cooling_load"": 0.9601027294867202}",,,0,0,0,False
energy_efficiency,1,xgboost,768,491,123,154,8,1,1,1.3633260662399471,0.8743596312353272,0.9800328649823827,"{""target_cooling_load"": 1.3633260662399471}","{""target_cooling_load"": 0.9800328649823827}",,,0,0,0,False
energy_efficiency,1,lightgbm,768,491,123,154,8,1,1,1.3430100686306963,0.9172832707101388,0.9806235230868086,"{""target_cooling_load"": 1.3430100686306963}","{""target_cooling_load"": 0.9806235230868086}",,,0,0,0,False
energy_efficiency,1,cnn_mlp,768,491,123,154,8,1,1,1.5321419472414695,0.9967009991819757,0.9747817884361283,"{""target_cooling_load"": 1.5321419472414695}","{""target_cooling_load"": 0.9747817884361283}",,,0,0,0,False
energy_efficiency,1,ftt_mlp,768,491,123,154,8,1,1,2.747009816890242,2.148996631009373,0.9189343814381976,"{""target_cooling_load"": 2.747009816890242}","{""target_cooling_load"": 0.9189343814381976}",,,0,0,0,False
energy_efficiency,1,two_stage_mlp,768,491,123,154,8,1,1,1.5718154907226562,1.0615288019180298,0.9734588861465454,"{""target_cooling_load"": 1.5718154907226562}","{""target_cooling_load"": 0.9734588861465454}",,,0,0,0,False
energy_efficiency,1,oracle_mlp,768,491,123,154,8,1,1,1.3614851236343384,0.9523680210113525,0.9800867438316345,"{""target_cooling_load"": 1.3614851236343384}","{""target_cooling_load"": 0.9800867438316345}",,,0,0,0,False
energy_efficiency,1,prism,768,491,123,154,8,1,1,1.0109833478927612,0.7053552269935608,0.9890199303627014,"{""target_cooling_load"": 1.0109833478927612}","{""target_cooling_load"": 0.9890199303627014}",,,0,0,0,False
energy_efficiency,1,prism_z_acp_random_forest,768,491,123,154,8,1,1,2.01314725982192,1.3203104169563473,0.9564621111241632,"{""target_cooling_load"": 2.01314725982192}","{""target_cooling_load"": 0.9564621111241632}",,,0,0,0,False
energy_efficiency,1,prism_z_acp_xgboost,768,491,123,154,8,1,1,1.6842880774455702,1.0994829362764211,0.9695246272094264,"{""target_cooling_load"": 1.6842880774455702}","{""target_cooling_load"": 0.9695246272094264}",,,0,0,0,False
energy_efficiency,1,prism_z_acp_lightgbm,768,491,123,154,8,1,1,1.7132194518956636,1.0377654713874982,0.9684686713312126,"{""target_cooling_load"": 1.7132194518956636}","{""target_cooling_load"": 0.9684686713312126}",,,0,0,0,False
energy_efficiency,1,prism_z_random_forest,768,491,123,154,8,1,1,2.0890982973679164,1.3254912814546944,0.9531149883534554,"{""target_cooling_load"": 2.0890982973679164}","{""target_cooling_load"": 0.9531149883534554}",,,0,0,0,False
energy_efficiency,1,prism_z_xgboost,768,491,123,154,8,1,1,1.62943601207995,1.037694934391849,0.9714772826140209,"{""target_cooling_load"": 1.62943601207995}","{""target_cooling_load"": 0.9714772826140209}",,,0,0,0,False
energy_efficiency,1,prism_z_lightgbm,768,491,123,154,8,1,1,1.6960029475995604,1.020729619069524,0.9690992170575115,"{""target_cooling_load"": 1.6960029475995604}","{""target_cooling_load"": 0.9690992170575115}",,,0,0,0,False
energy_efficiency,2,simple_mlp,768,491,123,154,8,1,1,1.4617743492126465,1.0768333673477173,0.9754712581634521,"{""target_cooling_load"": 1.4617743492126465}","{""target_cooling_load"": 0.9754712581634521}",,,0,0,0,False
energy_efficiency,2,random_forest,768,491,123,154,8,1,1,1.903526936849543,1.1583704855159371,0.9584058222593044,"{""target_cooling_load"": 1.903526936849543}","{""target_cooling_load"": 0.9584058222593044}",,,0,0,0,False
energy_efficiency,2,xgboost,768,491,123,154,8,1,1,1.1755896617608605,0.7936048984198228,0.9841355139957176,"{""target_cooling_load"": 1.1755896617608605}","{""target_cooling_load"": 0.9841355139957176}",,,0,0,0,False
energy_efficiency,2,lightgbm,768,491,123,154,8,1,1,1.3123391642603328,0.9196989176047013,0.9802300000172379,"{""target_cooling_load"": 1.3123391642603328}","{""target_cooling_load"": 0.9802300000172379}",,,0,0,0,False
energy_efficiency,2,cnn_mlp,768,491,123,154,8,1,1,1.387699817735242,0.9577792999817376,0.9778942348394649,"{""target_cooling_load"": 1.387699817735242}","{""target_cooling_load"": 0.9778942348394649}",,,0,0,0,False
energy_efficiency,2,ftt_mlp,768,491,123,154,8,1,1,2.3749357909178563,1.7994965574710144,0.935253211115721,"{""target_cooling_load"": 2.3749357909178563}","{""target_cooling_load"": 0.935253211115721}",,,0,0,0,False
energy_efficiency,2,two_stage_mlp,768,491,123,154,8,1,1,2.788459539413452,2.1080596446990967,0.9107428193092346,"{""target_cooling_load"": 2.788459539413452}","{""target_cooling_load"": 0.9107428193092346}",,,0,0,0,False
energy_efficiency,2,oracle_mlp,768,491,123,154,8,1,1,1.3295598030090332,0.9768837094306946,0.9797077178955078,"{""target_cooling_load"": 1.3295598030090332}","{""target_cooling_load"": 0.9797077178955078}",,,0,0,0,False
energy_efficiency,2,prism,768,491,123,154,8,1,1,1.0622516870498657,0.6817053556442261,0.987047016620636,"{""target_cooling_load"": 1.0622516870498657}","{""target_cooling_load"": 0.987047016620636}",,,0,0,0,False
energy_efficiency,2,prism_z_acp_random_forest,768,491,123,154,8,1,1,1.9314869825403298,1.244150814487418,0.9571749320680994,"{""target_cooling_load"": 1.9314869825403298}","{""target_cooling_load"": 0.9571749320680994}",,,0,0,0,False
energy_efficiency,2,prism_z_acp_xgboost,768,491,123,154,8,1,1,1.6810155934513016,1.0501218021716543,0.9675617083913344,"{""target_cooling_load"": 1.6810155934513016}","{""target_cooling_load"": 0.9675617083913344}",,,0,0,0,False
energy_efficiency,2,prism_z_acp_lightgbm,768,491,123,154,8,1,1,1.5703099582995264,1.0165835283466826,0.9716935596071036,"{""target_cooling_load"": 1.5703099582995264}","{""target_cooling_load"": 0.9716935596071036}",,,0,0,0,False
energy_efficiency,2,prism_z_random_forest,768,491,123,154,8,1,1,1.8684290450043923,1.2249311186279281,0.9599255372128046,"{""target_cooling_load"": 1.8684290450043923}","{""target_cooling_load"": 0.9599255372128046}",,,0,0,0,False
energy_efficiency,2,prism_z_xgboost,768,491,123,154,8,1,1,1.6323088170121416,1.0399025004168396,0.9694142494287459,"{""target_cooling_load"": 1.6323088170121416}","{""target_cooling_load"": 0.9694142494287459}",,,0,0,0,False
energy_efficiency,2,prism_z_lightgbm,768,491,123,154,8,1,1,1.6141058963591493,1.0640650917592336,0.9700926083853308,"{""target_cooling_load"": 1.6141058963591493}","{""target_cooling_load"": 0.9700926083853308}",,,0,0,0,False
energy_efficiency,3,simple_mlp,768,491,123,154,8,1,1,1.3916332721710205,0.8591932654380798,0.9791204929351807,"{""target_cooling_load"": 1.3916332721710205}","{""target_cooling_load"": 0.9791204929351807}",,,0,0,0,False
energy_efficiency,3,random_forest,768,491,123,154,8,1,1,1.540618897384784,0.922651962808745,0.9744105492496214,"{""target_cooling_load"": 1.540618897384784}","{""target_cooling_load"": 0.9744105492496214}",,,0,0,0,False
energy_efficiency,3,xgboost,768,491,123,154,8,1,1,1.1485545198094078,0.6969640468164048,0.9857775716874119,"{""target_cooling_load"": 1.1485545198094078}","{""target_cooling_load"": 0.9857775716874119}",,,0,0,0,False
energy_efficiency,3,lightgbm,768,491,123,154,8,1,1,1.1554057746743953,0.7723878203400677,0.9856073888983594,"{""target_cooling_load"": 1.1554057746743953}","{""target_cooling_load"": 0.9856073888983594}",,,0,0,0,False
energy_efficiency,3,cnn_mlp,768,491,123,154,8,1,1,1.4562215388314583,0.925386364964746,0.9771374102294069,"{""target_cooling_load"": 1.4562215388314583}","{""target_cooling_load"": 0.9771374102294069}",,,0,0,0,False
energy_efficiency,3,ftt_mlp,768,491,123,154,8,1,1,2.579322149943955,1.9485409325480112,0.9282731599382117,"{""target_cooling_load"": 2.579322149943955}","{""target_cooling_load"": 0.9282731599382117}",,,0,0,0,False
energy_efficiency,3,two_stage_mlp,768,491,123,154,8,1,1,1.4360589981079102,1.0348296165466309,0.9777661561965942,"{""target_cooling_load"": 1.4360589981079102}","{""target_cooling_load"": 0.9777661561965942}",,,0,0,0,False
energy_efficiency,3,oracle_mlp,768,491,123,154,8,1,1,1.118715763092041,0.7568193078041077,0.9865069389343262,"{""target_cooling_load"": 1.118715763092041}","{""target_cooling_load"": 0.9865069389343262}",,,0,0,0,False
energy_efficiency,3,prism,768,491,123,154,8,1,1,1.0990636348724365,0.6601040363311768,0.9869768619537354,"{""target_cooling_load"": 1.0990636348724365}","{""target_cooling_load"": 0.9869768619537354}",,,0,0,0,False
energy_efficiency,3,prism_z_acp_random_forest,768,491,123,154,8,1,1,1.7091125399004554,1.0562705553717708,0.9685071587268136,"{""target_cooling_load"": 1.7091125399004554}","{""target_cooling_load"": 0.9685071587268136}",,,0,0,0,False
energy_efficiency,3,prism_z_acp_xgboost,768,491,123,154,8,1,1,1.4816461511688312,0.9468835189641814,0.9763321113482193,"{""target_cooling_load"": 1.4816461511688312}","{""target_cooling_load"": 0.9763321113482193}",,,0,0,0,False
energy_efficiency,3,prism_z_acp_lightgbm,768,491,123,154,8,1,1,1.5610481396663718,0.9506783189188655,0.9737273962861436,"{""target_cooling_load"": 1.5610481396663718}","{""target_cooling_load"": 0.9737273962861436}",,,0,0,0,False
energy_efficiency,3,prism_z_random_forest,768,491,123,154,8,1,1,1.866926678332727,1.1795346089666634,0.962422745458471,"{""target_cooling_load"": 1.866926678332727}","{""target_cooling_load"": 0.962422745458471}",,,0,0,0,False
energy_efficiency,3,prism_z_xgboost,768,491,123,154,8,1,1,1.657094812901156,1.033603447799109,0.9703949881837279,"{""target_cooling_load"": 1.657094812901156}","{""target_cooling_load"": 0.9703949881837279}",,,0,0,0,False
energy_efficiency,3,prism_z_lightgbm,768,491,123,154,8,1,1,1.6632452572102754,1.0018658993206222,0.9701748174549466,"{""target_cooling_load"": 1.6632452572102754}","{""target_cooling_load"": 0.9701748174549466}",,,0,0,0,False
energy_efficiency,4,simple_mlp,768,491,123,154,8,1,1,1.153247594833374,0.7776873111724854,0.9841039180755615,"{""target_cooling_load"": 1.153247594833374}","{""target_cooling_load"": 0.9841039180755615}",,,0,0,0,False
energy_efficiency,4,random_forest,768,491,123,154,8,1,1,1.6553850334000668,0.9475497092526176,0.9672476715472603,"{""target_cooling_load"": 1.6553850334000668}","{""target_cooling_load"": 0.9672476715472603}",,,0,0,0,False
energy_efficiency,4,xgboost,768,491,123,154,8,1,1,1.0564557555292466,0.6559851282286353,0.9866602786181413,"{""target_cooling_load"": 1.0564557555292466}","{""target_cooling_load"": 0.9866602786181413}",,,0,0,0,False
energy_efficiency,4,lightgbm,768,491,123,154,8,1,1,1.0396759970300913,0.6460977491721208,0.9870806647829728,"{""target_cooling_load"": 1.0396759970300913}","{""target_cooling_load"": 0.9870806647829728}",,,0,0,0,False
energy_efficiency,4,cnn_mlp,768,491,123,154,8,1,1,1.411956092216246,0.9829016710017087,0.9761720590522247,"{""target_cooling_load"": 1.411956092216246}","{""target_cooling_load"": 0.9761720590522247}",,,0,0,0,False
energy_efficiency,4,ftt_mlp,768,491,123,154,8,1,1,2.5024713742574387,1.9364766002923999,0.9251516262970931,"{""target_cooling_load"": 2.5024713742574387}","{""target_cooling_load"": 0.9251516262970931}",,,0,0,0,False
energy_efficiency,4,two_stage_mlp,768,491,123,154,8,1,1,1.1858359575271606,0.8177165985107422,0.9831928610801697,"{""target_cooling_load"": 1.1858359575271606}","{""target_cooling_load"": 0.9831928610801697}",,,0,0,0,False
energy_efficiency,4,oracle_mlp,768,491,123,154,8,1,1,1.2951476573944092,0.8800075650215149,0.9799514412879944,"{""target_cooling_load"": 1.2951476573944092}","{""target_cooling_load"": 0.9799514412879944}",,,0,0,0,False
energy_efficiency,4,prism,768,491,123,154,8,1,1,0.8060698509216309,0.5812156796455383,0.9922341704368591,"{""target_cooling_load"": 0.8060698509216309}","{""target_cooling_load"": 0.9922341704368591}",,,0,0,0,False
energy_efficiency,4,prism_z_acp_random_forest,768,491,123,154,8,1,1,1.6212272529302323,1.0255254754239136,0.9685853718652772,"{""target_cooling_load"": 1.6212272529302323}","{""target_cooling_load"": 0.9685853718652772}",,,0,0,0,False
energy_efficiency,4,prism_z_acp_xgboost,768,491,123,154,8,1,1,1.3642147591750056,0.8687875854046777,0.9777561673292559,"{""target_cooling_load"": 1.3642147591750056}","{""target_cooling_load"": 0.9777561673292559}",,,0,0,0,False
energy_efficiency,4,prism_z_acp_lightgbm,768,491,123,154,8,1,1,1.360007956608993,0.8551835973597203,0.9778931415606044,"{""target_cooling_load"": 1.360007956608993}","{""target_cooling_load"": 0.9778931415606044}",,,0,0,0,False
energy_efficiency,4,prism_z_random_forest,768,491,123,154,8,1,1,1.945599368883843,1.1489999517219962,0.9547570447264664,"{""target_cooling_load"": 1.945599368883843}","{""target_cooling_load"": 0.9547570447264664}",,,0,0,0,False
energy_efficiency,4,prism_z_xgboost,768,491,123,154,8,1,1,1.4953950802370268,0.9724649398033159,0.9732726422424403,"{""target_cooling_load"": 1.4953950802370268}","{""target_cooling_load"": 0.9732726422424403}",,,0,0,0,False
energy_efficiency,4,prism_z_lightgbm,768,491,123,154,8,1,1,1.6553781791083462,1.0220441302497774,0.9672479427754573,"{""target_cooling_load"": 1.6553781791083462}","{""target_cooling_load"": 0.9672479427754573}",,,0,0,0,False
energy_efficiency,5,simple_mlp,768,491,123,154,8,1,1,1.317746877670288,0.9010433554649353,0.9800466895103455,"{""target_cooling_load"": 1.317746877670288}","{""target_cooling_load"": 0.9800466895103455}",,,0,0,0,False
energy_efficiency,5,random_forest,768,491,123,154,8,1,1,1.84954631950307,1.1999824269681851,0.9606920158730656,"{""target_cooling_load"": 1.84954631950307}","{""target_cooling_load"": 0.9606920158730656}",,,0,0,0,False
energy_efficiency,5,xgboost,768,491,123,154,8,1,1,1.1897621498796225,0.8313814187879925,0.9837343791478449,"{""target_cooling_load"": 1.1897621498796225}","{""target_cooling_load"": 0.9837343791478449}",,,0,0,0,False
energy_efficiency,5,lightgbm,768,491,123,154,8,1,1,1.1751145190805874,0.83786379939933,0.9841324187003074,"{""target_cooling_load"": 1.1751145190805874}","{""target_cooling_load"": 0.9841324187003074}",,,0,0,0,False
energy_efficiency,5,cnn_mlp,768,491,123,154,8,1,1,1.4342628068309167,1.1018849599860667,0.9763621582567458,"{""target_cooling_load"": 1.4342628068309167}","{""target_cooling_load"": 0.9763621582567458}",,,0,0,0,False
energy_efficiency,5,ftt_mlp,768,491,123,154,8,1,1,2.6347000845149524,2.075200232333355,0.9202349359088832,"{""target_cooling_load"": 2.6347000845149524}","{""target_cooling_load"": 0.9202349359088832}",,,0,0,0,False
energy_efficiency,5,two_stage_mlp,768,491,123,154,8,1,1,1.1496723890304565,0.8341857194900513,0.9848120808601379,"{""target_cooling_load"": 1.1496723890304565}","{""target_cooling_load"": 0.9848120808601379}",,,0,0,0,False
energy_efficiency,5,oracle_mlp,768,491,123,154,8,1,1,1.263342022895813,0.8880070447921753,0.9816603064537048,"{""target_cooling_load"": 1.263342022895813}","{""target_cooling_load"": 0.9816603064537048}",,,0,0,0,False
energy_efficiency,5,prism,768,491,123,154,8,1,1,0.9537726044654846,0.6727944612503052,0.9895470142364502,"{""target_cooling_load"": 0.9537726044654846}","{""target_cooling_load"": 0.9895470142364502}",,,0,0,0,False
energy_efficiency,5,prism_z_acp_random_forest,768,491,123,154,8,1,1,1.7068057443327842,1.1578957608207567,0.9665251577255602,"{""target_cooling_load"": 1.7068057443327842}","{""target_cooling_load"": 0.9665251577255602}",,,0,0,0,False
energy_efficiency,5,prism_z_acp_xgboost,768,491,123,154,8,1,1,1.4416743321705432,0.9698598098111607,0.9761172308779538,"{""target_cooling_load"": 1.4416743321705432}","{""target_cooling_load"": 0.9761172308779538}",,,0,0,0,False
energy_efficiency,5,prism_z_acp_lightgbm,768,491,123,154,8,1,1,1.381197567933178,0.9377299867259928,0.9780789194626912,"{""target_cooling_load"": 1.381197567933178}","{""target_cooling_load"": 0.9780789194626912}",,,0,0,0,False
energy_efficiency,5,prism_z_random_forest,768,491,123,154,8,1,1,1.8430381847803134,1.3083339619805638,0.9609681609627478,"{""target_cooling_load"": 1.8430381847803134}","{""target_cooling_load"": 0.9609681609627478}",,,0,0,0,False
energy_efficiency,5,prism_z_xgboost,768,491,123,154,8,1,1,1.5322083464501761,1.0806101159937636,0.9730234756047476,"{""target_cooling_load"": 1.5322083464501761}","{""target_cooling_load"": 0.9730234756047476}",,,0,0,0,False
energy_efficiency,5,prism_z_lightgbm,768,491,123,154,8,1,1,1.4120346119438165,1.0166129288647285,0.977089158945861,"{""target_cooling_load"": 1.4120346119438165}","{""target_cooling_load"": 0.977089158945861}",,,0,0,0,False
hydraulic_systems,1,simple_mlp,2205,1411,353,441,23,44,4,2.036773204803467,1.3345141410827637,0.9749705791473389,"{""target_cooler_condition"": 2.565778970718384, ""target_hydraulic_accumulator"": 3.9317471981048584, ""target_internal_pump_leakage"": 0.10350179672241211, ""target_valve_condition"": 1.5460646152496338}","{""target_cooler_condition"": 0.996192991733551, ""target_hydraulic_accumulator"": 0.9389611482620239, ""target_internal_pump_leakage"": 0.9845249652862549, ""target_valve_condition"": 0.9802032113075256}",feature_ps2_min,,0,0,0,False
hydraulic_systems,1,random_forest,2205,1411,353,441,23,44,4,2.1400519339372814,0.879012269560491,0.9769696251024969,"{""target_cooler_condition"": 3.3421788158221033, ""target_hydraulic_accumulator"": 3.517769963478153, ""target_internal_pump_leakage"": 0.10426479961034553, ""target_valve_condition"": 1.5959941568385243}","{""target_cooler_condition"": 0.9935404564723392, ""target_hydraulic_accumulator"": 0.9511381273475658, ""target_internal_pump_leakage"": 0.9842959845194506, ""target_valve_condition"": 0.9789039320706316}",feature_ps2_min,,0,0,0,False
hydraulic_systems,1,xgboost,2205,1411,353,441,23,44,4,1.855091379885932,0.9377223253629914,0.9769670423793725,"{""target_cooler_condition"": 1.9998731547914854, ""target_hydraulic_accumulator"": 3.8049772544357685, ""target_internal_pump_leakage"": 0.0968563727763333, ""target_valve_condition"": 1.5186587375401412}","{""target_cooler_condition"": 0.9976871505393962, ""target_hydraulic_accumulator"": 0.942833794692098, ""target_internal_pump_leakage"": 0.9864483651593615, ""target_valve_condition"": 0.9808988591266341}",feature_ps2_min,,0,0,0,False
hydraulic_systems,1,lightgbm,2205,1411,353,441,23,44,4,2.0289559750916895,0.9465356512292771,0.981078120807642,"{""target_cooler_condition"": 3.325172236142547, ""target_hydraulic_accumulator"": 3.397816926310926, ""target_internal_pump_leakage"": 0.08089017720462795, ""target_valve_condition"": 1.3119445607086575}","{""target_cooler_condition"": 0.9936060276170364, ""target_hydraulic_accumulator"": 0.9544136116746271, ""target_internal_pump_leakage"": 0.9905479314513586, ""target_valve_condition"": 0.9857449124875457}",feature_ps2_min,,0,0,0,False
hydraulic_systems,1,cnn_mlp,2205,1411,353,441,23,44,4,3.348973789740146,2.107183431483851,0.933878724016761,"{""target_cooler_condition"": 4.2949767288896314, ""target_hydraulic_accumulator"": 5.461076817057044, ""target_internal_pump_leakage"": 0.15697273066207265, ""target_valve_condition"": 3.482868882351838}","{""target_cooler_condition"": 0.9893324645455683, ""target_hydraulic_accumulator"": 0.8822416245301828, ""target_internal_pump_leakage"": 0.9644054329027539, ""target_valve_condition"": 0.8995353740885391}",feature_ps2_min,,0,0,0,False
hydraulic_systems,1,ftt_mlp,2205,1411,353,441,23,44,4,2.9315474640243426,1.7043978703247116,0.9333670165195251,"{""target_cooler_condition"": 2.959255437090714, ""target_hydraulic_accumulator"": 4.722066785733096, ""target_internal_pump_leakage"": 0.18625477767408805, ""target_valve_condition"": 3.858612855599471}","{""target_cooler_condition"": 0.9949358405285998, ""target_hydraulic_accumulator"": 0.9119560567728027, ""target_internal_pump_leakage"": 0.9498870311484813, ""target_valve_condition"": 0.876689137628217}",feature_ps2_min,,0,0,0,False
hydraulic_systems,1,two_stage_mlp,2205,1411,353,441,23,44,4,1.8504958152770996,1.2240755558013916,0.9780867099761963,"{""target_cooler_condition"": 2.1028456687927246, ""target_hydraulic_accumulator"": 3.772613525390625, ""target_internal_pump_leakage"": 0.09044914692640305, ""target_valve_condition"": 1.4360747337341309}","{""target_cooler_condition"": 0.9974428415298462, ""target_hydraulic_accumulator"": 0.9438021183013916, ""target_internal_pump_leakage"": 0.988182008266449, ""target_valve_condition"": 0.9829198122024536}",feature_ps2_min,,0,0,0,False
hydraulic_systems,1,oracle_mlp,2205,1411,353,441,23,44,4,1.5382883548736572,1.0744928121566772,0.9851568341255188,"{""target_cooler_condition"": 2.008227825164795, ""target_hydraulic_accumulator"": 2.5796515941619873, ""target_internal_pump_leakage"": 0.09429315477609634, ""target_valve_condition"": 1.4709810018539429}","{""target_cooler_condition"": 0.9976677894592285, ""target_hydraulic_accumulator"": 0.9737241268157959, ""target_internal_pump_leakage"": 0.9871561527252197, ""target_valve_condition"": 0.9820793867111206}",feature_ps2_min,,0,0,0,False
hydraulic_systems,1,prism,2205,1411,353,441,23,44,4,1.5722508430480957,0.9905654788017273,0.9826334118843079,"{""target_cooler_condition"": 1.6138808727264404, ""target_hydraulic_accumulator"": 3.326663017272949, ""target_internal_pump_leakage"": 0.08764860779047012, ""target_valve_condition"": 1.2608109712600708}","{""target_cooler_condition"": 0.9984937906265259, ""target_hydraulic_accumulator"": 0.9563028812408447, ""target_internal_pump_leakage"": 0.9889025092124939, ""target_valve_condition"": 0.9868344664573669}",feature_ps2_min,,0,0,0,False
hydraulic_systems,1,prism_z_acp_random_forest,2205,1411,353,441,23,44,4,2.038355735996315,1.192593376102577,0.9627291985835811,"{""target_cooler_condition"": 1.4394320093611561, ""target_hydraulic_accumulator"": 4.7190151656922765, ""target_internal_pump_leakage"": 0.1481521217549279, ""target_valve_condition"": 1.8468236471769006}","{""target_cooler_condition"": 0.9988018125208896, ""target_hydraulic_accumulator"": 0.912069816216754, ""target_internal_pump_leakage"": 0.9682933002438191, ""target_valve_condition"": 0.9717518653528617}",feature_ps2_min,,0,0,0,False
hydraulic_systems,1,prism_z_acp_xgboost,2205,1411,353,441,23,44,4,1.5921601264392513,0.8271860059866993,0.9752879111700132,"{""target_cooler_condition"": 0.6409779350697615, ""target_hydraulic_accumulator"": 4.046954845626779, ""target_internal_pump_leakage"": 0.09532265762361997, ""target_valve_condition"": 1.5853850674368448}","{""target_cooler_condition"": 0.9997624097447154, ""target_hydraulic_accumulator"": 0.9353316243777645, ""target_internal_pump_leakage"": 0.9868741458824338, ""target_valve_condition"": 0.979183464675139}",feature_ps2_min,,0,0,0,False
hydraulic_systems,1,prism_z_acp_lightgbm,2205,1411,353,441,23,44,4,2.1943277189731933,0.8414075970517145,0.9737561186767946,"{""target_cooler_condition"": 2.97051907274528, ""target_hydraulic_accumulator"": 4.1244635749650715, ""target_internal_pump_leakage"": 0.0900143249854243, ""target_valve_condition"": 1.5923139031969984}","{""target_cooler_condition"": 0.9948972163516965, ""target_hydraulic_accumulator"": 0.932830799383186, ""target_internal_pump_leakage"": 0.9882953468894375, ""target_valve_condition"": 0.9790011120828584}",feature_ps2_min,,0,0,0,False
hydraulic_systems,1,prism_z_random_forest,2205,1411,353,441,23,44,4,2.6094956818238866,1.3328143265734762,0.961785840461315,"{""target_cooler_condition"": 3.5609206648051472, ""target_hydraulic_accumulator"": 4.744382332226941, ""target_internal_pump_leakage"": 0.12708932274348675, ""target_valve_condition"": 2.0055904075199718}","{""target_cooler_condition"": 0.9926672469246246, ""target_hydraulic_accumulator"": 0.9111219342144586, ""target_internal_pump_leakage"": 0.9766679219980948, ""target_valve_condition"": 0.966686258708082}",feature_ps2_min,,0,0,0,False
hydraulic_systems,1,prism_z_xgboost,2205,1411,353,441,23,44,4,1.8436752892794828,0.9486900629570263,0.9720615744646296,"{""target_cooler_condition"": 1.3924410474654403, ""target_hydraulic_accumulator"": 4.322107529720203, ""target_internal_pump_leakage"": 0.10824148589836714, ""target_valve_condition"": 1.5519110940339205}","{""target_cooler_condition"": 0.9988787664114491, ""target_hydraulic_accumulator"": 0.9262390723839952, ""target_internal_pump_leakage"": 0.983075229831099, ""target_valve_condition"": 0.9800532292319751}",feature_ps2_min,,0,0,0,False
hydraulic_systems,1,prism_z_lightgbm,2205,1411,353,441,23,44,4,1.9234834281140158,0.9882331825361057,0.972158334846096,"{""target_cooler_condition"": 1.79913278922891, ""target_hydraulic_accumulator"": 4.287053210987946, ""target_internal_pump_leakage"": 0.11291893072674988, ""target_valve_condition"": 1.4948287815124586}","{""target_cooler_condition"": 0.9981281592307281, ""target_hydraulic_accumulator"": 0.927430691831824, ""target_internal_pump_leakage"": 0.9815808831549095, ""target_valve_condition"": 0.9814936051669224}",feature_ps2_min,,0,0,0,False
hydraulic_systems,2,simple_mlp,2205,1411,353,441,23,44,4,2.697701930999756,1.51546311378479,0.9736902117729187,"{""target_cooler_condition"": 5.222327709197998, ""target_hydraulic_accumulator"": 4.086623191833496, ""target_internal_pump_leakage"": 0.07575948536396027, ""target_valve_condition"": 1.4060980081558228}","{""target_cooler_condition"": 0.9850770831108093, ""target_hydraulic_accumulator"": 0.9370729327201843, ""target_internal_pump_leakage"": 0.9916332364082336, ""target_valve_condition"": 0.9809775948524475}",feature_ps2_min,,0,0,0,False
hydraulic_systems,2,random_forest,2205,1411,353,441,23,44,4,2.8299035108527892,0.9605390365459041,0.972032559325433,"{""target_cooler_condition"": 5.626603038942343, ""target_hydraulic_accumulator"": 3.9295242589096593, ""target_internal_pump_leakage"": 0.07883202544785108, ""target_valve_condition"": 1.684654720111304}","{""target_cooler_condition"": 0.9826772174360945, ""target_hydraulic_accumulator"": 0.9418180369304391, ""target_internal_pump_leakage"": 0.9909408458546209, ""target_valve_condition"": 0.9726941370805772}",feature_ps2_min,,0,0,0,False
hydraulic_systems,2,xgboost,2205,1411,353,441,23,44,4,2.459244644650962,0.9889421875423562,0.9772395592366687,"{""target_cooler_condition"": 4.590770811580674, ""target_hydraulic_accumulator"": 4.005266875229721, ""target_internal_pump_leakage"": 0.06254888180123466, ""target_valve_condition"": 1.1783920099922192}","{""target_cooler_condition"": 0.9884682206310396, ""target_hydraulic_accumulator"": 0.9395534748868629, ""target_internal_pump_leakage"": 0.9942967635224371, ""target_valve_condition"": 0.9866397779063355}",feature_ps2_min,,0,0,0,False
hydraulic_systems,2,lightgbm,2205,1411,353,441,23,44,4,2.483805318842906,1.0285115415104271,0.9781388767795028,"{""target_cooler_condition"": 4.957204996203069, ""target_hydraulic_accumulator"": 3.8853394287925154, ""target_internal_pump_leakage"": 0.06952014177369732, ""target_valve_condition"": 1.0231567086023419}","{""target_cooler_condition"": 0.9865538219190756, ""target_hydraulic_accumulator"": 0.9431191139871765, ""target_internal_pump_leakage"": 0.99295463370516, ""target_valve_condition"": 0.9899279375065992}",feature_ps2_min,,0,0,0,False
hydraulic_systems,2,cnn_mlp,2205,1411,353,441,23,44,4,3.808388824329744,2.191084611293313,0.9251793293600148,"{""target_cooler_condition"": 6.014062627356991, ""target_hydraulic_accumulator"": 5.186258939286994, ""target_internal_pump_leakage"": 0.1507142714987389, ""target_valve_condition"": 3.8825194591762497}","{""target_cooler_condition"": 0.9802093073663389, ""target_hydraulic_accumulator"": 0.89865161916886, ""target_internal_pump_leakage"": 0.9668875712744817, ""target_valve_condition"": 0.8549688196303786}",feature_ps2_min,,0,0,0,False
hydraulic_systems,2,ftt_mlp,2205,1411,353,441,23,44,4,3.3964990429364974,1.6316378049993614,0.9312984039311278,"{""target_cooler_condition"": 4.775566905915248, ""target_hydraulic_accumulator"": 5.06981711862077, ""target_internal_pump_leakage"": 0.17159675762345683, ""target_valve_condition"": 3.569015389586515}","{""target_cooler_condition"": 0.9875211383699725, ""target_hydraulic_accumulator"": 0.9031514754380401, ""target_internal_pump_leakage"": 0.9570759754996954, ""target_valve_condition"": 0.8774450264168032}",feature_ps2_min,,0,0,0,False
hydraulic_systems,2,two_stage_mlp,2205,1411,353,441,23,44,4,2.5225830078125,1.3281099796295166,0.9753236770629883,"{""target_cooler_condition"": 4.642636299133301, ""target_hydraulic_accumulator"": 4.010649681091309, ""target_internal_pump_leakage"": 0.07630370557308197, ""target_valve_condition"": 1.3607429265975952}","{""target_cooler_condition"": 0.9882062077522278, ""target_hydraulic_accumulator"": 0.9393908977508545, ""target_internal_pump_leakage"": 0.9915125966072083, ""target_valve_condition"": 0.9821850061416626}",feature_ps2_min,,0,0,0,False
hydraulic_systems,2,oracle_mlp,2205,1411,353,441,23,44,4,1.9946095943450928,1.1830785274505615,0.9816094636917114,"{""target_cooler_condition"": 3.2923734188079834, ""target_hydraulic_accumulator"": 2.886760950088501, ""target_internal_pump_leakage"": 0.07181864976882935, ""target_valve_condition"": 1.7274855375289917}","{""target_cooler_condition"": 0.9940688014030457, ""target_hydraulic_accumulator"": 0.9685999751091003, ""target_internal_pump_leakage"": 0.9924810528755188, ""target_valve_condition"": 0.9712880253791809}",feature_ps2_min,,0,0,0,False
hydraulic_systems,2,prism,2205,1411,353,441,23,44,4,2.351778507232666,1.1727216243743896,0.980013906955719,"{""target_cooler_condition"": 4.550440788269043, ""target_hydraulic_accumulator"": 3.504674196243286, ""target_internal_pump_leakage"": 0.06642474979162216, ""target_valve_condition"": 1.2855744361877441}","{""target_cooler_condition"": 0.9886699318885803, ""target_hydraulic_accumulator"": 0.953718900680542, ""target_internal_pump_leakage"": 0.9935680627822876, ""target_valve_condition"": 0.9840988516807556}",feature_ps2_min,,0,0,0,False
hydraulic_systems,2,prism_z_acp_random_forest,2205,1411,353,441,23,44,4,2.9739394550190212,1.2408734300202402,0.9587871850503684,"{""target_cooler_condition"": 4.634832041949261, ""target_hydraulic_accumulator"": 4.740074131465454, ""target_internal_pump_leakage"": 0.08895618713776914, ""target_valve_condition"": 2.4318954595236004}","{""target_cooler_condition"": 0.988245799278907, ""target_hydraulic_accumulator"": 0.9153399170920636, ""target_internal_pump_leakage"": 0.9884645484679835, ""target_valve_condition"": 0.9430984753625197}",feature_ps2_min,,0,0,0,False
hydraulic_systems,2,prism_z_acp_xgboost,2205,1411,353,441,23,44,4,2.6853569668251906,1.0146444449871952,0.9676360577009111,"{""target_cooler_condition"": 4.31496285518065, ""target_hydraulic_accumulator"": 4.598285136656019, ""target_internal_pump_leakage"": 0.08419633739314672, ""target_valve_condition"": 1.7439835380709465}","{""target_cooler_condition"": 0.9898122278292463, ""target_hydraulic_accumulator"": 0.9203290092212122, ""target_internal_pump_leakage"": 0.989665994729807, ""target_valve_condition"": 0.9707369990233791}",feature_ps2_min,,0,0,0,False
hydraulic_systems,2,prism_z_acp_lightgbm,2205,1411,353,441,23,44,4,2.5725191270894365,0.9551591018144087,0.9681499023041775,"{""target_cooler_condition"": 3.851237360896231, ""target_hydraulic_accumulator"": 4.559546415993237, ""target_internal_pump_leakage"": 0.08233766045045521, ""target_valve_condition"": 1.7969550710178217}","{""target_cooler_condition"": 0.9918843058196515, ""target_hydraulic_accumulator"": 0.9216657473838856, ""target_internal_pump_leakage"": 0.9901172155166835, ""target_valve_condition"": 0.96893234049649}",feature_ps2_min,,0,0,0,False
hydraulic_systems,2,prism_z_random_forest,2205,1411,353,441,23,44,4,3.1680948013237105,1.2634357771405187,0.9580610621209159,"{""target_cooler_condition"": 5.421138050635253, ""target_hydraulic_accumulator"": 4.786313139643024, ""target_internal_pump_leakage"": 0.08660152719714502, ""target_valve_condition"": 2.3783264878194204}","{""target_cooler_condition"": 0.9839192598218969, ""target_hydraulic_accumulator"": 0.9136801575868402, ""target_internal_pump_leakage"": 0.9890671502233173, ""target_valve_condition"": 0.9455776808516093}",feature_ps2_min,,0,0,0,False
hydraulic_systems,2,prism_z_xgboost,2205,1411,353,441,23,44,4,3.093427833001249,1.1041082363091728,0.965287400562114,"{""target_cooler_condition"": 5.886105493088713, ""target_hydraulic_accumulator"": 4.698701378292102, ""target_internal_pump_leakage"": 0.07629077546717819, ""target_valve_condition"": 1.712613685157003}","{""target_cooler_condition"": 0.9810424947848353, ""target_hydraulic_accumulator"": 0.9168113433474887, ""target_internal_pump_leakage"": 0.9915154983611164, ""target_valve_condition"": 0.9717802657550156}",feature_ps2_min,,0,0,0,False
hydraulic_systems,2,prism_z_lightgbm,2205,1411,353,441,23,44,4,3.082903203640022,1.115209607546345,0.9657190354794112,"{""target_cooler_condition"": 5.960372409543589, ""target_hydraulic_accumulator"": 4.425906611153311, ""target_internal_pump_leakage"": 0.0852132953939783, ""target_valve_condition"": 1.8601204984692108}","{""target_cooler_condition"": 0.9805610907317265, ""target_hydraulic_accumulator"": 0.926190389490848, ""target_internal_pump_leakage"": 0.9894148503882362, ""target_valve_condition"": 0.9667098113068341}",feature_ps2_min,,0,0,0,False
hydraulic_systems,3,simple_mlp,2205,1411,353,441,23,44,4,2.462500810623169,1.4402270317077637,0.9764852523803711,"{""target_cooler_condition"": 4.733577251434326, ""target_hydraulic_accumulator"": 3.763396978378296, ""target_internal_pump_leakage"": 0.09970436245203018, ""target_valve_condition"": 1.2533246278762817}","{""target_cooler_condition"": 0.9872890114784241, ""target_hydraulic_accumulator"": 0.9470182657241821, ""target_internal_pump_leakage"": 0.9853368997573853, ""target_valve_condition"": 0.9862967133522034}",feature_ps2_min,,0,0,0,False
hydraulic_systems,3,random_forest,2205,1411,353,441,23,44,4,2.3526548320229397,0.8546889697682536,0.9742358418628109,"{""target_cooler_condition"": 4.219711825257459, ""target_hydraulic_accumulator"": 3.6247594103183483, ""target_internal_pump_leakage"": 0.1324441294690267, ""target_valve_condition"": 1.433703963046924}","{""target_cooler_condition"": 0.9898989468315096, ""target_hydraulic_accumulator"": 0.95084988793917, ""target_internal_pump_leakage"": 0.9741260623557576, ""target_valve_condition"": 0.9820684703248065}",feature_ps2_min,,0,0,0,False
hydraulic_systems,3,xgboost,2205,1411,353,441,23,44,4,2.270269759829116,0.943419079446479,0.9759578645101384,"{""target_cooler_condition"": 3.856422904164423, ""target_hydraulic_accumulator"": 3.890163753758773, ""target_internal_pump_leakage"": 0.11063453906855009, ""target_valve_condition"": 1.2238578423247175}","{""target_cooler_condition"": 0.9915633432800979, ""target_hydraulic_accumulator"": 0.943388859234887, ""target_internal_pump_leakage"": 0.9819457869730119, ""target_valve_condition"": 0.986933468552557}",feature_ps2_min,,0,0,0,False
hydraulic_systems,3,lightgbm,2205,1411,353,441,23,44,4,2.21686820499983,0.9218773428873652,0.977736619786945,"{""target_cooler_condition"": 4.111464704983314, ""target_hydraulic_accumulator"": 3.493686918756045, ""target_internal_pump_leakage"": 0.1234799439088739, ""target_valve_condition"": 1.138841252351086}","{""target_cooler_condition"": 0.9904105388492818, ""target_hydraulic_accumulator"": 0.9543401891690191, ""target_internal_pump_leakage"": 0.9775099744946598, ""target_valve_condition"": 0.9886857766348197}",feature_ps2_min,,0,0,0,False
hydraulic_systems,3,cnn_mlp,2205,1411,353,441,23,44,4,3.3662240068543516,2.1499820435506187,0.9349033058483214,"{""target_cooler_condition"": 4.553097715212692, ""target_hydraulic_accumulator"": 5.195558800456641, ""target_internal_pump_leakage"": 0.15892395383796862, ""target_valve_condition"": 3.5573155579101066}","{""target_cooler_condition"": 0.9882397917284517, ""target_hydraulic_accumulator"": 0.8990210922236691, ""target_internal_pump_leakage"": 0.9627457501070469, ""target_valve_condition"": 0.8896065893341182}",feature_ps2_min,,0,0,0,False
hydraulic_systems,3,ftt_mlp,2205,1411,353,441,23,44,4,3.143707777161554,1.560270207443481,0.9404289970645338,"{""target_cooler_condition"": 4.459782619228198, ""target_hydraulic_accumulator"": 4.296809277417681, ""target_internal_pump_leakage"": 0.1681593933535084, ""target_valve_condition"": 3.650079818646827}","{""target_cooler_condition"": 0.988716899601623, ""target_hydraulic_accumulator"": 0.9309349557399184, ""target_internal_pump_leakage"": 0.9582900792402521, ""target_valve_condition"": 0.8837740536763414}",feature_ps2_min,,0,0,0,False
hydraulic_systems,3,two_stage_mlp,2205,1411,353,441,23,44,4,2.227285385131836,1.1989243030548096,0.9823306798934937,"{""target_cooler_condition"": 4.458008289337158, ""target_hydraulic_accumulator"": 3.298676013946533, ""target_internal_pump_leakage"": 0.07633999735116959, ""target_valve_condition"": 1.0761175155639648}","{""target_cooler_condition"": 0.9887259006500244, ""target_hydraulic_accumulator"": 0.9592952132225037, ""target_internal_pump_leakage"": 0.9914038777351379, ""target_valve_condition"": 0.9898977279663086}",feature_ps2_min,,0,0,0,False
hydraulic_systems,3,oracle_mlp,2205,1411,353,441,23,44,4,2.010101318359375,1.151350498199463,0.9790422916412354,"{""target_cooler_condition"": 3.296626567840576, ""target_hydraulic_accumulator"": 2.5156195163726807, ""target_internal_pump_leakage"": 0.09895619750022888, ""target_valve_condition"": 2.1292033195495605}","{""target_cooler_condition"": 0.993834912776947, ""target_hydraulic_accumulator"": 0.9763268232345581, ""target_internal_pump_leakage"": 0.9855561256408691, ""target_valve_condition"": 0.9604512453079224}",feature_ps2_min,,0,0,0,False
hydraulic_systems,3,prism,2205,1411,353,441,23,44,4,2.239138126373291,1.15968656539917,0.9809789657592773,"{""target_cooler_condition"": 4.288550853729248, ""target_hydraulic_accumulator"": 3.3413219451904297, ""target_internal_pump_leakage"": 0.08403325825929642, ""target_valve_condition"": 1.2426462173461914}","{""target_cooler_condition"": 0.9895666837692261, ""target_hydraulic_accumulator"": 0.9582359194755554, ""target_internal_pump_leakage"": 0.9895840287208557, ""target_valve_condition"": 0.9865292310714722}",feature_ps2_min,,0,0,0,False
hydraulic_systems,3,prism_z_acp_random_forest,2205,1411,353,441,23,44,4,2.7841854949061946,1.2049175658993239,0.9609395783364828,"{""target_cooler_condition"": 4.231004142126604, ""target_hydraulic_accumulator"": 4.446743030716806, ""target_internal_pump_leakage"": 0.12962211080907052, ""target_valve_condition"": 2.329372695972298}","{""target_cooler_condition"": 0.9898448118948985, ""target_hydraulic_accumulator"": 0.9260309218167849, ""target_internal_pump_leakage"": 0.9752169199518603, ""target_valve_condition"": 0.9526656596823875}",feature_ps2_min,,0,0,0,False
hydraulic_systems,3,prism_z_acp_xgboost,2205,1411,353,441,23,44,4,2.5726785635938088,0.9782559486468853,0.9702753518580423,"{""target_cooler_condition"": 4.037655245159104, ""target_hydraulic_accumulator"": 4.296763668808177, ""target_internal_pump_leakage"": 0.08210844865684008, ""target_valve_condition"": 1.8741868917511142}","{""target_cooler_condition"": 0.9907517504660814, ""target_hydraulic_accumulator"": 0.930936421918058, ""target_internal_pump_leakage"": 0.9900557325902043, ""target_valve_condition"": 0.9693575024578251}",feature_ps2_min,,0,0,0,False
hydraulic_systems,3,prism_z_acp_lightgbm,2205,1411,353,441,23,44,4,2.466444657635614,0.9004910520095082,0.9725715366699593,"{""target_cooler_condition"": 3.8483422544175214, ""target_hydraulic_accumulator"": 4.153404994103391, ""target_internal_pump_leakage"": 0.0778939701363827, ""target_valve_condition"": 1.7861374118851612}","{""target_cooler_condition"": 0.9915986621468311, ""target_hydraulic_accumulator"": 0.9354680628949185, ""target_internal_pump_leakage"": 0.9910503761928553, ""target_valve_condition"": 0.9721690454452329}",feature_ps2_min,,0,0,0,False
hydraulic_systems,3,prism_z_random_forest,2205,1411,353,441,23,44,4,2.7586776185021895,1.2355940399600067,0.9620978066588448,"{""target_cooler_condition"": 4.092709015780171, ""target_hydraulic_accumulator"": 4.592812174360528, ""target_internal_pump_leakage"": 0.11548522709348334, ""target_valve_condition"": 2.2337040567745765}","{""target_cooler_condition"": 0.9904978297443338, ""target_hydraulic_accumulator"": 0.9210915503931287, ""target_internal_pump_leakage"": 0.98032793429488, ""target_valve_condition"": 0.956473912203037}",feature_ps2_min,,0,0,0,False
hydraulic_systems,3,prism_z_xgboost,2205,1411,353,441,23,44,4,2.583559485764459,0.9927589046117007,0.9693362584232721,"{""target_cooler_condition"": 3.891110557824315, ""target_hydraulic_accumulator"": 4.3677262097958, ""target_internal_pump_leakage"": 0.07223811895467894, ""target_valve_condition"": 2.003163056483042}","{""target_cooler_condition"": 0.9914108890580233, ""target_hydraulic_accumulator"": 0.928636366515864, ""target_internal_pump_leakage"": 0.9923028498562079, ""target_valve_condition"": 0.9649949282629936}",feature_ps2_min,,0,0,0,False
hydraulic_systems,3,prism_z_lightgbm,2205,1411,353,441,23,44,4,2.496712629316632,0.9315721045919396,0.971322784293639,"{""target_cooler_condition"": 3.8583459727647855, ""target_hydraulic_accumulator"": 4.235432621753624, ""target_internal_pump_leakage"": 0.08491799617094156, ""target_valve_condition"": 1.808153926577178}","{""target_cooler_condition"": 0.9915549270273774, ""target_hydraulic_accumulator"": 0.9328939471001448, ""target_internal_pump_leakage"": 0.9893635531118472, ""target_valve_condition"": 0.9714787099351867}",feature_ps2_min,,0,0,0,False
hydraulic_systems,4,simple_mlp,2205,1411,353,441,23,44,4,2.4649839401245117,1.4066376686096191,0.9762403964996338,"{""target_cooler_condition"": 4.583361625671387, ""target_hydraulic_accumulator"": 4.002370357513428, ""target_internal_pump_leakage"": 0.0911196917295456, ""target_valve_condition"": 1.183083415031433}","{""target_cooler_condition"": 0.9880439639091492, ""target_hydraulic_accumulator"": 0.941584050655365, ""target_internal_pump_leakage"": 0.9875802993774414, ""target_valve_condition"": 0.9877530932426453}",feature_ps2_min,,0,0,0,False
hydraulic_systems,4,random_forest,2205,1411,353,441,23,44,4,2.5100397618333785,0.89667640843642,0.9745181938538315,"{""target_cooler_condition"": 4.410700838888375, ""target_hydraulic_accumulator"": 3.9592607412513017, ""target_internal_pump_leakage"": 0.0888575671528351, ""target_valve_condition"": 1.581339900041003}","{""target_cooler_condition"": 0.9889277876841946, ""target_hydraulic_accumulator"": 0.9428356559220551, ""target_internal_pump_leakage"": 0.9881892937433848, ""target_valve_condition"": 0.9781200380656916}",feature_ps2_min,,0,0,0,False
hydraulic_systems,4,xgboost,2205,1411,353,441,23,44,4,2.3057795660385323,0.9940687235597564,0.9750825053226,"{""target_cooler_condition"": 3.661612066554276, ""target_hydraulic_accumulator"": 4.352526050844072, ""target_internal_pump_leakage"": 0.08952943430404973, ""target_valve_condition"": 1.1194507124517317}","{""target_cooler_condition"": 0.9923693090992726, ""target_hydraulic_accumulator"": 0.9309156341034173, ""target_internal_pump_leakage"": 0.9880100129997059, ""target_valve_condition"": 0.989035065088004}",feature_ps2_min,,0,0,0,False
hydraulic_systems,4,lightgbm,2205,1411,353,441,23,44,4,2.344582471834559,1.0073677893175625,0.9774819956643517,"{""target_cooler_condition"": 4.186781514602938, ""target_hydraulic_accumulator"": 4.152485096146662, ""target_internal_pump_leakage"": 0.07815226820768983, ""target_valve_condition"": 0.9609110083809448}","{""target_cooler_condition"": 0.9900234634816757, ""target_hydraulic_accumulator"": 0.937119906014109, ""target_internal_pump_leakage"": 0.9908637030741764, ""target_valve_condition"": 0.9919209100874455}",feature_ps2_min,,0,0,0,False
hydraulic_systems,4,cnn_mlp,2205,1411,353,441,23,44,4,3.2831271711684122,2.1249769405891947,0.9449394420891537,"{""target_cooler_condition"": 4.7190190662073555, ""target_hydraulic_accumulator"": 5.454182358066664, ""target_internal_pump_leakage"": 0.14059480668931879, ""target_valve_condition"": 2.8187124537103094}","{""target_cooler_condition"": 0.9873257384646571, ""target_hydraulic_accumulator"": 0.8915183390594763, ""target_internal_pump_leakage"": 0.9704317521905426, ""target_valve_condition"": 0.9304819386419394}",feature_ps2_min,,0,0,0,False
hydraulic_systems,4,ftt_mlp,2205,1411,353,441,23,44,4,3.6552940073294913,2.036401821065853,0.9176961361002328,"{""target_cooler_condition"": 4.848731564533208, ""target_hydraulic_accumulator"": 5.580233797289119, ""target_internal_pump_leakage"": 0.20557995224969472, ""target_valve_condition"": 3.9866307152459437}","{""target_cooler_condition"": 0.9866194032280102, ""target_hydraulic_accumulator"": 0.886446164573316, ""target_internal_pump_leakage"": 0.9367808644372858, ""target_valve_condition"": 0.8609381121623191}",feature_ps2_min,,0,0,0,False
hydraulic_systems,4,two_stage_mlp,2205,1411,353,441,23,44,4,2.414559841156006,1.3088037967681885,0.9765255451202393,"{""target_cooler_condition"": 4.289161682128906, ""target_hydraulic_accumulator"": 3.950213670730591, ""target_internal_pump_leakage"": 0.08564277738332748, ""target_valve_condition"": 1.3332208395004272}","{""target_cooler_condition"": 0.9895296096801758, ""target_hydraulic_accumulator"": 0.9430965781211853, ""target_internal_pump_leakage"": 0.9890284538269043, ""target_valve_condition"": 0.9844474792480469}",feature_ps2_min,,0,0,0,False
hydraulic_systems,4,oracle_mlp,2205,1411,353,441,23,44,4,1.486713171005249,1.1230218410491943,0.987797200679779,"{""target_cooler_condition"": 2.1896588802337646, ""target_hydraulic_accumulator"": 2.434217691421509, ""target_internal_pump_leakage"": 0.08609774708747864, ""target_valve_condition"": 1.2368781566619873}","{""target_cooler_condition"": 0.9972711801528931, ""target_hydraulic_accumulator"": 0.9783919453620911, ""target_internal_pump_leakage"": 0.9889115691184998, ""target_valve_condition"": 0.9866140484809875}",feature_ps2_min,,0,0,0,False
hydraulic_systems,4,prism,2205,1411,353,441,23,44,4,2.359361171722412,1.0175062417984009,0.9800774455070496,"{""target_cooler_condition"": 4.643077850341797, ""target_hydraulic_accumulator"": 3.5134782791137695, ""target_internal_pump_leakage"": 0.08096568286418915, ""target_valve_condition"": 1.199923038482666}","{""target_cooler_condition"": 0.9877303838729858, ""target_hydraulic_accumulator"": 0.9549835324287415, ""target_internal_pump_leakage"": 0.9901940822601318, ""target_valve_condition"": 0.9874019622802734}",feature_ps2_min,,0,0,0,False
hydraulic_systems,4,prism_z_acp_random_forest,2205,1411,353,441,23,44,4,2.8789717863863924,1.2296108755207549,0.9606994394163992,"{""target_cooler_condition"": 4.651034842673979, ""target_hydraulic_accumulator"": 5.0726159575554135, ""target_internal_pump_leakage"": 0.13436871515373136, ""target_valve_condition"": 1.6578676301624458}","{""target_cooler_condition"": 0.9876882897355219, ""target_hydraulic_accumulator"": 0.9061658369748931, ""target_internal_pump_leakage"": 0.9729925637090504, ""target_valve_condition"": 0.9759510672461316}",feature_ps2_min,,0,0,0,False
hydraulic_systems,4,prism_z_acp_xgboost,2205,1411,353,441,23,44,4,2.701876152788204,0.9765219700461512,0.9678132572226938,"{""target_cooler_condition"": 4.661834430329079, ""target_hydraulic_accumulator"": 4.58069252345571, ""target_internal_pump_leakage"": 0.12015403033511526, ""target_valve_condition"": 1.4448236270329111}","{""target_cooler_condition"": 0.9876310483837714, ""target_hydraulic_accumulator"": 0.923482759500727, ""target_internal_pump_leakage"": 0.9784044774420302, ""target_valve_condition"": 0.9817347435642465}",feature_ps2_min,,0,0,0,False
hydraulic_systems,4,prism_z_acp_lightgbm,2205,1411,353,441,23,44,4,2.9244010237828677,0.9562357892940037,0.9666293588038601,"{""target_cooler_condition"": 5.467512211880518, ""target_hydraulic_accumulator"": 4.713474462528454, ""target_internal_pump_leakage"": 0.11012964231721724, ""target_valve_condition"": 1.4064877784052825}","{""target_cooler_condition"": 0.9829863018283695, ""target_hydraulic_accumulator"": 0.9189824073857286, ""target_internal_pump_leakage"": 0.9818575686308602, ""target_valve_condition"": 0.9826911573704822}",feature_ps2_min,,0,0,0,False
hydraulic_systems,4,prism_z_random_forest,2205,1411,353,441,23,44,4,2.8913064624491343,1.2554479897384634,0.9610683973233183,"{""target_cooler_condition"": 4.715406413612675, ""target_hydraulic_accumulator"": 5.080888437619476, ""target_internal_pump_leakage"": 0.1304117788289422, ""target_valve_condition"": 1.6385192197354435}","{""target_cooler_condition"": 0.9873451366390463, ""target_hydraulic_accumulator"": 0.9058595357681793, ""target_internal_pump_leakage"": 0.9745597913446203, ""target_valve_condition"": 0.9765091255414275}",feature_ps2_min,,0,0,0,False
hydraulic_systems,4,prism_z_xgboost,2205,1411,353,441,23,44,4,2.684406635634571,0.9976118202945792,0.9674285854965328,"{""target_cooler_condition"": 4.386483174431268, ""target_hydraulic_accumulator"": 4.714783369467208, ""target_internal_pump_leakage"": 0.10929439895865707, ""target_valve_condition"": 1.5270655996811509}","{""target_cooler_condition"": 0.9890490414218182, ""target_hydraulic_accumulator"": 0.918937404823829, ""target_internal_pump_leakage"": 0.98213171611958, ""target_valve_condition"": 0.979596179620904}",feature_ps2_min,,0,0,0,False
hydraulic_systems,4,prism_z_lightgbm,2205,1411,353,441,23,44,4,2.6564613643171615,1.0426843918062878,0.9683679809469263,"{""target_cooler_condition"": 4.37656986700731, ""target_hydraulic_accumulator"": 4.683023379169587, ""target_internal_pump_leakage"": 0.10664143686067443, ""target_valve_condition"": 1.459610774231075}","{""target_cooler_condition"": 0.9890984831013604, ""target_hydraulic_accumulator"": 0.9200258433075927, ""target_internal_pump_leakage"": 0.9829886410914124, ""target_valve_condition"": 0.9813589562873403}",feature_ps2_min,,0,0,0,False
hydraulic_systems,5,simple_mlp,2205,1411,353,441,23,44,4,1.9679837226867676,1.3308377265930176,0.9782609939575195,"{""target_cooler_condition"": 2.750603437423706, ""target_hydraulic_accumulator"": 3.8322110176086426, ""target_internal_pump_leakage"": 0.10436591506004333, ""target_valve_condition"": 1.1847543716430664}","{""target_cooler_condition"": 0.9959205389022827, ""target_hydraulic_accumulator"": 0.946645200252533, ""target_internal_pump_leakage"": 0.9829663634300232, ""target_valve_condition"": 0.9875117540359497}",feature_ps2_min,,0,0,0,False
hydraulic_systems,5,random_forest,2205,1411,353,441,23,44,4,2.4303347702061653,0.8093672989929337,0.9737781564480089,"{""target_cooler_condition"": 4.141304501358949, ""target_hydraulic_accumulator"": 3.596128943819325, ""target_internal_pump_leakage"": 0.10502096079671801, ""target_valve_condition"": 1.8788846748496693}","{""target_cooler_condition"": 0.9907525250388243, ""target_hydraulic_accumulator"": 0.9530165153830289, ""target_internal_pump_leakage"": 0.9827518922938312, ""target_valve_condition"": 0.968591693076351}",feature_ps2_min,,0,0,0,False
hydraulic_systems,5,xgboost,2205,1411,353,441,23,44,4,1.5493145230173349,0.8219402946611256,0.9793719156654224,"{""target_cooler_condition"": 1.0452763905524518, ""target_hydraulic_accumulator"": 3.837031223404155, ""target_internal_pump_leakage"": 0.0988347439897992, ""target_valve_condition"": 1.2161157341229338}","{""target_cooler_condition"": 0.999410870028618, ""target_hydraulic_accumulator"": 0.9465108890722354, ""target_internal_pump_leakage"": 0.9847240311375448, ""target_valve_condition"": 0.9868418724232912}",feature_ps2_min,,0,0,0,False
hydraulic_systems,5,lightgbm,2205,1411,353,441,23,44,4,1.8592198748621156,0.8973989224975353,0.9800544729416847,"{""target_cooler_condition"": 2.4215467806800035, ""target_hydraulic_accumulator"": 3.6711874424743725, ""target_internal_pump_leakage"": 0.0937503608970054, ""target_valve_condition"": 1.2503949153970813}","{""target_cooler_condition"": 0.9968381987851547, ""target_hydraulic_accumulator"": 0.9510347663546727, ""target_internal_pump_leakage"": 0.9862552964389057, ""target_valve_condition"": 0.9860896301880059}",feature_ps2_min,,0,0,0,False
hydraulic_systems,5,cnn_mlp,2205,1411,353,441,23,44,4,2.9820137214545417,2.092560752984352,0.9387947085540421,"{""target_cooler_condition"": 3.342642696491987, ""target_hydraulic_accumulator"": 4.861251537997909, ""target_internal_pump_leakage"": 0.15973785911249466, ""target_valve_condition"": 3.5644227922157774}","{""target_cooler_condition"": 0.9939753926444863, ""target_hydraulic_accumulator"": 0.9141439507831796, ""target_internal_pump_leakage"": 0.9600970319768622, ""target_valve_condition"": 0.8869624588116404}",feature_ps2_min,,0,0,0,False
hydraulic_systems,5,ftt_mlp,2205,1411,353,441,23,44,4,3.3183624134200107,1.644383363002976,0.9241591312973346,"{""target_cooler_condition"": 4.455898778500385, ""target_hydraulic_accumulator"": 4.342908404313084, ""target_internal_pump_leakage"": 0.1981892897439673, ""target_valve_condition"": 4.276453181122607}","{""target_cooler_condition"": 0.9892941915500743, ""target_hydraulic_accumulator"": 0.9314770498677997, ""target_internal_pump_leakage"": 0.9385743382800523, ""target_valve_condition"": 0.837290945491412}",feature_ps2_min,,0,0,0,False
hydraulic_systems,5,two_stage_mlp,2205,1411,353,441,23,44,4,1.9789576530456543,1.2436531782150269,0.9764059782028198,"{""target_cooler_condition"": 2.351270914077759, ""target_hydraulic_accumulator"": 4.202969074249268, ""target_internal_pump_leakage"": 0.09063098579645157, ""target_valve_condition"": 1.270959496498108}","{""target_cooler_condition"": 0.9970190525054932, ""target_hydraulic_accumulator"": 0.9358218908309937, ""target_internal_pump_leakage"": 0.9871547222137451, ""target_valve_condition"": 0.9856283068656921}",feature_ps2_min,,0,0,0,False
hydraulic_systems,5,oracle_mlp,2205,1411,353,441,23,44,4,1.8161039352416992,1.1268322467803955,0.9765973687171936,"{""target_cooler_condition"": 2.0483059883117676, ""target_hydraulic_accumulator"": 2.8154208660125732, ""target_internal_pump_leakage"": 0.09932968765497208, ""target_valve_condition"": 2.3013594150543213}","{""target_cooler_condition"": 0.9977377653121948, ""target_hydraulic_accumulator"": 0.9712020754814148, ""target_internal_pump_leakage"": 0.9845706224441528, ""target_valve_condition"": 0.9528791308403015}",feature_ps2_min,,0,0,0,False
hydraulic_systems,5,prism,2205,1411,353,441,23,44,4,1.9592399597167969,0.9998540282249451,0.9824721217155457,"{""target_cooler_condition"": 3.1265273094177246, ""target_hydraulic_accumulator"": 3.1871817111968994, ""target_internal_pump_leakage"": 0.07725172489881516, ""target_valve_condition"": 1.4459984302520752}","{""target_cooler_condition"": 0.994729220867157, ""target_hydraulic_accumulator"": 0.9630947113037109, ""target_internal_pump_leakage"": 0.9906673431396484, ""target_valve_condition"": 0.9813971519470215}",feature_ps2_min,,0,0,0,False
hydraulic_systems,5,prism_z_acp_random_forest,2205,1411,353,441,23,44,4,1.956107042254454,1.072116598372563,0.9704890143030249,"{""target_cooler_condition"": 1.6311783414562722, ""target_hydraulic_accumulator"": 4.084160561580265, ""target_internal_pump_leakage"": 0.11484112976127663, ""target_valve_condition"": 1.9942481362200022}","{""target_cooler_condition"": 0.9985653309551922, ""target_hydraulic_accumulator"": 0.939398925109426, ""target_internal_pump_leakage"": 0.9793754541758254, ""target_valve_condition"": 0.9646163469716558}",feature_ps2_min,,0,0,0,False
hydraulic_systems,5,prism_z_acp_xgboost,2205,1411,353,441,23,44,4,1.862731351282606,0.8905524655943325,0.974861522795392,"{""target_cooler_condition"": 1.6917256605485709, ""target_hydraulic_accumulator"": 4.178107370847267, ""target_internal_pump_leakage"": 0.1015047585079881, ""target_valve_condition"": 1.4795876152265977}","{""target_cooler_condition"": 0.9984568479897769, ""target_hydraulic_accumulator"": 0.9365788802174553, ""target_internal_pump_leakage"": 0.9838875239152611, ""target_valve_condition"": 0.9805228390590747}",feature_ps2_min,,0,0,0,False
hydraulic_systems,5,prism_z_acp_lightgbm,2205,1411,353,441,23,44,4,2.2153460583345046,0.8725963940704985,0.9756853005124442,"{""target_cooler_condition"": 3.3706617878114398, ""target_hydraulic_accumulator"": 3.879615314860078, ""target_internal_pump_leakage"": 0.10171760953650219, ""target_valve_condition"": 1.509389521129999}","{""target_cooler_condition"": 0.9938739689965026, ""target_hydraulic_accumulator"": 0.9453170364806305, ""target_internal_pump_leakage"": 0.9838198787531534, ""target_valve_condition"": 0.9797303178194899}",feature_ps2_min,,0,0,0,False
hydraulic_systems,5,prism_z_random_forest,2205,1411,353,441,23,44,4,2.102520580376952,1.1292008669997542,0.9699605601556713,"{""target_cooler_condition"": 2.2033307716904815, ""target_hydraulic_accumulator"": 4.171821246238225, ""target_internal_pump_leakage"": 0.11752657664530271, ""target_valve_condition"": 1.917403726933798}","{""target_cooler_condition"": 0.9973823701473926, ""target_hydraulic_accumulator"": 0.9367695757247247, ""target_internal_pump_leakage"": 0.97839960697829, ""target_valve_condition"": 0.967290687772278}",feature_ps2_min,,0,0,0,False
hydraulic_systems,5,prism_z_xgboost,2205,1411,353,441,23,44,4,1.8494199331264296,0.932656409636286,0.9744317623488,"{""target_cooler_condition"": 1.5773987513834757, ""target_hydraulic_accumulator"": 4.191612637824423, ""target_internal_pump_leakage"": 0.10231823314467504, ""target_valve_condition"": 1.526350110153145}","{""target_cooler_condition"": 0.9986583729046516, ""target_hydraulic_accumulator"": 0.9361682141526958, ""target_internal_pump_leakage"": 0.9836282333768546, ""target_valve_condition"": 0.9792722289609977}",feature_ps2_min,,0,0,0,False
hydraulic_systems,5,prism_z_lightgbm,2205,1411,353,441,23,44,4,1.8662583348326272,0.9757516427692499,0.975867383352843,"{""target_cooler_condition"": 1.9114457708898296, ""target_hydraulic_accumulator"": 3.9847095266373023, ""target_internal_pump_leakage"": 0.10685983184904646, ""target_valve_condition"": 1.4620182099543306}","{""target_cooler_condition"": 0.998029970190341, ""target_hydraulic_accumulator"": 0.9423143156683772, ""target_internal_pump_leakage"": 0.9821425906549728, ""target_valve_condition"": 0.9809826568976807}",feature_ps2_min,,0,0,0,False
concrete_slump_test,1,simple_mlp,103,65,17,21,7,2,1,1.9985429048538208,1.3858083486557007,0.942456066608429,"{""target_compressive_strength_28d"": 1.9985429048538208}","{""target_compressive_strength_28d"": 0.942456066608429}",,,0,0,0,False
concrete_slump_test,1,random_forest,103,65,17,21,7,2,1,3.7705546691196288,2.7576361099049946,0.7951749025285543,"{""target_compressive_strength_28d"": 3.7705546691196288}","{""target_compressive_strength_28d"": 0.7951749025285543}",,,0,0,0,False
concrete_slump_test,1,xgboost,103,65,17,21,7,2,1,2.6572827254255613,1.9333749199190593,0.8982701943644041,"{""target_compressive_strength_28d"": 2.6572827254255613}","{""target_compressive_strength_28d"": 0.8982701943644041}",,,0,0,0,False
concrete_slump_test,1,lightgbm,103,65,17,21,7,2,1,3.372075978474574,2.561303116507241,0.8361798236515238,"{""target_compressive_strength_28d"": 3.372075978474574}","{""target_compressive_strength_28d"": 0.8361798236515238}",,,0,0,0,False
concrete_slump_test,1,cnn_mlp,103,65,17,21,7,2,1,3.79400464222419,2.7714239555486135,0.7926192684682841,"{""target_compressive_strength_28d"": 3.79400464222419}","{""target_compressive_strength_28d"": 0.7926192684682841}",,,0,0,0,False
concrete_slump_test,1,ftt_mlp,103,65,17,21,7,2,1,3.762638238111731,2.942263578040302,0.7960340766871701,"{""target_compressive_strength_28d"": 3.762638238111731}","{""target_compressive_strength_28d"": 0.7960340766871701}",,,0,0,0,False
concrete_slump_test,1,two_stage_mlp,103,65,17,21,7,2,1,2.43640398979187,1.8040050268173218,0.9144792556762695,"{""target_compressive_strength_28d"": 2.43640398979187}","{""target_compressive_strength_28d"": 0.9144792556762695}",,,0,0,0,False
concrete_slump_test,1,oracle_mlp,103,65,17,21,7,2,1,2.110901355743408,1.4839600324630737,0.9358038902282715,"{""target_compressive_strength_28d"": 2.110901355743408}","{""target_compressive_strength_28d"": 0.9358038902282715}",,,0,0,0,False
concrete_slump_test,1,prism,103,65,17,21,7,2,1,2.257225275039673,1.436178207397461,0.9265955090522766,"{""target_compressive_strength_28d"": 2.257225275039673}","{""target_compressive_strength_28d"": 0.9265955090522766}",,,0,0,0,False
concrete_slump_test,1,prism_z_acp_random_forest,103,65,17,21,7,2,1,3.455261453044446,2.395939361587576,0.8279975961126675,"{""target_compressive_strength_28d"": 3.455261453044446}","{""target_compressive_strength_28d"": 0.8279975961126675}",,,0,0,0,False
concrete_slump_test,1,prism_z_acp_xgboost,103,65,17,21,7,2,1,2.7623872736756137,1.9461482242517065,0.8900635230559968,"{""target_compressive_strength_28d"": 2.7623872736756137}","{""target_compressive_strength_28d"": 0.8900635230559968}",,,0,0,0,False
concrete_slump_test,1,prism_z_acp_lightgbm,103,65,17,21,7,2,1,2.810640025748487,1.8551120255023388,0.8861892881933782,"{""target_compressive_strength_28d"": 2.810640025748487}","{""target_compressive_strength_28d"": 0.8861892881933782}",,,0,0,0,False
concrete_slump_test,1,prism_z_random_forest,103,65,17,21,7,2,1,3.3548463265817468,2.3416837986225745,0.8378496280510178,"{""target_compressive_strength_28d"": 3.3548463265817468}","{""target_compressive_strength_28d"": 0.8378496280510178}",,,0,0,0,False
concrete_slump_test,1,prism_z_xgboost,103,65,17,21,7,2,1,2.735594421433135,1.9216906074619395,0.8921857651522741,"{""target_compressive_strength_28d"": 2.735594421433135}","{""target_compressive_strength_28d"": 0.8921857651522741}",,,0,0,0,False
concrete_slump_test,1,prism_z_lightgbm,103,65,17,21,7,2,1,2.790040107522065,1.804313545948555,0.8878514716383936,"{""target_compressive_strength_28d"": 2.790040107522065}","{""target_compressive_strength_28d"": 0.8878514716383936}",,,0,0,0,False
concrete_slump_test,2,simple_mlp,103,65,17,21,7,2,1,3.457115888595581,2.709871530532837,0.7696095705032349,"{""target_compressive_strength_28d"": 3.457115888595581}","{""target_compressive_strength_28d"": 0.7696095705032349}",,,0,0,0,False
concrete_slump_test,2,random_forest,103,65,17,21,7,2,1,4.198990327341379,3.340176935206495,0.6601194328724378,"{""target_compressive_strength_28d"": 4.198990327341379}","{""target_compressive_strength_28d"": 0.6601194328724378}",,,0,0,0,False
concrete_slump_test,2,xgboost,103,65,17,21,7,2,1,3.8066007910195556,3.126661654572412,0.7206740703531649,"{""target_compressive_strength_28d"": 3.8066007910195556}","{""target_compressive_strength_28d"": 0.7206740703531649}",,,0,0,0,False
concrete_slump_test,2,lightgbm,103,65,17,21,7,2,1,4.691433530720117,4.217638085525069,0.5757247276904445,"{""target_compressive_strength_28d"": 4.691433530720117}","{""target_compressive_strength_28d"": 0.5757247276904445}",,,0,0,0,False
concrete_slump_test,2,cnn_mlp,103,65,17,21,7,2,1,5.75833955494202,4.618582083258121,0.3608083000250828,"{""target_compressive_strength_28d"": 5.75833955494202}","{""target_compressive_strength_28d"": 0.3608083000250828}",,,0,0,0,False
concrete_slump_test,2,ftt_mlp,103,65,17,21,7,2,1,5.937350509591422,4.669923076205733,0.3204491468288788,"{""target_compressive_strength_28d"": 5.937350509591422}","{""target_compressive_strength_28d"": 0.3204491468288788}",,,0,0,0,False
concrete_slump_test,2,two_stage_mlp,103,65,17,21,7,2,1,3.7760090827941895,2.9964208602905273,0.7251456379890442,"{""target_compressive_strength_28d"": 3.7760090827941895}","{""target_compressive_strength_28d"": 0.7251456379890442}",,,0,0,0,False
concrete_slump_test,2,oracle_mlp,103,65,17,21,7,2,1,4.627485752105713,3.7792983055114746,0.5872122049331665,"{""target_compressive_strength_28d"": 4.627485752105713}","{""target_compressive_strength_28d"": 0.5872122049331665}",,,0,0,0,False
concrete_slump_test,2,prism,103,65,17,21,7,2,1,3.1037051677703857,2.464733600616455,0.8143061995506287,"{""target_compressive_strength_28d"": 3.1037051677703857}","{""target_compressive_strength_28d"": 0.8143061995506287}",,,0,0,0,False
concrete_slump_test,2,prism_z_acp_random_forest,103,65,17,21,7,2,1,3.2992009217310088,2.7905778970767483,0.7901765055008282,"{""target_compressive_strength_28d"": 3.2992009217310088}","{""target_compressive_strength_28d"": 0.7901765055008282}",,,0,0,0,False
concrete_slump_test,2,prism_z_acp_xgboost,103,65,17,21,7,2,1,3.1493299754832536,2.616554205984502,0.8088065898072405,"{""target_compressive_strength_28d"": 3.1493299754832536}","{""target_compressive_strength_28d"": 0.8088065898072405}",,,0,0,0,False
concrete_slump_test,2,prism_z_acp_lightgbm,103,65,17,21,7,2,1,4.087041612809522,3.389666223497681,0.6780008650563378,"{""target_compressive_strength_28d"": 4.087041612809522}","{""target_compressive_strength_28d"": 0.6780008650563378}",,,0,0,0,False
concrete_slump_test,2,prism_z_random_forest,103,65,17,21,7,2,1,3.3489997370039,2.8309096299175835,0.783794462651293,"{""target_compressive_strength_28d"": 3.3489997370039}","{""target_compressive_strength_28d"": 0.783794462651293}",,,0,0,0,False
concrete_slump_test,2,prism_z_xgboost,103,65,17,21,7,2,1,2.979315232356062,2.436914005688806,0.8288923211681626,"{""target_compressive_strength_28d"": 2.979315232356062}","{""target_compressive_strength_28d"": 0.8288923211681626}",,,0,0,0,False
concrete_slump_test,2,prism_z_lightgbm,103,65,17,21,7,2,1,4.139378462675772,3.449203728906728,0.6697013054649914,"{""target_compressive_strength_28d"": 4.139378462675772}","{""target_compressive_strength_28d"": 0.6697013054649914}",,,0,0,0,False
concrete_slump_test,3,simple_mlp,103,65,17,21,7,2,1,2.6366138458251953,2.0891544818878174,0.8885205984115601,"{""target_compressive_strength_28d"": 2.6366138458251953}","{""target_compressive_strength_28d"": 0.8885205984115601}",,,0,0,0,False
concrete_slump_test,3,random_forest,103,65,17,21,7,2,1,4.014428375593675,3.196236458554642,0.7415664146037109,"{""target_compressive_strength_28d"": 4.014428375593675}","{""target_compressive_strength_28d"": 0.7415664146037109}",,,0,0,0,False
concrete_slump_test,3,xgboost,103,65,17,21,7,2,1,3.3054084712831613,2.6205988314784503,0.8247928614258707,"{""target_compressive_strength_28d"": 3.3054084712831613}","{""target_compressive_strength_28d"": 0.8247928614258707}",,,0,0,0,False
concrete_slump_test,3,lightgbm,103,65,17,21,7,2,1,5.103372218896935,4.610159833556078,0.5823466054040247,"{""target_compressive_strength_28d"": 5.103372218896935}","{""target_compressive_strength_28d"": 0.5823466054040247}",,,0,0,0,False
concrete_slump_test,3,cnn_mlp,103,65,17,21,7,2,1,5.148118887019971,3.567629254733459,0.5749904775746274,"{""target_compressive_strength_28d"": 5.148118887019971}","{""target_compressive_strength_28d"": 0.5749904775746274}",,,0,0,0,False
concrete_slump_test,3,ftt_mlp,103,65,17,21,7,2,1,4.105387578836391,3.3795835972436357,0.7297225247908203,"{""target_compressive_strength_28d"": 4.105387578836391}","{""target_compressive_strength_28d"": 0.7297225247908203}",,,0,0,0,False
concrete_slump_test,3,two_stage_mlp,103,65,17,21,7,2,1,2.4966318607330322,1.8346443176269531,0.9000436067581177,"{""target_compressive_strength_28d"": 2.4966318607330322}","{""target_compressive_strength_28d"": 0.9000436067581177}",,,0,0,0,False
concrete_slump_test,3,oracle_mlp,103,65,17,21,7,2,1,3.1156961917877197,2.636453151702881,0.8443275690078735,"{""target_compressive_strength_28d"": 3.1156961917877197}","{""target_compressive_strength_28d"": 0.8443275690078735}",,,0,0,0,False
concrete_slump_test,3,prism,103,65,17,21,7,2,1,2.379957437515259,1.918586015701294,0.9091677665710449,"{""target_compressive_strength_28d"": 2.379957437515259}","{""target_compressive_strength_28d"": 0.9091677665710449}",,,0,0,0,False
concrete_slump_test,3,prism_z_acp_random_forest,103,65,17,21,7,2,1,4.237817210054487,3.2303635874151837,0.7120043248272412,"{""target_compressive_strength_28d"": 4.237817210054487}","{""target_compressive_strength_28d"": 0.7120043248272412}",,,0,0,0,False
concrete_slump_test,3,prism_z_acp_xgboost,103,65,17,21,7,2,1,3.3414539266907948,2.5789593653045357,0.8209507608404879,"{""target_compressive_strength_28d"": 3.3414539266907948}","{""target_compressive_strength_28d"": 0.8209507608404879}",,,0,0,0,False
concrete_slump_test,3,prism_z_acp_lightgbm,103,65,17,21,7,2,1,3.204629970188289,2.49410096878616,0.8353137633735037,"{""target_compressive_strength_28d"": 3.204629970188289}","{""target_compressive_strength_28d"": 0.8353137633735037}",,,0,0,0,False
concrete_slump_test,3,prism_z_random_forest,103,65,17,21,7,2,1,4.297481456894484,3.3465349492747136,0.7038378540818153,"{""target_compressive_strength_28d"": 4.297481456894484}","{""target_compressive_strength_28d"": 0.7038378540818153}",,,0,0,0,False
concrete_slump_test,3,prism_z_xgboost,103,65,17,21,7,2,1,3.231637144952588,2.5441071007625906,0.8325262642479633,"{""target_compressive_strength_28d"": 3.231637144952588}","{""target_compressive_strength_28d"": 0.8325262642479633}",,,0,0,0,False
concrete_slump_test,3,prism_z_lightgbm,103,65,17,21,7,2,1,3.3256831033780085,2.6223784951271973,0.8226369072140356,"{""target_compressive_strength_28d"": 3.3256831033780085}","{""target_compressive_strength_28d"": 0.8226369072140356}",,,0,0,0,False
concrete_slump_test,4,simple_mlp,103,65,17,21,7,2,1,2.3770487308502197,2.050755739212036,0.9044908285140991,"{""target_compressive_strength_28d"": 2.3770487308502197}","{""target_compressive_strength_28d"": 0.9044908285140991}",,,0,0,0,False
concrete_slump_test,4,random_forest,103,65,17,21,7,2,1,4.658093291201025,3.5934236300396276,0.6332371446076035,"{""target_compressive_strength_28d"": 4.658093291201025}","{""target_compressive_strength_28d"": 0.6332371446076035}",,,0,0,0,False
concrete_slump_test,4,xgboost,103,65,17,21,7,2,1,4.217518649890125,3.124409808550167,0.6993349108495025,"{""target_compressive_strength_28d"": 4.217518649890125}","{""target_compressive_strength_28d"": 0.6993349108495025}",,,0,0,0,False
concrete_slump_test,4,lightgbm,103,65,17,21,7,2,1,4.997051157006967,4.116431578325362,0.5779182526168967,"{""target_compressive_strength_28d"": 4.997051157006967}","{""target_compressive_strength_28d"": 0.5779182526168967}",,,0,0,0,False
concrete_slump_test,4,cnn_mlp,103,65,17,21,7,2,1,4.878071473068832,3.6210355337242146,0.5977784833203535,"{""target_compressive_strength_28d"": 4.878071473068832}","{""target_compressive_strength_28d"": 0.5977784833203535}",,,0,0,0,False
concrete_slump_test,4,ftt_mlp,103,65,17,21,7,2,1,5.277194236531438,4.402550936656622,0.5292664637354051,"{""target_compressive_strength_28d"": 5.277194236531438}","{""target_compressive_strength_28d"": 0.5292664637354051}",,,0,0,0,False
concrete_slump_test,4,two_stage_mlp,103,65,17,21,7,2,1,2.5695104598999023,1.8931242227554321,0.8883985877037048,"{""target_compressive_strength_28d"": 2.5695104598999023}","{""target_compressive_strength_28d"": 0.8883985877037048}",,,0,0,0,False
concrete_slump_test,4,oracle_mlp,103,65,17,21,7,2,1,2.5144248008728027,1.9492075443267822,0.8931323289871216,"{""target_compressive_strength_28d"": 2.5144248008728027}","{""target_compressive_strength_28d"": 0.8931323289871216}",,,0,0,0,False
concrete_slump_test,4,prism,103,65,17,21,7,2,1,2.182177782058716,1.8853999376296997,0.9195086359977722,"{""target_compressive_strength_28d"": 2.182177782058716}","{""target_compressive_strength_28d"": 0.9195086359977722}",,,0,0,0,False
concrete_slump_test,4,prism_z_acp_random_forest,103,65,17,21,7,2,1,4.773290353176355,3.99626468259103,0.6148723618724465,"{""target_compressive_strength_28d"": 4.773290353176355}","{""target_compressive_strength_28d"": 0.6148723618724465}",,,0,0,0,False
concrete_slump_test,4,prism_z_acp_xgboost,103,65,17,21,7,2,1,4.1451440641062245,3.3971344642209274,0.7095654766488815,"{""target_compressive_strength_28d"": 4.1451440641062245}","{""target_compressive_strength_28d"": 0.7095654766488815}",,,0,0,0,False
concrete_slump_test,4,prism_z_acp_lightgbm,103,65,17,21,7,2,1,3.420011868336753,2.6545789033660805,0.8022920162670134,"{""target_compressive_strength_28d"": 3.420011868336753}","{""target_compressive_strength_28d"": 0.8022920162670134}",,,0,0,0,False
concrete_slump_test,4,prism_z_random_forest,103,65,17,21,7,2,1,4.848446812283691,4.062929756609724,0.6026490531533073,"{""target_compressive_strength_28d"": 4.848446812283691}","{""target_compressive_strength_28d"": 0.6026490531533073}",,,0,0,0,False
concrete_slump_test,4,prism_z_xgboost,103,65,17,21,7,2,1,4.236496819691065,3.4802436018902263,0.6966229316953573,"{""target_compressive_strength_28d"": 4.236496819691065}","{""target_compressive_strength_28d"": 0.6966229316953573}",,,0,0,0,False
concrete_slump_test,4,prism_z_lightgbm,103,65,17,21,7,2,1,3.4412449397367855,2.661419012790415,0.7998294638947027,"{""target_compressive_strength_28d"": 3.4412449397367855}","{""target_compressive_strength_28d"": 0.7998294638947027}",,,0,0,0,False
concrete_slump_test,5,simple_mlp,103,65,17,21,7,2,1,2.158356189727783,1.7307580709457397,0.943756103515625,"{""target_compressive_strength_28d"": 2.158356189727783}","{""target_compressive_strength_28d"": 0.943756103515625}",,,0,0,0,False
concrete_slump_test,5,random_forest,103,65,17,21,7,2,1,4.4921894899125485,3.2372950505328246,0.7563618891636661,"{""target_compressive_strength_28d"": 4.4921894899125485}","{""target_compressive_strength_28d"": 0.7563618891636661}",,,0,0,0,False
concrete_slump_test,5,xgboost,103,65,17,21,7,2,1,4.641128223027024,3.270231794541716,0.7399384045025597,"{""target_compressive_strength_28d"": 4.641128223027024}","{""target_compressive_strength_28d"": 0.7399384045025597}",,,0,0,0,False
concrete_slump_test,5,lightgbm,103,65,17,21,7,2,1,4.528844470029505,3.6435873571993347,0.7523696330513172,"{""target_compressive_strength_28d"": 4.528844470029505}","{""target_compressive_strength_28d"": 0.7523696330513172}",,,0,0,0,False
concrete_slump_test,5,cnn_mlp,103,65,17,21,7,2,1,3.494425399207454,2.243557892761399,0.8525717755242639,"{""target_compressive_strength_28d"": 3.494425399207454}","{""target_compressive_strength_28d"": 0.8525717755242639}",,,0,0,0,False
concrete_slump_test,5,ftt_mlp,103,65,17,21,7,2,1,4.295925627658025,3.5996114291167323,0.7771859376701468,"{""target_compressive_strength_28d"": 4.295925627658025}","{""target_compressive_strength_28d"": 0.7771859376701468}",,,0,0,0,False
concrete_slump_test,5,two_stage_mlp,103,65,17,21,7,2,1,1.9263200759887695,1.4464216232299805,0.9551991820335388,"{""target_compressive_strength_28d"": 1.9263200759887695}","{""target_compressive_strength_28d"": 0.9551991820335388}",,,0,0,0,False
concrete_slump_test,5,oracle_mlp,103,65,17,21,7,2,1,1.9667729139328003,1.7291408777236938,0.9532977938652039,"{""target_compressive_strength_28d"": 1.9667729139328003}","{""target_compressive_strength_28d"": 0.9532977938652039}",,,0,0,0,False
concrete_slump_test,5,prism,103,65,17,21,7,2,1,2.727207660675049,2.2338759899139404,0.9102022647857666,"{""target_compressive_strength_28d"": 2.727207660675049}","{""target_compressive_strength_28d"": 0.9102022647857666}",,,0,0,0,False
concrete_slump_test,5,prism_z_acp_random_forest,103,65,17,21,7,2,1,3.5623850598389484,2.6927081035557,0.8467816398167523,"{""target_compressive_strength_28d"": 3.5623850598389484}","{""target_compressive_strength_28d"": 0.8467816398167523}",,,0,0,0,False
concrete_slump_test,5,prism_z_acp_xgboost,103,65,17,21,7,2,1,2.925786440213864,2.2275696257056903,0.8966490830555115,"{""target_compressive_strength_28d"": 2.925786440213864}","{""target_compressive_strength_28d"": 0.8966490830555115}",,,0,0,0,False
concrete_slump_test,5,prism_z_acp_lightgbm,103,65,17,21,7,2,1,2.949291377092891,2.367724622392428,0.8949818289285639,"{""target_compressive_strength_28d"": 2.949291377092891}","{""target_compressive_strength_28d"": 0.8949818289285639}",,,0,0,0,False
concrete_slump_test,5,prism_z_random_forest,103,65,17,21,7,2,1,3.5375936847466156,2.7169953953221193,0.8489067759389134,"{""target_compressive_strength_28d"": 3.5375936847466156}","{""target_compressive_strength_28d"": 0.8489067759389134}",,,0,0,0,False
concrete_slump_test,5,prism_z_xgboost,103,65,17,21,7,2,1,2.785681428537134,2.3180051069661944,0.9063102702499721,"{""target_compressive_strength_28d"": 2.785681428537134}","{""target_compressive_strength_28d"": 0.9063102702499721}",,,0,0,0,False
concrete_slump_test,5,prism_z_lightgbm,103,65,17,21,7,2,1,2.908817299427005,2.2617280112252933,0.8978444474272514,"{""target_compressive_strength_28d"": 2.908817299427005}","{""target_compressive_strength_28d"": 0.8978444474272514}",,,0,0,0,False
gas_turbine_co_nox,1,simple_mlp,36733,17752,4439,14542,4,5,2,8.118403434753418,6.663591384887695,-0.3651929199695587,"{""target_co"": 2.1377556324005127, ""target_nox"": 14.099051475524902}","{""target_co"": 0.04658561944961548, ""target_nox"": -0.7769714593887329}",,,0,0,0,False
gas_turbine_co_nox,1,random_forest,36733,17752,4439,14542,4,5,2,8.106607365543367,6.722351352916984,-0.345939486193427,"{""target_co"": 2.0859888834365474, ""target_nox"": 14.127225847650186}","{""target_co"": 0.09220132931638358, ""target_nox"": -0.7840803017032376}",,,0,0,0,False
gas_turbine_co_nox,1,xgboost,36733,17752,4439,14542,4,5,2,7.899640818574078,6.607376570015646,-0.2721865775722442,"{""target_co"": 2.0129745902887377, ""target_nox"": 13.786307046859417}","{""target_co"": 0.15463911555690535, ""target_nox"": -0.6990122707013937}",,,0,0,0,False
gas_turbine_co_nox,1,lightgbm,36733,17752,4439,14542,4,5,2,7.955484317282968,6.607879009040795,-0.29498353900429775,"{""target_co"": 2.042999538359788, ""target_nox"": 13.867969096206147}","{""target_co"": 0.12923272299532118, ""target_nox"": -0.7191998010039167}",,,0,0,0,False
gas_turbine_co_nox,1,cnn_mlp,36733,17752,4439,14542,4,5,2,8.182387720710501,6.716420769077409,-0.3893031075644964,"{""target_co"": 2.1623558664229776, ""target_nox"": 14.202419574998025}","{""target_co"": 0.024516560693351064, ""target_nox"": -0.8031227758223438}",,,0,0,0,False
gas_turbine_co_nox,1,ftt_mlp,36733,17752,4439,14542,4,5,2,8.325823155432026,6.748730019763127,-0.46925990926389793,"{""target_co"": 2.2909893947159152, ""target_nox"": 14.360656916148136}","{""target_co"": -0.09499395263856258, ""target_nox"": -0.8435258658892333}",,,0,0,0,False
gas_turbine_co_nox,1,two_stage_mlp,36733,17752,4439,14542,4,5,2,8.186546325683594,6.662039756774902,-0.430641233921051,"{""target_co"": 2.281855344772339, ""target_nox"": 14.091238021850586}","{""target_co"": -0.08628010749816895, ""target_nox"": -0.7750023603439331}",,,0,0,0,False
gas_turbine_co_nox,1,oracle_mlp,36733,17752,4439,14542,4,5,2,7.490657806396484,6.319502830505371,-0.04094836115837097,"{""target_co"": 1.4677670001983643, ""target_nox"": 13.513548851013184}","{""target_co"": 0.5505515933036804, ""target_nox"": -0.6324483156204224}",,,0,0,0,False
gas_turbine_co_nox,1,prism,36733,17752,4439,14542,4,5,2,8.05344295501709,6.59342622756958,-0.3507249653339386,"{""target_co"": 2.143447160720825, ""target_nox"": 13.963438987731934}","{""target_co"": 0.04150205850601196, ""target_nox"": -0.7429519891738892}",,,0,0,0,False
gas_turbine_co_nox,1,prism_z_acp_random_forest,36733,17752,4439,14542,4,5,2,8.18199671308654,6.7346236787968685,-0.4023991421663956,"{""target_co"": 2.2025196195785424, ""target_nox"": 14.16147380659454}","{""target_co"": -0.01205737624638159, ""target_nox"": -0.7927409080864096}",,,0,0,0,False
gas_turbine_co_nox,1,prism_z_acp_xgboost,36733,17752,4439,14542,4,5,2,8.118189929806617,6.730519012230019,-0.37776593521741575,"{""target_co"": 2.176704360710728, ""target_nox"": 14.059675498902505}","{""target_co"": 0.011527804331304292, ""target_nox"": -0.7670596747661358}",,,0,0,0,False
gas_turbine_co_nox,1,prism_z_acp_lightgbm,36733,17752,4439,14542,4,5,2,8.144560293398232,6.722247826069654,-0.3821034998787358,"{""target_co"": 2.169664282773989, ""target_nox"": 14.119456304022476}","{""target_co"": 0.017911461993544542, ""target_nox"": -0.7821184617510162}",,,0,0,0,False
gas_turbine_co_nox,1,prism_z_random_forest,36733,17752,4439,14542,4,5,2,8.112902053493336,6.744440243947772,-0.3631507182228595,"{""target_co"": 2.1357048946901043, ""target_nox"": 14.090099212296568}","{""target_co"": 0.048413988733112756, ""target_nox"": -0.7747154251788317}",,,0,0,0,False
gas_turbine_co_nox,1,prism_z_xgboost,36733,17752,4439,14542,4,5,2,7.87936403271331,6.621520050966567,-0.2752391835638687,"{""target_co"": 2.0397850894022787, ""target_nox"": 13.718942976024342}","{""target_co"": 0.13197069225607683, ""target_nox"": -0.6824490593838142}",,,0,0,0,False
gas_turbine_co_nox,1,prism_z_lightgbm,36733,17752,4439,14542,4,5,2,7.988308296377323,6.656216268749156,-0.3126492569891575,"{""target_co"": 2.0741681727369388, ""target_nox"": 13.902448420017706}","{""target_co"": 0.10246065645264102, ""target_nox"": -0.7277591704309561}",,,0,0,0,False
gas_turbine_co_nox,2,simple_mlp,36733,17752,4439,14542,4,5,2,8.19090461730957,6.737971782684326,-0.4013499617576599,"{""target_co"": 2.192551612854004, ""target_nox"": 14.189258575439453}","{""target_co"": -0.0029175281524658203, ""target_nox"": -0.799782395362854}",,,0,0,0,False
gas_turbine_co_nox,2,random_forest,36733,17752,4439,14542,4,5,2,8.122303219584948,6.757333864257278,-0.3447737365554345,"{""target_co"": 2.069253242225907, ""target_nox"": 14.175353196943988}","{""target_co"": 0.10670921934367306, ""target_nox"": -0.796256692454542}",,,0,0,0,False
gas_turbine_co_nox,2,xgboost,36733,17752,4439,14542,4,5,2,7.857745442149856,6.5746703276519805,-0.25599677224978706,"{""target_co"": 1.993011840913468, ""target_nox"": 13.722479043386244}","{""target_co"": 0.17132293155467615, ""target_nox"": -0.6833164760542503}",,,0,0,0,False
gas_turbine_co_nox,2,lightgbm,36733,17752,4439,14542,4,5,2,7.9324952247038745,6.612123065610997,-0.28412112642104137,"{""target_co"": 2.0258049449586273, ""target_nox"": 13.839185504449121}","{""target_co"": 0.14382840171306133, ""target_nox"": -0.7120706545551441}",,,0,0,0,False
gas_turbine_co_nox,2,cnn_mlp,36733,17752,4439,14542,4,5,2,8.391838097042397,6.794437840805818,-0.4853984901758571,"{""target_co"": 2.2884372881353685, ""target_nox"": 14.495238905949426}","{""target_co"": -0.09255571808972163, ""target_nox"": -0.8782412622619926}",,,0,0,0,False
gas_turbine_co_nox,2,ftt_mlp,36733,17752,4439,14542,4,5,2,8.185279194351388,6.618455365918427,-0.4146204280358945,"{""target_co"": 2.2363650806057067, ""target_nox"": 14.134193308097068}","{""target_co"": -0.04340032565905938, ""target_nox"": -0.7858405304127296}",,,0,0,0,False
gas_turbine_co_nox,2,two_stage_mlp,36733,17752,4439,14542,4,5,2,8.344182014465332,6.7913737297058105,-0.4646795392036438,"{""target_co"": 2.264136791229248, ""target_nox"": 14.424227714538574}","{""target_co"": -0.06947565078735352, ""target_nox"": -0.8598834276199341}",,,0,0,0,False
gas_turbine_co_nox,2,oracle_mlp,36733,17752,4439,14542,4,5,2,7.477431297302246,6.294270038604736,-0.04747423529624939,"{""target_co"": 1.5186011791229248, ""target_nox"": 13.436261177062988}","{""target_co"": 0.5188804268836975, ""target_nox"": -0.6138288974761963}",,,0,0,0,False
gas_turbine_co_nox,2,prism,36733,17752,4439,14542,4,5,2,8.254667282104492,6.771689414978027,-0.4163270890712738,"{""target_co"": 2.188688278198242, ""target_nox"": 14.320647239685059}","{""target_co"": 0.0006137490272521973, ""target_nox"": -0.8332679271697998}",,,0,0,0,False
gas_turbine_co_nox,2,prism_z_acp_random_forest,36733,17752,4439,14542,4,5,2,8.34514113837155,6.905285554434297,-0.4495356481670042,"{""target_co"": 2.218660953153107, ""target_nox"": 14.471621323589993}","{""target_co"": -0.0269456117123259, ""target_nox"": -0.8721256846216825}",,,0,0,0,False
gas_turbine_co_nox,2,prism_z_acp_xgboost,36733,17752,4439,14542,4,5,2,8.217128925515667,6.8200455616071824,-0.40938265353796977,"{""target_co"": 2.196689502712591, ""target_nox"": 14.237568348318744}","{""target_co"": -0.006706592111396015, ""target_nox"": -0.8120587149645435}",,,0,0,0,False
gas_turbine_co_nox,2,prism_z_acp_lightgbm,36733,17752,4439,14542,4,5,2,8.277286578423503,6.844209721087906,-0.42970329533596985,"{""target_co"": 2.211598097593236, ""target_nox"": 14.34297505925377}","{""target_co"": -0.02041768891879192, ""target_nox"": -0.8389889017531478}",,,0,0,0,False
gas_turbine_co_nox,2,prism_z_random_forest,36733,17752,4439,14542,4,5,2,8.131572905897906,6.821715360631259,-0.3542062944094192,"{""target_co"": 2.092296781565578, ""target_nox"": 14.170849030230235}","{""target_co"": 0.08670277698154183, ""target_nox"": -0.7951153658003802}",,,0,0,0,False
gas_turbine_co_nox,2,prism_z_xgboost,36733,17752,4439,14542,4,5,2,7.961677246393327,6.701454281828678,-0.3002316191441961,"{""target_co"": 2.055231131034121, ""target_nox"": 13.868123361752533}","{""target_co"": 0.11877481125356304, ""target_nox"": -0.7192380495419552}",,,0,0,0,False
gas_turbine_co_nox,2,prism_z_lightgbm,36733,17752,4439,14542,4,5,2,8.0579481399799,6.74337273685213,-0.3366877830217288,"{""target_co"": 2.0956278516971487, ""target_nox"": 14.020268428262648}","{""target_co"": 0.08379240703642676, ""target_nox"": -0.7571679730798844}",,,0,0,0,False
gas_turbine_co_nox,3,simple_mlp,36733,17752,4439,14542,4,5,2,8.236804008483887,6.7503252029418945,-0.4136459231376648,"{""target_co"": 2.1944141387939453, ""target_nox"": 14.279193878173828}","{""target_co"": -0.004622101783752441, ""target_nox"": -0.8226697444915771}",,,0,0,0,False
gas_turbine_co_nox,3,random_forest,36733,17752,4439,14542,4,5,2,8.087202366769622,6.725049445069479,-0.3389472946545893,"{""target_co"": 2.0791895082333633, ""target_nox"": 14.095215225305882}","{""target_co"": 0.09810970601705482, ""target_nox"": -0.7760042953262334}",,,0,0,0,False
gas_turbine_co_nox,3,xgboost,36733,17752,4439,14542,4,5,2,7.853826498388944,6.57984252694666,-0.2546117331571999,"{""target_co"": 1.9915656449074053, ""target_nox"": 13.716087351870483}","{""target_co"": 0.1725251267768716, ""target_nox"": -0.6817485930912714}",,,0,0,0,False
gas_turbine_co_nox,3,lightgbm,36733,17752,4439,14542,4,5,2,7.970617606685462,6.622805732957508,-0.2971006707940599,"{""target_co"": 2.037561322361656, ""target_nox"": 13.903673891009268}","{""target_co"": 0.1338623060091595, ""target_nox"": -0.7280636475972793}",,,0,0,0,False
gas_turbine_co_nox,3,cnn_mlp,36733,17752,4439,14542,4,5,2,8.405108524808952,6.855797343594865,-0.4614926502127943,"{""target_co"": 2.2077244308415076, ""target_nox"": 14.602492618776397}","{""target_co"": -0.016846247612368526, ""target_nox"": -0.90613905281322}",,,0,0,0,False
gas_turbine_co_nox,3,ftt_mlp,36733,17752,4439,14542,4,5,2,7.778916828735394,6.340688927769855,-0.27826006788759106,"{""target_co"": 2.127231941578439, ""target_nox"": 13.43060171589235}","{""target_co"": 0.05594943997295365, ""target_nox"": -0.6124695757481358}",,,0,0,0,False
gas_turbine_co_nox,3,two_stage_mlp,36733,17752,4439,14542,4,5,2,8.203611373901367,6.731328010559082,-0.41201579570770264,"{""target_co"": 2.214907646179199, ""target_nox"": 14.192314147949219}","{""target_co"": -0.02347397804260254, ""target_nox"": -0.8005576133728027}",,,0,0,0,False
gas_turbine_co_nox,3,oracle_mlp,36733,17752,4439,14542,4,5,2,7.1149749755859375,5.898043632507324,0.04668533802032471,"{""target_co"": 1.4709298610687256, ""target_nox"": 12.75901985168457}","{""target_co"": 0.5486125946044922, ""target_nox"": -0.4552419185638428}",,,0,0,0,False
gas_turbine_co_nox,3,prism,36733,17752,4439,14542,4,5,2,8.17679214477539,6.756475925445557,-0.3784964084625244,"{""target_co"": 2.133122444152832, ""target_nox"": 14.22046184539795}","{""target_co"": 0.05071389675140381, ""target_nox"": -0.8077067136764526}",,,0,0,0,False
gas_turbine_co_nox,3,prism_z_acp_random_forest,36733,17752,4439,14542,4,5,2,8.302513693269349,6.853691130564481,-0.4410999223042028,"{""target_co"": 2.226303202255836, ""target_nox"": 14.378724184282861}","{""target_co"": -0.03403249068122727, ""target_nox"": -0.8481673539271783}",,,0,0,0,False
gas_turbine_co_nox,3,prism_z_acp_xgboost,36733,17752,4439,14542,4,5,2,8.170558405570606,6.77091637822623,-0.3990353129914537,"{""target_co"": 2.2011077762402227, ""target_nox"": 14.140009034900991}","{""target_co"": -0.010760308568905197, ""target_nox"": -0.7873103174140021}",,,0,0,0,False
gas_turbine_co_nox,3,prism_z_acp_lightgbm,36733,17752,4439,14542,4,5,2,8.231873637143584,6.778830425510884,-0.41295452457380855,"{""target_co"": 2.19612959165043, ""target_nox"": 14.267617682636738}","{""target_co"": -0.006193461493213537, ""target_nox"": -0.8197155876544036}",,,0,0,0,False
gas_turbine_co_nox,3,prism_z_random_forest,36733,17752,4439,14542,4,5,2,8.094529297692612,6.748429657139744,-0.34790959157926693,"{""target_co"": 2.102131002976127, ""target_nox"": 14.086927592409095}","{""target_co"": 0.07809723422841741, ""target_nox"": -0.7739164173869513}",,,0,0,0,False
gas_turbine_co_nox,3,prism_z_xgboost,36733,17752,4439,14542,4,5,2,7.8850781795782385,6.625014240742851,-0.2829041003189933,"{""target_co"": 2.0603161362300852, ""target_nox"": 13.709840222926392}","{""target_co"": 0.11440880294251843, ""target_nox"": -0.6802170035805051}",,,0,0,0,False
gas_turbine_co_nox,3,prism_z_lightgbm,36733,17752,4439,14542,4,5,2,8.021987053162924,6.689719519827847,-0.3332295676460578,"{""target_co"": 2.1132242794453564, ""target_nox"": 13.93074982688049}","{""target_co"": 0.06834150845882436, ""target_nox"": -0.73480064375094}",,,0,0,0,False
gas_turbine_co_nox,4,simple_mlp,36733,17752,4439,14542,4,5,2,8.165277481079102,6.673405647277832,-0.39662158489227295,"{""target_co"": 2.197862386703491, ""target_nox"": 14.132692337036133}","{""target_co"": -0.007781982421875, ""target_nox"": -0.7854611873626709}",,,0,0,0,False
gas_turbine_co_nox,4,random_forest,36733,17752,4439,14542,4,5,2,8.031500639527417,6.667818858544495,-0.32305420212412206,"{""target_co"": 2.072984604792656, ""target_nox"": 13.990016674262177}","{""target_co"": 0.1034846772853606, ""target_nox"": -0.7495930815336047}",,,0,0,0,False
gas_turbine_co_nox,4,xgboost,36733,17752,4439,14542,4,5,2,7.792136866802985,6.512746148317742,-0.24259568167726064,"{""target_co"": 2.0018793741026957, ""target_nox"": 13.582394359503274}","{""target_co"": 0.1639324396902233, ""target_nox"": -0.6491238030447446}",,,0,0,0,False
gas_turbine_co_nox,4,lightgbm,36733,17752,4439,14542,4,5,2,7.879617894117587,6.557266557362178,-0.2732792515133829,"{""target_co"": 2.0330932691982726, ""target_nox"": 13.726142519036902}","{""target_co"": 0.13765675000898814, ""target_nox"": -0.6842152530357539}",,,0,0,0,False
gas_turbine_co_nox,4,cnn_mlp,36733,17752,4439,14542,4,5,2,8.37775554707681,6.756589352386222,-0.48327728815425086,"{""target_co"": 2.2928118263134154, ""target_nox"": 14.462699267840204}","{""target_co"": -0.0967367326720503, ""target_nox"": -0.8698178436364514}",,,0,0,0,False
gas_turbine_co_nox,4,ftt_mlp,36733,17752,4439,14542,4,5,2,8.000654702658737,6.490918897044143,-0.34188811789308843,"{""target_co"": 2.156663658243926, ""target_nox"": 13.844645747073548}","{""target_co"": 0.029645546596719696, ""target_nox"": -0.7134217823828966}",,,0,0,0,False
gas_turbine_co_nox,4,two_stage_mlp,36733,17752,4439,14542,4,5,2,8.394229888916016,6.773859977722168,-0.5104535222053528,"{""target_co"": 2.357212781906128, ""target_nox"": 14.43124771118164}","{""target_co"": -0.15921270847320557, ""target_nox"": -0.8616943359375}",,,0,0,0,False
gas_turbine_co_nox,4,oracle_mlp,36733,17752,4439,14542,4,5,2,7.039474010467529,5.793544769287109,0.04818713665008545,"{""target_co"": 1.5480395555496216, ""target_nox"": 12.530908584594727}","{""target_co"": 0.5000464916229248, ""target_nox"": -0.4036722183227539}",,,0,0,0,False
gas_turbine_co_nox,4,prism,36733,17752,4439,14542,4,5,2,8.245536804199219,6.6683244705200195,-0.4421268701553345,"{""target_co"": 2.271975517272949, ""target_nox"": 14.219098091125488}","{""target_co"": -0.07689368724822998, ""target_nox"": -0.807360053062439}",,,0,0,0,False
gas_turbine_co_nox,4,prism_z_acp_random_forest,36733,17752,4439,14542,4,5,2,8.188715129495527,6.7546252315663065,-0.4409280264945856,"{""target_co"": 2.30944518622041, ""target_nox"": 14.067985072770647}","{""target_co"": -0.1127071555533381, ""target_nox"": -0.7691488974358331}",,,0,0,0,False
gas_turbine_co_nox,4,prism_z_acp_xgboost,36733,17752,4439,14542,4,5,2,8.122526250455937,6.733650198362234,-0.39296899817352005,"{""target_co"": 2.21908963327496, ""target_nox"": 14.025962867636917}","{""target_co"": -0.027342494074298118, ""target_nox"": -0.758595502272742}",,,0,0,0,False
gas_turbine_co_nox,4,prism_z_acp_lightgbm,36733,17752,4439,14542,4,5,2,8.18866508696307,6.744881373502062,-0.4118861593203761,"{""target_co"": 2.2257750511401957, ""target_nox"": 14.151555122785943}","{""target_co"": -0.03354193698332719, ""target_nox"": -0.790230381657425}",,,0,0,0,False
gas_turbine_co_nox,4,prism_z_random_forest,36733,17752,4439,14542,4,5,2,7.9684184655972725,6.673706575119054,-0.3043714888792292,"{""target_co"": 2.063307136705708, ""target_nox"": 13.873529794488837}","{""target_co"": 0.11183567709588604, ""target_nox"": -0.7205786548543445}",,,0,0,0,False
gas_turbine_co_nox,4,prism_z_xgboost,36733,17752,4439,14542,4,5,2,7.866955243376552,6.609040764786463,-0.2762334277900953,"{""target_co"": 2.053033388887523, ""target_nox"": 13.68087709786558}","{""target_co"": 0.12065846337390984, ""target_nox"": -0.6731253189541004}",,,0,0,0,False
gas_turbine_co_nox,4,prism_z_lightgbm,36733,17752,4439,14542,4,5,2,7.910408739846849,6.601008306760483,-0.289819754625749,"{""target_co"": 2.0625807012573367, ""target_nox"": 13.75823677843636}","{""target_co"": 0.11246096497363023, ""target_nox"": -0.6921004742251282}",,,0,0,0,False
gas_turbine_co_nox,5,simple_mlp,36733,17752,4439,14542,4,5,2,8.354965209960938,6.809171676635742,-0.4703857898712158,"{""target_co"": 2.2726311683654785, ""target_nox"": 14.437299728393555}","{""target_co"": -0.07751548290252686, ""target_nox"": -0.8632560968399048}",,,0,0,0,False
gas_turbine_co_nox,5,random_forest,36733,17752,4439,14542,4,5,2,8.154003190142522,6.774132956940013,-0.36470222829225785,"{""target_co"": 2.107738916922043, ""target_nox"": 14.200267463363001}","{""target_co"": 0.07317190142860519, ""target_nox"": -0.8025763580131209}",,,0,0,0,False
gas_turbine_co_nox,5,xgboost,36733,17752,4439,14542,4,5,2,7.889000887058842,6.5954835313291635,-0.2661760804265428,"{""target_co"": 2.001508680417822, ""target_nox"": 13.776493093699862}","{""target_co"": 0.16424204502798856, ""target_nox"": -0.6965942058810741}",,,0,0,0,False
gas_turbine_co_nox,5,lightgbm,36733,17752,4439,14542,4,5,2,7.980340597217739,6.629920350528249,-0.3019460404183571,"{""target_co"": 2.045610125734269, ""target_nox"": 13.91507106870121}","{""target_co"": 0.12700593204711697, ""target_nox"": -0.7308980128838312}",,,0,0,0,False
gas_turbine_co_nox,5,cnn_mlp,36733,17752,4439,14542,4,5,2,8.316375967075196,6.7853920501426055,-0.4355976937208894,"{""target_co"": 2.199044613106792, ""target_nox"": 14.433707321043599}","{""target_co"": -0.008866365808253729, ""target_nox"": -0.8623290216335251}",,,0,0,0,False
gas_turbine_co_nox,5,ftt_mlp,36733,17752,4439,14542,4,5,2,7.943057881615209,6.430251154422598,-0.3331086439902155,"{""target_co"": 2.17313080754342, ""target_nox"": 13.712984955686998}","{""target_co"": 0.014770742073849985, ""target_nox"": -0.680988030054281}",,,0,0,0,False
gas_turbine_co_nox,5,two_stage_mlp,36733,17752,4439,14542,4,5,2,8.33719253540039,6.784254550933838,-0.49476468563079834,"{""target_co"": 2.3543765544891357, ""target_nox"": 14.320009231567383}","{""target_co"": -0.156424880027771, ""target_nox"": -0.8331044912338257}",,,0,0,0,False
gas_turbine_co_nox,5,oracle_mlp,36733,17752,4439,14542,4,5,2,6.710732460021973,5.290187835693359,0.11727401614189148,"{""target_co"": 1.5600967407226562, ""target_nox"": 11.861368179321289}","{""target_co"": 0.49222809076309204, ""target_nox"": -0.2576800584793091}",,,0,0,0,False
gas_turbine_co_nox,5,prism,36733,17752,4439,14542,4,5,2,8.087188720703125,6.615204811096191,-0.3623393476009369,"{""target_co"": 2.153265953063965, ""target_nox"": 14.021112442016602}","{""target_co"": 0.03270071744918823, ""target_nox"": -0.757379412651062}",,,0,0,0,False
gas_turbine_co_nox,5,prism_z_acp_random_forest,36733,17752,4439,14542,4,5,2,8.251768725538946,6.860123835195068,-0.42617694947640883,"{""target_co"": 2.2205803585493435, ""target_nox"": 14.282957092528548}","{""target_co"": -0.028723240308192954, ""target_nox"": -0.8236306586446247}",,,0,0,0,False
gas_turbine_co_nox,5,prism_z_acp_xgboost,36733,17752,4439,14542,4,5,2,8.080468639149679,6.75268455637663,-0.3712823338151412,"{""target_co"": 2.1857105019175096, ""target_nox"": 13.975226776381849}","{""target_co"": 0.003331250803793706, ""target_nox"": -0.7458959184340761}",,,0,0,0,False
gas_turbine_co_nox,5,prism_z_acp_lightgbm,36733,17752,4439,14542,4,5,2,8.119856649336029,6.731657586860395,-0.3838218841933899,"{""target_co"": 2.1937726509809488, ""target_nox"": 14.04594064769111}","{""target_co"": -0.0040348769516123095, ""target_nox"": -0.7636088914351675}",,,0,0,0,False
gas_turbine_co_nox,5,prism_z_random_forest,36733,17752,4439,14542,4,5,2,8.070648605857308,6.7553450704885245,-0.33224517398808845,"{""target_co"": 2.0709349820454657, ""target_nox"": 14.07036222966915}","{""target_co"": 0.10525662464030872, ""target_nox"": -0.7697469726164856}",,,0,0,0,False
gas_turbine_co_nox,5,prism_z_xgboost,36733,17752,4439,14542,4,5,2,7.9145702277252,6.675186084226523,-0.28449076392109657,"{""target_co"": 2.041749609815303, ""target_nox"": 13.787390845635096}","{""target_co"": 0.13029788616192028, ""target_nox"": -0.6992794140041134}",,,0,0,0,False
gas_turbine_co_nox,5,prism_z_lightgbm,36733,17752,4439,14542,4,5,2,8.024324273376985,6.7216228758225105,-0.326544754174935,"{""target_co"": 2.0900643983696328, ""target_nox"": 13.958584148384338}","{""target_co"": 0.08865062847521377, ""target_nox"": -0.7417401368250838}",,,0,0,0,False
naval_propulsion,1,simple_mlp,11934,6630,2652,2652,2,12,2,0.011115575209259987,0.009628191590309143,-0.0008020997047424316,"{""target_compressor_decay"": 0.014730885624885559, ""target_turbine_decay"": 0.007500264327973127}","{""target_compressor_decay"": -0.0015336275100708008, ""target_turbine_decay"": -7.05718994140625e-05}","intermediate_compressor_inlet_air_pressure,intermediate_compressor_inlet_air_temperature",ID_speed,0,0,0,False
naval_propulsion,1,random_forest,11934,6630,2652,2652,2,12,2,0.011109819961450131,0.009622873398602388,-2.5557777899587464e-06,"{""target_compressor_decay"": 0.014719640079018279, ""target_turbine_decay"": 0.007499999843881982}","{""target_compressor_decay"": -5.074553268258342e-06, ""target_turbine_decay"": -3.700231165915113e-08}","intermediate_compressor_inlet_air_pressure,intermediate_compressor_inlet_air_temperature",ID_speed,0,0,0,False
naval_propulsion,1,xgboost,11934,6630,2652,2652,2,12,2,0.011109824360666003,0.00962279799943094,-4.647384050482373e-06,"{""target_compressor_decay"": 0.014719626034289151, ""target_turbine_decay"": 0.007500022687042854}","{""target_compressor_decay"": -3.16624659446596e-06, ""target_turbine_decay"": -6.128521506498785e-06}","intermediate_compressor_inlet_air_pressure,intermediate_compressor_inlet_air_temperature",ID_speed,0,0,0,False
naval_propulsion,1,lightgbm,11934,6630,2652,2652,2,12,2,0.011109801035018296,0.009622549273250668,4.3589461373727545e-08,"{""target_compressor_decay"": 0.014719602650771688, ""target_turbine_decay"": 0.007499999419264903}","{""target_compressor_decay"": 1.0950009898813562e-08, ""target_turbine_decay"": 7.622891284864153e-08}","intermediate_compressor_inlet_air_pressure,intermediate_compressor_inlet_air_temperature",ID_speed,0,0,0,False
naval_propulsion,1,cnn_mlp,11934,6630,2652,2652,2,12,2,0.011109851906965958,0.00962294577923126,-8.85486645618716e-06,"{""target_compressor_decay"": 0.014719674021582398, ""target_turbine_decay"": 0.007500029792349519}","{""target_compressor_decay"": -9.68645618382169e-06, ""target_turbine_decay"": -8.02327672855263e-06}","intermediate_compressor_inlet_air_pressure,intermediate_compressor_inlet_air_temperature",ID_speed,0,0,0,False
naval_propulsion,1,ftt_mlp,11934,6630,2652,2652,2,12,2,0.011109832535861203,0.009622821676251336,-6.602702551039563e-06,"{""target_compressor_decay"": 0.014719629470864954, ""target_turbine_decay"": 0.007500035600857452}","{""target_compressor_decay"": -3.6331860504557056e-06, ""target_turbine_decay"": -9.57221905162342e-06}","intermediate_compressor_inlet_air_pressure,intermediate_compressor_inlet_air_temperature",ID_speed,0,0,0,False
naval_propulsion,1,two_stage_mlp,11934,6630,2652,2652,2,12,2,0.0111786974593997,0.009663321077823639,-0.015950560569763184,"{""target_compressor_decay"": 0.014758028090000153, ""target_turbine_decay"": 0.0075993663631379604}","{""target_compressor_decay"": -0.005227804183959961, ""target_turbine_decay"": -0.026673316955566406}","intermediate_compressor_inlet_air_pressure,intermediate_compressor_inlet_air_temperature",ID_speed,0,0,0,False
naval_propulsion,1,oracle_mlp,11934,6630,2652,2652,2,12,2,0.011528095230460167,0.009674426168203354,-0.01042148470878601,"{""target_compressor_decay"": 0.016498127952218056, ""target_turbine_decay"": 0.006558062508702278}","{""target_compressor_decay"": -0.2562530040740967, ""target_turbine_decay"": 0.23541003465652466}","intermediate_compressor_inlet_air_pressure,intermediate_compressor_inlet_air_temperature",ID_speed,0,0,0,False
naval_propulsion,1,prism,11934,6630,2652,2652,2,12,2,0.011227884329855442,0.009688370861113071,-0.021060585975646973,"{""target_compressor_decay"": 0.014880746603012085, ""target_turbine_decay"": 0.0075750225223600864}","{""target_compressor_decay"": -0.022014975547790527, ""target_turbine_decay"": -0.020106196403503418}","intermediate_compressor_inlet_air_pressure,intermediate_compressor_inlet_air_temperature",ID_speed,0,0,0,False
naval_propulsion,1,prism_z_acp_random_forest,11934,6630,2652,2652,2,12,2,0.011188858770696076,0.009669689529243415,-0.010801918476096573,"{""target_compressor_decay"": 0.014877680412391367, ""target_turbine_decay"": 0.007500037129000784}","{""target_compressor_decay"": -0.021593857226245072, ""target_turbine_decay"": -9.979725948072726e-06}","intermediate_compressor_inlet_air_pressure,intermediate_compressor_inlet_air_temperature",ID_speed,0,0,0,False
naval_propulsion,1,prism_z_acp_xgboost,11934,6630,2652,2652,2,12,2,0.0123037170120814,0.010368720472457934,-0.1754560275109308,"{""target_compressor_decay"": 0.01710601919622443, ""target_turbine_decay"": 0.007501414827938371}","{""target_compressor_decay"": -0.35053465332171796, ""target_turbine_decay"": -0.0003774017001436647}","intermediate_compressor_inlet_air_pressure,intermediate_compressor_inlet_air_temperature",ID_speed,0,0,0,False
naval_propulsion,1,prism_z_acp_lightgbm,11934,6630,2652,2652,2,12,2,0.012541484899235579,0.010530125251359282,-0.21351138021029414,"{""target_compressor_decay"": 0.017581755049953615, ""target_turbine_decay"": 0.007501214748517543}","{""target_compressor_decay"": -0.4266987225901795, ""target_turbine_decay"": -0.0003240378304087965}","intermediate_compressor_inlet_air_pressure,intermediate_compressor_inlet_air_temperature",ID_speed,0,0,0,False
naval_propulsion,1,prism_z_random_forest,11934,6630,2652,2652,2,12,2,0.011199594278402104,0.009676537579319758,-0.012276983980343825,"{""target_compressor_decay"": 0.014899156561934423, ""target_turbine_decay"": 0.007500031994869785}","{""target_compressor_decay"": -0.02454535734275609, ""target_turbine_decay"": -8.610617931559261e-06}","intermediate_compressor_inlet_air_pressure,intermediate_compressor_inlet_air_temperature",ID_speed,0,0,0,False
naval_propulsion,1,prism_z_xgboost,11934,6630,2652,2652,2,12,2,0.012357389538810432,0.010405388865184469,-0.18392639429508706,"{""target_compressor_decay"": 0.017213943171981175, ""target_turbine_decay"": 0.007500835905639689}","{""target_compressor_decay"": -0.3676297893462621, ""target_turbine_decay"": -0.0002229992439120032}","intermediate_compressor_inlet_air_pressure,intermediate_compressor_inlet_air_temperature",ID_speed,0,0,0,False
naval_propulsion,1,prism_z_lightgbm,11934,6630,2652,2652,2,12,2,0.012649484093745469,0.01060521110447621,-0.2311642729336585,"{""target_compressor_decay"": 0.017797407778801677, ""target_turbine_decay"": 0.0075015604086892595}","{""target_compressor_decay"": -0.46191231493033325, ""target_turbine_decay"": -0.00041623093698373026}","intermediate_compressor_inlet_air_pressure,intermediate_compressor_inlet_air_temperature",ID_speed,0,0,0,False
naval_propulsion,2,simple_mlp,11934,6630,2652,2652,2,12,2,0.011112743988633156,0.009625882841646671,-0.0005234479904174805,"{""target_compressor_decay"": 0.014723598957061768, ""target_turbine_decay"": 0.007501888554543257}","{""target_compressor_decay"": -0.0005429983139038086, ""target_turbine_decay"": -0.0005038976669311523}","intermediate_compressor_inlet_air_pressure,intermediate_compressor_inlet_air_temperature",ID_speed,0,0,0,False
naval_propulsion,2,random_forest,11934,6630,2652,2652,2,12,2,0.011109810646802873,0.009622687425226886,-2.00148270201872e-06,"{""target_compressor_decay"": 0.014719610572754498, ""target_turbine_decay"": 0.007500010720851248}","{""target_compressor_decay"": -1.0654356839001622e-06, ""target_turbine_decay"": -2.9375297201372774e-06}","intermediate_compressor_inlet_air_pressure,intermediate_compressor_inlet_air_temperature",ID_speed,0,0,0,False
naval_propulsion,2,xgboost,11934,6630,2652,2652,2,12,2,0.011109853818652,0.009623065390552943,-7.843829279652326e-06,"{""target_compressor_decay"": 0.014719697276906907, ""target_turbine_decay"": 0.00750001036039709}","{""target_compressor_decay"": -1.2846250090570166e-05, ""target_turbine_decay"": -2.8414084687344854e-06}","intermediate_compressor_inlet_air_pressure,intermediate_compressor_inlet_air_temperature",ID_speed,0,0,0,False
naval_propulsion,2,lightgbm,11934,6630,2652,2652,2,12,2,0.011109801035018296,0.009622549273250668,4.3589461373727545e-08,"{""target_compressor_decay"": 0.014719602650771688, ""target_turbine_decay"": 0.007499999419264903}","{""target_compressor_decay"": 1.0950009898813562e-08, ""target_turbine_decay"": 7.622891284864153e-08}","intermediate_compressor_inlet_air_pressure,intermediate_compressor_inlet_air_temperature",ID_speed,0,0,0,False
naval_propulsion,2,cnn_mlp,11934,6630,2652,2652,2,12,2,0.011109980876796152,0.009623265343693775,-3.531174481385957e-05,"{""target_compressor_decay"": 0.01471979536391022, ""target_turbine_decay"": 0.007500166389682083}","{""target_compressor_decay"": -2.6173778276739057e-05, ""target_turbine_decay"": -4.444971135098008e-05}","intermediate_compressor_inlet_air_pressure,intermediate_compressor_inlet_air_temperature",ID_speed,0,0,0,False
naval_propulsion,2,ftt_mlp,11934,6630,2652,2652,2,12,2,0.011109890815670148,0.009623230754581394,-1.3141702845609338e-05,"{""target_compressor_decay"": 0.014719767128129318, ""target_turbine_decay"": 0.007500014503210979}","{""target_compressor_decay"": -2.23372449339454e-05, ""target_turbine_decay"": -3.946160757273276e-06}","intermediate_compressor_inlet_air_pressure,intermediate_compressor_inlet_air_temperature",ID_speed,0,0,0,False
naval_propulsion,2,two_stage_mlp,11934,6630,2652,2652,2,12,2,0.011132828891277313,0.009636731818318367,-0.003188490867614746,"{""target_compressor_decay"": 0.014764816500246525, ""target_turbine_decay"": 0.007500840350985527}","{""target_compressor_decay"": -0.006152749061584473, ""target_turbine_decay"": -0.00022423267364501953}","intermediate_compressor_inlet_air_pressure,intermediate_compressor_inlet_air_temperature",ID_speed,0,0,0,False
naval_propulsion,2,oracle_mlp,11934,6630,2652,2652,2,12,2,0.01026042178273201,0.008504039607942104,0.07414481043815613,"{""target_compressor_decay"": 0.012578299269080162, ""target_turbine_decay"": 0.007942545227706432}","{""target_compressor_decay"": 0.26978355646133423, ""target_turbine_decay"": -0.12149393558502197}","intermediate_compressor_inlet_air_pressure,intermediate_compressor_inlet_air_temperature",ID_speed,0,0,0,False
naval_propulsion,2,prism,11934,6630,2652,2652,2,12,2,0.011237571947276592,0.009696569293737411,-0.021404683589935303,"{""target_compressor_decay"": 0.014915143139660358, ""target_turbine_decay"": 0.007560000754892826}","{""target_compressor_decay"": -0.026745080947875977, ""target_turbine_decay"": -0.01606428623199463}","intermediate_compressor_inlet_air_pressure,intermediate_compressor_inlet_air_temperature",ID_speed,0,0,0,False
naval_propulsion,2,prism_z_acp_random_forest,11934,6630,2652,2652,2,12,2,0.011708053317505112,0.009982832799123723,-0.08461251616144783,"{""target_compressor_decay"": 0.015915734065747617, ""target_turbine_decay"": 0.007500372569262606}","{""target_compressor_decay"": -0.1691255994102403, ""target_turbine_decay"": -9.943291265535059e-05}","intermediate_compressor_inlet_air_pressure,intermediate_compressor_inlet_air_temperature",ID_speed,0,0,0,False
naval_propulsion,2,prism_z_acp_xgboost,11934,6630,2652,2652,2,12,2,0.011706708700357673,0.009982269449812385,-0.0844471451944544,"{""target_compressor_decay"": 0.015912508013500193, ""target_turbine_decay"": 0.007500909387215153}","{""target_compressor_decay"": -0.16865169377672107, ""target_turbine_decay"": -0.00024259661218772877}","intermediate_compressor_inlet_air_pressure,intermediate_compressor_inlet_air_temperature",ID_speed,0,0,0,False
naval_propulsion,2,prism_z_acp_lightgbm,11934,6630,2652,2652,2,12,2,0.012798698862511003,0.010710941639558037,-0.25583731247855945,"{""target_compressor_decay"": 0.01809676130042894, ""target_turbine_decay"": 0.0075006364245930645}","{""target_compressor_decay"": -0.5115048258845254, ""target_turbine_decay"": -0.0001697990725935128}","intermediate_compressor_inlet_air_pressure,intermediate_compressor_inlet_air_temperature",ID_speed,0,0,0,False
naval_propulsion,2,prism_z_random_forest,11934,6630,2652,2652,2,12,2,0.011758411235782768,0.010013748439815425,-0.0920467915919867,"{""target_compressor_decay"": 0.016016238502243707, ""target_turbine_decay"": 0.00750058396932183}","{""target_compressor_decay"": -0.18393777332287287, ""target_turbine_decay"": -0.00015580986110053097}","intermediate_compressor_inlet_air_pressure,intermediate_compressor_inlet_air_temperature",ID_speed,0,0,0,False
naval_propulsion,2,prism_z_xgboost,11934,6630,2652,2652,2,12,2,0.011841004272546798,0.010066382925214076,-0.10437625660037131,"{""target_compressor_decay"": 0.016180474154373455, ""target_turbine_decay"": 0.00750153439072014}","{""target_compressor_decay"": -0.20834322182087694, ""target_turbine_decay"": -0.00040929137986567277}","intermediate_compressor_inlet_air_pressure,intermediate_compressor_inlet_air_temperature",ID_speed,0,0,0,False
naval_propulsion,2,prism_z_lightgbm,11934,6630,2652,2652,2,12,2,0.012690647867645006,0.010635038639623338,-0.2378906032192657,"{""target_compressor_decay"": 0.017880755425100203, ""target_turbine_decay"": 0.007500540310189807}","{""target_compressor_decay"": -0.475637039886176, ""target_turbine_decay"": -0.00014416655235538478}","intermediate_compressor_inlet_air_pressure,intermediate_compressor_inlet_air_temperature",ID_speed,0,0,0,False
naval_propulsion,3,simple_mlp,11934,6630,2652,2652,2,12,2,0.011112394742667675,0.009626267477869987,-0.0003746151924133301,"{""target_compressor_decay"": 0.014724452048540115, ""target_turbine_decay"": 0.007500337902456522}","{""target_compressor_decay"": -0.0006589889526367188, ""target_turbine_decay"": -9.02414321899414e-05}","intermediate_compressor_inlet_air_pressure,intermediate_compressor_inlet_air_temperature",ID_speed,0,0,0,False
naval_propulsion,3,random_forest,11934,6630,2652,2652,2,12,2,0.01110983173489402,0.009622810054908858,-6.5654334641118695e-06,"{""target_compressor_decay"": 0.014719626774678193, ""target_turbine_decay"": 0.007500036695109846}","{""target_compressor_decay"": -3.2668458087581342e-06, ""target_turbine_decay"": -9.864021119465605e-06}","intermediate_compressor_inlet_air_pressure,intermediate_compressor_inlet_air_temperature",ID_speed,0,0,0,False
naval_propulsion,3,xgboost,11934,6630,2652,2652,2,12,2,0.011109828215214468,0.00962285932955358,-4.977742523726292e-06,"{""target_compressor_decay"": 0.01471963670028908, ""target_turbine_decay"": 0.007500019730139856}","{""target_compressor_decay"": -4.61547329910772e-06, ""target_turbine_decay"": -5.340011748344864e-06}","intermediate_compressor_inlet_air_pressure,intermediate_compressor_inlet_air_temperature",ID_speed,0,0,0,False
naval_propulsion,3,lightgbm,11934,6630,2652,2652,2,12,2,0.011109801035018296,0.009622549273250668,4.3589461373727545e-08,"{""target_compressor_decay"": 0.014719602650771688, ""target_turbine_decay"": 0.007499999419264903}","{""target_compressor_decay"": 1.0950009898813562e-08, ""target_turbine_decay"": 7.622891284864153e-08}","intermediate_compressor_inlet_air_pressure,intermediate_compressor_inlet_air_temperature",ID_speed,0,0,0,False
naval_propulsion,3,cnn_mlp,11934,6630,2652,2652,2,12,2,0.011109974881099483,0.009623277432695303,-2.742850082404491e-05,"{""target_compressor_decay"": 0.014719891458661543, ""target_turbine_decay"": 0.007500058303537424}","{""target_compressor_decay"": -3.9230696227798845e-05, ""target_turbine_decay"": -1.5626305420290976e-05}","intermediate_compressor_inlet_air_pressure,intermediate_compressor_inlet_air_temperature",ID_speed,0,0,0,False
naval_propulsion,3,ftt_mlp,11934,6630,2652,2652,2,12,2,0.011109814474592425,0.00962262884701324,-3.2969480929789796e-06,"{""target_compressor_decay"": 0.014719606371962781, ""target_turbine_decay"": 0.007500022577222069}","{""target_compressor_decay"": -4.94660312932993e-07, ""target_turbine_decay"": -6.099235873024966e-06}","intermediate_compressor_inlet_air_pressure,intermediate_compressor_inlet_air_temperature",ID_speed,0,0,0,False
naval_propulsion,3,two_stage_mlp,11934,6630,2652,2652,2,12,2,0.011197236366569996,0.009671100415289402,-0.018397808074951172,"{""target_compressor_decay"": 0.014796326868236065, ""target_turbine_decay"": 0.007598146330565214}","{""target_compressor_decay"": -0.010451912879943848, ""target_turbine_decay"": -0.026343703269958496}","intermediate_compressor_inlet_air_pressure,intermediate_compressor_inlet_air_temperature",ID_speed,0,0,0,False
naval_propulsion,3,oracle_mlp,11934,6630,2652,2652,2,12,2,0.010433489456772804,0.008905361406505108,0.1036674976348877,"{""target_compressor_decay"": 0.013598665595054626, ""target_turbine_decay"": 0.007268312852829695}","{""target_compressor_decay"": 0.14650607109069824, ""target_turbine_decay"": 0.06082892417907715}","intermediate_compressor_inlet_air_pressure,intermediate_compressor_inlet_air_temperature",ID_speed,0,0,0,False
naval_propulsion,3,prism,11934,6630,2652,2652,2,12,2,0.01114664040505886,0.009643021039664745,-0.00553816556930542,"{""target_compressor_decay"": 0.01478529628366232, ""target_turbine_decay"": 0.007507984526455402}","{""target_compressor_decay"": -0.008945822715759277, ""target_turbine_decay"": -0.0021305084228515625}","intermediate_compressor_inlet_air_pressure,intermediate_compressor_inlet_air_temperature",ID_speed,0,0,0,False
naval_propulsion,3,prism_z_acp_random_forest,11934,6630,2652,2652,2,12,2,0.012707141902571394,0.010646701466340728,-0.24062908103108138,"{""target_compressor_decay"": 0.01791347557012395, ""target_turbine_decay"": 0.007500808235018837}","{""target_compressor_decay"": -0.4810425424598477, ""target_turbine_decay"": -0.00021561960231508692}","intermediate_compressor_inlet_air_pressure,intermediate_compressor_inlet_air_temperature",ID_speed,0,0,0,False
naval_propulsion,3,prism_z_acp_xgboost,11934,6630,2652,2652,2,12,2,0.013722137502491634,0.011399254998028487,-0.41803054321288213,"{""target_compressor_decay"": 0.019942086023333257, ""target_turbine_decay"": 0.007502188981650013}","{""target_compressor_decay"": -0.8354771941213446, ""target_turbine_decay"": -0.0005838923044196864}","intermediate_compressor_inlet_air_pressure,intermediate_compressor_inlet_air_temperature",ID_speed,0,0,0,False
naval_propulsion,3,prism_z_acp_lightgbm,11934,6630,2652,2652,2,12,2,0.013603469944787741,0.011307203014655778,-0.3962754999147674,"{""target_compressor_decay"": 0.019705708469041166, ""target_turbine_decay"": 0.0075012314205343145}","{""target_compressor_decay"": -0.7922225154026139, ""target_turbine_decay"": -0.0003284844269209053}","intermediate_compressor_inlet_air_pressure,intermediate_compressor_inlet_air_temperature",ID_speed,0,0,0,False
naval_propulsion,3,prism_z_random_forest,11934,6630,2652,2652,2,12,2,0.01261800069891883,0.010583745106529938,-0.2259710123972708,"{""target_compressor_decay"": 0.017735027367622017, ""target_turbine_decay"": 0.007500974030215643}","{""target_compressor_decay"": -0.45168218788309433, ""target_turbine_decay"": -0.0002598369114472643}","intermediate_compressor_inlet_air_pressure,intermediate_compressor_inlet_air_temperature",ID_speed,0,0,0,False
naval_propulsion,3,prism_z_xgboost,11934,6630,2652,2652,2,12,2,0.013766243375902817,0.011433110029174196,-0.42625368513067297,"{""target_compressor_decay"": 0.02002819408663059, ""target_turbine_decay"": 0.007504292665175044}","{""target_compressor_decay"": -0.8513622532335219, ""target_turbine_decay"": -0.0011451170278240497}","intermediate_compressor_inlet_air_pressure,intermediate_compressor_inlet_air_temperature",ID_speed,0,0,0,False
naval_propulsion,3,prism_z_lightgbm,11934,6630,2652,2652,2,12,2,0.013603257549602829,0.011307023949568831,-0.3962389231220037,"{""target_compressor_decay"": 0.019705235168783985, ""target_turbine_decay"": 0.007501279930421675}","{""target_compressor_decay"": -0.7921364236803223, ""target_turbine_decay"": -0.00034142256368507873}","intermediate_compressor_inlet_air_pressure,intermediate_compressor_inlet_air_temperature",ID_speed,0,0,0,False
naval_propulsion,4,simple_mlp,11934,6630,2652,2652,2,12,2,0.011194035410881042,0.009672912769019604,-0.011560976505279541,"{""target_compressor_decay"": 0.014887291006743908, ""target_turbine_decay"": 0.007500778883695602}","{""target_compressor_decay"": -0.02291417121887207, ""target_turbine_decay"": -0.00020778179168701172}","intermediate_compressor_inlet_air_pressure,intermediate_compressor_inlet_air_temperature",ID_speed,0,0,0,False
naval_propulsion,4,random_forest,11934,6630,2652,2652,2,12,2,0.011109813324537912,0.009622759749580795,-1.7252351751650963e-06,"{""target_compressor_decay"": 0.01471962571587187, ""target_turbine_decay"": 0.007500000933203954}","{""target_compressor_decay"": -3.122982141556818e-06, ""target_turbine_decay"": -3.2748820877337437e-07}","intermediate_compressor_inlet_air_pressure,intermediate_compressor_inlet_air_temperature",ID_speed,0,0,0,False
naval_propulsion,4,xgboost,11934,6630,2652,2652,2,12,2,0.011109864405182536,0.009622994123991377,-1.2276627418761343e-05,"{""target_compressor_decay"": 0.014719672662443197, ""target_turbine_decay"": 0.007500056147921874}","{""target_compressor_decay"": -9.501784661747337e-06, ""target_turbine_decay"": -1.505147017577535e-05}","intermediate_compressor_inlet_air_pressure,intermediate_compressor_inlet_air_temperature",ID_speed,0,0,0,False
naval_propulsion,4,lightgbm,11934,6630,2652,2652,2,12,2,0.011109801035018296,0.009622549273250668,4.3589461373727545e-08,"{""target_compressor_decay"": 0.014719602650771688, ""target_turbine_decay"": 0.007499999419264903}","{""target_compressor_decay"": 1.0950009898813562e-08, ""target_turbine_decay"": 7.622891284864153e-08}","intermediate_compressor_inlet_air_pressure,intermediate_compressor_inlet_air_temperature",ID_speed,0,0,0,False
naval_propulsion,4,cnn_mlp,11934,6630,2652,2652,2,12,2,0.0111099231926912,0.009623326689462875,-1.8118373487308048e-05,"{""target_compressor_decay"": 0.014719823052256796, ""target_turbine_decay"": 0.007500023333125603}","{""target_compressor_decay"": -2.9935936193048462e-05, ""target_turbine_decay"": -6.300810781567634e-06}","intermediate_compressor_inlet_air_pressure,intermediate_compressor_inlet_air_temperature",ID_speed,0,0,0,False
naval_propulsion,4,ftt_mlp,11934,6630,2652,2652,2,12,2,0.011109813976544963,0.009622803470069167,-1.911285115507866e-06,"{""target_compressor_decay"": 0.014719625529603297, ""target_turbine_decay"": 0.007500002423486628}","{""target_compressor_decay"": -3.097673189067507e-06, ""target_turbine_decay"": -7.248970419482248e-07}","intermediate_compressor_inlet_air_pressure,intermediate_compressor_inlet_air_temperature",ID_speed,0,0,0,False
naval_propulsion,4,two_stage_mlp,11934,6630,2652,2652,2,12,2,0.011112258769571781,0.00962270237505436,-0.000657498836517334,"{""target_compressor_decay"": 0.014719574712216854, ""target_turbine_decay"": 0.0075049432925879955}","{""target_compressor_decay"": 3.814697265625e-06, ""target_turbine_decay"": -0.001318812370300293}","intermediate_compressor_inlet_air_pressure,intermediate_compressor_inlet_air_temperature",ID_speed,0,0,0,False
naval_propulsion,4,oracle_mlp,11934,6630,2652,2652,2,12,2,0.010640017688274384,0.009189080446958542,0.07113048434257507,"{""target_compressor_decay"": 0.013916934840381145, ""target_turbine_decay"": 0.007363099604845047}","{""target_compressor_decay"": 0.10608744621276855, ""target_turbine_decay"": 0.03617352247238159}","intermediate_compressor_inlet_air_pressure,intermediate_compressor_inlet_air_temperature",ID_speed,0,0,0,False
naval_propulsion,4,prism,11934,6630,2652,2652,2,12,2,0.01112900860607624,0.009634144604206085,-0.002701878547668457,"{""target_compressor_decay"": 0.014756657183170319, ""target_turbine_decay"": 0.0075013600289821625}","{""target_compressor_decay"": -0.005041003227233887, ""target_turbine_decay"": -0.00036275386810302734}","intermediate_compressor_inlet_air_pressure,intermediate_compressor_inlet_air_temperature",ID_speed,0,0,0,False
naval_propulsion,4,prism_z_acp_random_forest,11934,6630,2652,2652,2,12,2,0.01133963323913956,0.009759647144743575,-0.031721181742765725,"{""target_compressor_decay"": 0.015179178784359008, ""target_turbine_decay"": 0.007500087693920114}","{""target_compressor_decay"": -0.06341889966782799, ""target_turbine_decay"": -2.3463817703461842e-05}","intermediate_compressor_inlet_air_pressure,intermediate_compressor_inlet_air_temperature",ID_speed,0,0,0,False
naval_propulsion,4,prism_z_acp_xgboost,11934,6630,2652,2652,2,12,2,0.011599528287927721,0.009916094818826183,-0.06879577200142972,"{""target_compressor_decay"": 0.01569838126958162, ""target_turbine_decay"": 0.007500675306273825}","{""target_compressor_decay"": -0.13741137557454008, ""target_turbine_decay"": -0.00018016842831936053}","intermediate_compressor_inlet_air_pressure,intermediate_compressor_inlet_air_temperature",ID_speed,0,0,0,False
naval_propulsion,4,prism_z_acp_lightgbm,11934,6630,2652,2652,2,12,2,0.013311883806776625,0.011085123443613207,-0.34403315174975213,"{""target_compressor_decay"": 0.019122270069633015, ""target_turbine_decay"": 0.007501497543920236}","{""target_compressor_decay"": -0.6876668399198005, ""target_turbine_decay"": -0.0003994635797037738}","intermediate_compressor_inlet_air_pressure,intermediate_compressor_inlet_air_temperature",ID_speed,0,0,0,False
naval_propulsion,4,prism_z_random_forest,11934,6630,2652,2652,2,12,2,0.011364138793726181,0.009773424401470191,-0.03516841308727703,"{""target_compressor_decay"": 0.015228061734771285, ""target_turbine_decay"": 0.00750021585268108}","{""target_compressor_decay"": -0.07027918599297833, ""target_turbine_decay"": -5.764018157572437e-05}","intermediate_compressor_inlet_air_pressure,intermediate_compressor_inlet_air_temperature",ID_speed,0,0,0,False
naval_propulsion,4,prism_z_xgboost,11934,6630,2652,2652,2,12,2,0.011547707077865692,0.009884194348276296,-0.06136477271139207,"{""target_compressor_decay"": 0.015593866803951903, ""target_turbine_decay"": 0.007501547351779481}","{""target_compressor_decay"": -0.12231679705006382, ""target_turbine_decay"": -0.0004127483727203174}","intermediate_compressor_inlet_air_pressure,intermediate_compressor_inlet_air_temperature",ID_speed,0,0,0,False
naval_propulsion,4,prism_z_lightgbm,11934,6630,2652,2652,2,12,2,0.012619297482179496,0.010584120929606863,-0.22617371938150144,"{""target_compressor_decay"": 0.01773780744795776, ""target_turbine_decay"": 0.007500787516401232}","{""target_compressor_decay"": -0.4521373447135817, ""target_turbine_decay"": -0.00021009404942118337}","intermediate_compressor_inlet_air_pressure,intermediate_compressor_inlet_air_temperature",ID_speed,0,0,0,False
naval_propulsion,5,simple_mlp,11934,6630,2652,2652,2,12,2,0.011115336790680885,0.009628050029277802,-0.0007781982421875,"{""target_compressor_decay"": 0.014730279333889484, ""target_turbine_decay"": 0.0075003947131335735}","{""target_compressor_decay"": -0.0014511346817016602, ""target_turbine_decay"": -0.00010526180267333984}","intermediate_compressor_inlet_air_pressure,intermediate_compressor_inlet_air_temperature",ID_speed,0,0,0,False
naval_propulsion,5,random_forest,11934,6630,2652,2652,2,12,2,0.011109808726696748,0.009622630039598243,-1.8003286358370119e-06,"{""target_compressor_decay"": 0.014719605819088325, ""target_turbine_decay"": 0.007500011634305173}","{""target_compressor_decay"": -4.195394562866994e-07, ""target_turbine_decay"": -3.1811178153873243e-06}","intermediate_compressor_inlet_air_pressure,intermediate_compressor_inlet_air_temperature",ID_speed,0,0,0,False
naval_propulsion,5,xgboost,11934,6630,2652,2652,2,12,2,0.011109847261931214,0.009623014111117599,-7.2742824807070505e-06,"{""target_compressor_decay"": 0.014719679249732574, ""target_turbine_decay"": 0.007500015274129853}","{""target_compressor_decay"": -1.0396825413483413e-05, ""target_turbine_decay"": -4.1517395479306884e-06}","intermediate_compressor_inlet_air_pressure,intermediate_compressor_inlet_air_temperature",ID_speed,0,0,0,False
naval_propulsion,5,lightgbm,11934,6630,2652,2652,2,12,2,0.011109801035018296,0.009622549273250668,4.3589461373727545e-08,"{""target_compressor_decay"": 0.014719602650771688, ""target_turbine_decay"": 0.007499999419264903}","{""target_compressor_decay"": 1.0950009898813562e-08, ""target_turbine_decay"": 7.622891284864153e-08}","intermediate_compressor_inlet_air_pressure,intermediate_compressor_inlet_air_temperature",ID_speed,0,0,0,False
naval_propulsion,5,cnn_mlp,11934,6630,2652,2652,2,12,2,0.011109815538273438,0.009622766416465874,-2.177406850045749e-06,"{""target_compressor_decay"": 0.01471962782848775, ""target_turbine_decay"": 0.007500003248059126}","{""target_compressor_decay"": -3.4100305581485912e-06, ""target_turbine_decay"": -9.447831419429065e-07}","intermediate_compressor_inlet_air_pressure,intermediate_compressor_inlet_air_temperature",ID_speed,0,0,0,False
naval_propulsion,5,ftt_mlp,11934,6630,2652,2652,2,12,2,0.011109804300783243,0.009622592993549221,-7.816185765285866e-07,"{""target_compressor_decay"": 0.01471960334901651, ""target_turbine_decay"": 0.007500005252549976}","{""target_compressor_decay"": -8.392277273117088e-08, ""target_turbine_decay"": -1.4793143803260023e-06}","intermediate_compressor_inlet_air_pressure,intermediate_compressor_inlet_air_temperature",ID_speed,0,0,0,False
naval_propulsion,5,two_stage_mlp,11934,6630,2652,2652,2,12,2,0.011116760782897472,0.009628023020923138,-0.001165151596069336,"{""target_compressor_decay"": 0.01473016943782568, ""target_turbine_decay"": 0.007503351662307978}","{""target_compressor_decay"": -0.0014362335205078125, ""target_turbine_decay"": -0.0008940696716308594}","intermediate_compressor_inlet_air_pressure,intermediate_compressor_inlet_air_temperature",ID_speed,0,0,0,False
naval_propulsion,5,oracle_mlp,11934,6630,2652,2652,2,12,2,0.008325556293129921,0.00701982993632555,0.37630149722099304,"{""target_compressor_decay"": 0.010004041716456413, ""target_turbine_decay"": 0.006647070869803429}","{""target_compressor_decay"": 0.5380884408950806, ""target_turbine_decay"": 0.21451455354690552}","intermediate_compressor_inlet_air_pressure,intermediate_compressor_inlet_air_temperature",ID_speed,0,0,0,False
naval_propulsion,5,prism,11934,6630,2652,2652,2,12,2,0.011199015192687511,0.009675752371549606,-0.015792489051818848,"{""target_compressor_decay"": 0.014842849224805832, ""target_turbine_decay"": 0.007555180694907904}","{""target_compressor_decay"": -0.016815900802612305, ""target_turbine_decay"": -0.01476907730102539}","intermediate_compressor_inlet_air_pressure,intermediate_compressor_inlet_air_temperature",ID_speed,0,0,0,False
naval_propulsion,5,prism_z_acp_random_forest,11934,6630,2652,2652,2,12,2,0.011760790746597314,0.010016854336303019,-0.09240019903147989,"{""target_compressor_decay"": 0.01602097120917839, ""target_turbine_decay"": 0.00750061028401624}","{""target_compressor_decay"": -0.184637570390773, ""target_turbine_decay"": -0.00016282767218678273}","intermediate_compressor_inlet_air_pressure,intermediate_compressor_inlet_air_temperature",ID_speed,0,0,0,False
naval_propulsion,5,prism_z_acp_xgboost,11934,6630,2652,2652,2,12,2,0.012007899581348968,0.010173533142765569,-0.12951634166728754,"{""target_compressor_decay"": 0.016515038616794597, ""target_turbine_decay"": 0.00750076054590334}","{""target_compressor_decay"": -0.25882978216074837, ""target_turbine_decay"": -0.00020290117382670836}","intermediate_compressor_inlet_air_pressure,intermediate_compressor_inlet_air_temperature",ID_speed,0,0,0,False
naval_propulsion,5,prism_z_acp_lightgbm,11934,6630,2652,2652,2,12,2,0.012231635082824767,0.010321553708208383,-0.16407485731086113,"{""target_compressor_decay"": 0.016962713859852107, ""target_turbine_decay"": 0.0075005563057974275}","{""target_compressor_decay"": -0.32800128226182523, ""target_turbine_decay"": -0.00014843235989703274}","intermediate_compressor_inlet_air_pressure,intermediate_compressor_inlet_air_temperature",ID_speed,0,0,0,False
naval_propulsion,5,prism_z_random_forest,11934,6630,2652,2652,2,12,2,0.011756941940141024,0.0100140591113325,-0.09183025371391162,"{""target_compressor_decay"": 0.01601328870470415, ""target_turbine_decay"": 0.0075005951755778965}","{""target_compressor_decay"": -0.18350170899662488, ""target_turbine_decay"": -0.00015879843119837034}","intermediate_compressor_inlet_air_pressure,intermediate_compressor_inlet_air_temperature",ID_speed,0,0,0,False
naval_propulsion,5,prism_z_xgboost,11934,6630,2652,2652,2,12,2,0.012013488684713386,0.010178386098604818,-0.1303426053862785,"{""target_compressor_decay"": 0.016526673546757287, ""target_turbine_decay"": 0.007500303822669485}","{""target_compressor_decay"": -0.26060411111283566, ""target_turbine_decay"": -8.109965972136202e-05}","intermediate_compressor_inlet_air_pressure,intermediate_compressor_inlet_air_temperature",ID_speed,0,0,0,False
naval_propulsion,5,prism_z_lightgbm,11934,6630,2652,2652,2,12,2,0.0118591102182617,0.010078336115804474,-0.10701404796031466,"{""target_compressor_decay"": 0.016217874162542764, ""target_turbine_decay"": 0.0075003462739806365}","{""target_compressor_decay"": -0.2139356754197561, ""target_turbine_decay"": -9.242050087321374e-05}","intermediate_compressor_inlet_air_pressure,intermediate_compressor_inlet_air_temperature",ID_speed,0,0,0,False
tennessee_eastman,1,simple_mlp,1499,959,240,300,9,18,5,0.39786094427108765,0.31643930077552795,0.3679874539375305,"{""target_X16"": 0.9241204261779785, ""target_X18"": 0.0360884815454483, ""target_X20"": 0.21090272068977356, ""target_X28"": 0.31576287746429443, ""target_X33"": 0.5024302005767822}","{""target_X16"": 0.24951207637786865, ""target_X18"": 0.2970545291900635, ""target_X20"": 0.3992229700088501, ""target_X28"": 0.9264379739761353, ""target_X33"": -0.03229022026062012}",,,0,0,0,False
tennessee_eastman,1,random_forest,1499,959,240,300,9,18,5,0.3588543705067533,0.28322477809241964,0.5050757511036951,"{""target_X16"": 0.9214141761103684, ""target_X18"": 0.025242234963428544, ""target_X20"": 0.1536320098961623, ""target_X28"": 0.1898688406038657, ""target_X33"": 0.5041145909599413}","{""target_X16"": 0.25390115056090723, ""target_X18"": 0.6560938020982798, ""target_X20"": 0.6812043264912387, ""target_X28"": 0.9734026227874414, ""target_X33"": -0.03922314641939173}",,,0,0,0,False
tennessee_eastman,1,xgboost,1499,959,240,300,9,18,5,0.31664383324702705,0.2523457371469352,0.5731877572984514,"{""target_X16"": 0.8525707859456368, ""target_X18"": 0.021006189915474996, ""target_X20"": 0.11699169923729741, ""target_X28"": 0.08176620417784553, ""target_X33"": 0.5108842869588802}","{""target_X16"": 0.361225625830754, ""target_X18"": 0.7618344358373418, ""target_X20"": 0.8151331283550596, ""target_X28"": 0.9950673637556213, ""target_X33"": -0.06732176728651962}",,,0,0,0,False
tennessee_eastman,1,lightgbm,1499,959,240,300,9,18,5,0.3292154195405058,0.26133173696143686,0.5594900478558956,"{""target_X16"": 0.8871013034772679, ""target_X18"": 0.020063910262372982, ""target_X20"": 0.1181852813449307, ""target_X28"": 0.10272604606487651, ""target_X33"": 0.518000556553081}","{""target_X16"": 0.3084349679452555, ""target_X18"": 0.782722104434782, ""target_X20"": 0.8113417589221243, ""target_X28"": 0.9922143915160998, ""target_X33"": -0.09726298353878349}",,,0,0,0,False
tennessee_eastman,1,cnn_mlp,1499,959,240,300,9,18,5,0.48025769447641464,0.3843710861452367,0.249299624825855,"{""target_X16"": 0.9892335106536208, ""target_X18"": 0.03726618742936784, ""target_X20"": 0.24530813781450952, ""target_X28"": 0.624299881705838, ""target_X33"": 0.505180754778737}","{""target_X16"": 0.1400281596003472, ""target_X18"": 0.2504263338221161, ""target_X20"": 0.18722019244954236, ""target_X28"": 0.7124469880253967, ""target_X33"": -0.043623549768127434}",,,0,0,0,False
tennessee_eastman,1,ftt_mlp,1499,959,240,300,9,18,5,0.48112797433093596,0.39007231012792554,0.26179960145893305,"{""target_X16"": 0.9707258426010128, ""target_X18"": 0.03861027209209904, ""target_X20"": 0.23222089911567023, ""target_X28"": 0.6698517218694725, ""target_X33"": 0.4942311359764251}","{""target_X16"": 0.17190574055142205, ""target_X18"": 0.19538130844733548, ""target_X20"": 0.27163075654778335, ""target_X28"": 0.668953674411011, ""target_X33"": 0.00112652733711327}",,,0,0,0,False
tennessee_eastman,1,two_stage_mlp,1499,959,240,300,9,18,5,0.3973432183265686,0.31868380308151245,0.36077287793159485,"{""target_X16"": 0.9293739199638367, ""target_X18"": 0.035946693271398544, ""target_X20"": 0.2180561125278473, ""target_X28"": 0.3013618588447571, ""target_X33"": 0.5019774436950684}","{""target_X16"": 0.24095499515533447, ""target_X18"": 0.30256736278533936, ""target_X20"": 0.35777747631073, ""target_X28"": 0.9329949021339417, ""target_X33"": -0.03043043613433838}",,,0,0,0,False
tennessee_eastman,1,oracle_mlp,1499,959,240,300,9,18,5,0.2495143860578537,0.19646258652210236,0.6482431888580322,"{""target_X16"": 0.26836949586868286, ""target_X18"": 0.02272808365523815, ""target_X20"": 0.1651761829853058, ""target_X28"": 0.3014794886112213, ""target_X33"": 0.4898187518119812}","{""target_X16"": 0.9367073774337769, ""target_X18"": 0.7211889028549194, ""target_X20"": 0.6314946413040161, ""target_X28"": 0.9329425692558289, ""target_X33"": 0.018882334232330322}",,,0,0,0,False
tennessee_eastman,1,prism,1499,959,240,300,9,18,5,0.39848434925079346,0.31810346245765686,0.3819963335990906,"{""target_X16"": 0.9174509048461914, ""target_X18"": 0.03450243920087814, ""target_X20"": 0.2132474184036255, ""target_X28"": 0.32936984300613403, ""target_X33"": 0.49785125255584717}","{""target_X16"": 0.2603057622909546, ""target_X18"": 0.35748398303985596, ""target_X20"": 0.38579046726226807, ""target_X28"": 0.9199614524841309, ""target_X33"": -0.013560056686401367}",,,0,0,0,False
tennessee_eastman,1,prism_z_acp_random_forest,1499,959,240,300,9,18,5,0.4206425193264467,0.33568550875431535,0.3709256277486811,"{""target_X16"": 0.9095274910218277, ""target_X18"": 0.034784944445674384, ""target_X20"": 0.20798937959193892, ""target_X28"": 0.4483821930345815, ""target_X33"": 0.5025285885382111}","{""target_X16"": 0.2730270494826844, ""target_X18"": 0.34691904221937686, ""target_X20"": 0.4157061526190112, ""target_X28"": 0.8516702962794171, ""target_X33"": -0.032694401857084054}",,,0,0,0,False
tennessee_eastman,1,prism_z_acp_xgboost,1499,959,240,300,9,18,5,0.4028003968663697,0.31989422053062316,0.3526163340616471,"{""target_X16"": 0.9476945146681524, ""target_X18"": 0.03640783150549445, ""target_X20"": 0.21360429078142748, ""target_X28"": 0.3108673312725323, ""target_X33"": 0.5054280161042418}","{""target_X16"": 0.21073412708333017, ""target_X18"": 0.2845586816678657, ""target_X20"": 0.38373296267778556, ""target_X28"": 0.928701304253282, ""target_X33"": -0.04464540537402795}",,,0,0,0,False
tennessee_eastman,1,prism_z_acp_lightgbm,1499,959,240,300,9,18,5,0.4059375254832931,0.321872325807349,0.33571615647220754,"{""target_X16"": 0.9547836200476585, ""target_X18"": 0.037610051237379274, ""target_X20"": 0.215358159810449, ""target_X28"": 0.3132903873561896, ""target_X33"": 0.508645408964789}","{""target_X16"": 0.1988819618556209, ""target_X18"": 0.23652953146105782, ""target_X20"": 0.37357128462958755, ""target_X28"": 0.9275854968781537, ""target_X33"": -0.057987492463382306}",,,0,0,0,False
tennessee_eastman,1,prism_z_random_forest,1499,959,240,300,9,18,5,0.4184508975139516,0.3318521956769171,0.3637788459755025,"{""target_X16"": 0.9149640684078026, ""target_X18"": 0.03555708364154746, ""target_X20"": 0.21103691732551436, ""target_X28"": 0.4300337985367676, ""target_X33"": 0.5006626196581258}","{""target_X16"": 0.2643103108555912, ""target_X18"": 0.31760370613883426, ""target_X20"": 0.39845812794407665, ""target_X28"": 0.8635616067501982, ""target_X33"": -0.02503952181118807}",,,0,0,0,False
tennessee_eastman,1,prism_z_xgboost,1499,959,240,300,9,18,5,0.3975811128450897,0.3161604716247424,0.3625241872556808,"{""target_X16"": 0.9310299059087863, ""target_X18"": 0.035975972230222204, ""target_X20"": 0.2144794370143201, ""target_X28"": 0.30255551070144887, ""target_X33"": 0.5038647383706709}","{""target_X16"": 0.23824756074947118, ""target_X18"": 0.3014307391274522, ""target_X20"": 0.3786728715075064, ""target_X28"": 0.932463033371904, ""target_X33"": -0.03819326847792981}",,,0,0,0,False
tennessee_eastman,1,prism_z_lightgbm,1499,959,240,300,9,18,5,0.4033862258755974,0.3197312281027978,0.34404150265840105,"{""target_X16"": 0.9459728078281923, ""target_X18"": 0.036738632347494984, ""target_X20"": 0.21726455542072642, ""target_X28"": 0.30852455862311245, ""target_X33"": 0.5084305751584611}","{""target_X16"": 0.2135992910503679, ""target_X18"": 0.2714986468479993, ""target_X20"": 0.3624316398499793, ""target_X28"": 0.9297719038500847, ""target_X33"": -0.05709396830642577}",,,0,0,0,False
tennessee_eastman,2,simple_mlp,1499,959,240,300,9,18,5,0.39502134919166565,0.3121598958969116,0.3620566725730896,"{""target_X16"": 0.9418920874595642, ""target_X18"": 0.036506470292806625, ""target_X20"": 0.20876282453536987, ""target_X28"": 0.3275386095046997, ""target_X33"": 0.46040666103363037}","{""target_X16"": 0.2486761212348938, ""target_X18"": 0.2937427759170532, ""target_X20"": 0.3882460594177246, ""target_X28"": 0.921234667301178, ""target_X33"": -0.04161632061004639}",,,0,0,0,False
tennessee_eastman,2,random_forest,1499,959,240,300,9,18,5,0.35194540411352865,0.2744193396632609,0.5020133471485808,"{""target_X16"": 0.9401938771599568, ""target_X18"": 0.024497367669560677, ""target_X20"": 0.14214149546210955, ""target_X28"": 0.17613786883433377, ""target_X33"": 0.4767564114416823}","{""target_X16"": 0.2513828419465767, ""target_X18"": 0.6819744582753203, ""target_X20"": 0.7163961015708403, ""target_X28"": 0.9772219953094098, ""target_X33"": -0.11690866135924316}",,,0,0,0,False
tennessee_eastman,2,xgboost,1499,959,240,300,9,18,5,0.3102058105439554,0.2502962196603328,0.5732728179367993,"{""target_X16"": 0.858661272371964, ""target_X18"": 0.019752555998053527, ""target_X20"": 0.10873306463619416, ""target_X28"": 0.0840594262740399, ""target_X33"": 0.4798227334395256}","{""target_X16"": 0.3755916661478279, ""target_X18"": 0.7932384573849157, ""target_X20"": 0.8340437192459407, ""target_X28"": 0.99481220213105, ""target_X33"": -0.13132195522573786}",,,0,0,0,False
tennessee_eastman,2,lightgbm,1499,959,240,300,9,18,5,0.320598408692009,0.2573894144536826,0.536367675377918,"{""target_X16"": 0.8807679252680298, ""target_X18"": 0.0199407563962388, ""target_X20"": 0.1095591516552101, ""target_X28"": 0.08295826860450588, ""target_X33"": 0.5097659415360605}","{""target_X16"": 0.34302639582115324, ""target_X18"": 0.7892796803662934, ""target_X20"": 0.8315124724912082, ""target_X28"": 0.9949472296216925, ""target_X33"": -0.27692740141075767}",,,0,0,0,False
tennessee_eastman,2,cnn_mlp,1499,959,240,300,9,18,5,0.4403512933412708,0.3466418693114226,0.29461584321788115,"{""target_X16"": 0.9970545334606806, ""target_X18"": 0.03561412905280302, ""target_X20"": 0.2355244042680336, ""target_X28"": 0.46586476303247604, ""target_X33"": 0.46769863689236124}","{""target_X16"": 0.15809562842120095, ""target_X18"": 0.3278475027183857, ""target_X20"": 0.22135004347682974, ""target_X28"": 0.8406581230266084, ""target_X33"": -0.07487208155361902}",,,0,0,0,False
tennessee_eastman,2,ftt_mlp,1499,959,240,300,9,18,5,0.4611631760448958,0.36897088401687933,0.26053952398149904,"{""target_X16"": 0.9952247701782443, ""target_X18"": 0.03931044951221383, ""target_X20"": 0.23083331777192212, ""target_X28"": 0.5792263082009658, ""target_X33"": 0.4612210345611334}","{""target_X16"": 0.16118286613830324, ""target_X18"": 0.1810843321760195, ""target_X20"": 0.2520588578161024, ""target_X28"": 0.7536759811548941, ""target_X33"": -0.04530441737782387}",,,0,0,0,False
tennessee_eastman,2,two_stage_mlp,1499,959,240,300,9,18,5,0.3885049819946289,0.3100261092185974,0.351470947265625,"{""target_X16"": 0.9514254331588745, ""target_X18"": 0.036719948053359985, ""target_X20"": 0.21494249999523163, ""target_X28"": 0.2755941152572632, ""target_X33"": 0.4638430178165436}","{""target_X16"": 0.23339003324508667, ""target_X18"": 0.2854588031768799, ""target_X20"": 0.3514924645423889, ""target_X28"": 0.9442365169525146, ""target_X33"": -0.05722308158874512}",,,0,0,0,False
tennessee_eastman,2,oracle_mlp,1499,959,240,300,9,18,5,0.24569888412952423,0.19604291021823883,0.6257400512695312,"{""target_X16"": 0.27106860280036926, ""target_X18"": 0.02375214919447899, ""target_X20"": 0.15768715739250183, ""target_X28"": 0.3043464422225952, ""target_X33"": 0.471640020608902}","{""target_X16"": 0.9377723336219788, ""target_X18"": 0.7010290622711182, ""target_X20"": 0.6509697437286377, ""target_X28"": 0.9319940805435181, ""target_X33"": -0.09306466579437256}",,,0,0,0,False
tennessee_eastman,2,prism,1499,959,240,300,9,18,5,0.3929489850997925,0.3134448528289795,0.364387571811676,"{""target_X16"": 0.9534603953361511, ""target_X18"": 0.035658203065395355, ""target_X20"": 0.20938396453857422, ""target_X28"": 0.3037164807319641, ""target_X33"": 0.46252596378326416}","{""target_X16"": 0.23010718822479248, ""target_X18"": 0.32618284225463867, ""target_X20"": 0.38460028171539307, ""target_X28"": 0.9322753548622131, ""target_X33"": -0.05122780799865723}",,,0,0,0,False
tennessee_eastman,2,prism_z_acp_random_forest,1499,959,240,300,9,18,5,0.41564663224320064,0.33246264973413175,0.35230390289543434,"{""target_X16"": 0.9462488509984105, ""target_X18"": 0.03542875395715666, ""target_X20"": 0.20918236447831465, ""target_X28"": 0.4205252600146783, ""target_X33"": 0.4668479317674431}","{""target_X16"": 0.24170940432907062, ""target_X18"": 0.33482653369249593, ""target_X20"": 0.3857847838454097, ""target_X28"": 0.8701642235639993, ""target_X33"": -0.07096543095380392}",,,0,0,0,False
tennessee_eastman,2,prism_z_acp_xgboost,1499,959,240,300,9,18,5,0.39856294025942984,0.31675933502563003,0.33543931858251913,"{""target_X16"": 0.9582203880023834, ""target_X18"": 0.036541592214231464, ""target_X20"": 0.21012831997250567, ""target_X28"": 0.30418403756918433, ""target_X33"": 0.48374036353884425}","{""target_X16"": 0.22240089198344426, ""target_X18"": 0.2923832673057175, ""target_X20"": 0.38021706792247156, ""target_X28"": 0.9320666480840978, ""target_X33"": -0.1498712823831354}",,,0,0,0,False
tennessee_eastman,2,prism_z_acp_lightgbm,1499,959,240,300,9,18,5,0.4060462787299265,0.32049531294268174,0.3223707674591042,"{""target_X16"": 0.9740164639913949, ""target_X18"": 0.03558174589278445, ""target_X20"": 0.2153987758847277, ""target_X28"": 0.3130071277358383, ""target_X33"": 0.49222728014488687}","{""target_X16"": 0.19655244145392592, ""target_X18"": 0.32906929455133704, ""target_X20"": 0.3487362621454624, ""target_X28"": 0.928068575985286, ""target_X33"": -0.19057273684049014}",,,0,0,0,False
tennessee_eastman,2,prism_z_random_forest,1499,959,240,300,9,18,5,0.41375074553665014,0.33049575833313893,0.34480666952102834,"{""target_X16"": 0.9394324666554403, ""target_X18"": 0.03638772074625101, ""target_X20"": 0.21249016628695458, ""target_X28"": 0.4144656310503259, ""target_X33"": 0.46597774294427885}","{""target_X16"": 0.2525948774091602, ""target_X18"": 0.2983300679485742, ""target_X20"": 0.3662060218718074, ""target_X28"": 0.8738790452654887, ""target_X33"": -0.06697666488988863}",,,0,0,0,False
tennessee_eastman,2,prism_z_xgboost,1499,959,240,300,9,18,5,0.3959268440655509,0.3148630438117467,0.346682985014799,"{""target_X16"": 0.9493255489123016, ""target_X18"": 0.03521856300817336, ""target_X20"": 0.21192745619002362, ""target_X28"": 0.29944197049433846, ""target_X33"": 0.4837206817229175}","{""target_X16"": 0.23677027234619274, ""target_X18"": 0.3426957746598793, ""target_X20"": 0.36955836567574085, ""target_X28"": 0.9341682276627788, ""target_X33"": -0.1497777152705968}",,,0,0,0,False
tennessee_eastman,2,prism_z_lightgbm,1499,959,240,300,9,18,5,0.4005671732241892,0.3186021951992181,0.3332509761791932,"{""target_X16"": 0.9503421907629491, ""target_X18"": 0.03504191645720404, ""target_X20"": 0.21839326990975141, ""target_X28"": 0.3093555872258227, ""target_X33"": 0.489702901765219}","{""target_X16"": 0.23513469694255296, ""target_X18"": 0.3492729501802091, ""target_X20"": 0.33050253418827436, ""target_X28"": 0.9297370901315531, ""target_X33"": -0.1783923905466236}",,,0,0,0,False
tennessee_eastman,3,simple_mlp,1499,959,240,300,9,18,5,0.39530685544013977,0.3111334443092346,0.3187268376350403,"{""target_X16"": 0.9398311376571655, ""target_X18"": 0.03887072578072548, ""target_X20"": 0.22284860908985138, ""target_X28"": 0.29990121722221375, ""target_X33"": 0.47508248686790466}","{""target_X16"": 0.18122601509094238, ""target_X18"": 0.17267626523971558, ""target_X20"": 0.4066011309623718, ""target_X28"": 0.9317010045051575, ""target_X33"": -0.09857022762298584}",,,0,0,0,False
tennessee_eastman,3,random_forest,1499,959,240,300,9,18,5,0.35436563457216,0.27968129714010453,0.47819098306725155,"{""target_X16"": 0.955674325227849, ""target_X18"": 0.02652526781206812, ""target_X20"": 0.16493834782387554, ""target_X28"": 0.16431410205002353, ""target_X33"": 0.46037612994698374}","{""target_X16"": 0.15338842195673807, ""target_X18"": 0.6147437039316008, ""target_X20"": 0.6749350571180566, ""target_X28"": 0.9794974629567548, ""target_X33"": -0.03160973062689232}",,,0,0,0,False
tennessee_eastman,3,xgboost,1499,959,240,300,9,18,5,0.31178048293799215,0.2465997708369913,0.5677949871624998,"{""target_X16"": 0.8552925593973321, ""target_X18"": 0.019359162483263418, ""target_X20"": 0.11632645390473134, ""target_X28"": 0.0904166505065371, ""target_X33"": 0.47750758839809687}","{""target_X16"": 0.32189998476346904, ""target_X18"": 0.794787732160865, ""target_X20"": 0.8383097496369479, ""target_X28"": 0.9937919563960738, ""target_X33"": -0.10981448714485653}",,,0,0,0,False
tennessee_eastman,3,lightgbm,1499,959,240,300,9,18,5,0.3300697092505841,0.2622290769047918,0.5339995099177812,"{""target_X16"": 0.8919565540758975, ""target_X18"": 0.01936349298385137, ""target_X20"": 0.11357573009633219, ""target_X28"": 0.12453418779095035, ""target_X33"": 0.5009185813058891}","{""target_X16"": 0.26251741654794325, ""target_X18"": 0.7946959129778873, ""target_X20"": 0.8458661844182552, ""target_X28"": 0.9882229880723664, ""target_X33"": -0.22130495242754633}",,,0,0,0,False
tennessee_eastman,3,cnn_mlp,1499,959,240,300,9,18,5,0.44922313345354964,0.35464912618408856,0.23487991791947085,"{""target_X16"": 0.991143697243745, ""target_X18"": 0.03903501783544559, ""target_X20"": 0.2646937118259332, ""target_X28"": 0.48322130541872166, ""target_X33"": 0.4680219349439028}","{""target_X16"": 0.0893791004529585, ""target_X18"": 0.16566789730899467, ""target_X20"": 0.1628291397479914, ""target_X28"": 0.8226831211820458, ""target_X33"": -0.066159669094636}",,,0,0,0,False
tennessee_eastman,3,ftt_mlp,1499,959,240,300,9,18,5,0.484381402415769,0.3890384553184757,0.20585511121561623,"{""target_X16"": 1.0017536447402944, ""target_X18"": 0.04069917536769837, ""target_X20"": 0.2537992694860977, ""target_X28"": 0.6663948589654604, ""target_X33"": 0.4592600635192944}","{""target_X16"": 0.06977880901132383, ""target_X18"": 0.0930122746209886, ""target_X20"": 0.23032462771759565, ""target_X28"": 0.6627738801463348, ""target_X33"": -0.026614035418161652}",,,0,0,0,False
tennessee_eastman,3,two_stage_mlp,1499,959,240,300,9,18,5,0.3948752284049988,0.3136689066886902,0.3332168757915497,"{""target_X16"": 0.9519987106323242, ""target_X18"": 0.03710584715008736, ""target_X20"": 0.23259687423706055, ""target_X28"": 0.29305168986320496, ""target_X33"": 0.4596230685710907}","{""target_X16"": 0.15988826751708984, ""target_X18"": 0.24609804153442383, ""target_X20"": 0.3535504937171936, ""target_X28"": 0.9347851872444153, ""target_X33"": -0.028237581253051758}",,,0,0,0,False
tennessee_eastman,3,oracle_mlp,1499,959,240,300,9,18,5,0.2543303966522217,0.2012920379638672,0.6377742886543274,"{""target_X16"": 0.3073437809944153, ""target_X18"": 0.02420709654688835, ""target_X20"": 0.17160369455814362, ""target_X28"": 0.32154524326324463, ""target_X33"": 0.44695210456848145}","{""target_X16"": 0.9124385118484497, ""target_X18"": 0.6791399717330933, ""target_X20"": 0.6481317281723022, ""target_X28"": 0.9214869141578674, ""target_X33"": 0.02767425775527954}",,,0,0,0,False
tennessee_eastman,3,prism,1499,959,240,300,9,18,5,0.3957274854183197,0.3114274740219116,0.31662601232528687,"{""target_X16"": 0.9417344331741333, ""target_X18"": 0.0379210002720356, ""target_X20"": 0.22730791568756104, ""target_X28"": 0.29073721170425415, ""target_X33"": 0.48093700408935547}","{""target_X16"": 0.17790645360946655, ""target_X18"": 0.2126101851463318, ""target_X20"": 0.3826151490211487, ""target_X28"": 0.9358112215995789, ""target_X33"": -0.12581288814544678}",,,0,0,0,False
tennessee_eastman,3,prism_z_acp_random_forest,1499,959,240,300,9,18,5,0.42089446807753317,0.3337708661168019,0.3261934441592401,"{""target_X16"": 0.9421055588823897, ""target_X18"": 0.03634087209100985, ""target_X20"": 0.22525694611307767, ""target_X28"": 0.4305758987838094, ""target_X33"": 0.47019306451737947}","{""target_X16"": 0.17725832028765542, ""target_X18"": 0.27686250543848134, ""target_X20"": 0.3937060440411777, ""target_X28"": 0.859214682943491, ""target_X33"": -0.07607433191460489}",,,0,0,0,False
tennessee_eastman,3,prism_z_acp_xgboost,1499,959,240,300,9,18,5,0.4081794225866844,0.320843936889872,0.2877906916527808,"{""target_X16"": 0.994672090335316, ""target_X18"": 0.038036099154705225, ""target_X20"": 0.2309587062015292, ""target_X28"": 0.2911532662359448, ""target_X33"": 0.4860769510059264}","{""target_X16"": 0.08288408350743115, ""target_X18"": 0.2078231773031165, ""target_X20"": 0.36262425731996395, ""target_X28"": 0.9356273685689693, ""target_X33"": -0.15000542843557674}",,,0,0,0,False
tennessee_eastman,3,prism_z_acp_lightgbm,1499,959,240,300,9,18,5,0.41088813932068946,0.3221423117720803,0.28113261332379913,"{""target_X16"": 0.9879144932384331, ""target_X18"": 0.037614981126633536, ""target_X20"": 0.22730650212106518, ""target_X28"": 0.2989774220411569, ""target_X33"": 0.5026272980761587}","{""target_X16"": 0.0953031463256453, ""target_X18"": 0.22526730101755033, ""target_X20"": 0.38262281979208745, ""target_X28"": 0.9321211125883695, ""target_X33"": -0.22965131310465714}",,,0,0,0,False
tennessee_eastman,3,prism_z_random_forest,1499,959,240,300,9,18,5,0.41325784914052266,0.3292072937911402,0.33145808606360766,"{""target_X16"": 0.9381367434069694, ""target_X18"": 0.03680208775911033, ""target_X20"": 0.22572298345154207, ""target_X28"": 0.4000784424674324, ""target_X33"": 0.46554898861755895}","{""target_X16"": 0.18417565981858475, ""target_X18"": 0.25839080940694337, ""target_X20"": 0.3911947082698354, ""target_X28"": 0.8784518841187026, ""target_X33"": -0.05492263129602781}",,,0,0,0,False
tennessee_eastman,3,prism_z_xgboost,1499,959,240,300,9,18,5,0.40348589739632745,0.31615597915973315,0.29433309707284405,"{""target_X16"": 0.9698170039701596, ""target_X18"": 0.03755653451434856, ""target_X20"": 0.22669802205174489, ""target_X28"": 0.2851027733552599, ""target_X33"": 0.49825515309012397}","{""target_X16"": 0.12814561710374428, ""target_X18"": 0.22767300861762674, ""target_X20"": 0.3859237275863847, ""target_X28"": 0.9382750405164184, ""target_X33"": -0.20835190845995388}",,,0,0,0,False
tennessee_eastman,3,prism_z_lightgbm,1499,959,240,300,9,18,5,0.4029502697970443,0.3170922985408385,0.30077478835914123,"{""target_X16"": 0.9568943533192831, ""target_X18"": 0.036709928736029664, ""target_X20"": 0.22852070243063224, ""target_X28"": 0.2918119147210413, ""target_X33"": 0.5008144497782351}","{""target_X16"": 0.15122544827043072, ""target_X18"": 0.2621004034750968, ""target_X20"": 0.37600953180380614, ""target_X28"": 0.935335790911104, ""target_X33"": -0.2207972326647314}",,,0,0,0,False
tennessee_eastman,4,simple_mlp,1499,959,240,300,9,18,5,0.3940857946872711,0.3154841363430023,0.2924509644508362,"{""target_X16"": 0.9240701198577881, ""target_X18"": 0.038088083267211914, ""target_X20"": 0.23413389921188354, ""target_X28"": 0.31032538414001465, ""target_X33"": 0.4638114273548126}","{""target_X16"": 0.20219886302947998, ""target_X18"": 0.21455591917037964, ""target_X20"": 0.24255555868148804, ""target_X28"": 0.922123908996582, ""target_X33"": -0.11917948722839355}",,,0,0,0,False
tennessee_eastman,4,random_forest,1499,959,240,300,9,18,5,0.3451902237743229,0.278183965305265,0.4968489363427862,"{""target_X16"": 0.9051802193291875, ""target_X18"": 0.025941466285302563, ""target_X20"": 0.1527819609675427, ""target_X28"": 0.19664880300996135, ""target_X33"": 0.4453986692796207}","{""target_X16"": 0.23448291246413866, ""target_X18"": 0.6356439039508304, ""target_X20"": 0.6774728260022354, ""target_X28"": 0.9687282452166461, ""target_X33"": -0.0320832059199192}",,,0,0,0,False
tennessee_eastman,4,xgboost,1499,959,240,300,9,18,5,0.3073402912565045,0.24957469242588176,0.5571665603973317,"{""target_X16"": 0.8489753286919968, ""target_X18"": 0.019439129412996754, ""target_X20"": 0.11779509555682431, ""target_X28"": 0.08260602264297597, ""target_X33"": 0.4678858799777291}","{""target_X16"": 0.3265971980190463, ""target_X18"": 0.7954070699115264, ""target_X20"": 0.8082759612353616, ""target_X28"": 0.9944818555932101, ""target_X33"": -0.13892928277248617}",,,0,0,0,False
tennessee_eastman,4,lightgbm,1499,959,240,300,9,18,5,0.32242660696296593,0.26219573066959273,0.5272218755869439,"{""target_X16"": 0.8733160248981992, ""target_X18"": 0.019684476895634455, ""target_X20"": 0.11142712152708156, ""target_X28"": 0.11574654134480482, ""target_X33"": 0.49195887014910966}","{""target_X16"": 0.28742982926132377, ""target_X18"": 0.7902100128349849, ""target_X20"": 0.8284447651545419, ""target_X28"": 0.989166078544439, ""target_X33"": -0.25914130786057066}",,,0,0,0,False
tennessee_eastman,4,cnn_mlp,1499,959,240,300,9,18,5,0.4499884001417411,0.3555404570884547,0.2063116526622065,"{""target_X16"": 0.9544200336654417, ""target_X18"": 0.041081921343265874, ""target_X20"": 0.24634314985883443, ""target_X28"": 0.5426783945376578, ""target_X33"": 0.46541850130350587}","{""target_X16"": 0.14893276098536412, ""target_X18"": 0.08622663781919404, ""target_X20"": 0.1614998746682753, ""target_X28"": 0.7618477436782594, ""target_X33"": -0.1269487538400602}",,,0,0,0,False
tennessee_eastman,4,ftt_mlp,1499,959,240,300,9,18,5,0.4716939528470322,0.3781694544182487,0.2001161055859467,"{""target_X16"": 0.9697679528323909, ""target_X18"": 0.040207706000871896, ""target_X20"": 0.2476606068388018, ""target_X28"": 0.6503066924120519, ""target_X33"": 0.45052680615104435}","{""target_X16"": 0.1213408499147024, ""target_X18"": 0.12470269458336547, ""target_X20"": 0.15250720075205082, ""target_X28"": 0.658015766431688, ""target_X33"": -0.05598598375207331}",,,0,0,0,False
tennessee_eastman,4,two_stage_mlp,1499,959,240,300,9,18,5,0.3832482695579529,0.3070666790008545,0.2865244746208191,"{""target_X16"": 0.9441874027252197, ""target_X18"": 0.039309997111558914, ""target_X20"": 0.23849304020404816, ""target_X28"": 0.241893470287323, ""target_X33"": 0.4523574113845825}","{""target_X16"": 0.16708403825759888, ""target_X18"": 0.16335153579711914, ""target_X20"": 0.21408861875534058, ""target_X28"": 0.9526829123497009, ""target_X33"": -0.06458485126495361}",,,0,0,0,False
tennessee_eastman,4,oracle_mlp,1499,959,240,300,9,18,5,0.24481233954429626,0.19360169768333435,0.6165075302124023,"{""target_X16"": 0.2756362557411194, ""target_X18"": 0.024456031620502472, ""target_X20"": 0.17329786717891693, ""target_X28"": 0.3052128255367279, ""target_X33"": 0.44545871019363403}","{""target_X16"": 0.9290164709091187, ""target_X18"": 0.6761760711669922, ""target_X20"": 0.5850377082824707, ""target_X28"": 0.9246687293052673, ""target_X33"": -0.032361507415771484}",,,0,0,0,False
tennessee_eastman,4,prism,1499,959,240,300,9,18,5,0.3935253620147705,0.31353238224983215,0.29935646057128906,"{""target_X16"": 0.946872889995575, ""target_X18"": 0.03809357061982155, ""target_X20"": 0.22900567948818207, ""target_X28"": 0.2972293794155121, ""target_X33"": 0.4564252495765686}","{""target_X16"": 0.16233927011489868, ""target_X18"": 0.21432971954345703, ""target_X20"": 0.27537280321121216, ""target_X28"": 0.9285581111907959, ""target_X33"": -0.08381760120391846}",,,0,0,0,False
tennessee_eastman,4,prism_z_acp_random_forest,1499,959,240,300,9,18,5,0.4073483223269102,0.32523552934693367,0.32172758209493674,"{""target_X16"": 0.9263343258921515, ""target_X18"": 0.03690931795310782, ""target_X20"": 0.22443043267300788, ""target_X28"": 0.40562103567026403, ""target_X33"": 0.4434464994460198}","{""target_X16"": 0.19828447374262237, ""target_X18"": 0.262420156243266, ""target_X20"": 0.3040378118698015, ""target_X28"": 0.8669513180179016, ""target_X33"": -0.023055849398907702}",,,0,0,0,False
tennessee_eastman,4,prism_z_acp_xgboost,1499,959,240,300,9,18,5,0.38994694749849174,0.3138761820542749,0.2995380867345843,"{""target_X16"": 0.9427170036459764, ""target_X18"": 0.03720478784709627, ""target_X20"": 0.2318794780867906, ""target_X28"": 0.2741958839445919, ""target_X33"": 0.46373758396800363}","{""target_X16"": 0.16967624979201934, ""target_X18"": 0.2505638035574188, ""target_X20"": 0.2570719090766076, ""target_X28"": 0.9392016910729278, ""target_X33"": -0.11882321982605193}",,,0,0,0,False
tennessee_eastman,4,prism_z_acp_lightgbm,1499,959,240,300,9,18,5,0.40227938311688377,0.32022076817614425,0.25774382666131507,"{""target_X16"": 0.967235051896648, ""target_X18"": 0.037458659338330855, ""target_X20"": 0.2407419428212188, ""target_X28"": 0.2833430638412629, ""target_X33"": 0.4826181976869582}","{""target_X16"": 0.1259247303216069, ""target_X18"": 0.24030116646962774, ""target_X20"": 0.19919703314600612, ""target_X28"": 0.9350775637088634, ""target_X33"": -0.21178136033952888}",,,0,0,0,False
tennessee_eastman,4,prism_z_random_forest,1499,959,240,300,9,18,5,0.40145765795980665,0.3217585974778558,0.3291206732897109,"{""target_X16"": 0.9163036557571168, ""target_X18"": 0.03668794525679937, ""target_X20"": 0.22171510766536665, ""target_X28"": 0.3850302025034433, ""target_X33"": 0.4475513786163071}","{""target_X16"": 0.21555297899522108, ""target_X18"": 0.2712412557229008, ""target_X20"": 0.3207764656653487, ""target_X28"": 0.8801165498955613, ""target_X33"": -0.04208388383047734}",,,0,0,0,False
tennessee_eastman,4,prism_z_xgboost,1499,959,240,300,9,18,5,0.39141639617171464,0.3133372673436323,0.31102299827684166,"{""target_X16"": 0.9583775504396853, ""target_X18"": 0.03650594265026336, ""target_X20"": 0.2278504499271527, ""target_X28"": 0.2775545157784086, ""target_X33"": 0.45679352206306345}","{""target_X16"": 0.14186020232091134, ""target_X18"": 0.2784538154812811, ""target_X20"": 0.2826651468235639, ""target_X28"": 0.9377031291480837, ""target_X33"": -0.08556730238963173}",,,0,0,0,False
tennessee_eastman,4,prism_z_lightgbm,1499,959,240,300,9,18,5,0.39293509513387226,0.31217872605678004,0.2916025179821324,"{""target_X16"": 0.9406802918941701, ""target_X18"": 0.03698718302510488, ""target_X20"": 0.22873716159448335, ""target_X28"": 0.28040356395008686, ""target_X33"": 0.4778672752055163}","{""target_X16"": 0.173260153159414, ""target_X18"": 0.2593048297780085, ""target_X20"": 0.27707106649870483, ""target_X28"": 0.9364176323455163, ""target_X33"": -0.18804109187098184}",,,0,0,0,False
tennessee_eastman,5,simple_mlp,1499,959,240,300,9,18,5,0.40059995651245117,0.31878942251205444,0.3362899124622345,"{""target_X16"": 0.9613535404205322, ""target_X18"": 0.03655293956398964, ""target_X20"": 0.23519086837768555, ""target_X28"": 0.3112390339374542, ""target_X33"": 0.4586634933948517}","{""target_X16"": 0.1922539472579956, ""target_X18"": 0.3382055163383484, ""target_X20"": 0.24807143211364746, ""target_X28"": 0.9219818115234375, ""target_X33"": -0.019063115119934082}",,,0,0,0,False
tennessee_eastman,5,random_forest,1499,959,240,300,9,18,5,0.36546824096628294,0.2865457846116055,0.473765379902426,"{""target_X16"": 0.9626260038441524, ""target_X18"": 0.02727030747663632, ""target_X20"": 0.16672419723226237, ""target_X28"": 0.20726270320295684, ""target_X33"": 0.463457993075407}","{""target_X16"": 0.1901142385528658, ""target_X18"": 0.6316517492284937, ""target_X20"": 0.6221382448288855, ""target_X28"": 0.9654020738522865, ""target_X33"": -0.04047940695040153}",,,0,0,0,False
tennessee_eastman,5,xgboost,1499,959,240,300,9,18,5,0.3147936049149865,0.25045752527698256,0.5673314735734187,"{""target_X16"": 0.8812207921727121, ""target_X18"": 0.020653952245777252, ""target_X20"": 0.11854245618412132, ""target_X28"": 0.08205007496237901, ""target_X33"": 0.4715007490099427}","{""target_X16"": 0.3212996760632427, ""target_X18"": 0.7887071118523339, ""target_X20"": 0.8089779459942872, ""target_X28"": 0.9945779225673752, ""target_X33"": -0.0769052886101449}",,,0,0,0,False
tennessee_eastman,5,lightgbm,1499,959,240,300,9,18,5,0.3371650331987064,0.2691990696112154,0.5375176097456448,"{""target_X16"": 0.9288912249494291, ""target_X18"": 0.019975621709166353, ""target_X20"": 0.11576190866571741, ""target_X28"": 0.13085316291639093, ""target_X33"": 0.4903432477528283}","{""target_X16"": 0.2458837390318711, ""target_X18"": 0.8023580399445607, ""target_X20"": 0.8178341246315701, ""target_X28"": 0.9862096210514196, ""target_X33"": -0.16469747593119766}",,,0,0,0,False
tennessee_eastman,5,cnn_mlp,1499,959,240,300,9,18,5,0.47296738242798453,0.37432251968091174,0.18946340737157602,"{""target_X16"": 1.0099027608915878, ""target_X18"": 0.04194467897722339, ""target_X20"": 0.26740449176022024, ""target_X28"": 0.5808784928119022, ""target_X33"": 0.464706487698989}","{""target_X16"": 0.10861010992395648, ""target_X18"": 0.1285704309990796, ""target_X20"": 0.027984783318395712, ""target_X28"": 0.7282444984557903, ""target_X33"": -0.046092785839342065}",,,0,0,0,False
tennessee_eastman,5,ftt_mlp,1499,959,240,300,9,18,5,0.4765604453438577,0.3809148797575437,0.21726607263512626,"{""target_X16"": 0.9800430830623047, ""target_X18"": 0.04104440889510948, ""target_X20"": 0.24978916549195626, ""target_X28"": 0.6448716328031742, ""target_X33"": 0.467053936466744}","{""target_X16"": 0.160542099358291, ""target_X18"": 0.1655764486436917, ""target_X20"": 0.15183008894234173, ""target_X28"": 0.6650698086711618, ""target_X33"": -0.056688082439855014}",,,0,0,0,False
tennessee_eastman,5,two_stage_mlp,1499,959,240,300,9,18,5,0.4000743329524994,0.3192058205604553,0.31715238094329834,"{""target_X16"": 0.9532760381698608, ""target_X18"": 0.03874121978878975, ""target_X20"": 0.24088141322135925, ""target_X28"": 0.3108474016189575, ""target_X33"": 0.45662549138069153}","{""target_X16"": 0.20577067136764526, ""target_X18"": 0.2565956711769104, ""target_X20"": 0.21124470233917236, ""target_X28"": 0.9221780300140381, ""target_X33"": -0.010027170181274414}",,,0,0,0,False
tennessee_eastman,5,oracle_mlp,1499,959,240,300,9,18,5,0.24937014281749725,0.19815392792224884,0.6385417580604553,"{""target_X16"": 0.29927513003349304, ""target_X18"": 0.024288859218358994, ""target_X20"": 0.16647791862487793, ""target_X28"": 0.3059523403644562, ""target_X33"": 0.45085638761520386}","{""target_X16"": 0.9217202067375183, ""target_X18"": 0.7077915668487549, ""target_X20"": 0.6232538223266602, ""target_X28"": 0.9246097207069397, ""target_X33"": 0.015333414077758789}",,,0,0,0,False
tennessee_eastman,5,prism,1499,959,240,300,9,18,5,0.39997655153274536,0.3184664249420166,0.3244091868400574,"{""target_X16"": 0.9747186899185181, ""target_X18"": 0.037667158991098404, ""target_X20"": 0.2358754277229309, ""target_X28"": 0.29287251830101013, ""target_X33"": 0.458748996257782}","{""target_X16"": 0.16963857412338257, ""target_X18"": 0.2972445487976074, ""target_X20"": 0.2436879277229309, ""target_X28"": 0.9309179782867432, ""target_X33"": -0.019443154335021973}",,,0,0,0,False
tennessee_eastman,5,prism_z_acp_random_forest,1499,959,240,300,9,18,5,0.4260358449441193,0.33870798517403716,0.31886269832630304,"{""target_X16"": 0.9665113056964761, ""target_X18"": 0.036763048035829735, ""target_X20"": 0.23323529054783917, ""target_X28"": 0.4326416600154547, ""target_X33"": 0.4610279204249968}","{""target_X16"": 0.18356340611793853, ""target_X18"": 0.3305755571725111, ""target_X20"": 0.2605238102174934, ""target_X28"": 0.8492475344705227, ""target_X33"": -0.02959681634695066}",,,0,0,0,False
tennessee_eastman,5,prism_z_acp_xgboost,1499,959,240,300,9,18,5,0.4091860285113424,0.32496750373743544,0.3019075032168474,"{""target_X16"": 0.9938978836033027, ""target_X18"": 0.03762854423076584, ""target_X20"": 0.23571529549177606, ""target_X28"": 0.30289339433145357, ""target_X33"": 0.4757950248994138}","{""target_X16"": 0.13663961605943464, ""target_X18"": 0.2986845996074372, ""target_X20"": 0.24471441352176815, ""target_X28"": 0.9261097126795222, ""target_X33"": -0.09661082578392532}",,,0,0,0,False
tennessee_eastman,5,prism_z_acp_lightgbm,1499,959,240,300,9,18,5,0.41461108503397553,0.32767832088159266,0.28677953494908337,"{""target_X16"": 0.9942346780867806, ""target_X18"": 0.03807032995550432, ""target_X20"": 0.23674479690345188, ""target_X28"": 0.31877478487124816, ""target_X33"": 0.48523083535289274}","{""target_X16"": 0.13605439641926476, ""target_X18"": 0.28212004962942705, ""target_X20"": 0.23810249117216598, ""target_X28"": 0.9181581055430775, ""target_X33"": -0.14053736801851846}",,,0,0,0,False
tennessee_eastman,5,prism_z_random_forest,1499,959,240,300,9,18,5,0.4199715800888388,0.3327260305940408,0.32256241374288486,"{""target_X16"": 0.960404239391562, ""target_X18"": 0.0375421079241386, ""target_X20"": 0.23176765146977538, ""target_X28"": 0.4121923973996048, ""target_X33"": 0.4579515042591133}","{""target_X16"": 0.1938483967554665, ""target_X18"": 0.30190287394280657, ""target_X20"": 0.2698008759790729, ""target_X28"": 0.863161688813898, ""target_X33"": -0.01590176677681976}",,,0,0,0,False
tennessee_eastman,5,prism_z_xgboost,1499,959,240,300,9,18,5,0.408310323605335,0.324158442923992,0.30097470326619175,"{""target_X16"": 0.9928461338540839, ""target_X18"": 0.038015351500587734, ""target_X20"": 0.23287866293856652, ""target_X28"": 0.29948010956019544, ""target_X33"": 0.4783313601732414}","{""target_X16"": 0.13846587735970506, ""target_X18"": 0.28419197451939315, ""target_X20"": 0.26278346832324884, ""target_X28"": 0.9277656585438497, ""target_X33"": -0.10833346241523811}",,,0,0,0,False
tennessee_eastman,5,prism_z_lightgbm,1499,959,240,300,9,18,5,0.41260379933445324,0.3245966946035315,0.2911653101186009,"{""target_X16"": 0.9930251006579327, ""target_X18"": 0.03854330010443923, ""target_X20"": 0.23499619670182006, ""target_X28"": 0.3166762002288763, ""target_X33"": 0.4797781989791977}","{""target_X16"": 0.1381552554021228, ""target_X18"": 0.26417195650538894, ""target_X20"": 0.24931569738897486, ""target_X28"": 0.9192321352621633, ""target_X33"": -0.11504849396564532}",,,0,0,0,False
electrical_grid_stability,1,simple_mlp,10000,6400,1600,2000,3,9,1,0.03209821134805679,0.026851119473576546,0.20632320642471313,"{""target_stability"": 0.03209821134805679}","{""target_stability"": 0.20632320642471313}",,,0,0,0,False
electrical_grid_stability,1,random_forest,10000,6400,1600,2000,3,9,1,0.03378087636220248,0.02802987747751414,0.12092917855730323,"{""target_stability"": 0.03378087636220248}","{""target_stability"": 0.12092917855730323}",,,0,0,0,False
electrical_grid_stability,1,xgboost,10000,6400,1600,2000,3,9,1,0.03248255927162154,0.027149069653932614,0.1872021989944479,"{""target_stability"": 0.03248255927162154}","{""target_stability"": 0.1872021989944479}",,,0,0,0,False
electrical_grid_stability,1,lightgbm,10000,6400,1600,2000,3,9,1,0.03375212464981702,0.028200720278385587,0.12242493817962485,"{""target_stability"": 0.03375212464981702}","{""target_stability"": 0.12242493817962485}",,,0,0,0,False
electrical_grid_stability,1,cnn_mlp,10000,6400,1600,2000,3,9,1,0.03216638806213332,0.026875187279149147,0.2029480384523965,"{""target_stability"": 0.03216638806213332}","{""target_stability"": 0.2029480384523965}",,,0,0,0,False
electrical_grid_stability,1,ftt_mlp,10000,6400,1600,2000,3,9,1,0.032049580438145646,0.026844591406399672,0.20872628765005652,"{""target_stability"": 0.032049580438145646}","{""target_stability"": 0.20872628765005652}",,,0,0,0,False
electrical_grid_stability,1,two_stage_mlp,10000,6400,1600,2000,3,9,1,0.032153356820344925,0.026860274374485016,0.20359379053115845,"{""target_stability"": 0.032153356820344925}","{""target_stability"": 0.20359379053115845}",,,0,0,0,False
electrical_grid_stability,1,oracle_mlp,10000,6400,1600,2000,3,9,1,0.006245695520192385,0.0037878933362662792,0.9699500799179077,"{""target_stability"": 0.006245695520192385}","{""target_stability"": 0.9699500799179077}",,,0,0,0,False
electrical_grid_stability,1,prism,10000,6400,1600,2000,3,9,1,0.0321950726211071,0.026879265904426575,0.20152580738067627,"{""target_stability"": 0.0321950726211071}","{""target_stability"": 0.20152580738067627}",,,0,0,0,False
electrical_grid_stability,1,prism_z_acp_random_forest,10000,6400,1600,2000,3,9,1,0.033425834371312774,0.027530868830461585,0.13931040145219653,"{""target_stability"": 0.033425834371312774}","{""target_stability"": 0.13931040145219653}",,,0,0,0,False
electrical_grid_stability,1,prism_z_acp_xgboost,10000,6400,1600,2000,3,9,1,0.03241082474178534,0.026900109104758756,0.1907882025762504,"{""target_stability"": 0.03241082474178534}","{""target_stability"": 0.1907882025762504}",,,0,0,0,False
electrical_grid_stability,1,prism_z_acp_lightgbm,10000,6400,1600,2000,3,9,1,0.0331476094510391,0.02735284774390172,0.1535789267927642,"{""target_stability"": 0.0331476094510391}","{""target_stability"": 0.1535789267927642}",,,0,0,0,False
electrical_grid_stability,1,prism_z_random_forest,10000,6400,1600,2000,3,9,1,0.0333486765715202,0.02749876846972737,0.1432793237056439,"{""target_stability"": 0.0333486765715202}","{""target_stability"": 0.1432793237056439}",,,0,0,0,False
electrical_grid_stability,1,prism_z_xgboost,10000,6400,1600,2000,3,9,1,0.032413359678782734,0.026896027985331666,0.19066161640269796,"{""target_stability"": 0.032413359678782734}","{""target_stability"": 0.19066161640269796}",,,0,0,0,False
electrical_grid_stability,1,prism_z_lightgbm,10000,6400,1600,2000,3,9,1,0.03321313321982937,0.027487325282529854,0.15022933296413732,"{""target_stability"": 0.03321313321982937}","{""target_stability"": 0.15022933296413732}",,,0,0,0,False
electrical_grid_stability,2,simple_mlp,10000,6400,1600,2000,3,9,1,0.03342019394040108,0.02782212570309639,0.206037700176239,"{""target_stability"": 0.03342019394040108}","{""target_stability"": 0.206037700176239}",,,0,0,0,False
electrical_grid_stability,2,random_forest,10000,6400,1600,2000,3,9,1,0.03494675987123906,0.02912489142548555,0.13184798385341379,"{""target_stability"": 0.03494675987123906}","{""target_stability"": 0.13184798385341379}",,,0,0,0,False
electrical_grid_stability,2,xgboost,10000,6400,1600,2000,3,9,1,0.03347398685425715,0.027964157038415885,0.20347973609133319,"{""target_stability"": 0.03347398685425715}","{""target_stability"": 0.20347973609133319}",,,0,0,0,False
electrical_grid_stability,2,lightgbm,10000,6400,1600,2000,3,9,1,0.03401074728873788,0.028372494555270664,0.17773028452156392,"{""target_stability"": 0.03401074728873788}","{""target_stability"": 0.17773028452156392}",,,0,0,0,False
electrical_grid_stability,2,cnn_mlp,10000,6400,1600,2000,3,9,1,0.033269327157597776,0.02773449052815311,0.2131897989085899,"{""target_stability"": 0.033269327157597776}","{""target_stability"": 0.2131897989085899}",,,0,0,0,False
electrical_grid_stability,2,ftt_mlp,10000,6400,1600,2000,3,9,1,0.033282378470846356,0.027649198435888016,0.21257235807118824,"{""target_stability"": 0.033282378470846356}","{""target_stability"": 0.21257235807118824}",,,0,0,0,False
electrical_grid_stability,2,two_stage_mlp,10000,6400,1600,2000,3,9,1,0.033419374376535416,0.027786163613200188,0.20607668161392212,"{""target_stability"": 0.033419374376535416}","{""target_stability"": 0.20607668161392212}",,,0,0,0,False
electrical_grid_stability,2,oracle_mlp,10000,6400,1600,2000,3,9,1,0.006746281869709492,0.004141147248446941,0.9676472544670105,"{""target_stability"": 0.006746281869709492}","{""target_stability"": 0.9676472544670105}",,,0,0,0,False
electrical_grid_stability,2,prism,10000,6400,1600,2000,3,9,1,0.033338818699121475,0.027772096917033195,0.2098994255065918,"{""target_stability"": 0.033338818699121475}","{""target_stability"": 0.2098994255065918}",,,0,0,0,False
electrical_grid_stability,2,prism_z_acp_random_forest,10000,6400,1600,2000,3,9,1,0.0347729999197379,0.02876097307710176,0.1404596565512657,"{""target_stability"": 0.0347729999197379}","{""target_stability"": 0.1404596565512657}",,,0,0,0,False
electrical_grid_stability,2,prism_z_acp_xgboost,10000,6400,1600,2000,3,9,1,0.033922760176935386,0.028260141817827687,0.18197926804275244,"{""target_stability"": 0.033922760176935386}","{""target_stability"": 0.18197926804275244}",,,0,0,0,False
electrical_grid_stability,2,prism_z_acp_lightgbm,10000,6400,1600,2000,3,9,1,0.03460616717787857,0.028707034947329287,0.14868761927858276,"{""target_stability"": 0.03460616717787857}","{""target_stability"": 0.14868761927858276}",,,0,0,0,False
electrical_grid_stability,2,prism_z_random_forest,10000,6400,1600,2000,3,9,1,0.03486923812476536,0.028869872758714724,0.1356953227679939,"{""target_stability"": 0.03486923812476536}","{""target_stability"": 0.1356953227679939}",,,0,0,0,False
electrical_grid_stability,2,prism_z_xgboost,10000,6400,1600,2000,3,9,1,0.03399197736181209,0.02824798368350367,0.1786376261616971,"{""target_stability"": 0.03399197736181209}","{""target_stability"": 0.1786376261616971}",,,0,0,0,False
electrical_grid_stability,2,prism_z_lightgbm,10000,6400,1600,2000,3,9,1,0.03452886621814858,0.028680459506647223,0.1524865818029334,"{""target_stability"": 0.03452886621814858}","{""target_stability"": 0.1524865818029334}",,,0,0,0,False
electrical_grid_stability,3,simple_mlp,10000,6400,1600,2000,3,9,1,0.032860636711120605,0.027644775807857513,0.21067887544631958,"{""target_stability"": 0.032860636711120605}","{""target_stability"": 0.21067887544631958}",,,0,0,0,False
electrical_grid_stability,3,random_forest,10000,6400,1600,2000,3,9,1,0.03427592161123474,0.028544985606145098,0.14122367224075882,"{""target_stability"": 0.03427592161123474}","{""target_stability"": 0.14122367224075882}",,,0,0,0,False
electrical_grid_stability,3,xgboost,10000,6400,1600,2000,3,9,1,0.03306841153472889,0.027770252970114,0.2006656982070978,"{""target_stability"": 0.03306841153472889}","{""target_stability"": 0.2006656982070978}",,,0,0,0,False
electrical_grid_stability,3,lightgbm,10000,6400,1600,2000,3,9,1,0.033524921995761875,0.028155778805994125,0.17844369161989881,"{""target_stability"": 0.033524921995761875}","{""target_stability"": 0.17844369161989881}",,,0,0,0,False
electrical_grid_stability,3,cnn_mlp,10000,6400,1600,2000,3,9,1,0.03266762389325692,0.027390168655579125,0.21992407201011166,"{""target_stability"": 0.03266762389325692}","{""target_stability"": 0.21992407201011166}",,,0,0,0,False
electrical_grid_stability,3,ftt_mlp,10000,6400,1600,2000,3,9,1,0.03281013190512118,0.02752886242371149,0.21310327932048145,"{""target_stability"": 0.03281013190512118}","{""target_stability"": 0.21310327932048145}",,,0,0,0,False
electrical_grid_stability,3,two_stage_mlp,10000,6400,1600,2000,3,9,1,0.03282271325588226,0.027572782710194588,0.2124996781349182,"{""target_stability"": 0.03282271325588226}","{""target_stability"": 0.2124996781349182}",,,0,0,0,False
electrical_grid_stability,3,oracle_mlp,10000,6400,1600,2000,3,9,1,0.006751312408596277,0.0042604804039001465,0.9666820764541626,"{""target_stability"": 0.006751312408596277}","{""target_stability"": 0.9666820764541626}",,,0,0,0,False
electrical_grid_stability,3,prism,10000,6400,1600,2000,3,9,1,0.03267311677336693,0.027398040518164635,0.21966183185577393,"{""target_stability"": 0.03267311677336693}","{""target_stability"": 0.21966183185577393}",,,0,0,0,False
electrical_grid_stability,3,prism_z_acp_random_forest,10000,6400,1600,2000,3,9,1,0.033920144946805425,0.02822815812606904,0.15895897340883758,"{""target_stability"": 0.033920144946805425}","{""target_stability"": 0.15895897340883758}",,,0,0,0,False
electrical_grid_stability,3,prism_z_acp_xgboost,10000,6400,1600,2000,3,9,1,0.03294007990754141,0.027653947377137545,0.20685776013516355,"{""target_stability"": 0.03294007990754141}","{""target_stability"": 0.20685776013516355}",,,0,0,0,False
electrical_grid_stability,3,prism_z_acp_lightgbm,10000,6400,1600,2000,3,9,1,0.03345061308511551,0.0279062615058733,0.18208165957555078,"{""target_stability"": 0.03345061308511551}","{""target_stability"": 0.18208165957555078}",,,0,0,0,False
electrical_grid_stability,3,prism_z_random_forest,10000,6400,1600,2000,3,9,1,0.03387889738813802,0.02820586317503542,0.16100317438386813,"{""target_stability"": 0.03387889738813802}","{""target_stability"": 0.16100317438386813}",,,0,0,0,False
electrical_grid_stability,3,prism_z_xgboost,10000,6400,1600,2000,3,9,1,0.033135892282555625,0.027819733056246097,0.19740006132323928,"{""target_stability"": 0.033135892282555625}","{""target_stability"": 0.19740006132323928}",,,0,0,0,False
electrical_grid_stability,3,prism_z_lightgbm,10000,6400,1600,2000,3,9,1,0.033546008659494954,0.027972544619150875,0.17740987386227847,"{""target_stability"": 0.033546008659494954}","{""target_stability"": 0.17740987386227847}",,,0,0,0,False
electrical_grid_stability,4,simple_mlp,10000,6400,1600,2000,3,9,1,0.03291419893503189,0.02757851406931877,0.23067724704742432,"{""target_stability"": 0.03291419893503189}","{""target_stability"": 0.23067724704742432}",,,0,0,0,False
electrical_grid_stability,4,random_forest,10000,6400,1600,2000,3,9,1,0.034321212586574605,0.028708218972781342,0.1634974695369692,"{""target_stability"": 0.034321212586574605}","{""target_stability"": 0.1634974695369692}",,,0,0,0,False
electrical_grid_stability,4,xgboost,10000,6400,1600,2000,3,9,1,0.03323347833187684,0.027883322701504835,0.21567942252876848,"{""target_stability"": 0.03323347833187684}","{""target_stability"": 0.21567942252876848}",,,0,0,0,False
electrical_grid_stability,4,lightgbm,10000,6400,1600,2000,3,9,1,0.03426478655577564,0.02850650100355712,0.1662457242646851,"{""target_stability"": 0.03426478655577564}","{""target_stability"": 0.1662457242646851}",,,0,0,0,False
electrical_grid_stability,4,cnn_mlp,10000,6400,1600,2000,3,9,1,0.0328352330966342,0.027549005737606932,0.2343642218384948,"{""target_stability"": 0.0328352330966342}","{""target_stability"": 0.2343642218384948}",,,0,0,0,False
electrical_grid_stability,4,ftt_mlp,10000,6400,1600,2000,3,9,1,0.03280821455338151,0.027515866534228797,0.23562371358125556,"{""target_stability"": 0.03280821455338151}","{""target_stability"": 0.23562371358125556}",,,0,0,0,False
electrical_grid_stability,4,two_stage_mlp,10000,6400,1600,2000,3,9,1,0.032874349504709244,0.027562808245420456,0.23253899812698364,"{""target_stability"": 0.032874349504709244}","{""target_stability"": 0.23253899812698364}",,,0,0,0,False
electrical_grid_stability,4,oracle_mlp,10000,6400,1600,2000,3,9,1,0.006371738854795694,0.003804045496508479,0.971169114112854,"{""target_stability"": 0.006371738854795694}","{""target_stability"": 0.971169114112854}",,,0,0,0,False
electrical_grid_stability,4,prism,10000,6400,1600,2000,3,9,1,0.03273338824510574,0.027430854737758636,0.2391064167022705,"{""target_stability"": 0.03273338824510574}","{""target_stability"": 0.2391064167022705}",,,0,0,0,False
electrical_grid_stability,4,prism_z_acp_random_forest,10000,6400,1600,2000,3,9,1,0.034110844776280784,0.028304571855717296,0.1737205292105355,"{""target_stability"": 0.034110844776280784}","{""target_stability"": 0.1737205292105355}",,,0,0,0,False
electrical_grid_stability,4,prism_z_acp_xgboost,10000,6400,1600,2000,3,9,1,0.03320731317618655,0.02783100960128929,0.2169139482227901,"{""target_stability"": 0.03320731317618655}","{""target_stability"": 0.2169139482227901}",,,0,0,0,False
electrical_grid_stability,4,prism_z_acp_lightgbm,10000,6400,1600,2000,3,9,1,0.03387942454482019,0.028192198120985532,0.18489405144575954,"{""target_stability"": 0.03387942454482019}","{""target_stability"": 0.18489405144575954}",,,0,0,0,False
electrical_grid_stability,4,prism_z_random_forest,10000,6400,1600,2000,3,9,1,0.03418790501375166,0.02839925628053893,0.1699829955773955,"{""target_stability"": 0.03418790501375166}","{""target_stability"": 0.1699829955773955}",,,0,0,0,False
electrical_grid_stability,4,prism_z_xgboost,10000,6400,1600,2000,3,9,1,0.033281379729643665,0.027829498857570214,0.2134168168777496,"{""target_stability"": 0.033281379729643665}","{""target_stability"": 0.2134168168777496}",,,0,0,0,False
electrical_grid_stability,4,prism_z_lightgbm,10000,6400,1600,2000,3,9,1,0.03397023154066355,0.028290225908526173,0.18051874001325308,"{""target_stability"": 0.03397023154066355}","{""target_stability"": 0.18051874001325308}",,,0,0,0,False
electrical_grid_stability,5,simple_mlp,10000,6400,1600,2000,3,9,1,0.031923361122608185,0.026642456650733948,0.23278260231018066,"{""target_stability"": 0.031923361122608185}","{""target_stability"": 0.23278260231018066}",,,0,0,0,False
electrical_grid_stability,5,random_forest,10000,6400,1600,2000,3,9,1,0.03327817108662797,0.027570434156754784,0.16628012350012422,"{""target_stability"": 0.03327817108662797}","{""target_stability"": 0.16628012350012422}",,,0,0,0,False
electrical_grid_stability,5,xgboost,10000,6400,1600,2000,3,9,1,0.03218087815987087,0.026834842521959584,0.22035474995697035,"{""target_stability"": 0.03218087815987087}","{""target_stability"": 0.22035474995697035}",,,0,0,0,False
electrical_grid_stability,5,lightgbm,10000,6400,1600,2000,3,9,1,0.03259941981376818,0.02712174911338068,0.19994287577748582,"{""target_stability"": 0.03259941981376818}","{""target_stability"": 0.19994287577748582}",,,0,0,0,False
electrical_grid_stability,5,cnn_mlp,10000,6400,1600,2000,3,9,1,0.03196732935173895,0.02667592884459222,0.23066770043909368,"{""target_stability"": 0.03196732935173895}","{""target_stability"": 0.23066770043909368}",,,0,0,0,False
electrical_grid_stability,5,ftt_mlp,10000,6400,1600,2000,3,9,1,0.03188817763299842,0.02658235691208838,0.23447274688522657,"{""target_stability"": 0.03188817763299842}","{""target_stability"": 0.23447274688522657}",,,0,0,0,False
electrical_grid_stability,5,two_stage_mlp,10000,6400,1600,2000,3,9,1,0.03202146664261818,0.026728427037596703,0.22805964946746826,"{""target_stability"": 0.03202146664261818}","{""target_stability"": 0.22805964946746826}",,,0,0,0,False
electrical_grid_stability,5,oracle_mlp,10000,6400,1600,2000,3,9,1,0.0064581395126879215,0.004045065958052874,0.9686009883880615,"{""target_stability"": 0.0064581395126879215}","{""target_stability"": 0.9686009883880615}",,,0,0,0,False
electrical_grid_stability,5,prism,10000,6400,1600,2000,3,9,1,0.031935546547174454,0.026639508083462715,0.2321966290473938,"{""target_stability"": 0.031935546547174454}","{""target_stability"": 0.2321966290473938}",,,0,0,0,False
electrical_grid_stability,5,prism_z_acp_random_forest,10000,6400,1600,2000,3,9,1,0.03339811085735353,0.027748123063346234,0.1602595779868664,"{""target_stability"": 0.03339811085735353}","{""target_stability"": 0.1602595779868664}",,,0,0,0,False
electrical_grid_stability,5,prism_z_acp_xgboost,10000,6400,1600,2000,3,9,1,0.03243661430184879,0.027114640787565297,0.2079140886943477,"{""target_stability"": 0.03243661430184879}","{""target_stability"": 0.2079140886943477}",,,0,0,0,False
electrical_grid_stability,5,prism_z_acp_lightgbm,10000,6400,1600,2000,3,9,1,0.03320622565385674,0.02757295971327657,0.1698811325844496,"{""target_stability"": 0.03320622565385674}","{""target_stability"": 0.1698811325844496}",,,0,0,0,False
electrical_grid_stability,5,prism_z_random_forest,10000,6400,1600,2000,3,9,1,0.03340097296570087,0.02773713617965401,0.16011564583066462,"{""target_stability"": 0.03340097296570087}","{""target_stability"": 0.16011564583066462}",,,0,0,0,False
electrical_grid_stability,5,prism_z_xgboost,10000,6400,1600,2000,3,9,1,0.03249954212079677,0.027111865106051493,0.2048377757431823,"{""target_stability"": 0.03249954212079677}","{""target_stability"": 0.2048377757431823}",,,0,0,0,False
electrical_grid_stability,5,prism_z_lightgbm,10000,6400,1600,2000,3,9,1,0.03329310580346707,0.027691923673174034,0.16553163499483614,"{""target_stability"": 0.03329310580346707}","{""target_stability"": 0.16553163499483614}",,,0,0,0,False
ai4i_predictive_maintenance,1,simple_mlp,10000,6400,1600,2000,5,3,6,0.09663792699575424,0.022130878642201424,0.012609094381332397,"{""target_heat_dissipation_failure"": 0.09369491040706635, ""target_machine_failure"": 0.1733567714691162, ""target_overstrain_failure"": 0.094355508685112, ""target_power_failure"": 0.1046101525425911, ""target_random_failure"": 0.054720211774110794, ""target_tool_wear_failure"": 0.05908995494246483}","{""target_heat_dissipation_failure"": 0.06705939769744873, ""target_machine_failure"": 0.014920234680175781, ""target_overstrain_failure"": 0.001798093318939209, ""target_power_failure"": -0.005908966064453125, ""target_random_failure"": -0.0011039972305297852, ""target_tool_wear_failure"": -0.0011101961135864258}",,,0,0,0,False
ai4i_predictive_maintenance,1,random_forest,10000,6400,1600,2000,5,3,6,0.10890415071025304,0.022228024968429256,-0.26572469517090397,"{""target_heat_dissipation_failure"": 0.10474892791244061, ""target_machine_failure"": 0.19403297524169885, ""target_overstrain_failure"": 0.10950296110970158, ""target_power_failure"": 0.11404990795316726, ""target_random_failure"": 0.05886911135557737, ""target_tool_wear_failure"": 0.07222102068893249}","{""target_heat_dissipation_failure"": -0.16606063164700768, ""target_machine_failure"": -0.23407310186498353, ""target_overstrain_failure"": -0.344422044510597, ""target_power_failure"": -0.19564131360995107, ""target_random_failure"": -0.1586668742803321, ""target_tool_wear_failure"": -0.4954842051125523}",,,0,0,0,False
ai4i_predictive_maintenance,1,xgboost,10000,6400,1600,2000,5,3,6,0.09817613511407315,0.023777541024685895,-0.028600198004451776,"{""target_heat_dissipation_failure"": 0.09575439168380045, ""target_machine_failure"": 0.17367130778301082, ""target_overstrain_failure"": 0.09602558036518233, ""target_power_failure"": 0.10568234817618861, ""target_random_failure"": 0.05608101699510918, ""target_tool_wear_failure"": 0.061842165681147615}","{""target_heat_dissipation_failure"": 0.02559531646774571, ""target_machine_failure"": 0.011342308140317225, ""target_overstrain_failure"": -0.033850589706914125, ""target_power_failure"": -0.02663471032925857, ""target_random_failure"": -0.05151480578113232, ""target_tool_wear_failure"": -0.09653870681746857}",,,0,0,0,False
ai4i_predictive_maintenance,1,lightgbm,10000,6400,1600,2000,5,3,6,0.09902937015323697,0.025392536095932224,-0.04216487186273621,"{""target_heat_dissipation_failure"": 0.09703878633980528, ""target_machine_failure"": 0.17548291249559003, ""target_overstrain_failure"": 0.0973850892736539, ""target_power_failure"": 0.10690414946241533, ""target_random_failure"": 0.05634958159881675, ""target_tool_wear_failure"": 0.0610157017491405}","{""target_heat_dissipation_failure"": -0.0007202129635031085, ""target_machine_failure"": -0.009391092405525603, ""target_overstrain_failure"": -0.06333187305199095, ""target_power_failure"": -0.05050992525444564, ""target_random_failure"": -0.06161005225331451, ""target_tool_wear_failure"": -0.06742607524763744}",,,0,0,0,False
ai4i_predictive_maintenance,1,cnn_mlp,10000,6400,1600,2000,5,3,6,0.0966070123244883,0.02348582720397494,0.01298548057890464,"{""target_heat_dissipation_failure"": 0.09359345733066587, ""target_machine_failure"": 0.17327827851699307, ""target_overstrain_failure"": 0.09432420586174735, ""target_power_failure"": 0.1045791438926546, ""target_random_failure"": 0.05471456227105354, ""target_tool_wear_failure"": 0.059152426073815344}","{""target_heat_dissipation_failure"": 0.06907875797894925, ""target_machine_failure"": 0.01581203582266688, ""target_overstrain_failure"": 0.002460243296985687, ""target_power_failure"": -0.005312770362883468, ""target_random_failure"": -0.0008972337494050908, ""target_tool_wear_failure"": -0.0032281495128854143}",,,0,0,0,False
ai4i_predictive_maintenance,1,ftt_mlp,10000,6400,1600,2000,5,3,6,0.09684533766289659,0.023094584124877058,0.008569953458200183,"{""target_heat_dissipation_failure"": 0.09510092177222405, ""target_machine_failure"": 0.17344455530136668, ""target_overstrain_failure"": 0.09429824765766327, ""target_power_failure"": 0.10444161621785353, ""target_random_failure"": 0.05481811184549839, ""target_tool_wear_failure"": 0.05896857318277362}","{""target_heat_dissipation_failure"": 0.03884946430912051, ""target_machine_failure"": 0.013922287968169633, ""target_overstrain_failure"": 0.003009217492179861, ""target_power_failure"": -0.0026704190540121076, ""target_random_failure"": -0.004689297586033536, ""target_tool_wear_failure"": 0.0029984676197767346}",,,0,0,0,False
ai4i_predictive_maintenance,1,two_stage_mlp,10000,6400,1600,2000,5,3,6,0.09674366563558578,0.02258124202489853,0.010998547077178955,"{""target_heat_dissipation_failure"": 0.09408681839704514, ""target_machine_failure"": 0.17370788753032684, ""target_overstrain_failure"": 0.09432639926671982, ""target_power_failure"": 0.1045299768447876, ""target_random_failure"": 0.05471264570951462, ""target_tool_wear_failure"": 0.0590982660651207}","{""target_heat_dissipation_failure"": 0.059238433837890625, ""target_machine_failure"": 0.010925769805908203, ""target_overstrain_failure"": 0.0024138689041137695, ""target_power_failure"": -0.004367709159851074, ""target_random_failure"": -0.0008271932601928711, ""target_tool_wear_failure"": -0.0013918876647949219}",,,0,0,0,False
ai4i_predictive_maintenance,1,oracle_mlp,10000,6400,1600,2000,5,3,6,0.060062821954488754,0.010384485125541687,0.4860616624355316,"{""target_heat_dissipation_failure"": 0.053454674780368805, ""target_machine_failure"": 0.10118749737739563, ""target_overstrain_failure"": 0.04591796174645424, ""target_power_failure"": 0.04562997817993164, ""target_random_failure"": 0.05526617541909218, ""target_tool_wear_failure"": 0.058920640498399734}","{""target_heat_dissipation_failure"": 0.6963359713554382, ""target_machine_failure"": 0.6643833518028259, ""target_overstrain_failure"": 0.7635990977287292, ""target_power_failure"": 0.8086134195327759, ""target_random_failure"": -0.021180391311645508, ""target_tool_wear_failure"": 0.004618585109710693}",,,0,0,0,False
ai4i_predictive_maintenance,1,prism,10000,6400,1600,2000,5,3,6,0.09653258323669434,0.022117430344223976,0.015114456415176392,"{""target_heat_dissipation_failure"": 0.0930248573422432, ""target_machine_failure"": 0.1736082285642624, ""target_overstrain_failure"": 0.09428911656141281, ""target_power_failure"": 0.10448551923036575, ""target_random_failure"": 0.05470547080039978, ""target_tool_wear_failure"": 0.05908237770199776}","{""target_heat_dissipation_failure"": 0.08035552501678467, ""target_machine_failure"": 0.012060463428497314, ""target_overstrain_failure"": 0.0032023191452026367, ""target_power_failure"": -0.0035135746002197266, ""target_random_failure"": -0.0005645751953125, ""target_tool_wear_failure"": -0.000853419303894043}",,,0,0,0,False
ai4i_predictive_maintenance,1,prism_z_acp_random_forest,10000,6400,1600,2000,5,3,6,0.11291051460994327,0.02314179855901814,-0.3712560189031752,"{""target_heat_dissipation_failure"": 0.10966260976025655, ""target_machine_failure"": 0.20124102459933668, ""target_overstrain_failure"": 0.11148440579898664, ""target_power_failure"": 0.11575106357462893, ""target_random_failure"": 0.06547423837270523, ""target_tool_wear_failure"": 0.07384974555374543}","{""target_heat_dissipation_failure"": -0.2780243064640797, ""target_machine_failure"": -0.327464268497778, ""target_overstrain_failure"": -0.3935165963086322, ""target_power_failure"": -0.23157542749447857, ""target_random_failure"": -0.4332585497874213, ""target_tool_wear_failure"": -0.5636969648666614}",,,0,0,0,False
ai4i_predictive_maintenance,1,prism_z_acp_xgboost,10000,6400,1600,2000,5,3,6,0.10656168712074225,0.022991425942634206,-0.23747698489798694,"{""target_heat_dissipation_failure"": 0.10877326149075589, ""target_machine_failure"": 0.18304371615581985, ""target_overstrain_failure"": 0.10231519382766024, ""target_power_failure"": 0.11204232026189169, ""target_random_failure"": 0.06377939531347085, ""target_tool_wear_failure"": 0.06941623567485493}","{""target_heat_dissipation_failure"": -0.2573791688039173, ""target_machine_failure"": -0.09824554139109631, ""target_overstrain_failure"": -0.17371907079183213, ""target_power_failure"": -0.1539187300495406, ""target_random_failure"": -0.36001727730132704, ""target_tool_wear_failure"": -0.38158212105020817}",,,0,0,0,False
ai4i_predictive_maintenance,1,prism_z_acp_lightgbm,10000,6400,1600,2000,5,3,6,0.10529443018457169,0.025031088107314334,-0.1866351056893564,"{""target_heat_dissipation_failure"": 0.10854729544856848, ""target_machine_failure"": 0.1844534177415317, ""target_overstrain_failure"": 0.10321771620409219, ""target_power_failure"": 0.10951752607148568, ""target_random_failure"": 0.06063865864962857, ""target_tool_wear_failure"": 0.06539196699212349}","{""target_heat_dissipation_failure"": -0.25216042535226824, ""target_machine_failure"": -0.11522684179917997, ""target_overstrain_failure"": -0.19451715096388322, ""target_power_failure"": -0.1024992036448018, ""target_random_failure"": -0.22937054273173296, ""target_tool_wear_failure"": -0.22603646964427226}",,,0,0,0,False
ai4i_predictive_maintenance,1,prism_z_random_forest,10000,6400,1600,2000,5,3,6,0.11292677089899772,0.023090419744464283,-0.37370110868234524,"{""target_heat_dissipation_failure"": 0.10945814946109203, ""target_machine_failure"": 0.20110455330861865, ""target_overstrain_failure"": 0.1112500792800472, ""target_power_failure"": 0.11584524971014301, ""target_random_failure"": 0.06583584185274687, ""target_tool_wear_failure"": 0.07406675178133866}","{""target_heat_dissipation_failure"": -0.2732631278358677, ""target_machine_failure"": -0.3256644432830269, ""target_overstrain_failure"": -0.38766475147884516, ""target_power_failure"": -0.23358049802751513, ""target_random_failure"": -0.44913357043542645, ""target_tool_wear_failure"": -0.57290026103339}",,,0,0,0,False
ai4i_predictive_maintenance,1,prism_z_xgboost,10000,6400,1600,2000,5,3,6,0.1065453462295957,0.023122910389723052,-0.23595615405696144,"{""target_heat_dissipation_failure"": 0.10798134655465279, ""target_machine_failure"": 0.1832994892501204, ""target_overstrain_failure"": 0.10313541540893638, ""target_power_failure"": 0.11183648946220513, ""target_random_failure"": 0.06315100683540374, ""target_tool_wear_failure"": 0.06986832986625574}","{""target_heat_dissipation_failure"": -0.2391373207999361, ""target_machine_failure"": -0.10131691606551785, ""target_overstrain_failure"": -0.19261301044866275, ""target_power_failure"": -0.14968294039365193, ""target_random_failure"": -0.3333500722651397, ""target_tool_wear_failure"": -0.39963666436886025}",,,0,0,0,False
ai4i_predictive_maintenance,1,prism_z_lightgbm,10000,6400,1600,2000,5,3,6,0.10546773378040843,0.025113000378224417,-0.19075581339793524,"{""target_heat_dissipation_failure"": 0.10889285547423415, ""target_machine_failure"": 0.18477778002902107, ""target_overstrain_failure"": 0.10310883665723469, ""target_power_failure"": 0.10970662650971383, ""target_random_failure"": 0.060849358289683644, ""target_tool_wear_failure"": 0.0654709457225632}","{""target_heat_dissipation_failure"": -0.2601456143180476, ""target_machine_failure"": -0.11915255477934861, ""target_overstrain_failure"": -0.19199839944369157, ""target_power_failure"": -0.10630979142199215, ""target_random_failure"": -0.2379287119123472, ""target_tool_wear_failure"": -0.22899980851218427}",,,0,0,0,False
ai4i_predictive_maintenance,2,simple_mlp,10000,6400,1600,2000,5,3,6,0.10262788087129593,0.023544862866401672,0.02121330238878727,"{""target_heat_dissipation_failure"": 0.10099400579929352, ""target_machine_failure"": 0.18510180711746216, ""target_overstrain_failure"": 0.0992930456995964, ""target_power_failure"": 0.11341327428817749, ""target_random_failure"": 0.04993506520986557, ""target_tool_wear_failure"": 0.06703010201454163}","{""target_heat_dissipation_failure"": 0.10274338722229004, ""target_machine_failure"": 0.02573573589324951, ""target_overstrain_failure"": 0.004130661487579346, ""target_power_failure"": -0.0024607181549072266, ""target_random_failure"": 9.59634780883789e-05, ""target_tool_wear_failure"": -0.002965211868286133}",,,0,0,0,False
ai4i_predictive_maintenance,2,random_forest,10000,6400,1600,2000,5,3,6,0.11243031348139448,0.02346731768593469,-0.1711392384424385,"{""target_heat_dissipation_failure"": 0.10839108693560359, ""target_machine_failure"": 0.20364996251346634, ""target_overstrain_failure"": 0.11166512477210119, ""target_power_failure"": 0.12343401043863571, ""target_random_failure"": 0.0533838866309594, ""target_tool_wear_failure"": 0.07405780959760067}","{""target_heat_dissipation_failure"": -0.03350500916927324, ""target_machine_failure"": -0.17929950545213047, ""target_overstrain_failure"": -0.25950486550676954, ""target_power_failure"": -0.18743339885319332, ""target_random_failure"": -0.14279267883385383, ""target_tool_wear_failure"": -0.2242999728394106}",,,0,0,0,False
ai4i_predictive_maintenance,2,xgboost,10000,6400,1600,2000,5,3,6,0.10431534073998,0.024530149910403188,-0.012629954182807787,"{""target_heat_dissipation_failure"": 0.10216487264003025, ""target_machine_failure"": 0.18742962092918444, ""target_overstrain_failure"": 0.10126661864696003, ""target_power_failure"": 0.11569383548186797, ""target_random_failure"": 0.05041930344630364, ""target_tool_wear_failure"": 0.06891779329553367}","{""target_heat_dissipation_failure"": 0.08181828666239732, ""target_machine_failure"": 0.0010772568218492262, ""target_overstrain_failure"": -0.03585115874802014, ""target_power_failure"": -0.04318184169919337, ""target_random_failure"": -0.019390902373435104, ""target_tool_wear_failure"": -0.06025136576044465}",,,0,0,0,False
ai4i_predictive_maintenance,2,lightgbm,10000,6400,1600,2000,5,3,6,0.10445307792987651,0.026284038926524946,-0.015174435774530001,"{""target_heat_dissipation_failure"": 0.1019937428560433, ""target_machine_failure"": 0.18847940947081304, ""target_overstrain_failure"": 0.1010278036245115, ""target_power_failure"": 0.11522648497198186, ""target_random_failure"": 0.05043996047178309, ""target_tool_wear_failure"": 0.06955106618412633}","{""target_heat_dissipation_failure"": 0.08489168432878147, ""target_machine_failure"": -0.010143962075836122, ""target_overstrain_failure"": -0.030971265864196962, ""target_power_failure"": -0.03477090328350241, ""target_random_failure"": -0.020226371969392476, ""target_tool_wear_failure"": -0.0798257957830335}",,,0,0,0,False
ai4i_predictive_maintenance,2,cnn_mlp,10000,6400,1600,2000,5,3,6,0.10266147381480746,0.022732273707258065,0.020497211129974564,"{""target_heat_dissipation_failure"": 0.1007470693262077, ""target_machine_failure"": 0.18516977085576386, ""target_overstrain_failure"": 0.09941979984580783, ""target_power_failure"": 0.11356601199479788, ""target_random_failure"": 0.04990441217070741, ""target_tool_wear_failure"": 0.06716177869556011}","{""target_heat_dissipation_failure"": 0.1071257745426748, ""target_machine_failure"": 0.025020182451082063, ""target_overstrain_failure"": 0.0015863557654371974, ""target_power_failure"": -0.005162623835887503, ""target_random_failure"": 0.0013232044661219966, ""target_tool_wear_failure"": -0.006909626609581165}",,,0,0,0,False
ai4i_predictive_maintenance,2,ftt_mlp,10000,6400,1600,2000,5,3,6,0.10249167597843835,0.02288949439989951,0.02381240993927834,"{""target_heat_dissipation_failure"": 0.10016295895807782, ""target_machine_failure"": 0.18513999321662963, ""target_overstrain_failure"": 0.09937849437411221, ""target_power_failure"": 0.11336751985540586, ""target_random_failure"": 0.04990739779967388, ""target_tool_wear_failure"": 0.06699369166673075}","{""target_heat_dissipation_failure"": 0.11744915595097705, ""target_machine_failure"": 0.025333735388277878, ""target_overstrain_failure"": 0.002415795770428275, ""target_power_failure"": -0.0016520220800662067, ""target_random_failure"": 0.001203705310373504, ""target_tool_wear_failure"": -0.0018759107043204715}",,,0,0,0,False
ai4i_predictive_maintenance,2,two_stage_mlp,10000,6400,1600,2000,5,3,6,0.10278722643852234,0.022908024489879608,0.018602678552269936,"{""target_heat_dissipation_failure"": 0.10148736834526062, ""target_machine_failure"": 0.18549293279647827, ""target_overstrain_failure"": 0.09926558285951614, ""target_power_failure"": 0.11342315375804901, ""target_random_failure"": 0.04998067766427994, ""target_tool_wear_failure"": 0.06707362830638885}","{""target_heat_dissipation_failure"": 0.09395569562911987, ""target_machine_failure"": 0.021614015102386475, ""target_overstrain_failure"": 0.004681289196014404, ""target_power_failure"": -0.0026352405548095703, ""target_random_failure"": -0.0017315149307250977, ""target_tool_wear_failure"": -0.004268169403076172}",,,0,0,0,False
ai4i_predictive_maintenance,2,oracle_mlp,10000,6400,1600,2000,5,3,6,0.07250446826219559,0.012838143855333328,0.41133561730384827,"{""target_heat_dissipation_failure"": 0.06348323076963425, ""target_machine_failure"": 0.1254148781299591, ""target_overstrain_failure"": 0.05525711923837662, ""target_power_failure"": 0.07388009876012802, ""target_random_failure"": 0.04918176680803299, ""target_tool_wear_failure"": 0.06780969351530075}","{""target_heat_dissipation_failure"": 0.6454777717590332, ""target_machine_failure"": 0.5527466535568237, ""target_overstrain_failure"": 0.6915808916091919, ""target_power_failure"": 0.5746029615402222, ""target_random_failure"": 0.030036568641662598, ""target_tool_wear_failure"": -0.026430845260620117}",,,0,0,0,False
ai4i_predictive_maintenance,2,prism,10000,6400,1600,2000,5,3,6,0.10273424535989761,0.023493653163313866,0.019906172528862953,"{""target_heat_dissipation_failure"": 0.10120048373937607, ""target_machine_failure"": 0.18553298711776733, ""target_overstrain_failure"": 0.0993434339761734, ""target_power_failure"": 0.11339642107486725, ""target_random_failure"": 0.049925267696380615, ""target_tool_wear_failure"": 0.06700689345598221}","{""target_heat_dissipation_failure"": 0.0990709662437439, ""target_machine_failure"": 0.021191537380218506, ""target_overstrain_failure"": 0.0031195878982543945, ""target_power_failure"": -0.0021626949310302734, ""target_random_failure"": 0.0004883408546447754, ""target_tool_wear_failure"": -0.0022706985473632812}",,,0,0,0,False
ai4i_predictive_maintenance,2,prism_z_acp_random_forest,10000,6400,1600,2000,5,3,6,0.11370800936291525,0.023356634206357016,-0.197962381222371,"{""target_heat_dissipation_failure"": 0.11005354381713457, ""target_machine_failure"": 0.20579653742312407, ""target_overstrain_failure"": 0.1148181878412863, ""target_power_failure"": 0.12345039847248038, ""target_random_failure"": 0.05425589372414182, ""target_tool_wear_failure"": 0.07387349489932438}","{""target_heat_dissipation_failure"": -0.06545106215251262, ""target_machine_failure"": -0.204291370048294, ""target_overstrain_failure"": -0.33163780073119953, ""target_power_failure"": -0.18774872508245566, ""target_random_failure"": -0.18043183608245394, ""target_tool_wear_failure"": -0.21821349323731032}",,,0,0,0,False
ai4i_predictive_maintenance,2,prism_z_acp_xgboost,10000,6400,1600,2000,5,3,6,0.1079387880141894,0.02226973131087138,-0.10321414822588615,"{""target_heat_dissipation_failure"": 0.10586539351177583, ""target_machine_failure"": 0.19034668699628332, ""target_overstrain_failure"": 0.10545418552261318, ""target_power_failure"": 0.11874258832180164, ""target_random_failure"": 0.055290601059569504, ""target_tool_wear_failure"": 0.07193327267309295}","{""target_heat_dissipation_failure"": 0.01409861778328625, ""target_machine_failure"": -0.03025822887793228, ""target_overstrain_failure"": -0.12329126567992654, ""target_power_failure"": -0.09888590638249495, ""target_random_failure"": -0.22588489167678194, ""target_tool_wear_failure"": -0.15506321452146743}",,,0,0,0,False
ai4i_predictive_maintenance,2,prism_z_acp_lightgbm,10000,6400,1600,2000,5,3,6,0.10775164376915625,0.025110534719424118,-0.08112024450205386,"{""target_heat_dissipation_failure"": 0.10566634675348796, ""target_machine_failure"": 0.193333514537031, ""target_overstrain_failure"": 0.10569623093354125, ""target_power_failure"": 0.11841471688917524, ""target_random_failure"": 0.051806184871966435, ""target_tool_wear_failure"": 0.07159286862973564}","{""target_heat_dissipation_failure"": 0.01780249084706953, ""target_machine_failure"": -0.0628445238306834, ""target_overstrain_failure"": -0.1284536880477578, ""target_power_failure"": -0.09282580812302021, ""target_random_failure"": -0.07624288254630351, ""target_tool_wear_failure"": -0.1441570553116278}",,,0,0,0,False
ai4i_predictive_maintenance,2,prism_z_random_forest,10000,6400,1600,2000,5,3,6,0.11360587348346902,0.02333654134677129,-0.1958993879451648,"{""target_heat_dissipation_failure"": 0.11003759646780889, ""target_machine_failure"": 0.20554586576691095, ""target_overstrain_failure"": 0.11492163373403261, ""target_power_failure"": 0.12325396158217805, ""target_random_failure"": 0.054309815060723486, ""target_tool_wear_failure"": 0.07356636828916015}","{""target_heat_dissipation_failure"": -0.06514230536675125, ""target_machine_failure"": -0.20135936874552396, ""target_overstrain_failure"": -0.3340383701533469, ""target_power_failure"": -0.18397179055825785, ""target_random_failure"": -0.18277930792235098, ""target_tool_wear_failure"": -0.2081051849247577}",,,0,0,0,False
ai4i_predictive_maintenance,2,prism_z_xgboost,10000,6400,1600,2000,5,3,6,0.10804905159056827,0.022382464922485107,-0.10826214596913225,"{""target_heat_dissipation_failure"": 0.10585702956276868, ""target_machine_failure"": 0.18987749678762625, ""target_overstrain_failure"": 0.10570565329073421, ""target_power_failure"": 0.1188869174265104, ""target_random_failure"": 0.05557912055170011, ""target_tool_wear_failure"": 0.07238809192407003}","{""target_heat_dissipation_failure"": 0.01425439490501701, ""target_machine_failure"": -0.02518547111491598, ""target_overstrain_failure"": -0.1286548904474969, ""target_power_failure"": -0.10155887501997918, ""target_random_failure"": -0.23871218974139885, ""target_tool_wear_failure"": -0.1697158443960196}",,,0,0,0,False
ai4i_predictive_maintenance,2,prism_z_lightgbm,10000,6400,1600,2000,5,3,6,0.10779193814659825,0.02510820784794703,-0.08190965842109653,"{""target_heat_dissipation_failure"": 0.10586043594007019, ""target_machine_failure"": 0.1936580903936556, ""target_overstrain_failure"": 0.10549680809600198, ""target_power_failure"": 0.118222257502753, ""target_random_failure"": 0.05198027218737141, ""target_tool_wear_failure"": 0.07153376475973727}","{""target_heat_dissipation_failure"": 0.014190953195121314, ""target_machine_failure"": -0.06641620927017988, ""target_overstrain_failure"": -0.1241994750557982, ""target_power_failure"": -0.08927635633540443, ""target_random_failure"": -0.08348815773182361, ""target_tool_wear_failure"": -0.14226870532849434}",,,0,0,0,False
ai4i_predictive_maintenance,3,simple_mlp,10000,6400,1600,2000,5,3,6,0.10402413457632065,0.024693913757801056,0.030177155509591103,"{""target_heat_dissipation_failure"": 0.10524846613407135, ""target_machine_failure"": 0.19109828770160675, ""target_overstrain_failure"": 0.11317242681980133, ""target_power_failure"": 0.10666347295045853, ""target_random_failure"": 0.04469959810376167, ""target_tool_wear_failure"": 0.06326253712177277}","{""target_heat_dissipation_failure"": 0.13668137788772583, ""target_machine_failure"": 0.04899609088897705, ""target_overstrain_failure"": 0.0017924904823303223, ""target_power_failure"": -0.0008221864700317383, ""target_random_failure"": -0.0010292530059814453, ""target_tool_wear_failure"": -0.0045555830001831055}",,,0,0,0,False
ai4i_predictive_maintenance,3,random_forest,10000,6400,1600,2000,5,3,6,0.11465542138073136,0.02403193111504297,-0.2045658050548175,"{""target_heat_dissipation_failure"": 0.11170021869834286, ""target_machine_failure"": 0.21136849923742487, ""target_overstrain_failure"": 0.11801957319050176, ""target_power_failure"": 0.11957992611356977, ""target_random_failure"": 0.04974456912678574, ""target_tool_wear_failure"": 0.07751974191776322}","{""target_heat_dissipation_failure"": 0.02759400511868737, ""target_machine_failure"": -0.1634540691762032, ""target_overstrain_failure"": -0.08554457218518263, ""target_power_failure"": -0.2578881940748561, ""target_random_failure"": -0.2397406760230949, ""target_tool_wear_failure"": -0.5083613239882556}",,,0,0,0,False
ai4i_predictive_maintenance,3,xgboost,10000,6400,1600,2000,5,3,6,0.10586564014374071,0.025224122641283347,-0.012470434446095136,"{""target_heat_dissipation_failure"": 0.10649884876295636, ""target_machine_failure"": 0.1943832913842603, ""target_overstrain_failure"": 0.11359042218573738, ""target_power_failure"": 0.1086641650567058, ""target_random_failure"": 0.046538925896951105, ""target_tool_wear_failure"": 0.06551818757583336}","{""target_heat_dissipation_failure"": 0.11604652584732722, ""target_machine_failure"": 0.01601930431368781, ""target_overstrain_failure"": -0.005594775112179873, ""target_power_failure"": -0.038719235831666365, ""target_random_failure"": -0.08510612548603391, ""target_tool_wear_failure"": -0.07746830040770569}",,,0,0,0,False
ai4i_predictive_maintenance,3,lightgbm,10000,6400,1600,2000,5,3,6,0.10632152385730514,0.027107288475888804,-0.015053292636234264,"{""target_heat_dissipation_failure"": 0.10724657933785374, ""target_machine_failure"": 0.1954118197242946, ""target_overstrain_failure"": 0.11426898653993024, ""target_power_failure"": 0.10964572224008917, ""target_random_failure"": 0.0453766763675112, ""target_tool_wear_failure"": 0.06597935893415187}","{""target_heat_dissipation_failure"": 0.10359044110052207, ""target_machine_failure"": 0.005578802677654537, ""target_overstrain_failure"": -0.017645067610940313, ""target_power_failure"": -0.057569371954984794, ""target_random_failure"": -0.03158464478247636, ""target_tool_wear_failure"": -0.09268991524718073}",,,0,0,0,False
ai4i_predictive_maintenance,3,cnn_mlp,10000,6400,1600,2000,5,3,6,0.10407968884463564,0.023384407118962166,0.029406818162951282,"{""target_heat_dissipation_failure"": 0.10514512177080902, ""target_machine_failure"": 0.19139165424760224, ""target_overstrain_failure"": 0.11319967162514795, ""target_power_failure"": 0.10661224695291426, ""target_random_failure"": 0.044587224667712505, ""target_tool_wear_failure"": 0.06354221380362784}","{""target_heat_dissipation_failure"": 0.13837590096977936, ""target_machine_failure"": 0.04607395257502611, ""target_overstrain_failure"": 0.0013118084578324085, ""target_power_failure"": 0.00013889885634266186, ""target_random_failure"": 0.003997600329657125, ""target_tool_wear_failure"": -0.01345725221092997}",,,0,0,0,False
ai4i_predictive_maintenance,3,ftt_mlp,10000,6400,1600,2000,5,3,6,0.10454722474724247,0.02463938885848717,0.018961736307507786,"{""target_heat_dissipation_failure"": 0.10669387238069791, ""target_machine_failure"": 0.191620308197592, ""target_overstrain_failure"": 0.11339638381419295, ""target_power_failure"": 0.10645071836525961, ""target_random_failure"": 0.04478537738159116, ""target_tool_wear_failure"": 0.06433668834412114}","{""target_heat_dissipation_failure"": 0.11280612182882432, ""target_machine_failure"": 0.043793296691525874, ""target_overstrain_failure"": -0.002162138615178444, ""target_power_failure"": 0.0031663897284327502, ""target_random_failure"": -0.004874857235928287, ""target_tool_wear_failure"": -0.038958394552629505}",,,0,0,0,False
ai4i_predictive_maintenance,3,two_stage_mlp,10000,6400,1600,2000,5,3,6,0.10402453690767288,0.02384227328002453,0.03013727068901062,"{""target_heat_dissipation_failure"": 0.1050192192196846, ""target_machine_failure"": 0.19119790196418762, ""target_overstrain_failure"": 0.11316907405853271, ""target_power_failure"": 0.10676786303520203, ""target_random_failure"": 0.04470857232809067, ""target_tool_wear_failure"": 0.06328462064266205}","{""target_heat_dissipation_failure"": 0.14043807983398438, ""target_machine_failure"": 0.04800426959991455, ""target_overstrain_failure"": 0.0018516182899475098, ""target_power_failure"": -0.002782106399536133, ""target_random_failure"": -0.0014312267303466797, ""target_tool_wear_failure"": -0.005257010459899902}",,,0,0,0,False
ai4i_predictive_maintenance,3,oracle_mlp,10000,6400,1600,2000,5,3,6,0.06476978212594986,0.011407732032239437,0.4823479950428009,"{""target_heat_dissipation_failure"": 0.059100572019815445, ""target_machine_failure"": 0.11486562341451645, ""target_overstrain_failure"": 0.04924789071083069, ""target_power_failure"": 0.05729788541793823, ""target_random_failure"": 0.04485897347331047, ""target_tool_wear_failure"": 0.06324777752161026}","{""target_heat_dissipation_failure"": 0.7277781963348389, ""target_machine_failure"": 0.6564034223556519, ""target_overstrain_failure"": 0.8109769225120544, ""target_power_failure"": 0.7111963629722595, ""target_random_failure"": -0.00818014144897461, ""target_tool_wear_failure"": -0.004086732864379883}",,,0,0,0,False
ai4i_predictive_maintenance,3,prism,10000,6400,1600,2000,5,3,6,0.10392650961875916,0.024706857278943062,0.03107849694788456,"{""target_heat_dissipation_failure"": 0.10475341230630875, ""target_machine_failure"": 0.19076304137706757, ""target_overstrain_failure"": 0.11324925720691681, ""target_power_failure"": 0.10674939304590225, ""target_random_failure"": 0.044734932482242584, ""target_tool_wear_failure"": 0.06330900639295578}","{""target_heat_dissipation_failure"": 0.14478379487991333, ""target_machine_failure"": 0.05232977867126465, ""target_overstrain_failure"": 0.0004367232322692871, ""target_power_failure"": -0.0024352073669433594, ""target_random_failure"": -0.0026123523712158203, ""target_tool_wear_failure"": -0.00603175163269043}",,,0,0,0,False
ai4i_predictive_maintenance,3,prism_z_acp_random_forest,10000,6400,1600,2000,5,3,6,0.11415740230786697,0.023307299277796373,-0.18485108972831743,"{""target_heat_dissipation_failure"": 0.11098155414382571, ""target_machine_failure"": 0.21008118774758425, ""target_overstrain_failure"": 0.12058486866543912, ""target_power_failure"": 0.11891031929944176, ""target_random_failure"": 0.04838524665332242, ""target_tool_wear_failure"": 0.0760012373375885}","{""target_heat_dissipation_failure"": 0.04006641792133814, ""target_machine_failure"": -0.1493255027962328, ""target_overstrain_failure"": -0.13324864948433857, ""target_power_failure"": -0.2438401466535376, ""target_random_failure"": -0.1729119804327406, ""target_tool_wear_failure"": -0.4498466769243932}",,,0,0,0,False
ai4i_predictive_maintenance,3,prism_z_acp_xgboost,10000,6400,1600,2000,5,3,6,0.10933863197447341,0.023368606432123875,-0.09496216092128269,"{""target_heat_dissipation_failure"": 0.11182034406379592, ""target_machine_failure"": 0.19661025953976718, ""target_overstrain_failure"": 0.11646279280257149, ""target_power_failure"": 0.11216607719012645, ""target_random_failure"": 0.048478830297770364, ""target_tool_wear_failure"": 0.0704934879528091}","{""target_heat_dissipation_failure"": 0.025501378309505274, ""target_machine_failure"": -0.00665595781697359, ""target_overstrain_failure"": -0.057094909590269305, ""target_power_failure"": -0.10674748181984217, ""target_random_failure"": -0.17745351058608416, ""target_tool_wear_failure"": -0.24732248402403223}",,,0,0,0,False
ai4i_predictive_maintenance,3,prism_z_acp_lightgbm,10000,6400,1600,2000,5,3,6,0.10878158952967114,0.025489779966265374,-0.0683411914379669,"{""target_heat_dissipation_failure"": 0.10994129777822409, ""target_machine_failure"": 0.19934792551997704, ""target_overstrain_failure"": 0.11545106259632625, ""target_power_failure"": 0.1120271854204697, ""target_random_failure"": 0.046269765707969215, ""target_tool_wear_failure"": 0.06965230015506048}","{""target_heat_dissipation_failure"": 0.05797744967152807, ""target_machine_failure"": -0.034885153183211504, ""target_overstrain_failure"": -0.03880839263345748, ""target_power_failure"": -0.10400827674149915, ""target_random_failure"": -0.07259089136234054, ""target_tool_wear_failure"": -0.21773188437882074}",,,0,0,0,False
ai4i_predictive_maintenance,3,prism_z_random_forest,10000,6400,1600,2000,5,3,6,0.11433769759736616,0.023373984205560274,-0.1884631657170823,"{""target_heat_dissipation_failure"": 0.11126954118621321, ""target_machine_failure"": 0.210430838532213, ""target_overstrain_failure"": 0.1206415920821041, ""target_power_failure"": 0.11914499239447636, ""target_random_failure"": 0.04848604821736113, ""target_tool_wear_failure"": 0.0760531731718291}","{""target_heat_dissipation_failure"": 0.035078073423890466, ""target_machine_failure"": -0.1531544699703391, ""target_overstrain_failure"": -0.13431506611163124, ""target_power_failure"": -0.24875450314094993, ""target_random_failure"": -0.17780415425431717, ""target_tool_wear_failure"": -0.45182887424914675}",,,0,0,0,False
ai4i_predictive_maintenance,3,prism_z_xgboost,10000,6400,1600,2000,5,3,6,0.10952196258950238,0.02336819640139479,-0.09530557221381686,"{""target_heat_dissipation_failure"": 0.11236918989055346, ""target_machine_failure"": 0.19659947562693497, ""target_overstrain_failure"": 0.11707961455289975, ""target_power_failure"": 0.1126370052229538, ""target_random_failure"": 0.04774875206478109, ""target_tool_wear_failure"": 0.07069773817889116}","{""target_heat_dissipation_failure"": 0.015911672565300128, ""target_machine_failure"": -0.006545532324289338, ""target_overstrain_failure"": -0.06832194294063121, ""target_power_failure"": -0.11606032489003582, ""target_random_failure"": -0.14225628118971456, ""target_tool_wear_failure"": -0.25456102450353035}",,,0,0,0,False
ai4i_predictive_maintenance,3,prism_z_lightgbm,10000,6400,1600,2000,5,3,6,0.10884086588266689,0.02548895303544821,-0.06965861212340285,"{""target_heat_dissipation_failure"": 0.10986464443303384, ""target_machine_failure"": 0.1996694452515168, ""target_overstrain_failure"": 0.1154693815535753, ""target_power_failure"": 0.11216675256297252, ""target_random_failure"": 0.046649133319170304, ""target_tool_wear_failure"": 0.06922583817573255}","{""target_heat_dissipation_failure"": 0.05929058692422151, ""target_machine_failure"": -0.03822608912299352, ""target_overstrain_failure"": -0.03913808031013133, ""target_power_failure"": -0.10676080972549329, ""target_random_failure"": -0.09025142445876866, ""target_tool_wear_failure"": -0.20286585604725182}",,,0,0,0,False
ai4i_predictive_maintenance,4,simple_mlp,10000,6400,1600,2000,5,3,6,0.09686524420976639,0.022022435441613197,0.025245150551199913,"{""target_heat_dissipation_failure"": 0.1101754754781723, ""target_machine_failure"": 0.1789611279964447, ""target_overstrain_failure"": 0.09688348323106766, ""target_power_failure"": 0.09731046110391617, ""target_random_failure"": 0.038719795644283295, ""target_tool_wear_failure"": 0.059141162782907486}","{""target_heat_dissipation_failure"": 0.1206437349319458, ""target_machine_failure"": 0.03850722312927246, ""target_overstrain_failure"": 0.002480626106262207, ""target_power_failure"": -0.006331443786621094, ""target_random_failure"": -0.0009832382202148438, ""target_tool_wear_failure"": -0.0028460025787353516}",,,0,0,0,False
ai4i_predictive_maintenance,4,random_forest,10000,6400,1600,2000,5,3,6,0.10858647260402987,0.022276590461091515,-0.23142573184663706,"{""target_heat_dissipation_failure"": 0.12526040822987725, ""target_machine_failure"": 0.20059788801881703, ""target_overstrain_failure"": 0.10409250317998245, ""target_power_failure"": 0.10989279253345607, ""target_random_failure"": 0.044160849634996904, ""target_tool_wear_failure"": 0.06751439402704955}","{""target_heat_dissipation_failure"": -0.13663930010620828, ""target_machine_failure"": -0.20804008306498245, ""target_overstrain_failure"": -0.1514916058021789, ""target_power_failure"": -0.2833951055368342, ""target_random_failure"": -0.3020734991581504, ""target_tool_wear_failure"": -0.3069147974114681}",,,0,0,0,False
ai4i_predictive_maintenance,4,xgboost,10000,6400,1600,2000,5,3,6,0.10079671873021884,0.023773362694292834,-0.06655396886919429,"{""target_heat_dissipation_failure"": 0.11839943895284809, ""target_machine_failure"": 0.1843511100813329, ""target_overstrain_failure"": 0.09668847530207475, ""target_power_failure"": 0.09885268512279988, ""target_random_failure"": 0.03971676105848933, ""target_tool_wear_failure"": 0.0667718418637681}","{""target_heat_dissipation_failure"": -0.015533633481863651, ""target_machine_failure"": -0.020281815174073792, ""target_overstrain_failure"": 0.006492167813518801, ""target_power_failure"": -0.03848182600035521, ""target_random_failure"": -0.053193832598600777, ""target_tool_wear_failure"": -0.2783248737737911}",,,0,0,0,False
ai4i_predictive_maintenance,4,lightgbm,10000,6400,1600,2000,5,3,6,0.09969757574112875,0.02517283765552517,-0.025603771291963007,"{""target_heat_dissipation_failure"": 0.11794850880741077, ""target_machine_failure"": 0.18377285988923614, ""target_overstrain_failure"": 0.09737387521077982, ""target_power_failure"": 0.09956585350592821, ""target_random_failure"": 0.039279409849436765, ""target_tool_wear_failure"": 0.06024494718398076}","{""target_heat_dissipation_failure"": -0.007812943257285543, ""target_machine_failure"": -0.013891261090473339, ""target_overstrain_failure"": -0.007643202845611485, ""target_power_failure"": -0.05352004093141716, ""target_random_failure"": -0.030126518397189717, ""target_tool_wear_failure"": -0.0406286612298008}",,,0,0,0,False
ai4i_predictive_maintenance,4,cnn_mlp,10000,6400,1600,2000,5,3,6,0.096873615503624,0.02391436556630226,0.026066934490185118,"{""target_heat_dissipation_failure"": 0.10994173121980626, ""target_machine_failure"": 0.1793907837726209, ""target_overstrain_failure"": 0.09686798419068864, ""target_power_failure"": 0.09728296459454792, ""target_random_failure"": 0.03863780119713622, ""target_tool_wear_failure"": 0.05912042804694408}","{""target_heat_dissipation_failure"": 0.1243709420899789, ""target_machine_failure"": 0.03388486296532822, ""target_overstrain_failure"": 0.002799710366453101, ""target_power_failure"": -0.005762764666532583, ""target_random_failure"": 0.0032517859301915975, ""target_tool_wear_failure"": -0.0021429297443085193}",,,0,0,0,False
ai4i_predictive_maintenance,4,ftt_mlp,10000,6400,1600,2000,5,3,6,0.09752724010345648,0.022838313036386827,0.016034978809708667,"{""target_heat_dissipation_failure"": 0.11319959844882796, ""target_machine_failure"": 0.18013579912713465, ""target_overstrain_failure"": 0.09699384919054041, ""target_power_failure"": 0.09713284028295763, ""target_random_failure"": 0.03874566413779194, ""target_tool_wear_failure"": 0.05895568943348634}","{""target_heat_dissipation_failure"": 0.0717075995539489, ""target_machine_failure"": 0.0258435889297568, ""target_overstrain_failure"": 0.00020661095399387985, ""target_power_failure"": -0.0026610306273835427, ""target_random_failure"": -0.002321112006498538, ""target_tool_wear_failure"": 0.0034342160544345024}",,,0,0,0,False
ai4i_predictive_maintenance,4,two_stage_mlp,10000,6400,1600,2000,5,3,6,0.09714570641517639,0.023159632459282875,0.021474579349160194,"{""target_heat_dissipation_failure"": 0.11089840531349182, ""target_machine_failure"": 0.1798248589038849, ""target_overstrain_failure"": 0.09688517451286316, ""target_power_failure"": 0.09742873162031174, ""target_random_failure"": 0.03872378170490265, ""target_tool_wear_failure"": 0.05911324918270111}","{""target_heat_dissipation_failure"": 0.10906583070755005, ""target_machine_failure"": 0.02920377254486084, ""target_overstrain_failure"": 0.0024457573890686035, ""target_power_failure"": -0.008779048919677734, ""target_random_failure"": -0.0011892318725585938, ""target_tool_wear_failure"": -0.0018996000289916992}",,,0,0,0,False
ai4i_predictive_maintenance,4,oracle_mlp,10000,6400,1600,2000,5,3,6,0.06547952443361282,0.010282108560204506,0.41757217049598694,"{""target_heat_dissipation_failure"": 0.06774979084730148, ""target_machine_failure"": 0.11708873510360718, ""target_overstrain_failure"": 0.053562015295028687, ""target_power_failure"": 0.05285818129777908, ""target_random_failure"": 0.039533328264951706, ""target_tool_wear_failure"": 0.0620850995182991}","{""target_heat_dissipation_failure"": 0.667485237121582, ""target_machine_failure"": 0.5884156227111816, ""target_overstrain_failure"": 0.6951152086257935, ""target_power_failure"": 0.7030752897262573, ""target_random_failure"": -0.04348790645599365, ""target_tool_wear_failure"": -0.10517048835754395}",,,0,0,0,False
ai4i_predictive_maintenance,4,prism,10000,6400,1600,2000,5,3,6,0.09683168679475784,0.022298051044344902,0.025982310995459557,"{""target_heat_dissipation_failure"": 0.11031633615493774, ""target_machine_failure"": 0.17888310551643372, ""target_overstrain_failure"": 0.09685619175434113, ""target_power_failure"": 0.09711203724145889, ""target_random_failure"": 0.038727208971977234, ""target_tool_wear_failure"": 0.05909525603055954}","{""target_heat_dissipation_failure"": 0.11839371919631958, ""target_machine_failure"": 0.03934544324874878, ""target_overstrain_failure"": 0.0030425190925598145, ""target_power_failure"": -0.0022314786911010742, ""target_random_failure"": -0.0013664960861206055, ""target_tool_wear_failure"": -0.0012898445129394531}",,,0,0,0,False
ai4i_predictive_maintenance,4,prism_z_acp_random_forest,10000,6400,1600,2000,5,3,6,0.11001099943865578,0.023491109994486087,-0.2840286087619816,"{""target_heat_dissipation_failure"": 0.12275393344642473, ""target_machine_failure"": 0.20267180006598254, ""target_overstrain_failure"": 0.10727984111765793, ""target_power_failure"": 0.11105622297484309, ""target_random_failure"": 0.04671914509643057, ""target_tool_wear_failure"": 0.0695850539305957}","{""target_heat_dissipation_failure"": -0.09160585654886955, ""target_machine_failure"": -0.23314822330430762, ""target_overstrain_failure"": -0.22308915353373626, ""target_power_failure"": -0.31071345481354173, ""target_random_failure"": -0.4573049271312273, ""target_tool_wear_failure"": -0.3883100372402073}",,,0,0,0,False
ai4i_predictive_maintenance,4,prism_z_acp_xgboost,10000,6400,1600,2000,5,3,6,0.10535083525061943,0.023156002669704166,-0.21381495214682367,"{""target_heat_dissipation_failure"": 0.12449994320828126, ""target_machine_failure"": 0.18926462404144415, ""target_overstrain_failure"": 0.10183714160371272, ""target_power_failure"": 0.10167588835950284, ""target_random_failure"": 0.05032464158713274, ""target_tool_wear_failure"": 0.06450277270364282}","{""target_heat_dissipation_failure"": -0.12287995504006877, ""target_machine_failure"": -0.07539379131301138, ""target_overstrain_failure"": -0.10213367791442729, ""target_power_failure"": -0.0986463336654948, ""target_random_failure"": -0.6909160251674469, ""target_tool_wear_failure"": -0.19291992978049288}",,,0,0,0,False
ai4i_predictive_maintenance,4,prism_z_acp_lightgbm,10000,6400,1600,2000,5,3,6,0.10455636390496102,0.025397943562294186,-0.13792801161558302,"{""target_heat_dissipation_failure"": 0.12473626887288745, ""target_machine_failure"": 0.19143744764124224, ""target_overstrain_failure"": 0.1019354191742305, ""target_power_failure"": 0.10286230165366048, ""target_random_failure"": 0.04229990725147244, ""target_tool_wear_failure"": 0.06406683883627289}","{""target_heat_dissipation_failure"": -0.1271469001152603, ""target_machine_failure"": -0.10022731470169854, ""target_overstrain_failure"": -0.10426192470252071, ""target_power_failure"": -0.12443520720435086, ""target_random_failure"": -0.19464670410628737, ""target_tool_wear_failure"": -0.17685001886338036}",,,0,0,0,False
ai4i_predictive_maintenance,4,prism_z_random_forest,10000,6400,1600,2000,5,3,6,0.11011244834228436,0.02356338285832535,-0.29108948981052324,"{""target_heat_dissipation_failure"": 0.12253058608893404, ""target_machine_failure"": 0.20258260163551275, ""target_overstrain_failure"": 0.10745945429592688, ""target_power_failure"": 0.11120547781974482, ""target_random_failure"": 0.04742293184414105, ""target_tool_wear_failure"": 0.06947363836944666}","{""target_heat_dissipation_failure"": -0.08763717747900635, ""target_machine_failure"": -0.23206301380849115, ""target_overstrain_failure"": -0.22718809383522798, ""target_power_failure"": -0.31423890863491, ""target_random_failure"": -0.5015419120833766, ""target_tool_wear_failure"": -0.38386783302212724}",,,0,0,0,False
ai4i_predictive_maintenance,4,prism_z_xgboost,10000,6400,1600,2000,5,3,6,0.10563720634554892,0.023223669361455108,-0.2454706417710515,"{""target_heat_dissipation_failure"": 0.12402648865116206, ""target_machine_failure"": 0.18860460813917806, ""target_overstrain_failure"": 0.10207047398440411, ""target_power_failure"": 0.101773329327333, ""target_random_failure"": 0.05357875699314535, ""target_tool_wear_failure"": 0.06376958097807102}","{""target_heat_dissipation_failure"": -0.1143559066160833, ""target_machine_failure"": -0.06790650290085876, ""target_overstrain_failure"": -0.10718994876555432, ""target_power_failure"": -0.10075311553717325, ""target_random_failure"": -0.9166637401758402, ""target_tool_wear_failure"": -0.16595463663079912}",,,0,0,0,False
ai4i_predictive_maintenance,4,prism_z_lightgbm,10000,6400,1600,2000,5,3,6,0.10454846874404476,0.025310220320751618,-0.13674177551200664,"{""target_heat_dissipation_failure"": 0.12470066017577112, ""target_machine_failure"": 0.19129725455645058, ""target_overstrain_failure"": 0.10238628984345646, ""target_power_failure"": 0.10303966739718814, ""target_random_failure"": 0.04228772022615549, ""target_tool_wear_failure"": 0.06357922026524682}","{""target_heat_dissipation_failure"": -0.12650345448310274, ""target_machine_failure"": -0.09861647225475823, ""target_overstrain_failure"": -0.11405205265437801, ""target_power_failure"": -0.12831628370425974, ""target_random_failure"": -0.19395842400121222, ""target_tool_wear_failure"": -0.15900396597432898}",,,0,0,0,False
ai4i_predictive_maintenance,5,simple_mlp,10000,6400,1600,2000,5,3,6,0.10412348061800003,0.025423564016819,0.034898389130830765,"{""target_heat_dissipation_failure"": 0.10982003808021545, ""target_machine_failure"": 0.191421240568161, ""target_overstrain_failure"": 0.10875996202230453, ""target_power_failure"": 0.09963653981685638, ""target_random_failure"": 0.03161332756280899, ""target_tool_wear_failure"": 0.08348976820707321}","{""target_heat_dissipation_failure"": 0.15600764751434326, ""target_machine_failure"": 0.05706816911697388, ""target_overstrain_failure"": 0.0023001432418823242, ""target_power_failure"": -0.002771615982055664, ""target_random_failure"": -0.00040268898010253906, ""target_tool_wear_failure"": -0.0028113126754760742}",,,0,0,0,False
ai4i_predictive_maintenance,5,random_forest,10000,6400,1600,2000,5,3,6,0.11365107103359783,0.02400467734301601,-0.1621625525149615,"{""target_heat_dissipation_failure"": 0.11940732950986346, ""target_machine_failure"": 0.20834300239074371, ""target_overstrain_failure"": 0.11737700778875422, ""target_power_failure"": 0.1115400303251849, ""target_random_failure"": 0.03592354004804325, ""target_tool_wear_failure"": 0.08931551613899735}","{""target_heat_dissipation_failure"": 0.002214157580462617, ""target_machine_failure"": -0.11701202247962206, ""target_overstrain_failure"": -0.16205829349924317, ""target_power_failure"": -0.2566844896358398, ""target_random_failure"": -0.291792274235831, ""target_tool_wear_failure"": -0.1476423928196957}",,,0,0,0,False
ai4i_predictive_maintenance,5,xgboost,10000,6400,1600,2000,5,3,6,0.1063138248724944,0.025784194145354645,-0.013829137330913935,"{""target_heat_dissipation_failure"": 0.11468266130859496, ""target_machine_failure"": 0.19393759395610802, ""target_overstrain_failure"": 0.10908741283771814, ""target_power_failure"": 0.10254426039776789, ""target_random_failure"": 0.03319852213189475, ""target_tool_wear_failure"": 0.08443249860288259}","{""target_heat_dissipation_failure"": 0.07961211962869363, ""target_machine_failure"": 0.03211442503078066, ""target_overstrain_failure"": -0.003716654052783319, ""target_power_failure"": -0.062153911091614056, ""target_random_failure"": -0.10324490516767093, ""target_tool_wear_failure"": -0.0255858983328896}",,,0,0,0,False
ai4i_predictive_maintenance,5,lightgbm,10000,6400,1600,2000,5,3,6,0.10629797476423393,0.02748249926713819,-0.015289299217890684,"{""target_heat_dissipation_failure"": 0.11332633926593139, ""target_machine_failure"": 0.19366003964229092, ""target_overstrain_failure"": 0.11030506601095201, ""target_power_failure"": 0.10250319037683449, ""target_random_failure"": 0.03326191870639907, ""target_tool_wear_failure"": 0.08473129458299575}","{""target_heat_dissipation_failure"": 0.10125376005336573, ""target_machine_failure"": 0.034882826743116824, ""target_overstrain_failure"": -0.02624904024927832, ""target_power_failure"": -0.061303274546393505, ""target_random_failure"": -0.10746248622946575, ""target_tool_wear_failure"": -0.03285758107868908}",,,0,0,0,False
ai4i_predictive_maintenance,5,cnn_mlp,10000,6400,1600,2000,5,3,6,0.10414745622202594,0.024684818326998162,0.03466018961200601,"{""target_heat_dissipation_failure"": 0.10989173380032477, ""target_machine_failure"": 0.19145737450147918, ""target_overstrain_failure"": 0.1087980669396064, ""target_power_failure"": 0.09967646957862786, ""target_random_failure"": 0.031599991065850805, ""target_tool_wear_failure"": 0.08346110144626677}","{""target_heat_dissipation_failure"": 0.15490522410656982, ""target_machine_failure"": 0.05671221907242652, ""target_overstrain_failure"": 0.0016008455412470646, ""target_power_failure"": -0.0035754602347979336, ""target_random_failure"": 0.0004411974395539531, ""target_tool_wear_failure"": -0.002122888252963362}",,,0,0,0,False
ai4i_predictive_maintenance,5,ftt_mlp,10000,6400,1600,2000,5,3,6,0.10482753746431633,0.023231294217616587,0.024543878064929175,"{""target_heat_dissipation_failure"": 0.11210108727086637, ""target_machine_failure"": 0.1930516695376946, ""target_overstrain_failure"": 0.10885870420455204, ""target_power_failure"": 0.0997704754255508, ""target_random_failure"": 0.031718327658344876, ""target_tool_wear_failure"": 0.08346496068888928}","{""target_heat_dissipation_failure"": 0.12058267778737075, ""target_machine_failure"": 0.04093700490904151, ""target_overstrain_failure"": 0.00048764442618620674, ""target_power_failure"": -0.0054693164056580645, ""target_random_failure"": -0.007059175576000776, ""target_tool_wear_failure"": -0.002215566751364584}",,,0,0,0,False
ai4i_predictive_maintenance,5,two_stage_mlp,10000,6400,1600,2000,5,3,6,0.10427948087453842,0.025017574429512024,0.032728493213653564,"{""target_heat_dissipation_failure"": 0.11054927855730057, ""target_machine_failure"": 0.1916467398405075, ""target_overstrain_failure"": 0.10878991335630417, ""target_power_failure"": 0.09963124990463257, ""target_random_failure"": 0.03161714971065521, ""target_tool_wear_failure"": 0.08344251662492752}","{""target_heat_dissipation_failure"": 0.1447615623474121, ""target_machine_failure"": 0.054845333099365234, ""target_overstrain_failure"": 0.0017504692077636719, ""target_power_failure"": -0.0026650428771972656, ""target_random_failure"": -0.000644683837890625, ""target_tool_wear_failure"": -0.0016766786575317383}",,,0,0,0,False
ai4i_predictive_maintenance,5,oracle_mlp,10000,6400,1600,2000,5,3,6,0.07020487636327744,0.012162421829998493,0.4577599763870239,"{""target_heat_dissipation_failure"": 0.06022540107369423, ""target_machine_failure"": 0.12573693692684174, ""target_overstrain_failure"": 0.060809701681137085, ""target_power_failure"": 0.06217431649565697, ""target_random_failure"": 0.030419884249567986, ""target_tool_wear_failure"": 0.08186302334070206}","{""target_heat_dissipation_failure"": 0.7461748123168945, ""target_machine_failure"": 0.5931580662727356, ""target_overstrain_failure"": 0.688105583190918, ""target_power_failure"": 0.6095308065414429, ""target_random_failure"": 0.07370448112487793, ""target_tool_wear_failure"": 0.03588604927062988}",,,0,0,0,False
ai4i_predictive_maintenance,5,prism,10000,6400,1600,2000,5,3,6,0.10395831614732742,0.024439433589577675,0.037140000611543655,"{""target_heat_dissipation_failure"": 0.1090940609574318, ""target_machine_failure"": 0.19113561511039734, ""target_overstrain_failure"": 0.10880159586668015, ""target_power_failure"": 0.0996471419930458, ""target_random_failure"": 0.0316200852394104, ""target_tool_wear_failure"": 0.08345141261816025}","{""target_heat_dissipation_failure"": 0.16712933778762817, ""target_machine_failure"": 0.05988013744354248, ""target_overstrain_failure"": 0.0015361309051513672, ""target_power_failure"": -0.0029851198196411133, ""target_random_failure"": -0.0008302927017211914, ""target_tool_wear_failure"": -0.0018901824951171875}",,,0,0,0,False
ai4i_predictive_maintenance,5,prism_z_acp_random_forest,10000,6400,1600,2000,5,3,6,0.11184025297426897,0.022944879070737487,-0.12619779449721485,"{""target_heat_dissipation_failure"": 0.11089024444651387, ""target_machine_failure"": 0.20585731549457056, ""target_overstrain_failure"": 0.11933666865993574, ""target_power_failure"": 0.11258919306876142, ""target_random_failure"": 0.035003516534492955, ""target_tool_wear_failure"": 0.08736457964133934}","{""target_heat_dissipation_failure"": 0.13947786153997221, ""target_machine_failure"": -0.09051745333588945, ""target_overstrain_failure"": -0.20118435362180498, ""target_power_failure"": -0.2804368123316474, ""target_random_failure"": -0.22647240708690664, ""target_tool_wear_failure"": -0.09805360214701286}",,,0,0,0,False
ai4i_predictive_maintenance,5,prism_z_acp_xgboost,10000,6400,1600,2000,5,3,6,0.10804318493095838,0.02365713770120031,-0.05789525709394474,"{""target_heat_dissipation_failure"": 0.11327548842904944, ""target_machine_failure"": 0.19413498506056628, ""target_overstrain_failure"": 0.11476985869961258, ""target_power_failure"": 0.10599947434267457, ""target_random_failure"": 0.03424068316159068, ""target_tool_wear_failure"": 0.08583861989225675}","{""target_heat_dissipation_failure"": 0.10206013472733066, ""target_machine_failure"": 0.030143180304088912, ""target_overstrain_failure"": -0.11100890560087473, ""target_power_failure"": -0.1349380635500277, ""target_random_failure"": -0.17359775616336526, ""target_tool_wear_failure"": -0.060030132280820325}",,,0,0,0,False
ai4i_predictive_maintenance,5,prism_z_acp_lightgbm,10000,6400,1600,2000,5,3,6,0.10873490789684871,0.02589829962133536,-0.07237385795169393,"{""target_heat_dissipation_failure"": 0.11405859654426324, ""target_machine_failure"": 0.19813781796140784, ""target_overstrain_failure"": 0.11353912082360898, ""target_power_failure"": 0.10556996864128496, ""target_random_failure"": 0.03516913616515174, ""target_tool_wear_failure"": 0.08593480724537558}","{""target_heat_dissipation_failure"": 0.08960175263025705, ""target_machine_failure"": -0.010263732475851883, ""target_overstrain_failure"": -0.08730879321905394, ""target_power_failure"": -0.12575924860096954, ""target_random_failure"": -0.23810600727953402, ""target_tool_wear_failure"": -0.06240711876501126}",,,0,0,0,False
ai4i_predictive_maintenance,5,prism_z_random_forest,10000,6400,1600,2000,5,3,6,0.11189736563527598,0.02300228949040099,-0.12632798852887042,"{""target_heat_dissipation_failure"": 0.11106616808512296, ""target_machine_failure"": 0.20598158780850842, ""target_overstrain_failure"": 0.1194316703623238, ""target_power_failure"": 0.1125257101281843, ""target_random_failure"": 0.034913993455036624, ""target_tool_wear_failure"": 0.08746506397247983}","{""target_heat_dissipation_failure"": 0.13674531692343483, ""target_machine_failure"": -0.09183450182463249, ""target_overstrain_failure"": -0.20309759591349463, ""target_power_failure"": -0.2789932816427563, ""target_random_failure"": -0.22020691199065223, ""target_tool_wear_failure"": -0.10058095672512168}",,,0,0,0,False
ai4i_predictive_maintenance,5,prism_z_xgboost,10000,6400,1600,2000,5,3,6,0.10770525840187596,0.023583449054699005,-0.055272583952712784,"{""target_heat_dissipation_failure"": 0.1108041982430987, ""target_machine_failure"": 0.1944640567907868, ""target_overstrain_failure"": 0.11443175759626192, ""target_power_failure"": 0.10594316129387887, ""target_random_failure"": 0.034577649733554525, ""target_tool_wear_failure"": 0.08601072675367502}","{""target_heat_dissipation_failure"": 0.14081280196785106, ""target_machine_failure"": 0.02685244984699109, ""target_overstrain_failure"": -0.1044726938986249, ""target_power_failure"": -0.1337324944446805, ""target_random_failure"": -0.1968104421236636, ""target_tool_wear_failure"": -0.06428512506414985}",,,0,0,0,False
ai4i_predictive_maintenance,5,prism_z_lightgbm,10000,6400,1600,2000,5,3,6,0.108721398301158,0.025825070579016413,-0.07273685535407017,"{""target_heat_dissipation_failure"": 0.11448011896180689, ""target_machine_failure"": 0.19753785218657155, ""target_overstrain_failure"": 0.1131433125918501, ""target_power_failure"": 0.10595603167916318, ""target_random_failure"": 0.03512997262271953, ""target_tool_wear_failure"": 0.08608110176483674}","{""target_heat_dissipation_failure"": 0.08286026371730892, ""target_machine_failure"": -0.0041547928375746945, ""target_overstrain_failure"": -0.07974108229106269, ""target_power_failure"": -0.13400797159969557, ""target_random_failure"": -0.235350089760332, ""target_tool_wear_failure"": -0.06602745935306498}",,,0,0,0,False
sensorless_drive_diagnosis,1,simple_mlp,58509,37445,9362,11702,16,32,11,0.03415730223059654,0.004896135535091162,0.9812731146812439,"{""target_drive_class_1"": 0.04362553730607033, ""target_drive_class_10"": 0.052056897431612015, ""target_drive_class_11"": 0.003211935982108116, ""target_drive_class_2"": 0.05394352972507477, ""target_drive_class_3"": 0.022253401577472687, ""target_drive_class_4"": 0.011017436161637306, ""target_drive_class_5"": 0.05345946177840233, ""target_drive_class_6"": 0.042283978313207626, ""target_drive_class_7"": 0.0022791100200265646, ""target_drive_class_8"": 0.04890144243836403, ""target_drive_class_9"": 0.04269760474562645}","{""target_drive_class_1"": 0.9783214330673218, ""target_drive_class_10"": 0.9666208028793335, ""target_drive_class_11"": 0.9998746514320374, ""target_drive_class_2"": 0.9657483696937561, ""target_drive_class_3"": 0.9939680099487305, ""target_drive_class_4"": 0.9985327124595642, ""target_drive_class_5"": 0.9651590585708618, ""target_drive_class_6"": 0.9777069091796875, ""target_drive_class_7"": 0.9999375939369202, ""target_drive_class_8"": 0.9705702066421509, ""target_drive_class_9"": 0.977563738822937}",,,0,0,0,False
sensorless_drive_diagnosis,1,random_forest,58509,37445,9362,11702,16,32,11,0.045032364643433076,0.006983271141755589,0.968992531113821,"{""target_drive_class_1"": 0.05672873686661261, ""target_drive_class_10"": 0.05274099717203889, ""target_drive_class_11"": 7.661274705236351e-09, ""target_drive_class_2"": 0.05684451216326783, ""target_drive_class_3"": 0.03994983427190922, ""target_drive_class_4"": 0.0316710515518342, ""target_drive_class_5"": 0.06273096914944082, ""target_drive_class_6"": 0.06839531739739671, ""target_drive_class_7"": 0.004472497271148305, ""target_drive_class_8"": 0.05043387291712927, ""target_drive_class_9"": 0.07138821465571125}","{""target_drive_class_1"": 0.9633430943805934, ""target_drive_class_10"": 0.9657377359200547, ""target_drive_class_11"": 0.9999999999999993, ""target_drive_class_2"": 0.9619653018068324, ""target_drive_class_3"": 0.9805598425356865, ""target_drive_class_4"": 0.9878751491274745, ""target_drive_class_5"": 0.9520261650415968, ""target_drive_class_6"": 0.9416728153578614, ""target_drive_class_7"": 0.999759623356363, ""target_drive_class_8"": 0.9686968092390391, ""target_drive_class_9"": 0.9372813054865287}",,,0,0,0,False
sensorless_drive_diagnosis,1,xgboost,58509,37445,9362,11702,16,32,11,0.05968917870557529,0.022578241535837647,0.9440206921273675,"{""target_drive_class_1"": 0.07410176562714285, ""target_drive_class_10"": 0.06296649842421105, ""target_drive_class_11"": 0.0005661342780689234, ""target_drive_class_2"": 0.0733105948476148, ""target_drive_class_3"": 0.05515325593935733, ""target_drive_class_4"": 0.026526266322832583, ""target_drive_class_5"": 0.08992336271337048, ""target_drive_class_6"": 0.10369819285098032, ""target_drive_class_7"": 0.008596790382375508, ""target_drive_class_8"": 0.07432835715144681, ""target_drive_class_9"": 0.08740974722392757}","{""target_drive_class_1"": 0.9374529708725534, ""target_drive_class_10"": 0.951164181580872, ""target_drive_class_11"": 0.9999961059721209, ""target_drive_class_2"": 0.9367389532336611, ""target_drive_class_3"": 0.9629479598476278, ""target_drive_class_4"": 0.9914944247610569, ""target_drive_class_5"": 0.9014207475036128, ""target_drive_class_6"": 0.8659210341243858, ""target_drive_class_7"": 0.9991118940635666, ""target_drive_class_8"": 0.9320087483730808, ""target_drive_class_9"": 0.9059705930685046}",,,0,0,0,False
sensorless_drive_diagnosis,1,lightgbm,58509,37445,9362,11702,16,32,11,0.040463828273480704,0.008040757296171302,0.9759802920363388,"{""target_drive_class_1"": 0.045911698659940735, ""target_drive_class_10"": 0.05120217016744726, ""target_drive_class_11"": 0.0013032060825065577, ""target_drive_class_2"": 0.053499316237316887, ""target_drive_class_3"": 0.039944917308322433, ""target_drive_class_4"": 0.026324624795441995, ""target_drive_class_5"": 0.056202389177968444, ""target_drive_class_6"": 0.051500508452965395, ""target_drive_class_7"": 0.010269776323016871, ""target_drive_class_8"": 0.049904647165938384, ""target_drive_class_9"": 0.05903885663742269}","{""target_drive_class_1"": 0.97598977130335, ""target_drive_class_10"": 0.967707912400183, ""target_drive_class_11"": 0.9999793658610484, ""target_drive_class_2"": 0.9663101288604743, ""target_drive_class_3"": 0.9805646275700073, ""target_drive_class_4"": 0.9916232448907941, ""target_drive_class_5"": 0.9614920855491982, ""target_drive_class_6"": 0.9669294582694745, ""target_drive_class_7"": 0.9987325989348899, ""target_drive_class_8"": 0.969350319825873, ""target_drive_class_9"": 0.9571036989344357}",,,0,0,0,False
sensorless_drive_diagnosis,1,cnn_mlp,58509,37445,9362,11702,16,32,11,0.057870054698446055,0.011785640535380478,0.949066628549483,"{""target_drive_class_1"": 0.0745752056668739, ""target_drive_class_10"": 0.08604865266658808, ""target_drive_class_11"": 0.008160524349945273, ""target_drive_class_2"": 0.08891832127503901, ""target_drive_class_3"": 0.04610090432170173, ""target_drive_class_4"": 0.028310078188801976, ""target_drive_class_5"": 0.07894839231948907, ""target_drive_class_6"": 0.06888423740383728, ""target_drive_class_7"": 0.0055824577193417805, ""target_drive_class_8"": 0.07168651962993387, ""target_drive_class_9"": 0.07935530814135465}","{""target_drive_class_1"": 0.9366511852507181, ""target_drive_class_10"": 0.9087973339415035, ""target_drive_class_11"": 0.9991909110234244, ""target_drive_class_2"": 0.906935211062486, ""target_drive_class_3"": 0.9741125839445328, ""target_drive_class_4"": 0.9903120123375249, ""target_drive_class_5"": 0.924015147695467, ""target_drive_class_6"": 0.9408359377521862, ""target_drive_class_7"": 0.9996255076217291, ""target_drive_class_8"": 0.9367560538532241, ""target_drive_class_9"": 0.9225010295615159}",,,0,0,0,False
sensorless_drive_diagnosis,1,ftt_mlp,58509,37445,9362,11702,16,32,11,0.053048619785975394,0.009309336404948299,0.9574308812161756,"{""target_drive_class_1"": 0.06913957870339059, ""target_drive_class_10"": 0.07962149553513514, ""target_drive_class_11"": 0.005896204799996629, ""target_drive_class_2"": 0.08058018177281115, ""target_drive_class_3"": 0.034162565884868164, ""target_drive_class_4"": 0.026262686734372508, ""target_drive_class_5"": 0.06862573810985581, ""target_drive_class_6"": 0.07453867466303064, ""target_drive_class_7"": 0.01255266176387394, ""target_drive_class_8"": 0.06278850905488204, ""target_drive_class_9"": 0.06936652062351276}","{""target_drive_class_1"": 0.945549354582208, ""target_drive_class_10"": 0.9219127648253476, ""target_drive_class_11"": 0.999577618124604, ""target_drive_class_2"": 0.9235707896720515, ""target_drive_class_3"": 0.985784217216238, ""target_drive_class_4"": 0.991662617120832, ""target_drive_class_5"": 0.9425864369696539, ""target_drive_class_6"": 0.9307241905990858, ""target_drive_class_7"": 0.9981065067910584, ""target_drive_class_8"": 0.9514818414312437, ""target_drive_class_9"": 0.9407833560456061}",,,0,0,0,False
sensorless_drive_diagnosis,1,two_stage_mlp,58509,37445,9362,11702,16,32,11,0.04571574553847313,0.006299255415797234,0.9679718613624573,"{""target_drive_class_1"": 0.049756959080696106, ""target_drive_class_10"": 0.06602916121482849, ""target_drive_class_11"": 0.0025356325786560774, ""target_drive_class_2"": 0.06748892366886139, ""target_drive_class_3"": 0.03220820426940918, ""target_drive_class_4"": 0.023978766053915024, ""target_drive_class_5"": 0.07084004580974579, ""target_drive_class_6"": 0.05418827012181282, ""target_drive_class_7"": 0.009529207833111286, ""target_drive_class_8"": 0.06474790722131729, ""target_drive_class_9"": 0.06157009303569794}","{""target_drive_class_1"": 0.9717994928359985, ""target_drive_class_10"": 0.9462979435920715, ""target_drive_class_11"": 0.9999218583106995, ""target_drive_class_2"": 0.9463872909545898, ""target_drive_class_3"": 0.9873641729354858, ""target_drive_class_4"": 0.993049681186676, ""target_drive_class_5"": 0.9388216137886047, ""target_drive_class_6"": 0.9633875489234924, ""target_drive_class_7"": 0.9989088177680969, ""target_drive_class_8"": 0.948406457901001, ""target_drive_class_9"": 0.9533465504646301}",,,0,0,0,False
sensorless_drive_diagnosis,1,oracle_mlp,58509,37445,9362,11702,16,32,11,0.02018693834543228,0.001647028955630958,0.9943225979804993,"{""target_drive_class_1"": 0.025043321773409843, ""target_drive_class_10"": 0.0237346813082695, ""target_drive_class_11"": 0.001500720507465303, ""target_drive_class_2"": 0.02579554170370102, ""target_drive_class_3"": 0.022458968684077263, ""target_drive_class_4"": 0.013026382774114609, ""target_drive_class_5"": 0.028941769152879715, ""target_drive_class_6"": 0.027979927137494087, ""target_drive_class_7"": 0.012272429652512074, ""target_drive_class_8"": 0.021825915202498436, ""target_drive_class_9"": 0.019476674497127533}","{""target_drive_class_1"": 0.9928561449050903, ""target_drive_class_10"": 0.9930611848831177, ""target_drive_class_11"": 0.9999726414680481, ""target_drive_class_2"": 0.9921676516532898, ""target_drive_class_3"": 0.9938560128211975, ""target_drive_class_4"": 0.9979488253593445, ""target_drive_class_5"": 0.9897884726524353, ""target_drive_class_6"": 0.990238606929779, ""target_drive_class_7"": 0.9981901049613953, ""target_drive_class_8"": 0.9941374063491821, ""target_drive_class_9"": 0.9953315258026123}",,,0,0,0,False
sensorless_drive_diagnosis,1,prism,58509,37445,9362,11702,16,32,11,0.03845897689461708,0.0065521299839019775,0.9762501120567322,"{""target_drive_class_1"": 0.048683661967515945, ""target_drive_class_10"": 0.054563216865062714, ""target_drive_class_11"": 0.0024716132320463657, ""target_drive_class_2"": 0.05475643649697304, ""target_drive_class_3"": 0.025844424962997437, ""target_drive_class_4"": 0.014129286631941795, ""target_drive_class_5"": 0.06007402017712593, ""target_drive_class_6"": 0.04621793329715729, ""target_drive_class_7"": 0.0015867759939283133, ""target_drive_class_8"": 0.056442055851221085, ""target_drive_class_9"": 0.05827935039997101}","{""target_drive_class_1"": 0.9730029702186584, ""target_drive_class_10"": 0.9633293151855469, ""target_drive_class_11"": 0.9999257922172546, ""target_drive_class_2"": 0.9647082686424255, ""target_drive_class_3"": 0.9918641448020935, ""target_drive_class_4"": 0.9975867867469788, ""target_drive_class_5"": 0.9560039639472961, ""target_drive_class_6"": 0.973365843296051, ""target_drive_class_7"": 0.9999697208404541, ""target_drive_class_8"": 0.9607942700386047, ""target_drive_class_9"": 0.9582002758979797}",,,0,0,0,False
sensorless_drive_diagnosis,1,prism_z_acp_random_forest,58509,37445,9362,11702,16,32,11,0.06399669717714845,0.01476997309374574,0.9446211461186148,"{""target_drive_class_1"": 0.06756951131946154, ""target_drive_class_10"": 0.07978393130291876, ""target_drive_class_11"": 0.015239436549541949, ""target_drive_class_2"": 0.08023429250012745, ""target_drive_class_3"": 0.04957582184126587, ""target_drive_class_4"": 0.05364286185102714, ""target_drive_class_5"": 0.0843597595479699, ""target_drive_class_6"": 0.0817666280192395, ""target_drive_class_7"": 0.0357545307698241, ""target_drive_class_8"": 0.0803697344953466, ""target_drive_class_9"": 0.07566716075191011}","{""target_drive_class_1"": 0.9479942779898861, ""target_drive_class_10"": 0.9215938283776419, ""target_drive_class_11"": 0.9971783835781017, ""target_drive_class_2"": 0.9242255240055384, ""target_drive_class_3"": 0.9700629047456274, ""target_drive_class_4"": 0.9652163367192189, ""target_drive_class_5"": 0.9132416849638301, ""target_drive_class_6"": 0.9166375534250428, ""target_drive_class_7"": 0.9846377699604765, ""target_drive_class_8"": 0.9205069728559641, ""target_drive_class_9"": 0.9295373706834343}",,,0,0,0,False
sensorless_drive_diagnosis,1,prism_z_acp_xgboost,58509,37445,9362,11702,16,32,11,0.0687195824408312,0.025096052655991928,0.9362074774651592,"{""target_drive_class_1"": 0.071167722238457, ""target_drive_class_10"": 0.08400689316534828, ""target_drive_class_11"": 0.020203758480222017, ""target_drive_class_2"": 0.08812906386373692, ""target_drive_class_3"": 0.05744789336299855, ""target_drive_class_4"": 0.059609275094561286, ""target_drive_class_5"": 0.09305248674208859, ""target_drive_class_6"": 0.08826808155647589, ""target_drive_class_7"": 0.031223075229715937, ""target_drive_class_8"": 0.08277876919890348, ""target_drive_class_9"": 0.08002838791663532}","{""target_drive_class_1"": 0.9423079851516993, ""target_drive_class_10"": 0.913074092858764, ""target_drive_class_11"": 0.995040653066564, ""target_drive_class_2"": 0.9085800033943495, ""target_drive_class_3"": 0.9598007426921223, ""target_drive_class_4"": 0.9570484223725704, ""target_drive_class_5"": 0.8944407222797874, ""target_drive_class_6"": 0.9028538372185015, ""target_drive_class_7"": 0.9882849688084878, ""target_drive_class_8"": 0.9156700393222578, ""target_drive_class_9"": 0.9211807849516459}",,,0,0,0,False
sensorless_drive_diagnosis,1,prism_z_acp_lightgbm,58509,37445,9362,11702,16,32,11,0.05884050525196545,0.01643791262545349,0.9530342567517749,"{""target_drive_class_1"": 0.05963224557543762, ""target_drive_class_10"": 0.07378880120175285, ""target_drive_class_11"": 0.019833542700231983, ""target_drive_class_2"": 0.07872861517014028, ""target_drive_class_3"": 0.04891469229064001, ""target_drive_class_4"": 0.048401117186473566, ""target_drive_class_5"": 0.0800151994965682, ""target_drive_class_6"": 0.07314377720792493, ""target_drive_class_7"": 0.023879246466374546, ""target_drive_class_8"": 0.07208772575701114, ""target_drive_class_9"": 0.06882059471906489}","{""target_drive_class_1"": 0.9594946954389371, ""target_drive_class_10"": 0.932934325914778, ""target_drive_class_11"": 0.995220739034833, ""target_drive_class_2"": 0.9270428077966022, ""target_drive_class_3"": 0.9708560464535714, ""target_drive_class_4"": 0.9716820238565979, ""target_drive_class_5"": 0.9219477499494876, ""target_drive_class_6"": 0.9332927490412702, ""target_drive_class_7"": 0.9931477478708265, ""target_drive_class_8"": 0.9360461612976408, ""target_drive_class_9"": 0.9417117776149778}",,,0,0,0,False
sensorless_drive_diagnosis,1,prism_z_random_forest,58509,37445,9362,11702,16,32,11,0.06658913793103827,0.01566896467342808,0.9396459198109116,"{""target_drive_class_1"": 0.06972558103325895, ""target_drive_class_10"": 0.0833878059296431, ""target_drive_class_11"": 0.014882225373209209, ""target_drive_class_2"": 0.08310363248298766, ""target_drive_class_3"": 0.05336088468898071, ""target_drive_class_4"": 0.054494286951326375, ""target_drive_class_5"": 0.08957153477257819, ""target_drive_class_6"": 0.08301423161684171, ""target_drive_class_7"": 0.03501960263519913, ""target_drive_class_8"": 0.08715621178949973, ""target_drive_class_9"": 0.07876451996789616}","{""target_drive_class_1"": 0.9446224346633112, ""target_drive_class_10"": 0.9143505696871731, ""target_drive_class_11"": 0.9973091102252158, ""target_drive_class_2"": 0.9187089184669086, ""target_drive_class_3"": 0.9653170638090492, ""target_drive_class_4"": 0.9641033940244856, ""target_drive_class_5"": 0.9021906272175568, ""target_drive_class_6"": 0.9140742403177109, ""target_drive_class_7"": 0.9852628153155087, ""target_drive_class_8"": 0.9065152740261504, ""target_drive_class_9"": 0.9236506701669565}",,,0,0,0,False
sensorless_drive_diagnosis,1,prism_z_xgboost,58509,37445,9362,11702,16,32,11,0.07153891966667829,0.026400583767709596,0.9302316681269315,"{""target_drive_class_1"": 0.07213447153202958, ""target_drive_class_10"": 0.08877107414362838, ""target_drive_class_11"": 0.01991234997479485, ""target_drive_class_2"": 0.09173115679444861, ""target_drive_class_3"": 0.06262485072161868, ""target_drive_class_4"": 0.06007616120337431, ""target_drive_class_5"": 0.09774548787049915, ""target_drive_class_6"": 0.08872829210376651, ""target_drive_class_7"": 0.02910369408005135, ""target_drive_class_8"": 0.09100354523737446, ""target_drive_class_9"": 0.08509703267187531}","{""target_drive_class_1"": 0.9407299514412496, ""target_drive_class_10"": 0.9029350724836545, ""target_drive_class_11"": 0.9951826834221817, ""target_drive_class_2"": 0.9009540715082416, ""target_drive_class_3"": 0.9522291221984649, ""target_drive_class_4"": 0.956372956052327, ""target_drive_class_5"": 0.8835246887421796, ""target_drive_class_6"": 0.9018381985861664, ""target_drive_class_7"": 0.9898213933433612, ""target_drive_class_8"": 0.8980797239441106, ""target_drive_class_9"": 0.91088048767431}",,,0,0,0,False
sensorless_drive_diagnosis,1,prism_z_lightgbm,58509,37445,9362,11702,16,32,11,0.06191373842097661,0.017633511580027652,0.9478111018581675,"{""target_drive_class_1"": 0.06415615018038855, ""target_drive_class_10"": 0.07754971950739141, ""target_drive_class_11"": 0.017636469771639678, ""target_drive_class_2"": 0.08301024204905456, ""target_drive_class_3"": 0.053362332002092575, ""target_drive_class_4"": 0.04937804048783647, ""target_drive_class_5"": 0.08323354502987068, ""target_drive_class_6"": 0.07522900382350864, ""target_drive_class_7"": 0.02653365610125154, ""target_drive_class_8"": 0.07929026608998918, ""target_drive_class_9"": 0.07167169758771946}","{""target_drive_class_1"": 0.953115837249399, ""target_drive_class_10"": 0.9259236035449547, ""target_drive_class_11"": 0.9962209427531813, ""target_drive_class_2"": 0.9188915228460461, ""target_drive_class_3"": 0.9653151823653907, ""target_drive_class_4"": 0.9705273530133866, ""target_drive_class_5"": 0.9155426934926351, ""target_drive_class_6"": 0.9294350728362949, ""target_drive_class_7"": 0.9915396897320653, ""target_drive_class_8"": 0.9226280185779016, ""target_drive_class_9"": 0.9367822040285894}",,,0,0,0,False
sensorless_drive_diagnosis,2,simple_mlp,58509,37445,9362,11702,16,32,11,0.035883430391550064,0.005250036250799894,0.9801256656646729,"{""target_drive_class_1"": 0.045505985617637634, ""target_drive_class_10"": 0.058566197752952576, ""target_drive_class_11"": 0.004887094721198082, ""target_drive_class_2"": 0.05981576815247536, ""target_drive_class_3"": 0.02067716047167778, ""target_drive_class_4"": 0.017147818580269814, ""target_drive_class_5"": 0.04975922405719757, ""target_drive_class_6"": 0.043082620948553085, ""target_drive_class_7"": 0.008733830414712429, ""target_drive_class_8"": 0.043214719742536545, ""target_drive_class_9"": 0.04332730919122696}","{""target_drive_class_1"": 0.9756252765655518, ""target_drive_class_10"": 0.9559116959571838, ""target_drive_class_11"": 0.9997158646583557, ""target_drive_class_2"": 0.957290768623352, ""target_drive_class_3"": 0.9947609305381775, ""target_drive_class_4"": 0.996460497379303, ""target_drive_class_5"": 0.9714152216911316, ""target_drive_class_6"": 0.9759000539779663, ""target_drive_class_7"": 0.9990786910057068, ""target_drive_class_8"": 0.9777262806892395, ""target_drive_class_9"": 0.9774978160858154}",,,0,0,0,False
sensorless_drive_diagnosis,2,random_forest,58509,37445,9362,11702,16,32,11,0.04504784032343782,0.0069404914493489366,0.9675462079958614,"{""target_drive_class_1"": 0.06105207749229615, ""target_drive_class_10"": 0.05305207471249305, ""target_drive_class_11"": 6.039266395205068e-09, ""target_drive_class_2"": 0.056792156155319774, ""target_drive_class_3"": 0.04292782248701237, ""target_drive_class_4"": 0.017567138755343763, ""target_drive_class_5"": 0.06441958771713227, ""target_drive_class_6"": 0.07347546597600572, ""target_drive_class_7"": 0.0032646908152082193, ""target_drive_class_8"": 0.04937371380654615, ""target_drive_class_9"": 0.07360150960119217}","{""target_drive_class_1"": 0.9561263512591677, ""target_drive_class_10"": 0.9638228787961584, ""target_drive_class_11"": 0.9999999999999996, ""target_drive_class_2"": 0.961499456520573, ""target_drive_class_3"": 0.9774186197196566, ""target_drive_class_4"": 0.9962853019195705, ""target_drive_class_5"": 0.9520902715223859, ""target_drive_class_6"": 0.9299035468319369, ""target_drive_class_7"": 0.9998712732843178, ""target_drive_class_8"": 0.9709249384917367, ""target_drive_class_9"": 0.9350656496089732}",,,0,0,0,False
sensorless_drive_diagnosis,2,xgboost,58509,37445,9362,11702,16,32,11,0.05910052234022929,0.02223906964879195,0.9442893293771942,"{""target_drive_class_1"": 0.07356123482258865, ""target_drive_class_10"": 0.061840760813162136, ""target_drive_class_11"": 0.00038762334854171727, ""target_drive_class_2"": 0.06891340049160971, ""target_drive_class_3"": 0.05465553711956692, ""target_drive_class_4"": 0.021047657900779636, ""target_drive_class_5"": 0.08986544352129282, ""target_drive_class_6"": 0.10448558559640593, ""target_drive_class_7"": 0.010241018332238996, ""target_drive_class_8"": 0.07335749860526948, ""target_drive_class_9"": 0.09174998519106622}","{""target_drive_class_1"": 0.9363056541094158, ""target_drive_class_10"": 0.950843731504744, ""target_drive_class_11"": 0.9999982124093602, ""target_drive_class_2"": 0.9433111683378476, ""target_drive_class_3"": 0.9633949420387149, ""target_drive_class_4"": 0.9946675227566288, ""target_drive_class_5"": 0.9067662244328184, ""target_drive_class_6"": 0.8582496605180936, ""target_drive_class_7"": 0.9987333084856842, ""target_drive_class_8"": 0.9358172856990832, ""target_drive_class_9"": 0.8990949128567461}",,,0,0,0,False
sensorless_drive_diagnosis,2,lightgbm,58509,37445,9362,11702,16,32,11,0.03945850029184167,0.00800384857671408,0.9768501134282704,"{""target_drive_class_1"": 0.046450685220712655, ""target_drive_class_10"": 0.04800296715673341, ""target_drive_class_11"": 0.002237188734176478, ""target_drive_class_2"": 0.05229674568359536, ""target_drive_class_3"": 0.03722187273357876, ""target_drive_class_4"": 0.02260960962845162, ""target_drive_class_5"": 0.058380719156887216, ""target_drive_class_6"": 0.05299726222453124, ""target_drive_class_7"": 0.008883448573180968, ""target_drive_class_8"": 0.04564588600267181, ""target_drive_class_9"": 0.05931711809573881}","{""target_drive_class_1"": 0.9746027256656318, ""target_drive_class_10"": 0.9703813387068857, ""target_drive_class_11"": 0.9999404538809447, ""target_drive_class_2"": 0.9673532860121974, ""target_drive_class_3"": 0.9830226772338758, ""target_drive_class_4"": 0.9938467071297177, ""target_drive_class_5"": 0.9606516334417913, ""target_drive_class_6"": 0.9635314735462682, ""target_drive_class_7"": 0.9990468796129472, ""target_drive_class_8"": 0.9751496600574365, ""target_drive_class_9"": 0.957824412423279}",,,0,0,0,False
sensorless_drive_diagnosis,2,cnn_mlp,58509,37445,9362,11702,16,32,11,0.07269348937137084,0.015375194179870566,0.9205892495344294,"{""target_drive_class_1"": 0.08828476012136774, ""target_drive_class_10"": 0.10188201581114395, ""target_drive_class_11"": 0.008769813160204459, ""target_drive_class_2"": 0.10684863305879222, ""target_drive_class_3"": 0.05243483573958752, ""target_drive_class_4"": 0.035822489883479476, ""target_drive_class_5"": 0.10658468598466402, ""target_drive_class_6"": 0.09521515106933523, ""target_drive_class_7"": 0.016490014248347933, ""target_drive_class_8"": 0.09640837009174083, ""target_drive_class_9"": 0.09088761391641584}","{""target_drive_class_1"": 0.9082567030935673, ""target_drive_class_10"": 0.8665789610462988, ""target_drive_class_11"": 0.9990849835626735, ""target_drive_class_2"": 0.8637212672240202, ""target_drive_class_3"": 0.9663091018104345, ""target_drive_class_4"": 0.9845533966142982, ""target_drive_class_5"": 0.8688472360158701, ""target_drive_class_6"": 0.8822872604878863, ""target_drive_class_7"": 0.9967158223906987, ""target_drive_class_8"": 0.889144171342106, ""target_drive_class_9"": 0.9009828412908698}",,,0,0,0,False
sensorless_drive_diagnosis,2,ftt_mlp,58509,37445,9362,11702,16,32,11,0.0519852684882355,0.008371670506424796,0.9613416162471974,"{""target_drive_class_1"": 0.05543540267692647, ""target_drive_class_10"": 0.07780515995732513, ""target_drive_class_11"": 0.008887338550153764, ""target_drive_class_2"": 0.07886285497336609, ""target_drive_class_3"": 0.030013529687492584, ""target_drive_class_4"": 0.037048198983283404, ""target_drive_class_5"": 0.06833358634929833, ""target_drive_class_6"": 0.06575533437045882, ""target_drive_class_7"": 0.027562239896971104, ""target_drive_class_8"": 0.05901157951396732, ""target_drive_class_9"": 0.06312272841134746}","{""target_drive_class_1"": 0.9638276042716919, ""target_drive_class_10"": 0.9221880929075301, ""target_drive_class_11"": 0.999060294729597, ""target_drive_class_2"": 0.9257604832929034, ""target_drive_class_3"": 0.9889615800804443, ""target_drive_class_4"": 0.9834782647250845, ""target_drive_class_5"": 0.9460916230751787, ""target_drive_class_6"": 0.9438598813013847, ""target_drive_class_7"": 0.9908248411721912, ""target_drive_class_8"": 0.9584660218721698, ""target_drive_class_9"": 0.9522390912909972}",,,0,0,0,False
sensorless_drive_diagnosis,2,two_stage_mlp,58509,37445,9362,11702,16,32,11,0.04732407256960869,0.006254620384424925,0.9669314026832581,"{""target_drive_class_1"": 0.05900079384446144, ""target_drive_class_10"": 0.06402917206287384, ""target_drive_class_11"": 0.0028218538500368595, ""target_drive_class_2"": 0.06754659861326218, ""target_drive_class_3"": 0.03233565762639046, ""target_drive_class_4"": 0.02576575241982937, ""target_drive_class_5"": 0.07050883024930954, ""target_drive_class_6"": 0.05971298739314079, ""target_drive_class_7"": 0.018239222466945648, ""target_drive_class_8"": 0.06197209656238556, ""target_drive_class_9"": 0.05863184481859207}","{""target_drive_class_1"": 0.9590250253677368, ""target_drive_class_10"": 0.9473031163215637, ""target_drive_class_11"": 0.9999052882194519, ""target_drive_class_2"": 0.9455375671386719, ""target_drive_class_3"": 0.9871874451637268, ""target_drive_class_4"": 0.9920088648796082, ""target_drive_class_5"": 0.9426048994064331, ""target_drive_class_6"": 0.9537034034729004, ""target_drive_class_7"": 0.9959821105003357, ""target_drive_class_8"": 0.9541940689086914, ""target_drive_class_9"": 0.9587932825088501}",,,0,0,0,False
sensorless_drive_diagnosis,2,oracle_mlp,58509,37445,9362,11702,16,32,11,0.020568789914250374,0.0024300208315253258,0.9936443567276001,"{""target_drive_class_1"": 0.025532487779855728, ""target_drive_class_10"": 0.03254557400941849, ""target_drive_class_11"": 0.002099617151543498, ""target_drive_class_2"": 0.03279845044016838, ""target_drive_class_3"": 0.017826324328780174, ""target_drive_class_4"": 0.010366016998887062, ""target_drive_class_5"": 0.02494840882718563, ""target_drive_class_6"": 0.029461035504937172, ""target_drive_class_7"": 0.0068698786199092865, ""target_drive_class_8"": 0.020596303045749664, ""target_drive_class_9"": 0.023212609812617302}","{""target_drive_class_1"": 0.992326557636261, ""target_drive_class_10"": 0.98638516664505, ""target_drive_class_11"": 0.9999475479125977, ""target_drive_class_2"": 0.9871590733528137, ""target_drive_class_3"": 0.996105968952179, ""target_drive_class_4"": 0.998706579208374, ""target_drive_class_5"": 0.9928142428398132, ""target_drive_class_6"": 0.9887304306030273, ""target_drive_class_7"": 0.9994300007820129, ""target_drive_class_8"": 0.9949405193328857, ""target_drive_class_9"": 0.9935412406921387}",,,0,0,0,False
sensorless_drive_diagnosis,2,prism,58509,37445,9362,11702,16,32,11,0.034466590732336044,0.007323116064071655,0.9811044335365295,"{""target_drive_class_1"": 0.048861198127269745, ""target_drive_class_10"": 0.055823102593421936, ""target_drive_class_11"": 0.0032636472024023533, ""target_drive_class_2"": 0.05812074616551399, ""target_drive_class_3"": 0.026897016912698746, ""target_drive_class_4"": 0.008387299254536629, ""target_drive_class_5"": 0.046759624034166336, ""target_drive_class_6"": 0.04424341022968292, ""target_drive_class_7"": 0.006709056440740824, ""target_drive_class_8"": 0.040606290102005005, ""target_drive_class_9"": 0.03946108743548393}","{""target_drive_class_1"": 0.9718983769416809, ""target_drive_class_10"": 0.9599449634552002, ""target_drive_class_11"": 0.9998732805252075, ""target_drive_class_2"": 0.9596770405769348, ""target_drive_class_3"": 0.9911349415779114, ""target_drive_class_4"": 0.9991532564163208, ""target_drive_class_5"": 0.9747576713562012, ""target_drive_class_6"": 0.9745839238166809, ""target_drive_class_7"": 0.9994563460350037, ""target_drive_class_8"": 0.9803340435028076, ""target_drive_class_9"": 0.9813345074653625}",,,0,0,0,False
sensorless_drive_diagnosis,2,prism_z_acp_random_forest,58509,37445,9362,11702,16,32,11,0.06190570039907472,0.013599284931049154,0.9478915636416669,"{""target_drive_class_1"": 0.06063037927987099, ""target_drive_class_10"": 0.0787349949412364, ""target_drive_class_11"": 0.023135827651437436, ""target_drive_class_2"": 0.08477188392964208, ""target_drive_class_3"": 0.06331842787332792, ""target_drive_class_4"": 0.03936001385146596, ""target_drive_class_5"": 0.08731751490966806, ""target_drive_class_6"": 0.07305307995515968, ""target_drive_class_7"": 0.026386402332840016, ""target_drive_class_8"": 0.07508595098960791, ""target_drive_class_9"": 0.06916822867556541}","{""target_drive_class_1"": 0.9567303452111825, ""target_drive_class_10"": 0.920317148423744, ""target_drive_class_11"": 0.9936317765329178, ""target_drive_class_2"": 0.914218464647751, ""target_drive_class_3"": 0.9508715556824033, ""target_drive_class_4"": 0.9813520136194815, ""target_drive_class_5"": 0.9119781359255454, ""target_drive_class_6"": 0.930707152741693, ""target_drive_class_7"": 0.9915909887331068, ""target_drive_class_8"": 0.93275710191403, ""target_drive_class_9"": 0.9426525166264805}",,,0,0,0,False
sensorless_drive_diagnosis,2,prism_z_acp_xgboost,58509,37445,9362,11702,16,32,11,0.06786363158329334,0.02396656986162046,0.9368728518557016,"{""target_drive_class_1"": 0.06945396551244759, ""target_drive_class_10"": 0.08275056786390186, ""target_drive_class_11"": 0.01944130896046202, ""target_drive_class_2"": 0.0875121299489138, ""target_drive_class_3"": 0.06273433676058747, ""target_drive_class_4"": 0.049947683850213094, ""target_drive_class_5"": 0.09849436684604859, ""target_drive_class_6"": 0.08660180416325738, ""target_drive_class_7"": 0.027710349082995474, ""target_drive_class_8"": 0.0837698588370065, ""target_drive_class_9"": 0.07808357559039276}","{""target_drive_class_1"": 0.9432197952265757, ""target_drive_class_10"": 0.9119820548787457, ""target_drive_class_11"": 0.995503245082461, ""target_drive_class_2"": 0.9085830654936172, ""target_drive_class_3"": 0.9517737617407847, ""target_drive_class_4"": 0.9699702189029284, ""target_drive_class_5"": 0.8880019108558337, ""target_drive_class_6"": 0.9026210191691885, ""target_drive_class_7"": 0.9907259684761169, ""target_drive_class_8"": 0.9163040161896557, ""target_drive_class_9"": 0.9269163143968089}",,,0,0,0,False
sensorless_drive_diagnosis,2,prism_z_acp_lightgbm,58509,37445,9362,11702,16,32,11,0.05721872502120522,0.015512599016041066,0.9553887547877508,"{""target_drive_class_1"": 0.0621889545950599, ""target_drive_class_10"": 0.07182859893236061, ""target_drive_class_11"": 0.017972393470598307, ""target_drive_class_2"": 0.0745637996415691, ""target_drive_class_3"": 0.05234761159206955, ""target_drive_class_4"": 0.040586139837084506, ""target_drive_class_5"": 0.0790849972853632, ""target_drive_class_6"": 0.07019375817396072, ""target_drive_class_7"": 0.023617020884487114, ""target_drive_class_8"": 0.0707785397468294, ""target_drive_class_9"": 0.06624416107387511}","{""target_drive_class_1"": 0.9544771574089317, ""target_drive_class_10"": 0.9336831254182564, ""target_drive_class_11"": 0.9961570914454845, ""target_drive_class_2"": 0.9336339137506606, ""target_drive_class_3"": 0.9664210966564414, ""target_drive_class_4"": 0.9801720893640595, ""target_drive_class_5"": 0.9277935430174231, ""target_drive_class_6"": 0.9360252885380933, ""target_drive_class_7"": 0.9932634924425789, ""target_drive_class_8"": 0.9402507788977591, ""target_drive_class_9"": 0.9473987257255683}",,,0,0,0,False
sensorless_drive_diagnosis,2,prism_z_random_forest,58509,37445,9362,11702,16,32,11,0.06373092410514646,0.014155211678824026,0.9445469235815319,"{""target_drive_class_1"": 0.06299512747151143, ""target_drive_class_10"": 0.08159529088095543, ""target_drive_class_11"": 0.02301058197265175, ""target_drive_class_2"": 0.08701724684704899, ""target_drive_class_3"": 0.06387085211250877, ""target_drive_class_4"": 0.039480567838201586, ""target_drive_class_5"": 0.09057890445211192, ""target_drive_class_6"": 0.0749582575578277, ""target_drive_class_7"": 0.027141058114517728, ""target_drive_class_8"": 0.07981360008353473, ""target_drive_class_9"": 0.07057867782574098}","{""target_drive_class_1"": 0.9532892566719877, ""target_drive_class_10"": 0.9144225286562335, ""target_drive_class_11"": 0.9937005385933462, ""target_drive_class_2"": 0.9096140717678514, ""target_drive_class_3"": 0.9500105698589633, ""target_drive_class_4"": 0.9812376065516425, ""target_drive_class_5"": 0.905279942129279, ""target_drive_class_6"": 0.9270457981090741, ""target_drive_class_7"": 0.9911031119888652, ""target_drive_class_8"": 0.9240228755263634, ""target_drive_class_9"": 0.9402898595432431}",,,0,0,0,False
sensorless_drive_diagnosis,2,prism_z_xgboost,58509,37445,9362,11702,16,32,11,0.06959898743927996,0.024589303286039244,0.9334170746640491,"{""target_drive_class_1"": 0.07243631407589411, ""target_drive_class_10"": 0.0849866899987491, ""target_drive_class_11"": 0.017565113313707185, ""target_drive_class_2"": 0.08952063754701156, ""target_drive_class_3"": 0.06666332265823816, ""target_drive_class_4"": 0.05095309648531171, ""target_drive_class_5"": 0.1006009633101724, ""target_drive_class_6"": 0.08776167815875725, ""target_drive_class_7"": 0.028586437862265498, ""target_drive_class_8"": 0.08697625685957701, ""target_drive_class_9"": 0.07953835156239576}","{""target_drive_class_1"": 0.938238825464853, ""target_drive_class_10"": 0.9071608640765385, ""target_drive_class_11"": 0.9963292895715551, ""target_drive_class_2"": 0.9043386559429658, ""target_drive_class_3"": 0.9455438820992341, ""target_drive_class_4"": 0.9687490933427882, ""target_drive_class_5"": 0.8831598499040187, ""target_drive_class_6"": 0.8999951221445162, ""target_drive_class_7"": 0.9901302839744054, ""target_drive_class_8"": 0.9097742547308132, ""target_drive_class_9"": 0.9241677000528521}",,,0,0,0,False
sensorless_drive_diagnosis,2,prism_z_lightgbm,58509,37445,9362,11702,16,32,11,0.05915987283411203,0.016289322709546528,0.952000184583591,"{""target_drive_class_1"": 0.06555563770649353, ""target_drive_class_10"": 0.0733483609033927, ""target_drive_class_11"": 0.01747168435805384, ""target_drive_class_2"": 0.07771548835580308, ""target_drive_class_3"": 0.05406620510655598, ""target_drive_class_4"": 0.040171092137880414, ""target_drive_class_5"": 0.08409021916371867, ""target_drive_class_6"": 0.07067876645858881, ""target_drive_class_7"": 0.02380112611072036, ""target_drive_class_8"": 0.07516183086766924, ""target_drive_class_9"": 0.06869819000635569}","{""target_drive_class_1"": 0.94941486036101, ""target_drive_class_10"": 0.9308471495549244, ""target_drive_class_11"": 0.9963682347872611, ""target_drive_class_2"": 0.9279049734105446, ""target_drive_class_3"": 0.9641800858318558, ""target_drive_class_4"": 0.980575549744361, ""target_drive_class_5"": 0.9183645490212673, ""target_drive_class_6"": 0.9351381594892499, ""target_drive_class_7"": 0.9931580549013461, ""target_drive_class_8"": 0.9326211254495479, ""target_drive_class_9"": 0.9434292878681337}",,,0,0,0,False
sensorless_drive_diagnosis,3,simple_mlp,58509,37445,9362,11702,16,32,11,0.03655260428786278,0.004528659861534834,0.9787449240684509,"{""target_drive_class_1"": 0.04679122194647789, ""target_drive_class_10"": 0.050653278827667236, ""target_drive_class_11"": 0.0024059112183749676, ""target_drive_class_2"": 0.0524212010204792, ""target_drive_class_3"": 0.02165396511554718, ""target_drive_class_4"": 0.01616024225950241, ""target_drive_class_5"": 0.059718456119298935, ""target_drive_class_6"": 0.04787018895149231, ""target_drive_class_7"": 0.0019458665046840906, ""target_drive_class_8"": 0.05626721680164337, ""target_drive_class_9"": 0.04619111865758896}","{""target_drive_class_1"": 0.974207878112793, ""target_drive_class_10"": 0.9693983793258667, ""target_drive_class_11"": 0.9999303817749023, ""target_drive_class_2"": 0.9679421186447144, ""target_drive_class_3"": 0.9942492842674255, ""target_drive_class_4"": 0.996757984161377, ""target_drive_class_5"": 0.9558432102203369, ""target_drive_class_6"": 0.9713519811630249, ""target_drive_class_7"": 0.9999534487724304, ""target_drive_class_8"": 0.9619225859642029, ""target_drive_class_9"": 0.9746367335319519}",,,0,0,0,False
sensorless_drive_diagnosis,3,random_forest,58509,37445,9362,11702,16,32,11,0.04659320856135854,0.0070098904008346705,0.9668229851425214,"{""target_drive_class_1"": 0.06298679211000024, ""target_drive_class_10"": 0.053325908429433286, ""target_drive_class_11"": 0.004837804705023785, ""target_drive_class_2"": 0.0553657465011194, ""target_drive_class_3"": 0.0437490413180694, ""target_drive_class_4"": 0.023761464181485847, ""target_drive_class_5"": 0.06896856978379448, ""target_drive_class_6"": 0.07151299512826656, ""target_drive_class_7"": 0.0024264960093349666, ""target_drive_class_8"": 0.05754604135747201, ""target_drive_class_9"": 0.06804443465094404}","{""target_drive_class_1"": 0.9532634178305268, ""target_drive_class_10"": 0.9660839258077331, ""target_drive_class_11"": 0.9997185162922457, ""target_drive_class_2"": 0.964239567277442, ""target_drive_class_3"": 0.976526204580336, ""target_drive_class_4"": 0.9929908873915324, ""target_drive_class_5"": 0.9411043777064276, ""target_drive_class_6"": 0.9360656682109202, ""target_drive_class_7"": 0.9999276017456706, ""target_drive_class_8"": 0.9601720911186293, ""target_drive_class_9"": 0.9449605786062726}",,,0,0,0,False
sensorless_drive_diagnosis,3,xgboost,58509,37445,9362,11702,16,32,11,0.05906391139321818,0.02230202772356197,0.9437084080520418,"{""target_drive_class_1"": 0.07752601198342236, ""target_drive_class_10"": 0.06159513791848773, ""target_drive_class_11"": 0.003092021249455572, ""target_drive_class_2"": 0.06522006676203027, ""target_drive_class_3"": 0.056657388041634144, ""target_drive_class_4"": 0.020379832721042705, ""target_drive_class_5"": 0.09344090823152333, ""target_drive_class_6"": 0.10430579600817048, ""target_drive_class_7"": 0.0018144796979073325, ""target_drive_class_8"": 0.07717796376609722, ""target_drive_class_9"": 0.08849341894562872}","{""target_drive_class_1"": 0.9291968048814667, ""target_drive_class_10"": 0.9547496528392783, ""target_drive_class_11"": 0.9998850149078383, ""target_drive_class_2"": 0.9503770105994194, ""target_drive_class_3"": 0.9606305513771104, ""target_drive_class_4"": 0.9948439410907237, ""target_drive_class_5"": 0.8918927856049339, ""target_drive_class_6"": 0.8639867936742941, ""target_drive_class_7"": 0.9999595169562041, ""target_drive_class_8"": 0.9283620367042249, ""target_drive_class_9"": 0.9069083799369657}",,,0,0,0,False
sensorless_drive_diagnosis,3,lightgbm,58509,37445,9362,11702,16,32,11,0.04023909167736374,0.007908541381679216,0.9760417021720713,"{""target_drive_class_1"": 0.05247792305773325, ""target_drive_class_10"": 0.0486755116117915, ""target_drive_class_11"": 0.00634842762242311, ""target_drive_class_2"": 0.049782154086000605, ""target_drive_class_3"": 0.03436262084219965, ""target_drive_class_4"": 0.02318377642687938, ""target_drive_class_5"": 0.060391357422164185, ""target_drive_class_6"": 0.056626127804726645, ""target_drive_class_7"": 0.005140563861505659, ""target_drive_class_8"": 0.052257741966289906, ""target_drive_class_9"": 0.0533838037492873}","{""target_drive_class_1"": 0.9675577291825808, ""target_drive_class_10"": 0.9717414351812987, ""target_drive_class_11"": 0.9995152822281561, ""target_drive_class_2"": 0.9710886870360147, ""target_drive_class_3"": 0.9855183250859089, ""target_drive_class_4"": 0.9933275550293083, ""target_drive_class_5"": 0.9548424722311959, ""target_drive_class_6"": 0.9599135197854114, ""target_drive_class_7"": 0.9996750695220638, ""target_drive_class_8"": 0.9671558612502369, ""target_drive_class_9"": 0.9661227873606083}",,,0,0,0,False
sensorless_drive_diagnosis,3,cnn_mlp,58509,37445,9362,11702,16,32,11,0.06937770191836552,0.015147443302987673,0.9268588612707455,"{""target_drive_class_1"": 0.09654221751613294, ""target_drive_class_10"": 0.09144138779706809, ""target_drive_class_11"": 0.0048218673668911655, ""target_drive_class_2"": 0.09241350757237354, ""target_drive_class_3"": 0.05450698085799959, ""target_drive_class_4"": 0.027656140562334064, ""target_drive_class_5"": 0.09655666257986105, ""target_drive_class_6"": 0.10464432633403649, ""target_drive_class_7"": 0.014441545349363415, ""target_drive_class_8"": 0.08596504947054234, ""target_drive_class_9"": 0.09416503569541809}","{""target_drive_class_1"": 0.890202485613844, ""target_drive_class_10"": 0.900272560463784, ""target_drive_class_11"": 0.9997203678393618, ""target_drive_class_2"": 0.9003697192534625, ""target_drive_class_3"": 0.9635623392417136, ""target_drive_class_4"": 0.9905048946346796, ""target_drive_class_5"": 0.8845629905274294, ""target_drive_class_6"": 0.8631024839429913, ""target_drive_class_7"": 0.9974355379976699, ""target_drive_class_8"": 0.9111207394465364, ""target_drive_class_9"": 0.8945933550167275}",,,0,0,0,False
sensorless_drive_diagnosis,3,ftt_mlp,58509,37445,9362,11702,16,32,11,0.05259606083074195,0.00840269636225814,0.9574004805884058,"{""target_drive_class_1"": 0.06304054435464199, ""target_drive_class_10"": 0.07123036040388331, ""target_drive_class_11"": 0.006252125989312812, ""target_drive_class_2"": 0.07321585290996452, ""target_drive_class_3"": 0.03934695094682339, ""target_drive_class_4"": 0.020571767823749004, ""target_drive_class_5"": 0.08569950138253568, ""target_drive_class_6"": 0.07116844522367945, ""target_drive_class_7"": 0.007753169095270851, ""target_drive_class_8"": 0.07732303792012547, ""target_drive_class_9"": 0.0629549130881749}","{""target_drive_class_1"": 0.9531836148097733, ""target_drive_class_10"": 0.9394855159291772, ""target_drive_class_11"": 0.9995298764141392, ""target_drive_class_2"": 0.9374639138216916, ""target_drive_class_3"": 0.9810124731203628, ""target_drive_class_4"": 0.9947463653334578, ""target_drive_class_5"": 0.909063724002647, ""target_drive_class_6"": 0.9366802558397266, ""target_drive_class_7"": 0.9992608587438012, ""target_drive_class_8"": 0.9280924627406999, ""target_drive_class_9"": 0.9528862257169863}",,,0,0,0,False
sensorless_drive_diagnosis,3,two_stage_mlp,58509,37445,9362,11702,16,32,11,0.045541469007730484,0.007079772185534239,0.9689973592758179,"{""target_drive_class_1"": 0.05755966901779175, ""target_drive_class_10"": 0.06690772622823715, ""target_drive_class_11"": 0.00797419622540474, ""target_drive_class_2"": 0.06849439442157745, ""target_drive_class_3"": 0.03389192745089531, ""target_drive_class_4"": 0.022998100146651268, ""target_drive_class_5"": 0.06761777400970459, ""target_drive_class_6"": 0.05417007580399513, ""target_drive_class_7"": 0.007223169319331646, ""target_drive_class_8"": 0.06199343502521515, ""target_drive_class_9"": 0.0521257147192955}","{""target_drive_class_1"": 0.9609703421592712, ""target_drive_class_10"": 0.9466073513031006, ""target_drive_class_11"": 0.999235212802887, ""target_drive_class_2"": 0.9452693462371826, ""target_drive_class_3"": 0.9859123229980469, ""target_drive_class_4"": 0.9934340119361877, ""target_drive_class_5"": 0.943388819694519, ""target_drive_class_6"": 0.963315486907959, ""target_drive_class_7"": 0.9993584752082825, ""target_drive_class_8"": 0.953778088092804, ""target_drive_class_9"": 0.967700719833374}",,,0,0,0,False
sensorless_drive_diagnosis,3,oracle_mlp,58509,37445,9362,11702,16,32,11,0.020749390125274658,0.0022756869439035654,0.9932669997215271,"{""target_drive_class_1"": 0.025341615080833435, ""target_drive_class_10"": 0.04124315455555916, ""target_drive_class_11"": 0.0034509014803916216, ""target_drive_class_2"": 0.0407860241830349, ""target_drive_class_3"": 0.01595248095691204, ""target_drive_class_4"": 0.00751367537304759, ""target_drive_class_5"": 0.018001021817326546, ""target_drive_class_6"": 0.024346675723791122, ""target_drive_class_7"": 0.012265780009329319, ""target_drive_class_8"": 0.01593482680618763, ""target_drive_class_9"": 0.02340712398290634}","{""target_drive_class_1"": 0.9924346804618835, ""target_drive_class_10"": 0.9797123074531555, ""target_drive_class_11"": 0.9998567700386047, ""target_drive_class_2"": 0.9805936813354492, ""target_drive_class_3"": 0.9968789219856262, ""target_drive_class_4"": 0.999299168586731, ""target_drive_class_5"": 0.9959878921508789, ""target_drive_class_6"": 0.9925895929336548, ""target_drive_class_7"": 0.9981500506401062, ""target_drive_class_8"": 0.9969460964202881, ""target_drive_class_9"": 0.9934869408607483}",,,0,0,0,False
sensorless_drive_diagnosis,3,prism,58509,37445,9362,11702,16,32,11,0.03678641468286514,0.006025331094861031,0.9793382883071899,"{""target_drive_class_1"": 0.048694908618927, ""target_drive_class_10"": 0.04724501445889473, ""target_drive_class_11"": 0.007701163645833731, ""target_drive_class_2"": 0.04890008270740509, ""target_drive_class_3"": 0.03235796093940735, ""target_drive_class_4"": 0.016483167186379433, ""target_drive_class_5"": 0.06213683634996414, ""target_drive_class_6"": 0.04508231207728386, ""target_drive_class_7"": 0.002258094260469079, ""target_drive_class_8"": 0.05584077164530754, ""target_drive_class_9"": 0.03795026242733002}","{""target_drive_class_1"": 0.9720665216445923, ""target_drive_class_10"": 0.9733780026435852, ""target_drive_class_11"": 0.9992867112159729, ""target_drive_class_2"": 0.9721041321754456, ""target_drive_class_3"": 0.9871587157249451, ""target_drive_class_4"": 0.996627151966095, ""target_drive_class_5"": 0.9521943926811218, ""target_drive_class_6"": 0.9745916128158569, ""target_drive_class_7"": 0.9999372959136963, ""target_drive_class_8"": 0.9624975919723511, ""target_drive_class_9"": 0.9828794002532959}",,,0,0,0,False
sensorless_drive_diagnosis,3,prism_z_acp_random_forest,58509,37445,9362,11702,16,32,11,0.06068437816895116,0.012929985941431587,0.9504726242531799,"{""target_drive_class_1"": 0.0693736770197409, ""target_drive_class_10"": 0.07044950222450529, ""target_drive_class_11"": 0.021777552030321105, ""target_drive_class_2"": 0.07590727538995652, ""target_drive_class_3"": 0.05550324588740629, ""target_drive_class_4"": 0.04169229811197923, ""target_drive_class_5"": 0.08474559057728161, ""target_drive_class_6"": 0.07704846749289623, ""target_drive_class_7"": 0.0266096354729558, ""target_drive_class_8"": 0.07372018282800541, ""target_drive_class_9"": 0.07070073282341444}","{""target_drive_class_1"": 0.9433046557601596, ""target_drive_class_10"": 0.9408050157707097, ""target_drive_class_11"": 0.9942960630284998, ""target_drive_class_2"": 0.93278174221766, ""target_drive_class_3"": 0.9622181692988971, ""target_drive_class_4"": 0.9784211493327458, ""target_drive_class_5"": 0.9110768587414494, ""target_drive_class_6"": 0.9257849122891415, ""target_drive_class_7"": 0.9912934362937553, ""target_drive_class_8"": 0.934637387082919, ""target_drive_class_9"": 0.9405794769690408}",,,0,0,0,False
sensorless_drive_diagnosis,3,prism_z_acp_xgboost,58509,37445,9362,11702,16,32,11,0.0673368468226529,0.02395957319967381,0.9380881098189839,"{""target_drive_class_1"": 0.07280128170576908, ""target_drive_class_10"": 0.07666967390522354, ""target_drive_class_11"": 0.01682417397522823, ""target_drive_class_2"": 0.08354370103699534, ""target_drive_class_3"": 0.06460489908937847, ""target_drive_class_4"": 0.050416143598512826, ""target_drive_class_5"": 0.09971088412600229, ""target_drive_class_6"": 0.0864631151294878, ""target_drive_class_7"": 0.02968233864119113, ""target_drive_class_8"": 0.08406712921341083, ""target_drive_class_9"": 0.07592197462798245}","{""target_drive_class_1"": 0.9375638638214286, ""target_drive_class_10"": 0.9298905946304269, ""target_drive_class_11"": 0.9965957292038348, ""target_drive_class_2"": 0.9185768561039678, ""target_drive_class_3"": 0.9488109418497418, ""target_drive_class_4"": 0.9684458935493473, ""target_drive_class_5"": 0.8768978298526394, ""target_drive_class_6"": 0.9065399622718591, ""target_drive_class_7"": 0.9891665904186165, ""target_drive_class_8"": 0.9150019363722228, ""target_drive_class_9"": 0.9314790099347383}",,,0,0,0,False
sensorless_drive_diagnosis,3,prism_z_acp_lightgbm,58509,37445,9362,11702,16,32,11,0.05714247530483477,0.015513560240689218,0.9553837597453753,"{""target_drive_class_1"": 0.06572770275551806, ""target_drive_class_10"": 0.06483282906800386, ""target_drive_class_11"": 0.015192780479701993, ""target_drive_class_2"": 0.07091919018522863, ""target_drive_class_3"": 0.053785576812029307, ""target_drive_class_4"": 0.04028066525435154, ""target_drive_class_5"": 0.08286351877328725, ""target_drive_class_6"": 0.07504944339050255, ""target_drive_class_7"": 0.02480010746836769, ""target_drive_class_8"": 0.0719352283023938, ""target_drive_class_9"": 0.0631801858637978}","{""target_drive_class_1"": 0.949107372242302, ""target_drive_class_10"": 0.9498675421250313, ""target_drive_class_11"": 0.997223925458086, ""target_drive_class_2"": 0.9413256913370806, ""target_drive_class_3"": 0.9645204669917088, ""target_drive_class_4"": 0.9798576605930769, ""target_drive_class_5"": 0.9149826981375966, ""target_drive_class_6"": 0.9295859788491072, ""target_drive_class_7"": 0.9924373142027654, ""target_drive_class_8"": 0.937764261055788, ""target_drive_class_9"": 0.9525484462065852}",,,0,0,0,False
sensorless_drive_diagnosis,3,prism_z_random_forest,58509,37445,9362,11702,16,32,11,0.06360571791080086,0.01418675107620062,0.9448640119534403,"{""target_drive_class_1"": 0.07086892381998802, ""target_drive_class_10"": 0.0731600665243634, ""target_drive_class_11"": 0.02165920481776741, ""target_drive_class_2"": 0.07796113944801702, ""target_drive_class_3"": 0.05898023101858675, ""target_drive_class_4"": 0.04217327999925657, ""target_drive_class_5"": 0.0932533983620867, ""target_drive_class_6"": 0.07942042092048833, ""target_drive_class_7"": 0.025596976275618365, ""target_drive_class_8"": 0.08438553423596931, ""target_drive_class_9"": 0.07220372159666749}","{""target_drive_class_1"": 0.9408343494517267, ""target_drive_class_10"": 0.9361622994996701, ""target_drive_class_11"": 0.9943578891528444, ""target_drive_class_2"": 0.9290950097792812, ""target_drive_class_3"": 0.9573362355883068, ""target_drive_class_4"": 0.9779203899356803, ""target_drive_class_5"": 0.8923262323841818, ""target_drive_class_6"": 0.9211451220173129, ""target_drive_class_7"": 0.9919435027418056, ""target_drive_class_8"": 0.9143568551654427, ""target_drive_class_9"": 0.9380262457715903}",,,0,0,0,False
sensorless_drive_diagnosis,3,prism_z_xgboost,58509,37445,9362,11702,16,32,11,0.07103162937047952,0.02521345987051218,0.9305729153841689,"{""target_drive_class_1"": 0.07485458453131091, ""target_drive_class_10"": 0.08016565583900534, ""target_drive_class_11"": 0.018109156488767934, ""target_drive_class_2"": 0.08781578320760569, ""target_drive_class_3"": 0.0691385610920223, ""target_drive_class_4"": 0.049407017427231574, ""target_drive_class_5"": 0.10980118887954364, ""target_drive_class_6"": 0.08927928343630506, ""target_drive_class_7"": 0.031321038976635365, ""target_drive_class_8"": 0.09306736794405457, ""target_drive_class_9"": 0.07838828525279232}","{""target_drive_class_1"": 0.9339922731579257, ""target_drive_class_10"": 0.9233511309438414, ""target_drive_class_11"": 0.9960558534694429, ""target_drive_class_2"": 0.9100366531945339, ""target_drive_class_3"": 0.9413744530527965, ""target_drive_class_4"": 0.9696964215730542, ""target_drive_class_5"": 0.8507223945924308, ""target_drive_class_6"": 0.9003526882392642, ""target_drive_class_7"": 0.9879373909722736, ""target_drive_class_8"": 0.8958278898882022, ""target_drive_class_9"": 0.9269549201420911}",,,0,0,0,False
sensorless_drive_diagnosis,3,prism_z_lightgbm,58509,37445,9362,11702,16,32,11,0.06046028501067428,0.016691304567463962,0.9496664302603395,"{""target_drive_class_1"": 0.0663453379678324, ""target_drive_class_10"": 0.06985384105719414, ""target_drive_class_11"": 0.015562863686798314, ""target_drive_class_2"": 0.07542192599723017, ""target_drive_class_3"": 0.05906283861961414, ""target_drive_class_4"": 0.03871453472432954, ""target_drive_class_5"": 0.09047549522391887, ""target_drive_class_6"": 0.07702046213414168, ""target_drive_class_7"": 0.02632561936384039, ""target_drive_class_8"": 0.07914975730654648, ""target_drive_class_9"": 0.06713045903597104}","{""target_drive_class_1"": 0.948146414715037, ""target_drive_class_10"": 0.9418017889866624, ""target_drive_class_11"": 0.9970870325957227, ""target_drive_class_2"": 0.9336385781607701, ""target_drive_class_3"": 0.9572166423189078, ""target_drive_class_4"": 0.9813934982059057, ""target_drive_class_5"": 0.8986456220114889, ""target_drive_class_6"": 0.9258388534639586, ""target_drive_class_7"": 0.9914783022380316, ""target_drive_class_8"": 0.9246547682623623, ""target_drive_class_9"": 0.9464292319048861}",,,0,0,0,False
sensorless_drive_diagnosis,4,simple_mlp,58509,37445,9362,11702,16,32,11,0.03960004448890686,0.005332637578248978,0.9763136506080627,"{""target_drive_class_1"": 0.046649567782878876, ""target_drive_class_10"": 0.058052871376276016, ""target_drive_class_11"": 0.0069748517125844955, ""target_drive_class_2"": 0.05985025316476822, ""target_drive_class_3"": 0.02813395857810974, ""target_drive_class_4"": 0.01991838961839676, ""target_drive_class_5"": 0.059973351657390594, ""target_drive_class_6"": 0.04825016111135483, ""target_drive_class_7"": 0.007623107172548771, ""target_drive_class_8"": 0.05145621672272682, ""target_drive_class_9"": 0.04871773719787598}","{""target_drive_class_1"": 0.9744474291801453, ""target_drive_class_10"": 0.9596368074417114, ""target_drive_class_11"": 0.9993960857391357, ""target_drive_class_2"": 0.9558019042015076, ""target_drive_class_3"": 0.9906756281852722, ""target_drive_class_4"": 0.9952759146690369, ""target_drive_class_5"": 0.9555814266204834, ""target_drive_class_6"": 0.971666693687439, ""target_drive_class_7"": 0.999319851398468, ""target_drive_class_8"": 0.9664851427078247, ""target_drive_class_9"": 0.9711640477180481}",,,0,0,0,False
sensorless_drive_diagnosis,4,random_forest,58509,37445,9362,11702,16,32,11,0.047839934912252025,0.007111558525888118,0.9657845673117883,"{""target_drive_class_1"": 0.05662322012576702, ""target_drive_class_10"": 0.04938028251726197, ""target_drive_class_11"": 0.004714548752182729, ""target_drive_class_2"": 0.05224400023713784, ""target_drive_class_3"": 0.048063567293264414, ""target_drive_class_4"": 0.029037458676195557, ""target_drive_class_5"": 0.07420877326773251, ""target_drive_class_6"": 0.07136772790135915, ""target_drive_class_7"": 0.009150214513471824, ""target_drive_class_8"": 0.06140450392914949, ""target_drive_class_9"": 0.07004498682124982}","{""target_drive_class_1"": 0.9623531340266712, ""target_drive_class_10"": 0.9707957993764984, ""target_drive_class_11"": 0.9997240712822353, ""target_drive_class_2"": 0.9663221466600801, ""target_drive_class_3"": 0.9727861459832056, ""target_drive_class_4"": 0.9899601945772174, ""target_drive_class_5"": 0.9319921988681885, ""target_drive_class_6"": 0.93801262531323, ""target_drive_class_7"": 0.9990200821090531, ""target_drive_class_8"": 0.952273183843155, ""target_drive_class_9"": 0.9403906583901367}",,,0,0,0,False
sensorless_drive_diagnosis,4,xgboost,58509,37445,9362,11702,16,32,11,0.059642369312445445,0.02194967725133167,0.9456518276842444,"{""target_drive_class_1"": 0.07088136787630318, ""target_drive_class_10"": 0.05947091350573821, ""target_drive_class_11"": 0.001027178486828819, ""target_drive_class_2"": 0.06664078459881526, ""target_drive_class_3"": 0.057750677149556236, ""target_drive_class_4"": 0.03134841589303806, ""target_drive_class_5"": 0.08813347155144319, ""target_drive_class_6"": 0.10165523015837467, ""target_drive_class_7"": 0.016082804233628036, ""target_drive_class_8"": 0.07320650728618301, ""target_drive_class_9"": 0.08986871169699132}","{""target_drive_class_1"": 0.9410065383908972, ""target_drive_class_10"": 0.9576408339098047, ""target_drive_class_11"": 0.9999869018949077, ""target_drive_class_2"": 0.9452036338371765, ""target_drive_class_3"": 0.9607108882627466, ""target_drive_class_4"": 0.9882985606445545, ""target_drive_class_5"": 0.9040754031155658, ""target_drive_class_6"": 0.8742352423719941, ""target_drive_class_7"": 0.9969727332776499, ""target_drive_class_8"": 0.9321638200952993, ""target_drive_class_9"": 0.9018755487260911}",,,0,0,0,False
sensorless_drive_diagnosis,4,lightgbm,58509,37445,9362,11702,16,32,11,0.04032487769675976,0.007871728123611562,0.976685931909217,"{""target_drive_class_1"": 0.045844775137142385, ""target_drive_class_10"": 0.04783675140517242, ""target_drive_class_11"": 0.007260861895238616, ""target_drive_class_2"": 0.050948823440178544, ""target_drive_class_3"": 0.03946221694605509, ""target_drive_class_4"": 0.02873510953462673, ""target_drive_class_5"": 0.06083062549482523, ""target_drive_class_6"": 0.053989919084097907, ""target_drive_class_7"": 0.009213086915459249, ""target_drive_class_8"": 0.047635389723430795, ""target_drive_class_9"": 0.05181609508813045}","{""target_drive_class_1"": 0.9753214639090338, ""target_drive_class_10"": 0.9725929974195877, ""target_drive_class_11"": 0.9993455251030083, ""target_drive_class_2"": 0.9679712584916631, ""target_drive_class_3"": 0.9816548609412807, ""target_drive_class_4"": 0.9901681826833542, ""target_drive_class_5"": 0.9543024630477496, ""target_drive_class_6"": 0.9645247997708758, ""target_drive_class_7"": 0.9990065695392211, ""target_drive_class_8"": 0.9712775518095383, ""target_drive_class_9"": 0.9673795782860749}",,,0,0,0,False
sensorless_drive_diagnosis,4,cnn_mlp,58509,37445,9362,11702,16,32,11,0.06855474612828989,0.012189978118842188,0.9286067951541933,"{""target_drive_class_1"": 0.09301497921560843, ""target_drive_class_10"": 0.09961372604136401, ""target_drive_class_11"": 0.0071759230510781, ""target_drive_class_2"": 0.1029081239369178, ""target_drive_class_3"": 0.05691813831723295, ""target_drive_class_4"": 0.02990187825715641, ""target_drive_class_5"": 0.0916988988550957, ""target_drive_class_6"": 0.09339186917643624, ""target_drive_class_7"": 0.012440382077988537, ""target_drive_class_8"": 0.08182845392196819, ""target_drive_class_9"": 0.0852098345603424}","{""target_drive_class_1"": 0.8984112802971824, ""target_drive_class_10"": 0.881156193679923, ""target_drive_class_11"": 0.9993607478656135, ""target_drive_class_2"": 0.8693315084469869, ""target_drive_class_3"": 0.9618355136274086, ""target_drive_class_4"": 0.9893535449594985, ""target_drive_class_5"": 0.8961571809430913, ""target_drive_class_6"": 0.8938505770919526, ""target_drive_class_7"": 0.9981886825395275, ""target_drive_class_8"": 0.9152439515415163, ""target_drive_class_9"": 0.9117855657034262}",,,0,0,0,False
sensorless_drive_diagnosis,4,ftt_mlp,58509,37445,9362,11702,16,32,11,0.061392544594347426,0.009475107772353344,0.9456126446700585,"{""target_drive_class_1"": 0.07422102244186289, ""target_drive_class_10"": 0.09064997200873237, ""target_drive_class_11"": 0.009649934049838067, ""target_drive_class_2"": 0.09435123703229903, ""target_drive_class_3"": 0.042751332978175786, ""target_drive_class_4"": 0.04336541041119125, ""target_drive_class_5"": 0.07996428000462062, ""target_drive_class_6"": 0.07637889034087976, ""target_drive_class_7"": 0.022427220095787508, ""target_drive_class_8"": 0.06677110570179433, ""target_drive_class_9"": 0.07478758547264022}","{""target_drive_class_1"": 0.9353164918933897, ""target_drive_class_10"": 0.9015822275232048, ""target_drive_class_11"": 0.9988439800439817, ""target_drive_class_2"": 0.8901584246531248, ""target_drive_class_3"": 0.9784693386809822, ""target_drive_class_4"": 0.9776078905450878, ""target_drive_class_5"": 0.9210339724805519, ""target_drive_class_6"": 0.9290019875240187, ""target_drive_class_7"": 0.994113217013747, ""target_drive_class_8"": 0.9435662194021142, ""target_drive_class_9"": 0.9320453416104406}",,,0,0,0,False
sensorless_drive_diagnosis,4,two_stage_mlp,58509,37445,9362,11702,16,32,11,0.04467162862420082,0.00534147210419178,0.9703474640846252,"{""target_drive_class_1"": 0.04971035569906235, ""target_drive_class_10"": 0.06106017529964447, ""target_drive_class_11"": 0.0033789316657930613, ""target_drive_class_2"": 0.06639298051595688, ""target_drive_class_3"": 0.03337233141064644, ""target_drive_class_4"": 0.034213047474622726, ""target_drive_class_5"": 0.07092145830392838, ""target_drive_class_6"": 0.05154384672641754, ""target_drive_class_7"": 0.011452720500528812, ""target_drive_class_8"": 0.05929659307003021, ""target_drive_class_9"": 0.050045449286699295}","{""target_drive_class_1"": 0.9709842801094055, ""target_drive_class_10"": 0.9553466439247131, ""target_drive_class_11"": 0.9998582601547241, ""target_drive_class_2"": 0.9456104040145874, ""target_drive_class_3"": 0.9868800640106201, ""target_drive_class_4"": 0.9860622882843018, ""target_drive_class_5"": 0.9378839731216431, ""target_drive_class_6"": 0.9676664471626282, ""target_drive_class_7"": 0.9984648823738098, ""target_drive_class_8"": 0.955493688583374, ""target_drive_class_9"": 0.9695708751678467}",,,0,0,0,False
sensorless_drive_diagnosis,4,oracle_mlp,58509,37445,9362,11702,16,32,11,0.025461383163928986,0.0028990425635129213,0.9907712340354919,"{""target_drive_class_1"": 0.03551578149199486, ""target_drive_class_10"": 0.03222654387354851, ""target_drive_class_11"": 0.002158253686502576, ""target_drive_class_2"": 0.03676556423306465, ""target_drive_class_3"": 0.01591908000409603, ""target_drive_class_4"": 0.018165484070777893, ""target_drive_class_5"": 0.026909805834293365, ""target_drive_class_6"": 0.03881640359759331, ""target_drive_class_7"": 0.017073115333914757, ""target_drive_class_8"": 0.02550106681883335, ""target_drive_class_9"": 0.031024105846881866}","{""target_drive_class_1"": 0.9851890802383423, ""target_drive_class_10"": 0.9875615835189819, ""target_drive_class_11"": 0.9999421834945679, ""target_drive_class_2"": 0.9833216071128845, ""target_drive_class_3"": 0.9970146417617798, ""target_drive_class_4"": 0.9960708022117615, ""target_drive_class_5"": 0.991057276725769, ""target_drive_class_6"": 0.981662929058075, ""target_drive_class_7"": 0.9965884685516357, ""target_drive_class_8"": 0.991768479347229, ""target_drive_class_9"": 0.9883061051368713}",,,0,0,0,False
sensorless_drive_diagnosis,4,prism,58509,37445,9362,11702,16,32,11,0.043484512716531754,0.007068592123687267,0.9728546738624573,"{""target_drive_class_1"": 0.051719311624765396, ""target_drive_class_10"": 0.061952508985996246, ""target_drive_class_11"": 0.009939947165548801, ""target_drive_class_2"": 0.05326266586780548, ""target_drive_class_3"": 0.039033036679029465, ""target_drive_class_4"": 0.02121966890990734, ""target_drive_class_5"": 0.06008656322956085, ""target_drive_class_6"": 0.06406605243682861, ""target_drive_class_7"": 0.015588037669658661, ""target_drive_class_8"": 0.045287683606147766, ""target_drive_class_9"": 0.056174155324697495}","{""target_drive_class_1"": 0.9685916304588318, ""target_drive_class_10"": 0.9540319442749023, ""target_drive_class_11"": 0.998773455619812, ""target_drive_class_2"": 0.9649960398674011, ""target_drive_class_3"": 0.9820517301559448, ""target_drive_class_4"": 0.9946385025978088, ""target_drive_class_5"": 0.9554135203361511, ""target_drive_class_6"": 0.9500477313995361, ""target_drive_class_7"": 0.9971561431884766, ""target_drive_class_8"": 0.9740389585494995, ""target_drive_class_9"": 0.9616616368293762}",,,0,0,0,False
sensorless_drive_diagnosis,4,prism_z_acp_random_forest,58509,37445,9362,11702,16,32,11,0.06285356148745344,0.01542067782563853,0.9463697492741368,"{""target_drive_class_1"": 0.06667341234478913, ""target_drive_class_10"": 0.07946246802972394, ""target_drive_class_11"": 0.01790600928220933, ""target_drive_class_2"": 0.08383298516678149, ""target_drive_class_3"": 0.05654905961251745, ""target_drive_class_4"": 0.049136896079260105, ""target_drive_class_5"": 0.08330428366541717, ""target_drive_class_6"": 0.08100123806955617, ""target_drive_class_7"": 0.028900979295890132, ""target_drive_class_8"": 0.07032617456507052, ""target_drive_class_9"": 0.07429567025077242}","{""target_drive_class_1"": 0.9478030572970995, ""target_drive_class_10"": 0.9243755407903301, ""target_drive_class_11"": 0.9960197142545453, ""target_drive_class_2"": 0.9132835644855276, ""target_drive_class_3"": 0.9623288548052826, ""target_drive_class_4"": 0.971250948240633, ""target_drive_class_5"": 0.9142995905464453, ""target_drive_class_6"": 0.9201485482888017, ""target_drive_class_7"": 0.9902242012250633, ""target_drive_class_8"": 0.9373968771164961, ""target_drive_class_9"": 0.9329363449652794}",,,0,0,0,False
sensorless_drive_diagnosis,4,prism_z_acp_xgboost,58509,37445,9362,11702,16,32,11,0.06975317329174924,0.025419469274440384,0.933803727351516,"{""target_drive_class_1"": 0.06866075667460556, ""target_drive_class_10"": 0.08133468768226138, ""target_drive_class_11"": 0.02197520967485579, ""target_drive_class_2"": 0.08942665287435739, ""target_drive_class_3"": 0.06437414045942462, ""target_drive_class_4"": 0.05657902577191125, ""target_drive_class_5"": 0.09571888346379549, ""target_drive_class_6"": 0.09621260211714369, ""target_drive_class_7"": 0.029397458580880373, ""target_drive_class_8"": 0.07797175471741412, ""target_drive_class_9"": 0.0856337341925919}","{""target_drive_class_1"": 0.9446449979944911, ""target_drive_class_10"": 0.9207699756625066, ""target_drive_class_11"": 0.9940050896097556, ""target_drive_class_2"": 0.9013253697332392, ""target_drive_class_3"": 0.9511818929893139, ""target_drive_class_4"": 0.9618829732670714, ""target_drive_class_5"": 0.8868528871906498, ""target_drive_class_6"": 0.8873416404033798, ""target_drive_class_7"": 0.9898854466366681, ""target_drive_class_8"": 0.9230450385109799, ""target_drive_class_9"": 0.9109056888686231}",,,0,0,0,False
sensorless_drive_diagnosis,4,prism_z_acp_lightgbm,58509,37445,9362,11702,16,32,11,0.05986078131545879,0.016713193126022617,0.9515027664341342,"{""target_drive_class_1"": 0.06295111691607101, ""target_drive_class_10"": 0.07078772004786972, ""target_drive_class_11"": 0.01949027797155921, ""target_drive_class_2"": 0.08155044956018638, ""target_drive_class_3"": 0.053953080080422065, ""target_drive_class_4"": 0.04816223815290652, ""target_drive_class_5"": 0.07721027543599367, ""target_drive_class_6"": 0.0794573601532674, ""target_drive_class_7"": 0.025771913831558555, ""target_drive_class_8"": 0.06818529985041225, ""target_drive_class_9"": 0.07094886246979991}","{""target_drive_class_1"": 0.9534685506133689, ""target_drive_class_10"": 0.9399857985213105, ""target_drive_class_11"": 0.9952842290054891, ""target_drive_class_2"": 0.9179413675699276, ""target_drive_class_3"": 0.9657081801068242, ""target_drive_class_4"": 0.9723801441116571, ""target_drive_class_5"": 0.9263795560746951, ""target_drive_class_6"": 0.9231634659173419, ""target_drive_class_7"": 0.9922264306572638, ""target_drive_class_8"": 0.9411503995377652, ""target_drive_class_9"": 0.938842308659833}",,,0,0,0,False
sensorless_drive_diagnosis,4,prism_z_random_forest,58509,37445,9362,11702,16,32,11,0.06543593896263694,0.016298227834481607,0.9416710748895102,"{""target_drive_class_1"": 0.06807012932158187, ""target_drive_class_10"": 0.08219271475263196, ""target_drive_class_11"": 0.018307303114206912, ""target_drive_class_2"": 0.08651783435629466, ""target_drive_class_3"": 0.061055996298849495, ""target_drive_class_4"": 0.05002076318786846, ""target_drive_class_5"": 0.08974675685408062, ""target_drive_class_6"": 0.08223324020742363, ""target_drive_class_7"": 0.029005642628065185, ""target_drive_class_8"": 0.07547352004277055, ""target_drive_class_9"": 0.07717142782523317}","{""target_drive_class_1"": 0.9455932415162781, ""target_drive_class_10"": 0.9190895097373654, ""target_drive_class_11"": 0.9958393097503836, ""target_drive_class_2"": 0.9076402314685705, ""target_drive_class_3"": 0.9560848173673183, ""target_drive_class_4"": 0.9702073788660457, ""target_drive_class_5"": 0.900531457210761, ""target_drive_class_6"": 0.9177010473945277, ""target_drive_class_7"": 0.9901532679644883, ""target_drive_class_8"": 0.9278973509862354, ""target_drive_class_9"": 0.927644211522637}",,,0,0,0,False
sensorless_drive_diagnosis,4,prism_z_xgboost,58509,37445,9362,11702,16,32,11,0.07293127010172364,0.02670400209839374,0.9275909650927993,"{""target_drive_class_1"": 0.07204971110211676, ""target_drive_class_10"": 0.0832911513055187, ""target_drive_class_11"": 0.024037526255310863, ""target_drive_class_2"": 0.09080661648027682, ""target_drive_class_3"": 0.0695223947081471, ""target_drive_class_4"": 0.057270647782482205, ""target_drive_class_5"": 0.10582135828533411, ""target_drive_class_6"": 0.0981417505333042, ""target_drive_class_7"": 0.030433523905824596, ""target_drive_class_8"": 0.08084821114783874, ""target_drive_class_9"": 0.09002107961280602}","{""target_drive_class_1"": 0.9390457225024453, ""target_drive_class_10"": 0.9169124576618223, ""target_drive_class_11"": 0.9928270767501254, ""target_drive_class_2"": 0.8982565304178819, ""target_drive_class_3"": 0.9430613069151124, ""target_drive_class_4"": 0.9609453925165936, ""target_drive_class_5"": 0.861708689631733, ""target_drive_class_6"": 0.8827785464152081, ""target_drive_class_7"": 0.9891599416377718, ""target_drive_class_8"": 0.9172624151302827, ""target_drive_class_9"": 0.901542536441814}",,,0,0,0,False
sensorless_drive_diagnosis,4,prism_z_lightgbm,58509,37445,9362,11702,16,32,11,0.062161769996168736,0.017736291626789094,0.9475297433176227,"{""target_drive_class_1"": 0.06378270165449182, ""target_drive_class_10"": 0.07441316086216797, ""target_drive_class_11"": 0.018671920152528592, ""target_drive_class_2"": 0.08060126994127643, ""target_drive_class_3"": 0.057614628460825074, ""target_drive_class_4"": 0.04861076333936501, ""target_drive_class_5"": 0.08583136134561269, ""target_drive_class_6"": 0.08070933640429952, ""target_drive_class_7"": 0.02747783100700264, ""target_drive_class_8"": 0.07157681059551418, ""target_drive_class_9"": 0.0744896861947721}","{""target_drive_class_1"": 0.9522310690669712, ""target_drive_class_10"": 0.9336810429601357, ""target_drive_class_11"": 0.9956719267360848, ""target_drive_class_2"": 0.9198404399548046, ""target_drive_class_3"": 0.9608957843112209, ""target_drive_class_4"": 0.9718633124237919, ""target_drive_class_5"": 0.9090211946042177, ""target_drive_class_6"": 0.920723027734573, ""target_drive_class_7"": 0.9911632609138904, ""target_drive_class_8"": 0.9351504906325406, ""target_drive_class_9"": 0.9325856271556202}",,,0,0,0,False
sensorless_drive_diagnosis,5,simple_mlp,58509,37445,9362,11702,16,32,11,0.03760753571987152,0.0048341648653149605,0.977102518081665,"{""target_drive_class_1"": 0.05222837254405022, ""target_drive_class_10"": 0.06036175787448883, ""target_drive_class_11"": 0.0010335291735827923, ""target_drive_class_2"": 0.05944737046957016, ""target_drive_class_3"": 0.026633774861693382, ""target_drive_class_4"": 0.011741363443434238, ""target_drive_class_5"": 0.05219932645559311, ""target_drive_class_6"": 0.052002500742673874, ""target_drive_class_7"": 0.0033351401798427105, ""target_drive_class_8"": 0.049066852778196335, ""target_drive_class_9"": 0.04563290998339653}","{""target_drive_class_1"": 0.9665738940238953, ""target_drive_class_10"": 0.9555435180664062, ""target_drive_class_11"": 0.9999875426292419, ""target_drive_class_2"": 0.9572814106941223, ""target_drive_class_3"": 0.991270124912262, ""target_drive_class_4"": 0.998367965221405, ""target_drive_class_5"": 0.9671187400817871, ""target_drive_class_6"": 0.9661925435066223, ""target_drive_class_7"": 0.9998654127120972, ""target_drive_class_8"": 0.9713565707206726, ""target_drive_class_9"": 0.9745703935623169}",,,0,0,0,False
sensorless_drive_diagnosis,5,random_forest,58509,37445,9362,11702,16,32,11,0.04443674287360156,0.006855915633615178,0.9695183076621015,"{""target_drive_class_1"": 0.05888880659998105, ""target_drive_class_10"": 0.05017568309537339, ""target_drive_class_11"": 1.2363593788015918e-08, ""target_drive_class_2"": 0.05203558674209531, ""target_drive_class_3"": 0.03610568504970911, ""target_drive_class_4"": 0.0286753940993826, ""target_drive_class_5"": 0.06022893125168475, ""target_drive_class_6"": 0.07205251999862797, ""target_drive_class_7"": 0.007203042513440937, ""target_drive_class_8"": 0.0524468789944124, ""target_drive_class_9"": 0.07099163090131586}","{""target_drive_class_1"": 0.9575049597974421, ""target_drive_class_10"": 0.9692816338443497, ""target_drive_class_11"": 0.9999999999999982, ""target_drive_class_2"": 0.9672695217414843, ""target_drive_class_3"": 0.9839566467089099, ""target_drive_class_4"": 0.9902654654754453, ""target_drive_class_5"": 0.956224752997624, ""target_drive_class_6"": 0.9350973328356782, ""target_drive_class_7"": 0.9993723023304966, ""target_drive_class_8"": 0.9672744079172069, ""target_drive_class_9"": 0.9384543606344797}",,,0,0,0,False
sensorless_drive_diagnosis,5,xgboost,58509,37445,9362,11702,16,32,11,0.05966733364484946,0.02189802852368181,0.9459029240851909,"{""target_drive_class_1"": 0.07737004560461563, ""target_drive_class_10"": 0.061453510928873925, ""target_drive_class_11"": 0.012353784193697481, ""target_drive_class_2"": 0.06930040896377122, ""target_drive_class_3"": 0.05336011225522665, ""target_drive_class_4"": 0.02660107331519708, ""target_drive_class_5"": 0.08616980080429604, ""target_drive_class_6"": 0.10070286040933493, ""target_drive_class_7"": 0.009720796958431768, ""target_drive_class_8"": 0.07178531380378406, ""target_drive_class_9"": 0.08752296285611533}","{""target_drive_class_1"": 0.9266469048795317, ""target_drive_class_10"": 0.9539208005889919, ""target_drive_class_11"": 0.9982167050116778, ""target_drive_class_2"": 0.9419472183117131, ""target_drive_class_3"": 0.9649589236891073, ""target_drive_class_4"": 0.9916228803332162, ""target_drive_class_5"": 0.9103957787545239, ""target_drive_class_6"": 0.8732208579636023, ""target_drive_class_7"": 0.9988567997676626, ""target_drive_class_8"": 0.9386916793068898, ""target_drive_class_9"": 0.9064536163301846}",,,0,0,0,False
sensorless_drive_diagnosis,5,lightgbm,58509,37445,9362,11702,16,32,11,0.04114426164749554,0.007898814617435905,0.9753982736781139,"{""target_drive_class_1"": 0.05080456300344783, ""target_drive_class_10"": 0.04896201732656298, ""target_drive_class_11"": 0.0007844418104793118, ""target_drive_class_2"": 0.05551843644961647, ""target_drive_class_3"": 0.0391555951814446, ""target_drive_class_4"": 0.02965844927827439, ""target_drive_class_5"": 0.0561226763739741, ""target_drive_class_6"": 0.0556926530336025, ""target_drive_class_7"": 0.012895801730536392, ""target_drive_class_8"": 0.04774189311366504, ""target_drive_class_9"": 0.05525035082084729}","{""target_drive_class_1"": 0.9683715304155596, ""target_drive_class_10"": 0.970749712988919, ""target_drive_class_11"": 0.9999928097393359, ""target_drive_class_2"": 0.9627414548503078, ""target_drive_class_3"": 0.9811317497406158, ""target_drive_class_4"": 0.9895865825501458, ""target_drive_class_5"": 0.9619902477712454, ""target_drive_class_6"": 0.9612242676557675, ""target_drive_class_7"": 0.9979880589356523, ""target_drive_class_8"": 0.9728826350285084, ""target_drive_class_9"": 0.9627219607831956}",,,0,0,0,False
sensorless_drive_diagnosis,5,cnn_mlp,58509,37445,9362,11702,16,32,11,0.06815062430635165,0.012629355172460348,0.9282966645120129,"{""target_drive_class_1"": 0.08306076667779204, ""target_drive_class_10"": 0.09283186526367997, ""target_drive_class_11"": 0.008040719777907558, ""target_drive_class_2"": 0.09451231518181306, ""target_drive_class_3"": 0.055668172328718186, ""target_drive_class_4"": 0.030558465735865112, ""target_drive_class_5"": 0.10196707522269556, ""target_drive_class_6"": 0.09624517376592981, ""target_drive_class_7"": 0.00480906402147979, ""target_drive_class_8"": 0.09094910794331604, ""target_drive_class_9"": 0.09101414145067101}","{""target_drive_class_1"": 0.9154595395682461, ""target_drive_class_10"": 0.8948508711577041, ""target_drive_class_11"": 0.9992445373073068, ""target_drive_class_2"": 0.8920237493501056, ""target_drive_class_3"": 0.9618620017715181, ""target_drive_class_4"": 0.9889449810771225, ""target_drive_class_5"": 0.874530485804082, ""target_drive_class_6"": 0.8841963849414177, ""target_drive_class_7"": 0.9997202051750527, ""target_drive_class_8"": 0.9015886699348019, ""target_drive_class_9"": 0.8988418835447851}",,,0,0,0,False
sensorless_drive_diagnosis,5,ftt_mlp,58509,37445,9362,11702,16,32,11,0.05302703467039864,0.009296236774630415,0.9575713691423314,"{""target_drive_class_1"": 0.06456738726649625, ""target_drive_class_10"": 0.07298973168356493, ""target_drive_class_11"": 0.003945045275798212, ""target_drive_class_2"": 0.07551335237309673, ""target_drive_class_3"": 0.044521986874112546, ""target_drive_class_4"": 0.031267854493370426, ""target_drive_class_5"": 0.08030801852809583, ""target_drive_class_6"": 0.07232331960935758, ""target_drive_class_7"": 0.008083668040202226, ""target_drive_class_8"": 0.06705344311442771, ""target_drive_class_9"": 0.06272357411586257}","{""target_drive_class_1"": 0.9489143217534776, ""target_drive_class_10"": 0.9349967516732732, ""target_drive_class_11"": 0.9998181442020773, ""target_drive_class_2"": 0.9310714819547322, ""target_drive_class_3"": 0.9756054369908859, ""target_drive_class_4"": 0.9884257578650941, ""target_drive_class_5"": 0.9221719565403405, ""target_drive_class_6"": 0.9346085603461525, ""target_drive_class_7"": 0.9992094387895722, ""target_drive_class_8"": 0.9465078097470445, ""target_drive_class_9"": 0.9519554007029968}",,,0,0,0,False
sensorless_drive_diagnosis,5,two_stage_mlp,58509,37445,9362,11702,16,32,11,0.04582134634256363,0.005527041386812925,0.9662876129150391,"{""target_drive_class_1"": 0.05357145890593529, ""target_drive_class_10"": 0.07411129027605057, ""target_drive_class_11"": 0.001384338946081698, ""target_drive_class_2"": 0.07268624752759933, ""target_drive_class_3"": 0.025634363293647766, ""target_drive_class_4"": 0.025803763419389725, ""target_drive_class_5"": 0.07038566470146179, ""target_drive_class_6"": 0.05446336045861244, ""target_drive_class_7"": 0.0028011370450258255, ""target_drive_class_8"": 0.06635061651468277, ""target_drive_class_9"": 0.05684257298707962}","{""target_drive_class_1"": 0.9648326635360718, ""target_drive_class_10"": 0.9329837560653687, ""target_drive_class_11"": 0.9999775886535645, ""target_drive_class_2"": 0.93613600730896, ""target_drive_class_3"": 0.9919129610061646, ""target_drive_class_4"": 0.9921175241470337, ""target_drive_class_5"": 0.9402157664299011, ""target_drive_class_6"": 0.962917149066925, ""target_drive_class_7"": 0.9999050498008728, ""target_drive_class_8"": 0.9476233124732971, ""target_drive_class_9"": 0.9605424404144287}",,,0,0,0,False
sensorless_drive_diagnosis,5,oracle_mlp,58509,37445,9362,11702,16,32,11,0.021961068734526634,0.002440347336232662,0.9923042058944702,"{""target_drive_class_1"": 0.029308171942830086, ""target_drive_class_10"": 0.03491327166557312, ""target_drive_class_11"": 0.002586709102615714, ""target_drive_class_2"": 0.035541143268346786, ""target_drive_class_3"": 0.010365013964474201, ""target_drive_class_4"": 0.01241346076130867, ""target_drive_class_5"": 0.027404025197029114, ""target_drive_class_6"": 0.03508850932121277, ""target_drive_class_7"": 0.0020299386233091354, ""target_drive_class_8"": 0.025593062862753868, ""target_drive_class_9"": 0.026328450068831444}","{""target_drive_class_1"": 0.9894742965698242, ""target_drive_class_10"": 0.9851272106170654, ""target_drive_class_11"": 0.9999217987060547, ""target_drive_class_2"": 0.9847308993339539, ""target_drive_class_3"": 0.9986778497695923, ""target_drive_class_4"": 0.9981757402420044, ""target_drive_class_5"": 0.9909375309944153, ""target_drive_class_6"": 0.9846080541610718, ""target_drive_class_7"": 0.9999501705169678, ""target_drive_class_8"": 0.9922072291374207, ""target_drive_class_9"": 0.9915348887443542}",,,0,0,0,False
sensorless_drive_diagnosis,5,prism,58509,37445,9362,11702,16,32,11,0.03721986711025238,0.006676020100712776,0.9788661599159241,"{""target_drive_class_1"": 0.05049416050314903, ""target_drive_class_10"": 0.05201047286391258, ""target_drive_class_11"": 0.00397022208198905, ""target_drive_class_2"": 0.050448689609766006, ""target_drive_class_3"": 0.023771530017256737, ""target_drive_class_4"": 0.01808265969157219, ""target_drive_class_5"": 0.05309879034757614, ""target_drive_class_6"": 0.050108619034290314, ""target_drive_class_7"": 0.007450689096003771, ""target_drive_class_8"": 0.048391979187726974, ""target_drive_class_9"": 0.051590729504823685}","{""target_drive_class_1"": 0.9687568545341492, ""target_drive_class_10"": 0.9669939875602722, ""target_drive_class_11"": 0.999815821647644, ""target_drive_class_2"": 0.9692354202270508, ""target_drive_class_3"": 0.9930456280708313, ""target_drive_class_4"": 0.996129035949707, ""target_drive_class_5"": 0.965975821018219, ""target_drive_class_6"": 0.9686101675033569, ""target_drive_class_7"": 0.9993283748626709, ""target_drive_class_8"": 0.9721391201019287, ""target_drive_class_9"": 0.9674967527389526}",,,0,0,0,False
sensorless_drive_diagnosis,5,prism_z_acp_random_forest,58509,37445,9362,11702,16,32,11,0.05769663222810104,0.013098100694672791,0.9542244077393285,"{""target_drive_class_1"": 0.06273102941763473, ""target_drive_class_10"": 0.07210503040387768, ""target_drive_class_11"": 0.02234018065414191, ""target_drive_class_2"": 0.07673481883247758, ""target_drive_class_3"": 0.05244537694671628, ""target_drive_class_4"": 0.03659046632739927, ""target_drive_class_5"": 0.07850666529512348, ""target_drive_class_6"": 0.07536045650281611, ""target_drive_class_7"": 0.019630965268935256, ""target_drive_class_8"": 0.07022233988701676, ""target_drive_class_9"": 0.06799562497297243}","{""target_drive_class_1"": 0.9517788496459464, ""target_drive_class_10"": 0.9365629974592442, ""target_drive_class_11"": 0.9941682818034225, ""target_drive_class_2"": 0.9288235401181585, ""target_drive_class_3"": 0.9661500220056921, ""target_drive_class_4"": 0.9841498897342755, ""target_drive_class_5"": 0.9256242509845587, ""target_drive_class_6"": 0.9290011627539739, ""target_drive_class_7"": 0.9953376822399591, ""target_drive_class_8"": 0.9413323345003489, ""target_drive_class_9"": 0.9435394738870349}",,,0,0,0,False
sensorless_drive_diagnosis,5,prism_z_acp_xgboost,58509,37445,9362,11702,16,32,11,0.06543621638861023,0.02406932733201249,0.9403528246920992,"{""target_drive_class_1"": 0.06617040141508146, ""target_drive_class_10"": 0.08235910237194617, ""target_drive_class_11"": 0.020803807100366417, ""target_drive_class_2"": 0.08466706663019698, ""target_drive_class_3"": 0.05954448813141035, ""target_drive_class_4"": 0.04668411191830576, ""target_drive_class_5"": 0.0938399650970683, ""target_drive_class_6"": 0.08924704314367608, ""target_drive_class_7"": 0.019777327384649133, ""target_drive_class_8"": 0.07923962917424733, ""target_drive_class_9"": 0.07746543790776468}","{""target_drive_class_1"": 0.946346225907356, ""target_drive_class_10"": 0.9172372839554592, ""target_drive_class_11"": 0.9949428154256047, ""target_drive_class_2"": 0.9133476258232794, ""target_drive_class_3"": 0.956365791678303, ""target_drive_class_4"": 0.9741991150505948, ""target_drive_class_5"": 0.8937340896977177, ""target_drive_class_6"": 0.9004246439784674, ""target_drive_class_7"": 0.9952679016143882, ""target_drive_class_8"": 0.9252978531735631, ""target_drive_class_9"": 0.9267177253083598}",,,0,0,0,False
sensorless_drive_diagnosis,5,prism_z_acp_lightgbm,58509,37445,9362,11702,16,32,11,0.05553718468772288,0.015531174727635546,0.956840529543419,"{""target_drive_class_1"": 0.060960970480695945, ""target_drive_class_10"": 0.0729685671040082, ""target_drive_class_11"": 0.016133033330146623, ""target_drive_class_2"": 0.07316967365313515, ""target_drive_class_3"": 0.0488281963679852, ""target_drive_class_4"": 0.037103399535360675, ""target_drive_class_5"": 0.07693220380892442, ""target_drive_class_6"": 0.07467662282987322, ""target_drive_class_7"": 0.01759369978334338, ""target_drive_class_8"": 0.06506741783621518, ""target_drive_class_9"": 0.06747524683526371}","{""target_drive_class_1"": 0.9544617347636533, ""target_drive_class_10"": 0.9350344437410701, ""target_drive_class_11"": 0.9969587282332876, ""target_drive_class_2"": 0.9352837006128475, ""target_drive_class_3"": 0.9706582958923708, ""target_drive_class_4"": 0.9837023943549011, ""target_drive_class_5"": 0.9285775672764347, ""target_drive_class_6"": 0.9302838278559914, ""target_drive_class_7"": 0.9962551630437664, ""target_drive_class_8"": 0.9496296047493293, ""target_drive_class_9"": 0.944400364453957}",,,0,0,0,False
sensorless_drive_diagnosis,5,prism_z_random_forest,58509,37445,9362,11702,16,32,11,0.061138043708228555,0.014137498308182778,0.9482462603015616,"{""target_drive_class_1"": 0.0650548475384746, ""target_drive_class_10"": 0.0757919282209823, ""target_drive_class_11"": 0.021882179354955657, ""target_drive_class_2"": 0.07974356446608466, ""target_drive_class_3"": 0.053921734044592856, ""target_drive_class_4"": 0.04065269286285975, ""target_drive_class_5"": 0.08629547485916021, ""target_drive_class_6"": 0.07918486389775628, ""target_drive_class_7"": 0.01946486913017566, ""target_drive_class_8"": 0.07873473075710195, ""target_drive_class_9"": 0.07179159565837025}","{""target_drive_class_1"": 0.9481400534707063, ""target_drive_class_10"": 0.9299097776827634, ""target_drive_class_11"": 0.994404945581847, ""target_drive_class_2"": 0.9231325050354258, ""target_drive_class_3"": 0.9642174185656271, ""target_drive_class_4"": 0.9804352169353974, ""target_drive_class_5"": 0.9101342222128751, ""target_drive_class_6"": 0.92161218764284, ""target_drive_class_7"": 0.9954162435257973, ""target_drive_class_8"": 0.9262467933354601, ""target_drive_class_9"": 0.9370594993284371}",,,0,0,0,False
sensorless_drive_diagnosis,5,prism_z_xgboost,58509,37445,9362,11702,16,32,11,0.0686568795508849,0.025355406096485848,0.9335870338020155,"{""target_drive_class_1"": 0.06776670317208813, ""target_drive_class_10"": 0.08672214684127455, ""target_drive_class_11"": 0.019784394263446182, ""target_drive_class_2"": 0.08803446037870818, ""target_drive_class_3"": 0.06300046482911567, ""target_drive_class_4"": 0.04869310909149405, ""target_drive_class_5"": 0.10355653946147375, ""target_drive_class_6"": 0.09159957964737493, ""target_drive_class_7"": 0.018745044361819438, ""target_drive_class_8"": 0.08631781573495906, ""target_drive_class_9"": 0.08100541727797994}","{""target_drive_class_1"": 0.943726302254345, ""target_drive_class_10"": 0.9082361626905611, ""target_drive_class_11"": 0.9954262893686022, ""target_drive_class_2"": 0.9063178493118802, ""target_drive_class_3"": 0.9511537221171229, ""target_drive_class_4"": 0.9719307111309035, ""target_drive_class_5"": 0.8705883572517031, ""target_drive_class_6"": 0.895105876934666, ""target_drive_class_7"": 0.9957489960822259, ""target_drive_class_8"": 0.9113560504091089, ""target_drive_class_9"": 0.9198670542710522}",,,0,0,0,False
sensorless_drive_diagnosis,5,prism_z_lightgbm,58509,37445,9362,11702,16,32,11,0.05904391230366122,0.01677948726727426,0.9508432422659919,"{""target_drive_class_1"": 0.06213842860213195, ""target_drive_class_10"": 0.07597651359585247, ""target_drive_class_11"": 0.016309882845575656, ""target_drive_class_2"": 0.07699046885758946, ""target_drive_class_3"": 0.05170005501090642, ""target_drive_class_4"": 0.03931703506423065, ""target_drive_class_5"": 0.08826190076108678, ""target_drive_class_6"": 0.07690482885734236, ""target_drive_class_7"": 0.017697880290788406, ""target_drive_class_8"": 0.0734030539707894, ""target_drive_class_9"": 0.07078298748397988}","{""target_drive_class_1"": 0.9526856072564985, ""target_drive_class_10"": 0.9295679633348928, ""target_drive_class_11"": 0.9968916862386786, ""target_drive_class_2"": 0.9283484865399905, ""target_drive_class_3"": 0.9671052963127105, ""target_drive_class_4"": 0.9816997122421752, ""target_drive_class_5"": 0.9059919934333382, ""target_drive_class_6"": 0.9260613672950776, ""target_drive_class_7"": 0.9962106818809855, ""target_drive_class_8"": 0.9358972778073386, ""target_drive_class_9"": 0.9388155925842255}",,,0,0,0,False
robot_execution_failures,1,simple_mlp,463,296,74,93,6,12,16,0.188832625746727,0.10012483596801758,-15574545408.0,"{""target_failure_back_col"": 0.1447206735610962, ""target_failure_bottom_collision"": 0.2210329920053482, ""target_failure_bottom_obstruction"": 0.2702183425426483, ""target_failure_collision"": 0.3682781159877777, ""target_failure_collision_in_part"": 0.282335489988327, ""target_failure_collision_in_tool"": 0.24022932350635529, ""target_failure_fr_collision"": 0.14330455660820007, ""target_failure_front_col"": 0.03619224205613136, ""target_failure_left_col"": 0.11298608034849167, ""target_failure_lost"": 0.019170986488461494, ""target_failure_moved"": 0.18508534133434296, ""target_failure_normal"": 0.35799285769462585, ""target_failure_obstruction"": 0.29180708527565, ""target_failure_ok"": 0.17226725816726685, ""target_failure_right_col"": 0.031655747443437576, ""target_failure_slightly_moved"": 0.14404498040676117}","{""target_failure_back_col"": 0.004696309566497803, ""target_failure_bottom_collision"": 0.1905134916305542, ""target_failure_bottom_obstruction"": 0.07127594947814941, ""target_failure_collision"": 0.09206396341323853, ""target_failure_collision_in_part"": 0.08804136514663696, ""target_failure_collision_in_tool"": 0.043802857398986816, ""target_failure_fr_collision"": 0.024079501628875732, ""target_failure_front_col"": -121818701824.0, ""target_failure_left_col"": -0.20012891292572021, ""target_failure_lost"": -34179985408.0, ""target_failure_moved"": -0.09735238552093506, ""target_failure_normal"": 0.3779764175415039, ""target_failure_obstruction"": -0.08305037021636963, ""target_failure_ok"": -0.41026246547698975, ""target_failure_right_col"": -93194027008.0, ""target_failure_slightly_moved"": 0.01396864652633667}",,,0,0,0,False
robot_execution_failures,1,random_forest,463,296,74,93,6,12,16,0.21967216301730424,0.0866697103368593,-80230378709.64137,"{""target_failure_back_col"": 0.13345296537689963, ""target_failure_bottom_collision"": 0.24529937730417883, ""target_failure_bottom_obstruction"": 0.2920665508236652, ""target_failure_collision"": 0.41552101294777755, ""target_failure_collision_in_part"": 0.37128664104267944, ""target_failure_collision_in_tool"": 0.24516374145629943, ""target_failure_fr_collision"": 0.1468160693320785, ""target_failure_front_col"": 0.10181467375551807, ""target_failure_left_col"": 0.1785169145404079, ""target_failure_lost"": 0.04318139917648079, ""target_failure_moved"": 0.21912183663647727, ""target_failure_normal"": 0.33988702497437995, ""target_failure_obstruction"": 0.3283765632849427, ""target_failure_ok"": 0.25368862657962304, ""target_failure_right_col"": 0.03965116423351718, ""target_failure_slightly_moved"": 0.16091004681194257}","{""target_failure_back_col"": 0.1536482355297215, ""target_failure_bottom_collision"": 0.0030156735894165676, ""target_failure_bottom_obstruction"": -0.08497742620134585, ""target_failure_collision"": -0.1558179948447449, ""target_failure_collision_in_part"": -0.5771129802521076, ""target_failure_collision_in_tool"": 0.004117913878492696, ""target_failure_fr_collision"": -0.024334104252350164, ""target_failure_front_col"": -964059188501.8502, ""target_failure_left_col"": -1.995964966884217, ""target_failure_lost"": -173410891531.9033, ""target_failure_moved"": -0.5380603151092147, ""target_failure_normal"": 0.43930419363288675, ""target_failure_obstruction"": -0.37151744832136346, ""target_failure_ok"": -2.058415560312989, ""target_failure_right_col"": -146215979315.07193, ""target_failure_slightly_moved"": -0.23044093053864678}",,,0,0,0,False
robot_execution_failures,1,xgboost,463,296,74,93,6,12,16,0.24359685839534675,0.09651136834995386,-132523992051.51523,"{""target_failure_back_col"": 0.13309399491984156, ""target_failure_bottom_collision"": 0.2861937372636774, ""target_failure_bottom_obstruction"": 0.31085400846942063, ""target_failure_collision"": 0.4521616939674254, ""target_failure_collision_in_part"": 0.4177792563331928, ""target_failure_collision_in_tool"": 0.2452408806330257, ""target_failure_fr_collision"": 0.14317803423468695, ""target_failure_front_col"": 0.12576087279547798, ""target_failure_left_col"": 0.22095486029901468, ""target_failure_lost"": 0.05634318644673789, ""target_failure_moved"": 0.24468153116788546, ""target_failure_normal"": 0.38002216012311546, ""target_failure_obstruction"": 0.3630383518758386, ""target_failure_ok"": 0.29485946168675703, ""target_failure_right_col"": 0.06172094225687593, ""target_failure_slightly_moved"": 0.16166676185257453}","{""target_failure_back_col"": 0.15819525579004146, ""target_failure_bottom_collision"": -0.3571120015709168, ""target_failure_bottom_obstruction"": -0.22905127781387757, ""target_failure_collision"": -0.3686455953669121, ""target_failure_collision_in_part"": -0.9968153388739625, ""target_failure_collision_in_tool"": 0.003491119643097673, ""target_failure_fr_collision"": 0.02580199011733808, ""target_failure_front_col"": -1470869138620.3796, ""target_failure_left_col"": -3.589708513625708, ""target_failure_lost"": -295233584463.079, ""target_failure_moved"": -0.9178049133324837, ""target_failure_normal"": 0.2990678498421774, ""target_failure_obstruction"": -0.6763397537112412, ""target_failure_ok"": -3.1316605807773907, ""target_failure_right_col"": -354281149730.76263, ""target_failure_slightly_moved"": -0.24204098302596777}",,,0,0,0,False
robot_execution_failures,1,lightgbm,463,296,74,93,6,12,16,0.22149300412746148,0.09858804586701889,-75000387252.0093,"{""target_failure_back_col"": 0.13273450242371712, ""target_failure_bottom_collision"": 0.24379556265094254, ""target_failure_bottom_obstruction"": 0.28895843088766476, ""target_failure_collision"": 0.43036853284642723, ""target_failure_collision_in_part"": 0.3948247715955833, ""target_failure_collision_in_tool"": 0.24698815008020725, ""target_failure_fr_collision"": 0.14195199535543787, ""target_failure_front_col"": 0.0963456407767725, ""target_failure_left_col"": 0.15509750643521883, ""target_failure_lost"": 0.037503914559757226, ""target_failure_moved"": 0.20658034259859132, ""target_failure_normal"": 0.36638364832187537, ""target_failure_obstruction"": 0.34281964440143886, ""target_failure_ok"": 0.2500352707224706, ""target_failure_right_col"": 0.047055990850066814, ""target_failure_slightly_moved"": 0.16244416153321212}","{""target_failure_back_col"": 0.16273661456241717, ""target_failure_bottom_collision"": 0.015202283826847518, ""target_failure_bottom_obstruction"": -0.06200802712381259, ""target_failure_collision"": -0.23989380159693363, ""target_failure_collision_in_part"": -0.7834171749738887, ""target_failure_collision_in_tool"": -0.010759132414536632, ""target_failure_fr_collision"": 0.04241474467432049, ""target_failure_front_col"": -863270875640.341, ""target_failure_left_col"": -1.2614532689726552, ""target_failure_lost"": -130808556001.1032, ""target_failure_moved"": -0.3670362609548221, ""target_failure_normal"": 0.3484761747521167, ""target_failure_obstruction"": -0.49481838471186146, ""target_failure_ok"": -1.9709616904701495, ""target_failure_right_col"": -205926764385.82892, ""target_failure_slightly_moved"": -0.25401479607633104}",,,0,0,0,False
robot_execution_failures,1,cnn_mlp,463,296,74,93,6,12,16,0.19305048989253065,0.10517707735708197,-8968455708.982319,"{""target_failure_back_col"": 0.14090910498847728, ""target_failure_bottom_collision"": 0.2412042485899272, ""target_failure_bottom_obstruction"": 0.2871837633261896, ""target_failure_collision"": 0.3852129441744665, ""target_failure_collision_in_part"": 0.2943812216409089, ""target_failure_collision_in_tool"": 0.24313733779949717, ""target_failure_fr_collision"": 0.14596242840118523, ""target_failure_front_col"": 0.022163978566693086, ""target_failure_left_col"": 0.10725717624758087, ""target_failure_lost"": 0.016620784511791196, ""target_failure_moved"": 0.17969717920987346, ""target_failure_normal"": 0.41315108019947117, ""target_failure_obstruction"": 0.28747785669038906, ""target_failure_ok"": 0.15278386736044072, ""target_failure_right_col"": 0.027847220546221334, ""target_failure_slightly_moved"": 0.14381764602737773}","{""target_failure_back_col"": 0.05643339908279765, ""target_failure_bottom_collision"": 0.03602594365174372, ""target_failure_bottom_obstruction"": -0.04900322489434883, ""target_failure_collision"": 0.006643326058852095, ""target_failure_collision_in_part"": 0.008564728057565807, ""target_failure_collision_in_tool"": 0.020512825654980915, ""target_failure_fr_collision"": -0.012457046837424768, ""target_failure_front_col"": -45685501150.69949, ""target_failure_left_col"": -0.08151041240408086, ""target_failure_lost"": -25691294535.885376, ""target_failure_moved"": -0.03439060534398242, ""target_failure_normal"": 0.17153165097819867, ""target_failure_obstruction"": -0.05115274062145314, ""target_failure_ok"": -0.10930123870756181, ""target_failure_right_col"": -72118495657.11122, ""target_failure_slightly_moved"": 0.01707858042580679}",,,0,0,0,False
robot_execution_failures,1,ftt_mlp,463,296,74,93,6,12,16,0.1906870769612732,0.10250508824138876,-19258825088.855,"{""target_failure_back_col"": 0.14687592846973607, ""target_failure_bottom_collision"": 0.22624249869902324, ""target_failure_bottom_obstruction"": 0.28519134126132467, ""target_failure_collision"": 0.3734203498970515, ""target_failure_collision_in_part"": 0.28310363192266, ""target_failure_collision_in_tool"": 0.23231155109807308, ""target_failure_fr_collision"": 0.13990260189838588, ""target_failure_front_col"": 0.04196428439210493, ""target_failure_left_col"": 0.1106882875980771, ""target_failure_lost"": 0.01820852486011422, ""target_failure_moved"": 0.1870850616644446, ""target_failure_normal"": 0.3653610320522486, ""target_failure_obstruction"": 0.2935461716035495, ""target_failure_ok"": 0.1670250861843893, ""target_failure_right_col"": 0.03493987258873075, ""target_failure_slightly_moved"": 0.145127007190458}","{""target_failure_back_col"": -0.025169547621929134, ""target_failure_bottom_collision"": 0.15190634000819692, ""target_failure_bottom_obstruction"": -0.03449817799880561, ""target_failure_collision"": 0.06653200389570046, ""target_failure_collision_in_part"": 0.08307240928789505, ""target_failure_collision_in_tool"": 0.10579509378682561, ""target_failure_fr_collision"": 0.06986490689480362, ""target_failure_front_col"": -163773108955.76093, ""target_failure_left_col"": -0.15181127172639264, ""target_failure_lost"": -30834185237.27729, ""target_failure_moved"": -0.12119272375474877, ""target_failure_normal"": 0.3521080456973926, ""target_failure_obstruction"": -0.09599827812569828, ""target_failure_ok"": -0.3257386236384707, ""target_failure_right_col"": -113533907228.71577, ""target_failure_slightly_moved"": -0.0009005451080676963}",,,0,0,0,False
robot_execution_failures,1,two_stage_mlp,463,296,74,93,6,12,16,0.19211336970329285,0.10352709144353867,-13380842496.0,"{""target_failure_back_col"": 0.14199130237102509, ""target_failure_bottom_collision"": 0.23060712218284607, ""target_failure_bottom_obstruction"": 0.2529826760292053, ""target_failure_collision"": 0.38925179839134216, ""target_failure_collision_in_part"": 0.2835262417793274, ""target_failure_collision_in_tool"": 0.23616237938404083, ""target_failure_fr_collision"": 0.14536330103874207, ""target_failure_front_col"": 0.03178730234503746, ""target_failure_left_col"": 0.11912188678979874, ""target_failure_lost"": 0.017833547666668892, ""target_failure_moved"": 0.1815047264099121, ""target_failure_normal"": 0.37494096159935, ""target_failure_obstruction"": 0.3151493966579437, ""target_failure_ok"": 0.1742405891418457, ""target_failure_right_col"": 0.031202763319015503, ""target_failure_slightly_moved"": 0.14814795553684235}","{""target_failure_back_col"": 0.04188436269760132, ""target_failure_bottom_collision"": 0.11886823177337646, ""target_failure_bottom_obstruction"": 0.18597322702407837, ""target_failure_collision"": -0.014296174049377441, ""target_failure_collision_in_part"": 0.08033287525177002, ""target_failure_collision_in_tool"": 0.0759044885635376, ""target_failure_fr_collision"": -0.004162430763244629, ""target_failure_front_col"": -93970219008.0, ""target_failure_left_col"": -0.33401620388031006, ""target_failure_lost"": -29577293824.0, ""target_failure_moved"": -0.055304884910583496, ""target_failure_normal"": 0.31768661737442017, ""target_failure_obstruction"": -0.26325201988220215, ""target_failure_ok"": -0.4427567720413208, ""target_failure_right_col"": -90545963008.0, ""target_failure_slightly_moved"": -0.04300355911254883}",,,0,0,0,False
robot_execution_failures,1,oracle_mlp,463,296,74,93,6,12,16,0.18854090571403503,0.10235925018787384,-20339408896.0,"{""target_failure_back_col"": 0.1403825283050537, ""target_failure_bottom_collision"": 0.2293831706047058, ""target_failure_bottom_obstruction"": 0.2549046277999878, ""target_failure_collision"": 0.38458219170570374, ""target_failure_collision_in_part"": 0.29137033224105835, ""target_failure_collision_in_tool"": 0.24363751709461212, ""target_failure_fr_collision"": 0.14401771128177643, ""target_failure_front_col"": 0.043190181255340576, ""target_failure_left_col"": 0.12216663360595703, ""target_failure_lost"": 0.022917333990335464, ""target_failure_moved"": 0.18644870817661285, ""target_failure_normal"": 0.3612072169780731, ""target_failure_obstruction"": 0.25369662046432495, ""target_failure_ok"": 0.16019828617572784, ""target_failure_right_col"": 0.033296503126621246, ""target_failure_slightly_moved"": 0.14525508880615234}","{""target_failure_back_col"": 0.06347250938415527, ""target_failure_bottom_collision"": 0.12819665670394897, ""target_failure_bottom_obstruction"": 0.17355775833129883, ""target_failure_collision"": 0.009893715381622314, ""target_failure_collision_in_part"": 0.02874147891998291, ""target_failure_collision_in_tool"": 0.016478657722473145, ""target_failure_fr_collision"": 0.014341950416564941, ""target_failure_front_col"": -173481443328.0, ""target_failure_left_col"": -0.40308237075805664, ""target_failure_lost"": -48843988992.0, ""target_failure_moved"": -0.11357831954956055, ""target_failure_normal"": 0.3667560815811157, ""target_failure_obstruction"": 0.18137234449386597, ""target_failure_ok"": -0.21957993507385254, ""target_failure_right_col"": -103105101824.0, ""target_failure_slightly_moved"": -0.002668023109436035}",,,0,0,0,False
robot_execution_failures,1,prism,463,296,74,93,6,12,16,0.18767757713794708,0.0969148576259613,-16028678144.0,"{""target_failure_back_col"": 0.1472238153219223, ""target_failure_bottom_collision"": 0.20063336193561554, ""target_failure_bottom_obstruction"": 0.26296675205230713, ""target_failure_collision"": 0.3710896074771881, ""target_failure_collision_in_part"": 0.28882285952568054, ""target_failure_collision_in_tool"": 0.2393115907907486, ""target_failure_fr_collision"": 0.14222414791584015, ""target_failure_front_col"": 0.03585542365908623, ""target_failure_left_col"": 0.11412787437438965, ""target_failure_lost"": 0.017340226098895073, ""target_failure_moved"": 0.17850781977176666, ""target_failure_normal"": 0.33545559644699097, ""target_failure_obstruction"": 0.3122609555721283, ""target_failure_ok"": 0.17788881063461304, ""target_failure_right_col"": 0.034224655479192734, ""target_failure_slightly_moved"": 0.14490777254104614}","{""target_failure_back_col"": -0.030031681060791016, ""target_failure_bottom_collision"": 0.3330370783805847, ""target_failure_bottom_obstruction"": 0.1204535961151123, ""target_failure_collision"": 0.07814830541610718, ""target_failure_collision_in_part"": 0.04565095901489258, ""target_failure_collision_in_tool"": 0.05109459161758423, ""target_failure_fr_collision"": 0.03873938322067261, ""target_failure_front_col"": -119561863168.0, ""target_failure_left_col"": -0.22450745105743408, ""target_failure_lost"": -27963559936.0, ""target_failure_moved"": -0.020743370056152344, ""target_failure_normal"": 0.4538295269012451, ""target_failure_obstruction"": -0.2402019500732422, ""target_failure_ok"": -0.5038058757781982, ""target_failure_right_col"": -108933423104.0, ""target_failure_slightly_moved"": 0.0021212100982666016}",,,0,0,0,False
robot_execution_failures,1,prism_z_acp_random_forest,463,296,74,93,6,12,16,0.2165418058348666,0.08576979487997331,-73322970830.29047,"{""target_failure_back_col"": 0.13288256013897676, ""target_failure_bottom_collision"": 0.23669204333997448, ""target_failure_bottom_obstruction"": 0.28054541788449605, ""target_failure_collision"": 0.41450709662405294, ""target_failure_collision_in_part"": 0.36934232670517214, ""target_failure_collision_in_tool"": 0.24455866306730462, ""target_failure_fr_collision"": 0.13956580559269743, ""target_failure_front_col"": 0.09587398458371489, ""target_failure_left_col"": 0.17866531408639072, ""target_failure_lost"": 0.0433801173747321, ""target_failure_moved"": 0.21818934641693974, ""target_failure_normal"": 0.3308448519450118, ""target_failure_obstruction"": 0.32091835084630377, ""target_failure_ok"": 0.25789823274080353, ""target_failure_right_col"": 0.039256198302199716, ""target_failure_slightly_moved"": 0.16154858370909503}","{""target_failure_back_col"": 0.1608677343748678, ""target_failure_bottom_collision"": 0.07175470387658378, ""target_failure_bottom_obstruction"": -0.001067629678339621, ""target_failure_collision"": -0.1501842342844295, ""target_failure_collision_in_part"": -0.5606385147907536, ""target_failure_collision_in_tool"": 0.00902763760156955, ""target_failure_fr_collision"": 0.07433786145583732, ""target_failure_front_col"": -854839348970.9008, ""target_failure_left_col"": -2.0009480760532963, ""target_failure_lost"": -175010616958.74255, ""target_failure_moved"": -0.5249974958883212, ""target_failure_normal"": 0.4687402683306181, ""target_failure_obstruction"": -0.3099241046331127, ""target_failure_ok"": -2.160757901340063, ""target_failure_right_col"": -143317567349.84012, ""target_failure_slightly_moved"": -0.24022578679046158}",,,0,0,0,False
robot_execution_failures,1,prism_z_acp_xgboost,463,296,74,93,6,12,16,0.23366929688068533,0.09030802461240472,-75913409012.7633,"{""target_failure_back_col"": 0.13432191000995275, ""target_failure_bottom_collision"": 0.28593563961956003, ""target_failure_bottom_obstruction"": 0.30113575043107427, ""target_failure_collision"": 0.44694481702605365, ""target_failure_collision_in_part"": 0.4075716062637322, ""target_failure_collision_in_tool"": 0.2440094804084156, ""target_failure_fr_collision"": 0.13132225502272643, ""target_failure_front_col"": 0.09594778139741755, ""target_failure_left_col"": 0.2029502584824413, ""target_failure_lost"": 0.04923388711811847, ""target_failure_moved"": 0.2369346132827672, ""target_failure_normal"": 0.363319595830556, ""target_failure_obstruction"": 0.35627079520512306, ""target_failure_ok"": 0.28341560441308017, ""target_failure_right_col"": 0.03782088040970412, ""target_failure_slightly_moved"": 0.16157387517024235}","{""target_failure_back_col"": 0.14259075003898314, ""target_failure_bottom_collision"": -0.3546653409751632, ""target_failure_bottom_obstruction"": -0.15340463835283646, ""target_failure_collision"": -0.33724591661785186, ""target_failure_collision_in_part"": -0.9004305407369779, ""target_failure_collision_in_tool"": 0.013473309429204439, ""target_failure_fr_collision"": 0.18045819772973815, ""target_failure_front_col"": -856155841643.0862, ""target_failure_left_col"": -2.8721948616611126, ""target_failure_lost"": -225429735490.41858, ""target_failure_moved"": -0.7982872655951792, ""target_failure_normal"": 0.3593279455951124, ""target_failure_obstruction"": -0.6144235223191981, ""target_failure_ok"": -2.8171745207066086, ""target_failure_right_col"": -133028967062.3156, ""target_failure_slightly_moved"": -0.2406141477026016}",,,0,0,0,False
robot_execution_failures,1,prism_z_acp_lightgbm,463,296,74,93,6,12,16,0.23048042101991645,0.09227526366764872,-101513721454.28625,"{""target_failure_back_col"": 0.1333637029313463, ""target_failure_bottom_collision"": 0.26168094548920934, ""target_failure_bottom_obstruction"": 0.2811039890816756, ""target_failure_collision"": 0.45319766141535595, ""target_failure_collision_in_part"": 0.41325299997895615, ""target_failure_collision_in_tool"": 0.2502085535697658, ""target_failure_fr_collision"": 0.1481537310604115, ""target_failure_front_col"": 0.11557195355999128, ""target_failure_left_col"": 0.17281727309552433, ""target_failure_lost"": 0.04782376876645139, ""target_failure_moved"": 0.21660981254013403, ""target_failure_normal"": 0.35686610123542906, ""target_failure_obstruction"": 0.3545666506744128, ""target_failure_ok"": 0.27912001660250774, ""target_failure_right_col"": 0.04267009366263869, ""target_failure_slightly_moved"": 0.1606794826548531}","{""target_failure_back_col"": 0.15478005245780957, ""target_failure_bottom_collision"": -0.13459179849891334, ""target_failure_bottom_obstruction"": -0.005057886978782067, ""target_failure_collision"": -0.37492430750957007, ""target_failure_collision_in_part"": -0.9537823820489131, ""target_failure_collision_in_tool"": -0.0372889319609484, ""target_failure_fr_collision"": -0.043084839556425836, ""target_failure_front_col"": -1242189514782.113, ""target_failure_left_col"": -1.8077102204848732, ""target_failure_lost"": -212701496738.42532, ""target_failure_moved"": -0.5029976474965745, ""target_failure_normal"": 0.3818857890639168, ""target_failure_obstruction"": -0.5990159663791306, ""target_failure_ok"": -2.7023414100154586, ""target_failure_right_col"": -169328531741.1908, ""target_failure_slightly_moved"": -0.22691731804443216}",,,0,0,0,False
robot_execution_failures,1,prism_z_random_forest,463,296,74,93,6,12,16,0.2179932728434802,0.0869798115872569,-76115466070.5139,"{""target_failure_back_col"": 0.13364157212153346, ""target_failure_bottom_collision"": 0.2422723849823146, ""target_failure_bottom_obstruction"": 0.28196884350369794, ""target_failure_collision"": 0.4134708567899129, ""target_failure_collision_in_part"": 0.3683723883198063, ""target_failure_collision_in_tool"": 0.24654330625816448, ""target_failure_fr_collision"": 0.1456436299027204, ""target_failure_front_col"": 0.09818565510527189, ""target_failure_left_col"": 0.17814131630612234, ""target_failure_lost"": 0.04366900695786399, ""target_failure_moved"": 0.21774321084088713, ""target_failure_normal"": 0.3331415566641631, ""target_failure_obstruction"": 0.32571988395358514, ""target_failure_ok"": 0.25832033718473635, ""target_failure_right_col"": 0.03934118526591555, ""target_failure_slightly_moved"": 0.16171723133898766}","{""target_failure_back_col"": 0.15125427672714187, ""target_failure_bottom_collision"": 0.027469414369535983, ""target_failure_bottom_obstruction"": -0.011251793445026248, ""target_failure_collision"": -0.14444065625364355, ""target_failure_collision_in_part"": -0.5524524203184968, ""target_failure_collision_in_tool"": -0.007121508122246656, ""target_failure_fr_collision"": -0.008039234570077713, ""target_failure_front_col"": -896559330347.4548, ""target_failure_left_col"": -1.983371254237582, ""target_failure_lost"": -177349342395.44858, ""target_failure_moved"": -0.5187674935538489, ""target_failure_normal"": 0.4613387215475637, ""target_failure_obstruction"": -0.3494151234735503, ""target_failure_ok"": -2.1711128523327003, ""target_failure_right_col"": -143938784379.97043, ""target_failure_slightly_moved"": -0.24281659026144853}",,,0,0,0,False
robot_execution_failures,1,prism_z_xgboost,463,296,74,93,6,12,16,0.234104331813678,0.09046204391774637,-71229046397.64862,"{""target_failure_back_col"": 0.13403808850949184, ""target_failure_bottom_collision"": 0.2796297525126328, ""target_failure_bottom_obstruction"": 0.30033160739879255, ""target_failure_collision"": 0.44750183665132826, ""target_failure_collision_in_part"": 0.4056831039188192, ""target_failure_collision_in_tool"": 0.24856677131090132, ""target_failure_fr_collision"": 0.12509390693751032, ""target_failure_front_col"": 0.09456754173265816, ""target_failure_left_col"": 0.2018698137111563, ""target_failure_lost"": 0.045605645314249064, ""target_failure_moved"": 0.24224160425306493, ""target_failure_normal"": 0.3703599808675921, ""target_failure_obstruction"": 0.36586825446942334, ""target_failure_ok"": 0.288220738353222, ""target_failure_right_col"": 0.03509365629827161, ""target_failure_slightly_moved"": 0.16099700677973477}","{""target_failure_back_col"": 0.14621032453615068, ""target_failure_bottom_collision"": -0.2955739167989784, ""target_failure_bottom_obstruction"": -0.14725283527970356, ""target_failure_collision"": -0.3405811667502543, ""target_failure_collision_in_part"": -0.8828598726533397, ""target_failure_collision_in_tool"": -0.023720928119639106, ""target_failure_fr_collision"": 0.25635311966300245, ""target_failure_front_col"": -831700858612.6105, ""target_failure_left_col"": -2.8310758566778023, ""target_failure_lost"": -193428365033.10672, ""target_failure_moved"": -0.8797474992635466, ""target_failure_normal"": 0.33425756210724544, ""target_failure_obstruction"": -0.7025759217595458, ""target_failure_ok"": -2.947707373586021, ""target_failure_right_col"": -114535518708.1147, ""target_failure_slightly_moved"": -0.2317712143631494}",,,0,0,0,False
robot_execution_failures,1,prism_z_lightgbm,463,296,74,93,6,12,16,0.2307519421775534,0.09227322148550077,-100807575729.71306,"{""target_failure_back_col"": 0.13397116889353758, ""target_failure_bottom_collision"": 0.2610027839337121, ""target_failure_bottom_obstruction"": 0.28804379927214535, ""target_failure_collision"": 0.4477212483932895, ""target_failure_collision_in_part"": 0.41047156052257977, ""target_failure_collision_in_tool"": 0.2545002033092555, ""target_failure_fr_collision"": 0.14542988507681037, ""target_failure_front_col"": 0.11443042782857939, ""target_failure_left_col"": 0.17375813588924918, ""target_failure_lost"": 0.04810191107445724, ""target_failure_moved"": 0.21717997351384513, ""target_failure_normal"": 0.35407054062550036, ""target_failure_obstruction"": 0.35866984658326706, ""target_failure_ok"": 0.27997345208675567, ""target_failure_right_col"": 0.043990022775969397, ""target_failure_slightly_moved"": 0.16071611506190095}","{""target_failure_back_col"": 0.14706263472939307, ""target_failure_bottom_collision"": -0.12871869591230078, ""target_failure_bottom_obstruction"": -0.05529558182206484, ""target_failure_collision"": -0.34189607244985365, ""target_failure_collision_in_part"": -0.9275706460293245, ""target_failure_collision_in_tool"": -0.0731778651807895, ""target_failure_fr_collision"": -0.005082633374699608, ""target_failure_front_col"": -1217772026476.9265, ""target_failure_left_col"": -1.8383652702809639, ""target_failure_lost"": -215182828817.2224, ""target_failure_moved"": -0.510920450494682, ""target_failure_normal"": 0.3915320264875519, ""target_failure_obstruction"": -0.636239092338335, ""target_failure_ok"": -2.7250165311044445, ""target_failure_right_col"": -179966356374.32855, ""target_failure_slightly_moved"": -0.2274768177047095}",,,0,0,0,False
robot_execution_failures,2,simple_mlp,463,296,74,93,6,12,16,0.199308842420578,0.10086625814437866,-5887868416.0,"{""target_failure_back_col"": 0.15263554453849792, ""target_failure_bottom_collision"": 0.2162538319826126, ""target_failure_bottom_obstruction"": 0.2005525678396225, ""target_failure_collision"": 0.3769052028656006, ""target_failure_collision_in_part"": 0.26224154233932495, ""target_failure_collision_in_tool"": 0.21618257462978363, ""target_failure_fr_collision"": 0.16010677814483643, ""target_failure_front_col"": 0.15363407135009766, ""target_failure_left_col"": 0.1472647339105606, ""target_failure_lost"": 0.031827136874198914, ""target_failure_moved"": 0.20890791714191437, ""target_failure_normal"": 0.3041057288646698, ""target_failure_obstruction"": 0.26218995451927185, ""target_failure_ok"": 0.19396834075450897, ""target_failure_right_col"": 0.10220711678266525, ""target_failure_slightly_moved"": 0.19995838403701782}","{""target_failure_back_col"": -0.1071481704711914, ""target_failure_bottom_collision"": 0.0807349681854248, ""target_failure_bottom_obstruction"": 0.20937657356262207, ""target_failure_collision"": 0.12613385915756226, ""target_failure_collision_in_part"": 0.011964976787567139, ""target_failure_collision_in_tool"": 0.081340491771698, ""target_failure_fr_collision"": 0.17885196208953857, ""target_failure_front_col"": -0.12168145179748535, ""target_failure_left_col"": -0.030604243278503418, ""target_failure_lost"": -94205894656.0, ""target_failure_moved"": -0.06029236316680908, ""target_failure_normal"": 0.5031912326812744, ""target_failure_obstruction"": 0.01235342025756836, ""target_failure_ok"": 0.08593398332595825, ""target_failure_right_col"": 0.01793491840362549, ""target_failure_slightly_moved"": 0.0286065936088562}",,,0,0,0,False
robot_execution_failures,2,random_forest,463,296,74,93,6,12,16,0.21618501690394007,0.08339345309771898,-39931514238.41067,"{""target_failure_back_col"": 0.18945201071487158, ""target_failure_bottom_collision"": 0.26465258974811856, ""target_failure_bottom_obstruction"": 0.1976490449858472, ""target_failure_collision"": 0.43762942669492727, ""target_failure_collision_in_part"": 0.2652877445298977, ""target_failure_collision_in_tool"": 0.292797032665709, ""target_failure_fr_collision"": 0.1519196155654027, ""target_failure_front_col"": 0.14618878874855717, ""target_failure_left_col"": 0.15122380317235778, ""target_failure_lost"": 0.08288508856260879, ""target_failure_moved"": 0.24950939012914844, ""target_failure_normal"": 0.2574802026937847, ""target_failure_obstruction"": 0.2655909405428715, ""target_failure_ok"": 0.18206952430065051, ""target_failure_right_col"": 0.12605533627683507, ""target_failure_slightly_moved"": 0.198569731131453}","{""target_failure_back_col"": -0.7056616503150726, ""target_failure_bottom_collision"": -0.3767828564304614, ""target_failure_bottom_obstruction"": 0.23210358941599996, ""target_failure_collision"": -0.17813122867755338, ""target_failure_collision_in_part"": -0.011122360987296132, ""target_failure_collision_in_tool"": -0.6851809430503872, ""target_failure_fr_collision"": 0.26068459895053264, ""target_failure_front_col"": -0.015599805614509465, ""target_failure_left_col"": -0.08676278794565406, ""target_failure_lost"": -638904227812.8649, ""target_failure_moved"": -0.5124800078544194, ""target_failure_normal"": 0.6438543130135567, ""target_failure_obstruction"": -0.013435044231979498, ""target_failure_ok"": 0.19463941975785004, ""target_failure_right_col"": -0.49382752488167814, ""target_failure_slightly_moved"": 0.04205179023097361}",,,0,0,0,False
robot_execution_failures,2,xgboost,463,296,74,93,6,12,16,0.23569709240273773,0.09184895640962784,-77662155402.30022,"{""target_failure_back_col"": 0.22105931611435456, ""target_failure_bottom_collision"": 0.30789836108550855, ""target_failure_bottom_obstruction"": 0.21747058406436087, ""target_failure_collision"": 0.4664444677966087, ""target_failure_collision_in_part"": 0.28260936709577056, ""target_failure_collision_in_tool"": 0.3378293517573443, ""target_failure_fr_collision"": 0.1836711069940788, ""target_failure_front_col"": 0.1471107770680202, ""target_failure_left_col"": 0.15048500185605157, ""target_failure_lost"": 0.11559079108443882, ""target_failure_moved"": 0.26381789021072777, ""target_failure_normal"": 0.2852026166786834, ""target_failure_obstruction"": 0.2710833277943227, ""target_failure_ok"": 0.18840757046170145, ""target_failure_right_col"": 0.13181805535771082, ""target_failure_slightly_moved"": 0.20065489302412107}","{""target_failure_back_col"": -1.3222666822128963, ""target_failure_bottom_collision"": -0.8634936093146646, ""target_failure_bottom_obstruction"": 0.0703612055596684, ""target_failure_collision"": -0.33838335726167523, ""target_failure_collision_in_part"": -0.14747291983614108, ""target_failure_collision_in_tool"": -1.2434064118252857, ""target_failure_fr_collision"": -0.08064670809744401, ""target_failure_front_col"": -0.028450639586964144, ""target_failure_left_col"": -0.07617000453511436, ""target_failure_lost"": -1242594486432.1157, ""target_failure_moved"": -0.6909249771500066, ""target_failure_normal"": 0.5630346338854822, ""target_failure_obstruction"": -0.055783865567756497, ""target_failure_ok"": 0.13759244562084838, ""target_failure_right_col"": -0.6335325308746753, ""target_failure_slightly_moved"": 0.02182751184358278}",,,0,0,0,False
robot_execution_failures,2,lightgbm,463,296,74,93,6,12,16,0.2130107105132334,0.09271986622352078,-20102085513.03475,"{""target_failure_back_col"": 0.1705164324387448, ""target_failure_bottom_collision"": 0.2636403014122012, ""target_failure_bottom_obstruction"": 0.19529497630959863, ""target_failure_collision"": 0.44164381775901373, ""target_failure_collision_in_part"": 0.2609926256359203, ""target_failure_collision_in_tool"": 0.29210794619718505, ""target_failure_fr_collision"": 0.16484397445195156, ""target_failure_front_col"": 0.14558696719609163, ""target_failure_left_col"": 0.14626595528111538, ""target_failure_lost"": 0.058808360802266486, ""target_failure_moved"": 0.24728527881574777, ""target_failure_normal"": 0.2619304238717984, ""target_failure_obstruction"": 0.26539175569224216, ""target_failure_ok"": 0.179280963159509, ""target_failure_right_col"": 0.11965568187165655, ""target_failure_slightly_moved"": 0.19492590731669152}","{""target_failure_back_col"": -0.38174188470735415, ""target_failure_bottom_collision"": -0.36627069182271055, ""target_failure_bottom_obstruction"": 0.2502864835830749, ""target_failure_collision"": -0.19984444553539604, ""target_failure_collision_in_part"": 0.021353576872871538, ""target_failure_collision_in_tool"": -0.6772582608218527, ""target_failure_fr_collision"": 0.12954123688855135, ""target_failure_front_col"": -0.007255092449672151, ""target_failure_left_col"": -0.016672206220333496, ""target_failure_lost"": -321633368207.392, ""target_failure_moved"": -0.48563587994431034, ""target_failure_normal"": 0.6314368626880122, ""target_failure_obstruction"": -0.01191552543491503, ""target_failure_ok"": 0.21912016697697656, ""target_failure_right_col"": -0.34599869474654676, ""target_failure_slightly_moved"": 0.07688658269577375}",,,0,0,0,False
robot_execution_failures,2,cnn_mlp,463,296,74,93,6,12,16,0.20833415653468154,0.10656255259932268,-1838201039.6722481,"{""target_failure_back_col"": 0.1475927740198785, ""target_failure_bottom_collision"": 0.22042962121488463, ""target_failure_bottom_obstruction"": 0.21929759667876966, ""target_failure_collision"": 0.3952474900714222, ""target_failure_collision_in_part"": 0.2608708926602185, ""target_failure_collision_in_tool"": 0.22626917917976608, ""target_failure_fr_collision"": 0.17760114052565074, ""target_failure_front_col"": 0.14803734041554223, ""target_failure_left_col"": 0.14337824790856557, ""target_failure_lost"": 0.017783409121492916, ""target_failure_moved"": 0.21052023883351195, ""target_failure_normal"": 0.3861741322074294, ""target_failure_obstruction"": 0.27083989613543386, ""target_failure_ok"": 0.20113809563078547, ""target_failure_right_col"": 0.1058180618339457, ""target_failure_slightly_moved"": 0.2023483881176075}","{""target_failure_back_col"": -0.035200893003196176, ""target_failure_bottom_collision"": 0.04489072598253874, ""target_failure_bottom_obstruction"": 0.05467543945596254, ""target_failure_collision"": 0.0390099835038461, ""target_failure_collision_in_part"": 0.022266290461175564, ""target_failure_collision_in_tool"": -0.0063846404052265715, ""target_failure_fr_collision"": -0.01040049114435515, ""target_failure_front_col"": -0.041446636746072185, ""target_failure_left_col"": 0.02307553648689431, ""target_failure_lost"": -29411216634.884384, ""target_failure_moved"": -0.07672193740640254, ""target_failure_normal"": 0.19886378696743223, ""target_failure_obstruction"": -0.05388853823478423, ""target_failure_ok"": 0.017110894462984194, ""target_failure_right_col"": -0.052682958120737755, ""target_failure_slightly_moved"": 0.0052465981247131754}",,,0,0,0,False
robot_execution_failures,2,ftt_mlp,463,296,74,93,6,12,16,0.19767446588982857,0.09892507814393128,-4796701890.305621,"{""target_failure_back_col"": 0.14773699767876963, ""target_failure_bottom_collision"": 0.20659212066938734, ""target_failure_bottom_obstruction"": 0.21386427682395207, ""target_failure_collision"": 0.37944775903004935, ""target_failure_collision_in_part"": 0.2584146740194473, ""target_failure_collision_in_tool"": 0.2177847765186177, ""target_failure_fr_collision"": 0.16860509856340095, ""target_failure_front_col"": 0.15026673580066438, ""target_failure_left_col"": 0.13986213724195354, ""target_failure_lost"": 0.028726973937687025, ""target_failure_moved"": 0.22064513420520854, ""target_failure_normal"": 0.27363037627897724, ""target_failure_obstruction"": 0.2626270400941758, ""target_failure_ok"": 0.19009444630329683, ""target_failure_right_col"": 0.10090766027809545, ""target_failure_slightly_moved"": 0.20358524679357426}","{""target_failure_back_col"": -0.03722502199799438, ""target_failure_bottom_collision"": 0.16104114799971025, ""target_failure_bottom_obstruction"": 0.1009378962882399, ""target_failure_collision"": 0.11430413111517435, ""target_failure_collision_in_part"": 0.04059123272021603, ""target_failure_collision_in_tool"": 0.06767305817512259, ""target_failure_fr_collision"": 0.08936685283510515, ""target_failure_front_col"": -0.07305054258916144, ""target_failure_left_col"": 0.07040288336446321, ""target_failure_lost"": -76747230246.0059, ""target_failure_moved"": -0.18278160772517826, ""target_failure_normal"": 0.5977754078990016, ""target_failure_obstruction"": 0.009057894340777195, ""target_failure_ok"": 0.12208046798514804, ""target_failure_right_col"": 0.04274805030872131, ""target_failure_slightly_moved"": -0.006951469930778664}",,,0,0,0,False
robot_execution_failures,2,two_stage_mlp,463,296,74,93,6,12,16,0.20157745480537415,0.10406473278999329,-9008032768.0,"{""target_failure_back_col"": 0.1507590264081955, ""target_failure_bottom_collision"": 0.21733702719211578, ""target_failure_bottom_obstruction"": 0.1828923374414444, ""target_failure_collision"": 0.388888955116272, ""target_failure_collision_in_part"": 0.25260135531425476, ""target_failure_collision_in_tool"": 0.21942465007305145, ""target_failure_fr_collision"": 0.17837955057621002, ""target_failure_front_col"": 0.14846955239772797, ""target_failure_left_col"": 0.14735107123851776, ""target_failure_lost"": 0.039367109537124634, ""target_failure_moved"": 0.2072567641735077, ""target_failure_normal"": 0.3517194390296936, ""target_failure_obstruction"": 0.24720600247383118, ""target_failure_ok"": 0.19719591736793518, ""target_failure_right_col"": 0.098708875477314, ""target_failure_slightly_moved"": 0.1976815015077591}","{""target_failure_back_col"": -0.0800929069519043, ""target_failure_bottom_collision"": 0.07150286436080933, ""target_failure_bottom_obstruction"": 0.3424872159957886, ""target_failure_collision"": 0.06968116760253906, ""target_failure_collision_in_part"": 0.08327162265777588, ""target_failure_collision_in_tool"": 0.053579747676849365, ""target_failure_fr_collision"": -0.019276857376098633, ""target_failure_front_col"": -0.047536611557006836, ""target_failure_left_col"": -0.03181314468383789, ""target_failure_lost"": -144128524288.0, ""target_failure_moved"": -0.043598055839538574, ""target_failure_normal"": 0.3354421854019165, ""target_failure_obstruction"": 0.12201440334320068, ""target_failure_ok"": 0.05526137351989746, ""target_failure_right_col"": 0.08401060104370117, ""target_failure_slightly_moved"": 0.050602734088897705}",,,0,0,0,False
robot_execution_failures,2,oracle_mlp,463,296,74,93,6,12,16,0.19857189059257507,0.10473716259002686,-11036475392.0,"{""target_failure_back_col"": 0.15443234145641327, ""target_failure_bottom_collision"": 0.21312057971954346, ""target_failure_bottom_obstruction"": 0.18194258213043213, ""target_failure_collision"": 0.39640966057777405, ""target_failure_collision_in_part"": 0.27387455105781555, ""target_failure_collision_in_tool"": 0.22450685501098633, ""target_failure_fr_collision"": 0.1725791096687317, ""target_failure_front_col"": 0.15381933748722076, ""target_failure_left_col"": 0.14876969158649445, ""target_failure_lost"": 0.043574631214141846, ""target_failure_moved"": 0.2129807472229004, ""target_failure_normal"": 0.3282504081726074, ""target_failure_obstruction"": 0.18175266683101654, ""target_failure_ok"": 0.19132810831069946, ""target_failure_right_col"": 0.10078046470880508, ""target_failure_slightly_moved"": 0.19902868568897247}","{""target_failure_back_col"": -0.13336801528930664, ""target_failure_bottom_collision"": 0.10717999935150146, ""target_failure_bottom_obstruction"": 0.34929829835891724, ""target_failure_collision"": 0.033350348472595215, ""target_failure_collision_in_part"": -0.07763755321502686, ""target_failure_collision_in_tool"": 0.009230971336364746, ""target_failure_fr_collision"": 0.04593378305435181, ""target_failure_front_col"": -0.12438845634460449, ""target_failure_left_col"": -0.05177628993988037, ""target_failure_lost"": -176583606272.0, ""target_failure_moved"": -0.10203802585601807, ""target_failure_normal"": 0.421170711517334, ""target_failure_obstruction"": 0.5253964066505432, ""target_failure_ok"": 0.11064863204956055, ""target_failure_right_col"": 0.04515981674194336, ""target_failure_slightly_moved"": 0.03761833906173706}",,,0,0,0,False
robot_execution_failures,2,prism,463,296,74,93,6,12,16,0.19540025293827057,0.09928727895021439,-4543488512.0,"{""target_failure_back_col"": 0.1451418548822403, ""target_failure_bottom_collision"": 0.21501746773719788, ""target_failure_bottom_obstruction"": 0.19849893450737, ""target_failure_collision"": 0.3759714365005493, ""target_failure_collision_in_part"": 0.25702378153800964, ""target_failure_collision_in_tool"": 0.2089642733335495, ""target_failure_fr_collision"": 0.1690588742494583, ""target_failure_front_col"": 0.15091842412948608, ""target_failure_left_col"": 0.14799480140209198, ""target_failure_lost"": 0.02795845828950405, ""target_failure_moved"": 0.21031956374645233, ""target_failure_normal"": 0.27420324087142944, ""target_failure_obstruction"": 0.254611611366272, ""target_failure_ok"": 0.19161434471607208, ""target_failure_right_col"": 0.09977284073829651, ""target_failure_slightly_moved"": 0.19933421909809113}","{""target_failure_back_col"": -0.0011053085327148438, ""target_failure_bottom_collision"": 0.09121596813201904, ""target_failure_bottom_obstruction"": 0.2254854440689087, ""target_failure_collision"": 0.13045847415924072, ""target_failure_collision_in_part"": 0.050891220569610596, ""target_failure_collision_in_tool"": 0.14166414737701416, ""target_failure_fr_collision"": 0.08445864915847778, ""target_failure_front_col"": -0.08237802982330322, ""target_failure_left_col"": -0.04084813594818115, ""target_failure_lost"": -72695816192.0, ""target_failure_moved"": -0.07467007637023926, ""target_failure_normal"": 0.5960894823074341, ""target_failure_obstruction"": 0.06862229108810425, ""target_failure_ok"": 0.10798555612564087, ""target_failure_right_col"": 0.06415778398513794, ""target_failure_slightly_moved"": 0.03466141223907471}",,,0,0,0,False
robot_execution_failures,2,prism_z_acp_random_forest,463,296,74,93,6,12,16,0.2167609376444199,0.08511728995138951,-45350525297.31708,"{""target_failure_back_col"": 0.18826310216597553, ""target_failure_bottom_collision"": 0.2729879493595387, ""target_failure_bottom_obstruction"": 0.20572495512023217, ""target_failure_collision"": 0.42941819729620506, ""target_failure_collision_in_part"": 0.26519238985963256, ""target_failure_collision_in_tool"": 0.2921194813088456, ""target_failure_fr_collision"": 0.16597418836815905, ""target_failure_front_col"": 0.14751442083562175, ""target_failure_left_col"": 0.14793651164275734, ""target_failure_lost"": 0.08833029423805276, ""target_failure_moved"": 0.24972377821848973, ""target_failure_normal"": 0.2500747723395367, ""target_failure_obstruction"": 0.2406820574428771, ""target_failure_ok"": 0.19959397557530054, ""target_failure_right_col"": 0.125438716704087, ""target_failure_slightly_moved"": 0.19920021183540673}","{""target_failure_back_col"": -0.6843210191992506, ""target_failure_bottom_collision"": -0.46487344313507695, ""target_failure_bottom_obstruction"": 0.16806930264696895, ""target_failure_collision"": -0.13433549842582249, ""target_failure_collision_in_part"": -0.010395618696064757, ""target_failure_collision_in_tool"": -0.6773907306404934, ""target_failure_fr_collision"": 0.11756412673677086, ""target_failure_front_col"": -0.034102125013621976, ""target_failure_left_col"": -0.040028390312881745, ""target_failure_lost"": -725608404755.219, ""target_failure_moved"": -0.5150802867957633, ""target_failure_normal"": 0.6640460367496636, ""target_failure_obstruction"": 0.16774419158443132, ""target_failure_ok"": 0.03214408002835811, ""target_failure_right_col"": -0.4792486834408616, ""target_failure_slightly_moved"": 0.03595895130386406}",,,0,0,0,False
robot_execution_failures,2,prism_z_acp_xgboost,463,296,74,93,6,12,16,0.24077849720304328,0.09251039659765521,-179102003905.92352,"{""target_failure_back_col"": 0.22295068004902766, ""target_failure_bottom_collision"": 0.33396439637612463, ""target_failure_bottom_obstruction"": 0.22572514929317122, ""target_failure_collision"": 0.4627646728438584, ""target_failure_collision_in_part"": 0.27860260096651845, ""target_failure_collision_in_tool"": 0.3231612823772049, ""target_failure_fr_collision"": 0.22013300512478476, ""target_failure_front_col"": 0.15249402054755393, ""target_failure_left_col"": 0.14389839576669944, ""target_failure_lost"": 0.1755370270360202, ""target_failure_moved"": 0.2589220554049375, ""target_failure_normal"": 0.2498841232389241, ""target_failure_obstruction"": 0.2624813991031915, ""target_failure_ok"": 0.207697531203935, ""target_failure_right_col"": 0.1334301875796883, ""target_failure_slightly_moved"": 0.20080942833705273}","{""target_failure_back_col"": -1.3621748967519323, ""target_failure_bottom_collision"": -1.1923681918063593, ""target_failure_bottom_obstruction"": -0.001551060069908683, ""target_failure_collision"": -0.317349557889288, ""target_failure_collision_in_part"": -0.11516639397155903, ""target_failure_collision_in_tool"": -1.0528245969132914, ""target_failure_fr_collision"": -0.5522882586136268, ""target_failure_front_col"": -0.10509624519414817, ""target_failure_left_col"": 0.01597450268793066, ""target_failure_lost"": -2865632062489.438, ""target_failure_moved"": -0.6287481870987373, ""target_failure_normal"": 0.6645580828529407, ""target_failure_obstruction"": 0.010156652283445977, ""target_failure_ok"": -0.048041601560527836, ""target_failure_right_col"": -0.673733003673803, ""target_failure_slightly_moved"": 0.020320243334781884}",,,0,0,0,False
robot_execution_failures,2,prism_z_acp_lightgbm,463,296,74,93,6,12,16,0.22614196406808304,0.08959654739830504,-32203509757.54914,"{""target_failure_back_col"": 0.17752958911584035, ""target_failure_bottom_collision"": 0.3093859843606686, ""target_failure_bottom_obstruction"": 0.20428042415175895, ""target_failure_collision"": 0.4759062930310639, ""target_failure_collision_in_part"": 0.27432929515280985, ""target_failure_collision_in_tool"": 0.3205381635212935, ""target_failure_fr_collision"": 0.1788652010860364, ""target_failure_front_col"": 0.15197858981601328, ""target_failure_left_col"": 0.14971169351400987, ""target_failure_lost"": 0.07443378771318054, ""target_failure_moved"": 0.25412314218420934, ""target_failure_normal"": 0.2664466918368121, ""target_failure_obstruction"": 0.25538717304756475, ""target_failure_ok"": 0.20383947140253494, ""target_failure_right_col"": 0.12296504032487716, ""target_failure_slightly_moved"": 0.1985508848306551}","{""target_failure_back_col"": -0.49773832512639826, ""target_failure_bottom_collision"": -0.8815441984597183, ""target_failure_bottom_obstruction"": 0.17971135662809512, ""target_failure_collision"": -0.3932322850355434, ""target_failure_collision_in_part"": -0.08121911596925879, ""target_failure_collision_in_tool"": -1.0196340581831098, ""target_failure_fr_collision"": -0.024834549542748663, ""target_failure_front_col"": -0.09763840603002438, ""target_failure_left_col"": -0.06513803511385263, ""target_failure_lost"": -515256156117.62897, ""target_failure_moved"": -0.568932599031452, ""target_failure_normal"": 0.6186175805323415, ""target_failure_obstruction"": 0.06293964166490273, ""target_failure_ok"": -0.009467688379749095, ""target_failure_right_col"": -0.4214817878649004, ""target_failure_slightly_moved"": 0.04223361979042273}",,,0,0,0,False
robot_execution_failures,2,prism_z_random_forest,463,296,74,93,6,12,16,0.21844336827276714,0.08608530694477338,-44451634157.30411,"{""target_failure_back_col"": 0.18893632717985323, ""target_failure_bottom_collision"": 0.2737444885463702, ""target_failure_bottom_obstruction"": 0.21589431088328317, ""target_failure_collision"": 0.4332571490242086, ""target_failure_collision_in_part"": 0.26260159534097816, ""target_failure_collision_in_tool"": 0.29207798785269046, ""target_failure_fr_collision"": 0.16548830722516922, ""target_failure_front_col"": 0.14792477613945598, ""target_failure_left_col"": 0.14856811571855916, ""target_failure_lost"": 0.08745051710956171, ""target_failure_moved"": 0.2506081231587369, ""target_failure_normal"": 0.2508335281752835, ""target_failure_obstruction"": 0.2513785771944412, ""target_failure_ok"": 0.20107797464217245, ""target_failure_right_col"": 0.1256342311216103, ""target_failure_slightly_moved"": 0.19961788305189987}","{""target_failure_back_col"": -0.6963887529021722, ""target_failure_bottom_collision"": -0.4730039837420703, ""target_failure_bottom_obstruction"": 0.08378880606104089, ""target_failure_collision"": -0.15470782702295605, ""target_failure_collision_in_part"": 0.009250046855721505, ""target_failure_collision_in_tool"": -0.6769142420798218, ""target_failure_fr_collision"": 0.12272313814359026, ""target_failure_front_col"": -0.03986345351668574, ""target_failure_left_col"": -0.04892799767283407, ""target_failure_lost"": -711226146514.7858, ""target_failure_moved"": -0.5258299719237987, ""target_failure_normal"": 0.6620042975010137, ""target_failure_obstruction"": 0.09212526225615503, ""target_failure_ok"": 0.01769838568962978, ""target_failure_right_col"": -0.4838635239563167, ""target_failure_slightly_moved"": 0.03191202462145959}",,,0,0,0,False
robot_execution_failures,2,prism_z_xgboost,463,296,74,93,6,12,16,0.2402024761228821,0.09212917011834247,-171862402028.15063,"{""target_failure_back_col"": 0.22701156266011338, ""target_failure_bottom_collision"": 0.3321849330413107, ""target_failure_bottom_obstruction"": 0.2288685312112031, ""target_failure_collision"": 0.45970766458147005, ""target_failure_collision_in_part"": 0.2736086275919512, ""target_failure_collision_in_tool"": 0.32269684006045163, ""target_failure_fr_collision"": 0.22801729683913116, ""target_failure_front_col"": 0.15070639769379815, ""target_failure_left_col"": 0.14315388870753318, ""target_failure_lost"": 0.17195268233417527, ""target_failure_moved"": 0.25428100221484595, ""target_failure_normal"": 0.24551144316446563, ""target_failure_obstruction"": 0.26444199897935683, ""target_failure_ok"": 0.20838809317034113, ""target_failure_right_col"": 0.13487265104840443, ""target_failure_slightly_moved"": 0.1978360046675616}","{""target_failure_back_col"": -1.4490091262938547, ""target_failure_bottom_collision"": -1.1690672329876923, ""target_failure_bottom_obstruction"": -0.029639896030189572, ""target_failure_collision"": -0.30000230943660267, ""target_failure_collision_in_part"": -0.07554581696827833, ""target_failure_collision_in_tool"": -1.0469282625161322, ""target_failure_fr_collision"": -0.6654731414845236, ""target_failure_front_col"": -0.0793389551858088, ""target_failure_left_col"": 0.026130539691420207, ""target_failure_lost"": -2749798432445.0063, ""target_failure_moved"": -0.5708824306937623, ""target_failure_normal"": 0.6761950504121534, ""target_failure_obstruction"": -0.004685806749389343, ""target_failure_ok"": -0.05502233765886122, ""target_failure_right_col"": -0.7101168054947351, ""target_failure_slightly_moved"": 0.04911805730604912}",,,0,0,0,False
robot_execution_failures,2,prism_z_lightgbm,463,296,74,93,6,12,16,0.22624899436161416,0.09068577218244037,-31648710378.2113,"{""target_failure_back_col"": 0.17742994071645085, ""target_failure_bottom_collision"": 0.31069109131594297, ""target_failure_bottom_obstruction"": 0.2103436237234073, ""target_failure_collision"": 0.47435616184063706, ""target_failure_collision_in_part"": 0.2737735001268387, ""target_failure_collision_in_tool"": 0.32055830088174236, ""target_failure_fr_collision"": 0.17791250441655143, ""target_failure_front_col"": 0.152743811160859, ""target_failure_left_col"": 0.14891180096670367, ""target_failure_lost"": 0.07378983262026445, ""target_failure_moved"": 0.25463049200699595, ""target_failure_normal"": 0.2601894678931743, ""target_failure_obstruction"": 0.2613291626406838, ""target_failure_ok"": 0.2024854289501887, ""target_failure_right_col"": 0.12307262798161446, ""target_failure_slightly_moved"": 0.19776616254377136}","{""target_failure_back_col"": -0.496057418401221, ""target_failure_bottom_collision"": -0.8974518083923158, ""target_failure_bottom_obstruction"": 0.1302951336817153, ""target_failure_collision"": -0.38417094016372455, ""target_failure_collision_in_part"": -0.07684242369010752, ""target_failure_collision_in_tool"": -1.0198878275070404, ""target_failure_fr_collision"": -0.013946391829206428, ""target_failure_front_col"": -0.1087195840201085, ""target_failure_left_col"": -0.053786618301891576, ""target_failure_lost"": -506379366048.16986, ""target_failure_moved"": -0.5752035136982812, ""target_failure_normal"": 0.6363199898475507, ""target_failure_obstruction"": 0.01882797340279485, ""target_failure_ok"": 0.00389893069784486, ""target_failure_right_col"": -0.423970313036381, ""target_failure_slightly_moved"": 0.049789319261664744}",,,0,0,0,False
robot_execution_failures,3,simple_mlp,463,296,74,93,6,12,16,0.2053413689136505,0.10736961662769318,-1078489216.0,"{""target_failure_back_col"": 0.20817282795906067, ""target_failure_bottom_collision"": 0.17896541953086853, ""target_failure_bottom_obstruction"": 0.17359085381031036, ""target_failure_collision"": 0.3712932765483856, ""target_failure_collision_in_part"": 0.27148038148880005, ""target_failure_collision_in_tool"": 0.2742930054664612, ""target_failure_fr_collision"": 0.17245490849018097, ""target_failure_front_col"": 0.1491517573595047, ""target_failure_left_col"": 0.18253318965435028, ""target_failure_lost"": 0.013621547259390354, ""target_failure_moved"": 0.12024232745170593, ""target_failure_normal"": 0.33216047286987305, ""target_failure_obstruction"": 0.3200378715991974, ""target_failure_ok"": 0.2006240040063858, ""target_failure_right_col"": 0.10666937381029129, ""target_failure_slightly_moved"": 0.21017058193683624}","{""target_failure_back_col"": -0.05284380912780762, ""target_failure_bottom_collision"": -0.025983333587646484, ""target_failure_bottom_obstruction"": 0.03471475839614868, ""target_failure_collision"": -0.019093990325927734, ""target_failure_collision_in_part"": -0.05887877941131592, ""target_failure_collision_in_tool"": 0.04305607080459595, ""target_failure_fr_collision"": 0.04730677604675293, ""target_failure_front_col"": -0.05718541145324707, ""target_failure_left_col"": -0.06729817390441895, ""target_failure_lost"": -17255827456.0, ""target_failure_moved"": -0.3592294454574585, ""target_failure_normal"": 0.3890848755836487, ""target_failure_obstruction"": 0.14820468425750732, ""target_failure_ok"": 0.022128701210021973, ""target_failure_right_col"": -0.06968879699707031, ""target_failure_slightly_moved"": -0.07314801216125488}",,,0,0,0,False
robot_execution_failures,3,random_forest,463,296,74,93,6,12,16,0.22568682753544322,0.09065223207378373,-13071858984.809858,"{""target_failure_back_col"": 0.19291346171839766, ""target_failure_bottom_collision"": 0.19021183044017145, ""target_failure_bottom_obstruction"": 0.2145774484364881, ""target_failure_collision"": 0.431330862771694, ""target_failure_collision_in_part"": 0.3048510620945483, ""target_failure_collision_in_tool"": 0.33961584563718294, ""target_failure_fr_collision"": 0.169134065889053, ""target_failure_front_col"": 0.1662464453394234, ""target_failure_left_col"": 0.19864044243092144, ""target_failure_lost"": 0.047422800074045, ""target_failure_moved"": 0.16359862844551942, ""target_failure_normal"": 0.3042200669182843, ""target_failure_obstruction"": 0.31169721685182866, ""target_failure_ok"": 0.23971374061211326, ""target_failure_right_col"": 0.1243406924278859, ""target_failure_slightly_moved"": 0.21247463047953472}","{""target_failure_back_col"": 0.09584903733045336, ""target_failure_bottom_collision"": -0.1589830848764704, ""target_failure_bottom_obstruction"": -0.4749257765350301, ""target_failure_collision"": -0.3753116525767288, ""target_failure_collision_in_part"": -0.33519520805040637, ""target_failure_collision_in_tool"": -0.46700957694028356, ""target_failure_fr_collision"": 0.08364407866765011, ""target_failure_front_col"": -0.31340656633649266, ""target_failure_left_col"": -0.26397183154491777, ""target_failure_lost"": -209149743752.9655, ""target_failure_moved"": -1.516154644858454, ""target_failure_normal"": 0.4875391402229746, ""target_failure_obstruction"": 0.1920241567552915, ""target_failure_ok"": -0.39605246028473995, ""target_failure_right_col"": -0.45346490487721747, ""target_failure_slightly_moved"": -0.09680637136201709}",,,0,0,0,False
robot_execution_failures,3,xgboost,463,296,74,93,6,12,16,0.2422701186131821,0.0970544290348895,-13802761449.03322,"{""target_failure_back_col"": 0.19986411857232872, ""target_failure_bottom_collision"": 0.20572560663733372, ""target_failure_bottom_obstruction"": 0.23317329949795768, ""target_failure_collision"": 0.45833138557948894, ""target_failure_collision_in_part"": 0.337835574846265, ""target_failure_collision_in_tool"": 0.3723880691413492, ""target_failure_fr_collision"": 0.18149528749786617, ""target_failure_front_col"": 0.17900921758923277, ""target_failure_left_col"": 0.22953065028712227, ""target_failure_lost"": 0.04873057178857007, ""target_failure_moved"": 0.1681681249400824, ""target_failure_normal"": 0.3309031279160732, ""target_failure_obstruction"": 0.3108041930144167, ""target_failure_ok"": 0.2809336477153271, ""target_failure_right_col"": 0.12566272034241716, ""target_failure_slightly_moved"": 0.21376630244508246}","{""target_failure_back_col"": 0.029522332871923296, ""target_failure_bottom_collision"": -0.35574730897782514, ""target_failure_bottom_obstruction"": -0.7416450449664558, ""target_failure_collision"": -0.55288483993547, ""target_failure_collision_in_part"": -0.6397592890300319, ""target_failure_collision_in_tool"": -0.7637969011418908, ""target_failure_fr_collision"": -0.055194984757553245, ""target_failure_front_col"": -0.522808302029462, ""target_failure_left_col"": -0.6876540346240685, ""target_failure_lost"": -220844183177.66104, ""target_failure_moved"": -1.6586757641048564, ""target_failure_normal"": 0.3937011692948369, ""target_failure_obstruction"": 0.19664728476257787, ""target_failure_ok"": -0.9174471256991346, ""target_failure_right_col"": -0.4845365715534691, ""target_failure_slightly_moved"": -0.11018227670770941}",,,0,0,0,False
robot_execution_failures,3,lightgbm,463,296,74,93,6,12,16,0.2213163195448615,0.1006907882219413,-6769531764.073705,"{""target_failure_back_col"": 0.19683659958632785, ""target_failure_bottom_collision"": 0.1937465110755474, ""target_failure_bottom_obstruction"": 0.19403355292417238, ""target_failure_collision"": 0.4380053002366927, ""target_failure_collision_in_part"": 0.2849819005345529, ""target_failure_collision_in_tool"": 0.3363219428493623, ""target_failure_fr_collision"": 0.15891186816639397, ""target_failure_front_col"": 0.14578016186470885, ""target_failure_left_col"": 0.19733584428336787, ""target_failure_lost"": 0.03412697791194413, ""target_failure_moved"": 0.15962515641697453, ""target_failure_normal"": 0.32026036931294505, ""target_failure_obstruction"": 0.31304083916632824, ""target_failure_ok"": 0.24062200336144698, ""target_failure_right_col"": 0.11530573640373643, ""target_failure_slightly_moved"": 0.21212634862328245}","{""target_failure_back_col"": 0.05870101968396635, ""target_failure_bottom_collision"": -0.20245775902330898, ""target_failure_bottom_obstruction"": -0.2060232609926851, ""target_failure_collision"": -0.41820426209294803, ""target_failure_collision_in_part"": -0.16682008715357743, ""target_failure_collision_in_tool"": -0.4386907954161414, ""target_failure_fr_collision"": 0.19106303993612828, ""target_failure_front_col"": -0.009930070224031917, ""target_failure_left_col"": -0.24742373736063028, ""target_failure_lost"": -108312508222.21141, ""target_failure_moved"": -1.3954145578500916, ""target_failure_normal"": 0.43207447773662633, ""target_failure_obstruction"": 0.18504331654412343, ""target_failure_ok"": -0.40665164080673244, ""target_failure_right_col"": -0.24991308414431135, ""target_failure_slightly_moved"": -0.09321361604212064}",,,0,0,0,False
robot_execution_failures,3,cnn_mlp,463,296,74,93,6,12,16,0.2086272965796277,0.104623994671006,-1232900746.0887194,"{""target_failure_back_col"": 0.20458007120369662, ""target_failure_bottom_collision"": 0.1779309641459988, ""target_failure_bottom_obstruction"": 0.17754197758526263, ""target_failure_collision"": 0.3682154693569238, ""target_failure_collision_in_part"": 0.26308016926859457, ""target_failure_collision_in_tool"": 0.2810891317607355, ""target_failure_fr_collision"": 0.17634193532872233, ""target_failure_front_col"": 0.14577857356099924, ""target_failure_left_col"": 0.1768522367501719, ""target_failure_lost"": 0.014564063838083958, ""target_failure_moved"": 0.10648769252742711, ""target_failure_normal"": 0.3935509017925576, ""target_failure_obstruction"": 0.33899491717784697, ""target_failure_ok"": 0.20328109370060857, ""target_failure_right_col"": 0.10377834602675419, ""target_failure_slightly_moved"": 0.20596920124965884}","{""target_failure_back_col"": -0.016816374566481773, ""target_failure_bottom_collision"": -0.014156811520064538, ""target_failure_bottom_obstruction"": -0.009727346022459615, ""target_failure_collision"": -0.002268576659158583, ""target_failure_collision_in_part"": 0.0056356046318900566, ""target_failure_collision_in_tool"": -0.004951648194888358, ""target_failure_fr_collision"": 0.003876426829574786, ""target_failure_front_col"": -0.009908063568007996, ""target_failure_left_col"": -0.001897197309727261, ""target_failure_lost"": -19726411937.44284, ""target_failure_moved"": -0.06604821134108141, ""target_failure_normal"": 0.1423959770358979, ""target_failure_obstruction"": 0.04430590944756618, ""target_failure_ok"": -0.003944853689216599, ""target_failure_right_col"": -0.012491710890226493, ""target_failure_slightly_moved"": -0.030671741631763005}",,,0,0,0,False
robot_execution_failures,3,ftt_mlp,463,296,74,93,6,12,16,0.19920541330431213,0.10099895314988912,-1199945893.3448603,"{""target_failure_back_col"": 0.20670006463440554, ""target_failure_bottom_collision"": 0.17453828949304048, ""target_failure_bottom_obstruction"": 0.1746485579973805, ""target_failure_collision"": 0.3661177568679365, ""target_failure_collision_in_part"": 0.2683693600255425, ""target_failure_collision_in_tool"": 0.27236874766792785, ""target_failure_fr_collision"": 0.17022457534652238, ""target_failure_front_col"": 0.143675525025691, ""target_failure_left_col"": 0.17623203402048152, ""target_failure_lost"": 0.014368100202304654, ""target_failure_moved"": 0.12355264014751473, ""target_failure_normal"": 0.3154605858756352, ""target_failure_obstruction"": 0.27834735661827537, ""target_failure_ok"": 0.19474861559534248, ""target_failure_right_col"": 0.10143664530358659, ""target_failure_slightly_moved"": 0.2064977580474064}","{""target_failure_back_col"": -0.03799940694247028, ""target_failure_bottom_collision"": 0.02414907350939377, ""target_failure_bottom_obstruction"": 0.02291573254913748, ""target_failure_collision"": 0.009118682307603931, ""target_failure_collision_in_part"": -0.03474944279129111, ""target_failure_collision_in_tool"": 0.05643547021179274, ""target_failure_fr_collision"": 0.07178938432377802, ""target_failure_front_col"": 0.01902027197332956, ""target_failure_left_col"": 0.005117583289461658, ""target_failure_lost"": -19199134294.09839, ""target_failure_moved"": -0.4350996982881281, ""target_failure_normal"": 0.4489700597133267, ""target_failure_obstruction"": 0.3556724070688624, ""target_failure_ok"": 0.07856513972820245, ""target_failure_right_col"": 0.03268540066637393, ""target_failure_slightly_moved"": -0.03596833493505769}",,,0,0,0,False
robot_execution_failures,3,two_stage_mlp,463,296,74,93,6,12,16,0.20279349386692047,0.10654313862323761,-986630592.0,"{""target_failure_back_col"": 0.20630355179309845, ""target_failure_bottom_collision"": 0.1815086305141449, ""target_failure_bottom_obstruction"": 0.17374539375305176, ""target_failure_collision"": 0.37852203845977783, ""target_failure_collision_in_part"": 0.2753346562385559, ""target_failure_collision_in_tool"": 0.2751540541648865, ""target_failure_fr_collision"": 0.17590199410915375, ""target_failure_front_col"": 0.1448754370212555, ""target_failure_left_col"": 0.18131640553474426, ""target_failure_lost"": 0.013028541579842567, ""target_failure_moved"": 0.10770513117313385, ""target_failure_normal"": 0.34930574893951416, ""target_failure_obstruction"": 0.2790045738220215, ""target_failure_ok"": 0.20148634910583496, ""target_failure_right_col"": 0.09792640060186386, ""target_failure_slightly_moved"": 0.20357708632946014}","{""target_failure_back_col"": -0.03402078151702881, ""target_failure_bottom_collision"": -0.05535018444061279, ""target_failure_bottom_obstruction"": 0.03299522399902344, ""target_failure_collision"": -0.05916190147399902, ""target_failure_collision_in_part"": -0.08915853500366211, ""target_failure_collision_in_tool"": 0.03703850507736206, ""target_failure_fr_collision"": 0.008840501308441162, ""target_failure_front_col"": 0.0025664567947387695, ""target_failure_left_col"": -0.0531160831451416, ""target_failure_lost"": -15786089472.0, ""target_failure_moved"": -0.09056305885314941, ""target_failure_normal"": 0.32438939809799194, ""target_failure_obstruction"": 0.35262614488601685, ""target_failure_ok"": 0.013704299926757812, ""target_failure_right_col"": 0.09847545623779297, ""target_failure_slightly_moved"": -0.006870388984680176}",,,0,0,0,False
robot_execution_failures,3,oracle_mlp,463,296,74,93,6,12,16,0.20010694861412048,0.10526399314403534,-4238317312.0,"{""target_failure_back_col"": 0.2017156481742859, ""target_failure_bottom_collision"": 0.18622073531150818, ""target_failure_bottom_obstruction"": 0.18713054060935974, ""target_failure_collision"": 0.3528040647506714, ""target_failure_collision_in_part"": 0.268595427274704, ""target_failure_collision_in_tool"": 0.27273786067962646, ""target_failure_fr_collision"": 0.16757504642009735, ""target_failure_front_col"": 0.14783205091953278, ""target_failure_left_col"": 0.1710810512304306, ""target_failure_lost"": 0.027003200724720955, ""target_failure_moved"": 0.135116845369339, ""target_failure_normal"": 0.3392609655857086, ""target_failure_obstruction"": 0.236374631524086, ""target_failure_ok"": 0.19940084218978882, ""target_failure_right_col"": 0.10646378993988037, ""target_failure_slightly_moved"": 0.2023986428976059}","{""target_failure_back_col"": 0.011458098888397217, ""target_failure_bottom_collision"": -0.11085700988769531, ""target_failure_bottom_obstruction"": -0.12173771858215332, ""target_failure_collision"": 0.07987415790557861, ""target_failure_collision_in_part"": -0.036493659019470215, ""target_failure_collision_in_tool"": 0.05387634038925171, ""target_failure_fr_collision"": 0.10045957565307617, ""target_failure_front_col"": -0.03856015205383301, ""target_failure_left_col"": 0.06242525577545166, ""target_failure_lost"": -67813076992.0, ""target_failure_moved"": -0.7163150310516357, ""target_failure_normal"": 0.36268699169158936, ""target_failure_obstruction"": 0.5353410840034485, ""target_failure_ok"": 0.03401625156402588, ""target_failure_right_col"": -0.06556963920593262, ""target_failure_slightly_moved"": 0.004752755165100098}",,,0,0,0,False
robot_execution_failures,3,prism,463,296,74,93,6,12,16,0.19528838992118835,0.09815101325511932,-832268032.0,"{""target_failure_back_col"": 0.20352181792259216, ""target_failure_bottom_collision"": 0.15367363393306732, ""target_failure_bottom_obstruction"": 0.17541681230068207, ""target_failure_collision"": 0.3538679778575897, ""target_failure_collision_in_part"": 0.27028587460517883, ""target_failure_collision_in_tool"": 0.27449023723602295, ""target_failure_fr_collision"": 0.17218419909477234, ""target_failure_front_col"": 0.14643807709217072, ""target_failure_left_col"": 0.17363286018371582, ""target_failure_lost"": 0.011966031044721603, ""target_failure_moved"": 0.11605647951364517, ""target_failure_normal"": 0.2919895052909851, ""target_failure_obstruction"": 0.2757607698440552, ""target_failure_ok"": 0.1979367882013321, ""target_failure_right_col"": 0.10040558874607086, ""target_failure_slightly_moved"": 0.20698769390583038}","{""target_failure_back_col"": -0.0063239336013793945, ""target_failure_bottom_collision"": 0.24351423978805542, ""target_failure_bottom_obstruction"": 0.014300644397735596, ""target_failure_collision"": 0.07431632280349731, ""target_failure_collision_in_part"": -0.049581289291381836, ""target_failure_collision_in_tool"": 0.041679203510284424, ""target_failure_fr_collision"": 0.050295233726501465, ""target_failure_front_col"": -0.019066333770751953, ""target_failure_left_col"": 0.034247398376464844, ""target_failure_lost"": -13316288512.0, ""target_failure_moved"": -0.26624226570129395, ""target_failure_normal"": 0.5279157757759094, ""target_failure_obstruction"": 0.3675917387008667, ""target_failure_ok"": 0.048149049282073975, ""target_failure_right_col"": 0.05225008726119995, ""target_failure_slightly_moved"": -0.04088997840881348}",,,0,0,0,False
robot_execution_failures,3,prism_z_acp_random_forest,463,296,74,93,6,12,16,0.2248873338189108,0.08970112271414105,-20986339892.514874,"{""target_failure_back_col"": 0.19447671708193018, ""target_failure_bottom_collision"": 0.17616996474152202, ""target_failure_bottom_obstruction"": 0.21814751084344391, ""target_failure_collision"": 0.4063284696495005, ""target_failure_collision_in_part"": 0.3096838443523057, ""target_failure_collision_in_tool"": 0.34002117363192663, ""target_failure_fr_collision"": 0.1764101746091875, ""target_failure_front_col"": 0.1659364233561191, ""target_failure_left_col"": 0.19913651041160862, ""target_failure_lost"": 0.06008787802319358, ""target_failure_moved"": 0.16143237233761593, ""target_failure_normal"": 0.30408017438666435, ""target_failure_obstruction"": 0.30348200887246696, ""target_failure_ok"": 0.24732905787274062, ""target_failure_right_col"": 0.12289353194358205, ""target_failure_slightly_moved"": 0.21258152898876503}","{""target_failure_back_col"": 0.08113626840445676, ""target_failure_bottom_collision"": 0.005818259078316901, ""target_failure_bottom_obstruction"": -0.5244126214499953, ""target_failure_collision"": -0.22049093882115178, ""target_failure_collision_in_part"": -0.3778642729123627, ""target_failure_collision_in_tool"": -0.47051338805021947, ""target_failure_fr_collision"": 0.0031053350537807445, ""target_failure_front_col"": -0.30851256404166527, ""target_failure_left_col"": -0.27029278889846253, ""target_failure_lost"": -335781438276.42413, ""target_failure_moved"": -1.449961563529878, ""target_failure_normal"": 0.4880103317845408, ""target_failure_obstruction"": 0.23405351428823595, ""target_failure_ok"": -0.48616204907353877, ""target_failure_right_col"": -0.419828987921661, ""target_failure_slightly_moved"": -0.09791028160220483}",,,0,0,0,False
robot_execution_failures,3,prism_z_acp_xgboost,463,296,74,93,6,12,16,0.24674883706571943,0.10004100016636974,-26954054835.633133,"{""target_failure_back_col"": 0.2029728267896265, ""target_failure_bottom_collision"": 0.20781525053190705, ""target_failure_bottom_obstruction"": 0.2404983220024778, ""target_failure_collision"": 0.4462504819984981, ""target_failure_collision_in_part"": 0.34359869712822494, ""target_failure_collision_in_tool"": 0.38608139276722325, ""target_failure_fr_collision"": 0.2068084412187239, ""target_failure_front_col"": 0.1773665228997897, ""target_failure_left_col"": 0.26905441740846836, ""target_failure_lost"": 0.06809740617171994, ""target_failure_moved"": 0.15575460238102481, ""target_failure_normal"": 0.31841844417615245, ""target_failure_obstruction"": 0.32408547386283443, ""target_failure_ok"": 0.2790184404304431, ""target_failure_right_col"": 0.12268360575297549, ""target_failure_slightly_moved"": 0.19947706753142153}","{""target_failure_back_col"": -0.0009022852486899602, ""target_failure_bottom_collision"": -0.38342900873043195, ""target_failure_bottom_obstruction"": -0.8527896384190552, ""target_failure_collision"": -0.4721004684049732, ""target_failure_collision_in_part"": -0.6961816359370692, ""target_failure_collision_in_tool"": -0.8958972700997834, ""target_failure_fr_collision"": -0.3700566801220375, ""target_failure_front_col"": -0.4949881542278618, ""target_failure_left_col"": -1.3189014996005541, ""target_failure_lost"": -431264877362.65625, ""target_failure_moved"": -1.28065603101368, ""target_failure_normal"": 0.4385883534881302, ""target_failure_obstruction"": 0.12652262828113925, ""target_failure_ok"": -0.8913926382488377, ""target_failure_right_col"": -0.41498243962489156, ""target_failure_slightly_moved"": 0.03327767158170214}",,,0,0,0,False
robot_execution_failures,3,prism_z_acp_lightgbm,463,296,74,93,6,12,16,0.23222279844584007,0.09591520289134044,-9411714071.085096,"{""target_failure_back_col"": 0.19430019259143375, ""target_failure_bottom_collision"": 0.18766292905012008, ""target_failure_bottom_obstruction"": 0.23819072341478914, ""target_failure_collision"": 0.4557682141352768, ""target_failure_collision_in_part"": 0.33546454308818174, ""target_failure_collision_in_tool"": 0.35027328707071864, ""target_failure_fr_collision"": 0.1810624050227162, ""target_failure_front_col"": 0.16802463504346127, ""target_failure_left_col"": 0.199931384956999, ""target_failure_lost"": 0.04023952806155708, ""target_failure_moved"": 0.17170168801275248, ""target_failure_normal"": 0.3113818349027673, ""target_failure_obstruction"": 0.300276227526614, ""target_failure_ok"": 0.24743724831656472, ""target_failure_right_col"": 0.12156180953055427, ""target_failure_slightly_moved"": 0.21228812440893463}","{""target_failure_back_col"": 0.08280359742951449, ""target_failure_bottom_collision"": -0.12812968941673342, ""target_failure_bottom_obstruction"": -0.8174049182379526, ""target_failure_collision"": -0.5355647066692686, ""target_failure_collision_in_part"": -0.6168234093466345, ""target_failure_collision_in_tool"": -0.5605263079918619, ""target_failure_fr_collision"": -0.05016751877792203, ""target_failure_front_col"": -0.34165350217310175, ""target_failure_left_col"": -0.28045404571806953, ""target_failure_lost"": -150587425132.08374, ""target_failure_moved"": -1.7715782366821275, ""target_failure_normal"": 0.46312703765371466, ""target_failure_obstruction"": 0.25014994162405524, ""target_failure_ok"": -0.48746253273163664, ""target_failure_right_col"": -0.3892240694411673, ""target_failure_slightly_moved"": -0.09488170613276492}",,,0,0,0,False
robot_execution_failures,3,prism_z_random_forest,463,296,74,93,6,12,16,0.2244486306780008,0.09097922596661352,-21392316487.48643,"{""target_failure_back_col"": 0.19517965754806152, ""target_failure_bottom_collision"": 0.18166563584451012, ""target_failure_bottom_obstruction"": 0.2129564601435574, ""target_failure_collision"": 0.4067669414561223, ""target_failure_collision_in_part"": 0.3101855848003691, ""target_failure_collision_in_tool"": 0.3345833758747075, ""target_failure_fr_collision"": 0.17236460781764074, ""target_failure_front_col"": 0.1652543324590818, ""target_failure_left_col"": 0.20023670573028246, ""target_failure_lost"": 0.060666288173470966, ""target_failure_moved"": 0.16174022328813967, ""target_failure_normal"": 0.2997805968148177, ""target_failure_obstruction"": 0.3095563037446431, ""target_failure_ok"": 0.24977043590624887, ""target_failure_right_col"": 0.1181233096868942, ""target_failure_slightly_moved"": 0.2123476315594655}","{""target_failure_back_col"": 0.07448175642697652, ""target_failure_bottom_collision"": -0.0571767767639193, ""target_failure_bottom_obstruction"": -0.45272580305425625, ""target_failure_collision"": -0.22312644014271443, ""target_failure_collision_in_part"": -0.38233263822431596, ""target_failure_collision_in_tool"": -0.4238550381455817, ""target_failure_fr_collision"": 0.04830408921791585, ""target_failure_front_col"": -0.29777724620413015, ""target_failure_left_col"": -0.28436786579373874, ""target_failure_lost"": -342277063796.1076, ""target_failure_moved"": -1.4593146088380902, ""target_failure_normal"": 0.5023866471776439, ""target_failure_obstruction"": 0.2030853105657402, ""target_failure_ok"": -0.5156465807559405, ""target_failure_right_col"": -0.3117443449925037, ""target_failure_slightly_moved"": -0.095495611619409}",,,0,0,0,False
robot_execution_failures,3,prism_z_xgboost,463,296,74,93,6,12,16,0.24744638120702706,0.10101600208949765,-23408564702.966152,"{""target_failure_back_col"": 0.20228819544171936, ""target_failure_bottom_collision"": 0.2104524275328835, ""target_failure_bottom_obstruction"": 0.25396499503798686, ""target_failure_collision"": 0.4580104513443337, ""target_failure_collision_in_part"": 0.3428748059715843, ""target_failure_collision_in_tool"": 0.3818055730026052, ""target_failure_fr_collision"": 0.20411522742190885, ""target_failure_front_col"": 0.17557907908789988, ""target_failure_left_col"": 0.24895204591565503, ""target_failure_lost"": 0.06346085354559935, ""target_failure_moved"": 0.15729115671568103, ""target_failure_normal"": 0.3266692378976422, ""target_failure_obstruction"": 0.33771129118567306, ""target_failure_ok"": 0.27616936730113983, ""target_failure_right_col"": 0.12256671714805968, ""target_failure_slightly_moved"": 0.19723067476206094}","{""target_failure_back_col"": 0.005838453520743414, ""target_failure_bottom_collision"": -0.4187632388274669, ""target_failure_bottom_obstruction"": -1.0660923644781781, ""target_failure_collision"": -0.5507108695830314, ""target_failure_collision_in_part"": -0.6890421590819704, ""target_failure_collision_in_tool"": -0.8541359955309054, ""target_failure_fr_collision"": -0.334605230404309, ""target_failure_front_col"": -0.4650079476946707, ""target_failure_left_col"": -0.9853333921467784, ""target_failure_lost"": -374537035240.025, ""target_failure_moved"": -1.3258763643850382, ""target_failure_normal"": 0.4091170418783322, ""target_failure_obstruction"": 0.05152980055764833, ""target_failure_ok"": -0.8529636104600042, ""target_failure_right_col"": -0.4122874335411806, ""target_failure_slightly_moved"": 0.05492838284925128}",,,0,0,0,False
robot_execution_failures,3,prism_z_lightgbm,463,296,74,93,6,12,16,0.23245928043172354,0.09708660549666404,-9973446774.610657,"{""target_failure_back_col"": 0.19486534381464257, ""target_failure_bottom_collision"": 0.1872361527606567, ""target_failure_bottom_obstruction"": 0.22685639743387268, ""target_failure_collision"": 0.46921241032780975, ""target_failure_collision_in_part"": 0.3366555378020406, ""target_failure_collision_in_tool"": 0.35048978047173435, ""target_failure_fr_collision"": 0.1758786229526544, ""target_failure_front_col"": 0.1679356393336185, ""target_failure_left_col"": 0.2031378661190644, ""target_failure_lost"": 0.0414229622767972, ""target_failure_moved"": 0.17043170987465645, ""target_failure_normal"": 0.31614078148400515, ""target_failure_obstruction"": 0.29843369031635797, ""target_failure_ok"": 0.24744651169483634, ""target_failure_right_col"": 0.12018209475224574, ""target_failure_slightly_moved"": 0.21302298549258405}","{""target_failure_back_col"": 0.07746023139345404, ""target_failure_bottom_collision"": -0.12300441990361732, ""target_failure_bottom_obstruction"": -0.6485574040943292, ""target_failure_collision"": -0.6274926474153912, ""target_failure_collision_in_part"": -0.6283241562231576, ""target_failure_collision_in_tool"": -0.5624559330347814, ""target_failure_fr_collision"": 0.00910388558055697, ""target_failure_front_col"": -0.34023264165748324, ""target_failure_left_col"": -0.3218550054727951, ""target_failure_lost"": -159575148388.63242, ""target_failure_moved"": -1.7307303372316345, ""target_failure_normal"": 0.44659123812594936, ""target_failure_obstruction"": 0.2593240791722452, ""target_failure_ok"": -0.4875739079277488, ""target_failure_right_col"": -0.3578679121182988, ""target_failure_slightly_moved"": -0.10247495747648361}",,,0,0,0,False
robot_execution_failures,4,simple_mlp,463,296,74,93,6,12,16,0.1943507045507431,0.10168738663196564,-10071386112.0,"{""target_failure_back_col"": 0.180301234126091, ""target_failure_bottom_collision"": 0.19621530175209045, ""target_failure_bottom_obstruction"": 0.17588114738464355, ""target_failure_collision"": 0.3647102117538452, ""target_failure_collision_in_part"": 0.34256139397621155, ""target_failure_collision_in_tool"": 0.20953142642974854, ""target_failure_fr_collision"": 0.1692894995212555, ""target_failure_front_col"": 0.10184237360954285, ""target_failure_left_col"": 0.11423414200544357, ""target_failure_lost"": 0.031184526160359383, ""target_failure_moved"": 0.2074826955795288, ""target_failure_normal"": 0.30620262026786804, ""target_failure_obstruction"": 0.28640806674957275, ""target_failure_ok"": 0.1990213245153427, ""target_failure_right_col"": 0.0275723934173584, ""target_failure_slightly_moved"": 0.19717282056808472}","{""target_failure_back_col"": -0.041356801986694336, ""target_failure_bottom_collision"": 0.06463378667831421, ""target_failure_bottom_obstruction"": 0.00907522439956665, ""target_failure_collision"": 0.016723036766052246, ""target_failure_collision_in_part"": 0.024090886116027832, ""target_failure_collision_in_tool"": 0.1369984745979309, ""target_failure_fr_collision"": 0.08195900917053223, ""target_failure_front_col"": 0.024931728839874268, ""target_failure_left_col"": -0.22678887844085693, ""target_failure_lost"": -90440138752.0, ""target_failure_moved"": -0.045874714851379395, ""target_failure_normal"": 0.4808381199836731, ""target_failure_obstruction"": 0.2134438157081604, ""target_failure_ok"": 0.0376896858215332, ""target_failure_right_col"": -70702030848.0, ""target_failure_slightly_moved"": 0.055482566356658936}",,,0,0,0,False
robot_execution_failures,4,random_forest,463,296,74,93,6,12,16,0.22093104907399086,0.08908465639130425,-88904106610.92975,"{""target_failure_back_col"": 0.19151438364068013, ""target_failure_bottom_collision"": 0.21579021635012474, ""target_failure_bottom_obstruction"": 0.2392329223188822, ""target_failure_collision"": 0.41617457561362303, ""target_failure_collision_in_part"": 0.3800432489313156, ""target_failure_collision_in_tool"": 0.26407152457437555, ""target_failure_fr_collision"": 0.1853815225880912, ""target_failure_front_col"": 0.14920951750866637, ""target_failure_left_col"": 0.13218499366723346, ""target_failure_lost"": 0.1020986447106002, ""target_failure_moved"": 0.20046684547996718, ""target_failure_normal"": 0.24740130483731532, ""target_failure_obstruction"": 0.3248266799670997, ""target_failure_ok"": 0.22275557912315894, ""target_failure_right_col"": 0.06979396003057944, ""target_failure_slightly_moved"": 0.19395086584214077}","{""target_failure_back_col"": -0.17491094362857362, ""target_failure_bottom_collision"": -0.1313043643531857, ""target_failure_bottom_obstruction"": -0.8333440534119068, ""target_failure_collision"": -0.2803571915026295, ""target_failure_collision_in_part"": -0.20115366800409795, ""target_failure_collision_in_tool"": -0.3707441036888548, ""target_failure_fr_collision"": -0.10086712276539167, ""target_failure_front_col"": -1.0930089773697138, ""target_failure_left_col"": -0.6426396283563607, ""target_failure_lost"": -969444396284.6562, ""target_failure_moved"": 0.02366020020095394, ""target_failure_normal"": 0.6610864305429124, ""target_failure_obstruction"": -0.011725486518749495, ""target_failure_ok"": -0.20551630267092413, ""target_failure_right_col"": -453021309486.945, ""target_failure_slightly_moved"": 0.08609857808313348}",,,0,0,0,False
robot_execution_failures,4,xgboost,463,296,74,93,6,12,16,0.24320199815525553,0.09659970712409427,-193937319536.44904,"{""target_failure_back_col"": 0.19567767344485654, ""target_failure_bottom_collision"": 0.2479315698706706, ""target_failure_bottom_obstruction"": 0.29352258738871145, ""target_failure_collision"": 0.4577706999256243, ""target_failure_collision_in_part"": 0.392714798858937, ""target_failure_collision_in_tool"": 0.27247188992200366, ""target_failure_fr_collision"": 0.16520692645073598, ""target_failure_front_col"": 0.19190329052005511, ""target_failure_left_col"": 0.15812689636585922, ""target_failure_lost"": 0.1653298894963485, ""target_failure_moved"": 0.2068060635657243, ""target_failure_normal"": 0.2698099788231335, ""target_failure_obstruction"": 0.3548047338267229, ""target_failure_ok"": 0.2463291213525511, ""target_failure_right_col"": 0.0776632979991232, ""target_failure_slightly_moved"": 0.19516255267303137}","{""target_failure_back_col"": -0.2265484471117991, ""target_failure_bottom_collision"": -0.4934119504698864, ""target_failure_bottom_obstruction"": -1.7598478337685854, ""target_failure_collision"": -0.5490878156895547, ""target_failure_collision_in_part"": -0.28258767468857693, ""target_failure_collision_in_tool"": -0.45934054634397725, ""target_failure_fr_collision"": 0.12570395205801743, ""target_failure_front_col"": -2.46212610137448, ""target_failure_left_col"": -1.350658177900442, ""target_failure_lost"": -2542059439717.925, ""target_failure_moved"": -0.039064283625058094, ""target_failure_normal"": 0.5969109491407252, ""target_failure_obstruction"": -0.20708572829413074, ""target_failure_ok"": -0.47416950501194655, ""target_failure_right_col"": -560937672857.7532, ""target_failure_slightly_moved"": 0.07464391016654637}",,,0,0,0,False
robot_execution_failures,4,lightgbm,463,296,74,93,6,12,16,0.21391925673743545,0.09708351413646794,-53086208866.88994,"{""target_failure_back_col"": 0.18910951084540426, ""target_failure_bottom_collision"": 0.22057841466586076, ""target_failure_bottom_obstruction"": 0.24644130417025703, ""target_failure_collision"": 0.41919122158952493, ""target_failure_collision_in_part"": 0.3742290529492199, ""target_failure_collision_in_tool"": 0.25959449608512813, ""target_failure_fr_collision"": 0.15145970591662453, ""target_failure_front_col"": 0.12510965859758627, ""target_failure_left_col"": 0.1271024401149759, ""target_failure_lost"": 0.0731309168072936, ""target_failure_moved"": 0.20163448156144093, ""target_failure_normal"": 0.26367073359096477, ""target_failure_obstruction"": 0.3034729382929365, ""target_failure_ok"": 0.21601695249699024, ""target_failure_right_col"": 0.06152219252705296, ""target_failure_slightly_moved"": 0.19044408758770656}","{""target_failure_back_col"": -0.14558916484714768, ""target_failure_bottom_collision"": -0.18206670210247, ""target_failure_bottom_obstruction"": -0.9454903471034832, ""target_failure_collision"": -0.2989858289271057, ""target_failure_collision_in_part"": -0.16468244270875632, ""target_failure_collision_in_tool"": -0.3246593263601061, ""target_failure_fr_collision"": 0.26515417579395617, ""target_failure_front_col"": -0.47149813855151956, ""target_failure_left_col"": -0.5187481545056711, ""target_failure_lost"": -497376184342.4198, ""target_failure_moved"": 0.01225352977276084, ""target_failure_normal"": 0.6150459963262874, ""target_failure_obstruction"": 0.11692163829053182, ""target_failure_ok"": -0.1336828513801307, ""target_failure_right_col"": -352003157525.7619, ""target_failure_slightly_moved"": 0.11884786814059689}",,,0,0,0,False
robot_execution_failures,4,cnn_mlp,463,296,74,93,6,12,16,0.20405954849712293,0.10711350452741031,-8735417330.99302,"{""target_failure_back_col"": 0.17849006834485215, ""target_failure_bottom_collision"": 0.20392671591641254, ""target_failure_bottom_obstruction"": 0.17548011363784177, ""target_failure_collision"": 0.3707903711216703, ""target_failure_collision_in_part"": 0.3454435008474433, ""target_failure_collision_in_tool"": 0.24395507169745603, ""target_failure_fr_collision"": 0.17775902447044772, ""target_failure_front_col"": 0.10130599108285591, ""target_failure_left_col"": 0.1045935093549602, ""target_failure_lost"": 0.019121991858391377, ""target_failure_moved"": 0.20221288068898138, ""target_failure_normal"": 0.38298264314141345, ""target_failure_obstruction"": 0.3213220090464813, ""target_failure_ok"": 0.20226662896553227, ""target_failure_right_col"": 0.03372264697780177, ""target_failure_slightly_moved"": 0.20157960880142556}","{""target_failure_back_col"": -0.020540552111266264, ""target_failure_bottom_collision"": -0.010332241437306378, ""target_failure_bottom_obstruction"": 0.01358902098521797, ""target_failure_collision"": -0.01633515891320858, ""target_failure_collision_in_part"": 0.007600400902138982, ""target_failure_collision_in_tool"": -0.1698574454989248, ""target_failure_fr_collision"": -0.012197659126768068, ""target_failure_front_col"": 0.035175554879717685, ""target_failure_left_col"": -0.02846012105397766, ""target_failure_lost"": -34005503389.691193, ""target_failure_moved"": 0.006578596487319732, ""target_failure_normal"": 0.18783705663507377, ""target_failure_obstruction"": 0.009988472639306578, ""target_failure_ok"": 0.006050360665007637, ""target_failure_right_col"": -105761173906.219, ""target_failure_slightly_moved"": 0.012791005313904757}",,,0,0,0,False
robot_execution_failures,4,ftt_mlp,463,296,74,93,6,12,16,0.20047741816291287,0.10164277931396143,-15525886336.228916,"{""target_failure_back_col"": 0.177530051359784, ""target_failure_bottom_collision"": 0.19907436290110195, ""target_failure_bottom_obstruction"": 0.21830436408708556, ""target_failure_collision"": 0.3708094910367861, ""target_failure_collision_in_part"": 0.3498230530598393, ""target_failure_collision_in_tool"": 0.2267576126769358, ""target_failure_fr_collision"": 0.1694284698231982, ""target_failure_front_col"": 0.10053945199816346, ""target_failure_left_col"": 0.10526803656447291, ""target_failure_lost"": 0.03684643547881678, ""target_failure_moved"": 0.1998427800704725, ""target_failure_normal"": 0.30726396686238466, ""target_failure_obstruction"": 0.3133604949485264, ""target_failure_ok"": 0.19879721976273923, ""target_failure_right_col"": 0.03624169438291511, ""target_failure_slightly_moved"": 0.1977512055933841}","{""target_failure_back_col"": -0.009592027132639958, ""target_failure_bottom_collision"": 0.03717661307554532, ""target_failure_bottom_obstruction"": -0.5266058380915717, ""target_failure_collision"": -0.01643997686154708, ""target_failure_collision_in_part"": -0.017722506902416058, ""target_failure_collision_in_tool"": -0.010734274214194262, ""target_failure_fr_collision"": 0.08045118452538236, ""target_failure_front_col"": 0.04972114320971199, ""target_failure_left_col"": -0.041768045534660514, ""target_failure_lost"": -126262362600.51804, ""target_failure_moved"": 0.02972954799563099, ""target_failure_normal"": 0.47723289479536035, ""target_failure_obstruction"": 0.05844044925636427, ""target_failure_ok"": 0.03985567284367664, ""target_failure_right_col"": -122151818779.3443, ""target_failure_slightly_moved"": 0.049933100863652546}",,,0,0,0,False
robot_execution_failures,4,two_stage_mlp,463,296,74,93,6,12,16,0.19556303322315216,0.10401368141174316,-10294978560.0,"{""target_failure_back_col"": 0.17757219076156616, ""target_failure_bottom_collision"": 0.19190660119056702, ""target_failure_bottom_obstruction"": 0.16053557395935059, ""target_failure_collision"": 0.38032206892967224, ""target_failure_collision_in_part"": 0.3370099365711212, ""target_failure_collision_in_tool"": 0.22670969367027283, ""target_failure_fr_collision"": 0.1802695095539093, ""target_failure_front_col"": 0.10233189165592194, ""target_failure_left_col"": 0.10427112132310867, ""target_failure_lost"": 0.02460245043039322, ""target_failure_moved"": 0.19969703257083893, ""target_failure_normal"": 0.3381183445453644, ""target_failure_obstruction"": 0.27515995502471924, ""target_failure_ok"": 0.19590266048908234, ""target_failure_right_col"": 0.034145258367061615, ""target_failure_slightly_moved"": 0.20045435428619385}","{""target_failure_back_col"": -0.010071396827697754, ""target_failure_bottom_collision"": 0.10526210069656372, ""target_failure_bottom_obstruction"": 0.17444753646850586, ""target_failure_collision"": -0.0692596435546875, ""target_failure_collision_in_part"": 0.0554652214050293, ""target_failure_collision_in_tool"": -0.0103071928024292, ""target_failure_fr_collision"": -0.04098999500274658, ""target_failure_front_col"": 0.015535533428192139, ""target_failure_left_col"": -0.02212989330291748, ""target_failure_lost"": -56291090432.0, ""target_failure_moved"": 0.031144320964813232, ""target_failure_normal"": 0.3669726848602295, ""target_failure_obstruction"": 0.27401143312454224, ""target_failure_ok"": 0.06761211156845093, ""target_failure_right_col"": -108428574720.0, ""target_failure_slightly_moved"": 0.02378183603286743}",,,0,0,0,False
robot_execution_failures,4,oracle_mlp,463,296,74,93,6,12,16,0.1922074854373932,0.10049799829721451,-18618398720.0,"{""target_failure_back_col"": 0.18084925413131714, ""target_failure_bottom_collision"": 0.18994775414466858, ""target_failure_bottom_obstruction"": 0.16492149233818054, ""target_failure_collision"": 0.3624071180820465, ""target_failure_collision_in_part"": 0.3570105731487274, ""target_failure_collision_in_tool"": 0.2274920493364334, ""target_failure_fr_collision"": 0.17386598885059357, ""target_failure_front_col"": 0.10093739628791809, ""target_failure_left_col"": 0.11127511411905289, ""target_failure_lost"": 0.03479520231485367, ""target_failure_moved"": 0.20134764909744263, ""target_failure_normal"": 0.32421743869781494, ""target_failure_obstruction"": 0.2087942510843277, ""target_failure_ok"": 0.19379578530788422, ""target_failure_right_col"": 0.04463697224855423, ""target_failure_slightly_moved"": 0.19902583956718445}","{""target_failure_back_col"": -0.047696709632873535, ""target_failure_bottom_collision"": 0.12343460321426392, ""target_failure_bottom_obstruction"": 0.12872236967086792, ""target_failure_collision"": 0.02910226583480835, ""target_failure_collision_in_part"": -0.05997264385223389, ""target_failure_collision_in_tool"": -0.017292022705078125, ""target_failure_fr_collision"": 0.03165233135223389, ""target_failure_front_col"": 0.04218369722366333, ""target_failure_left_col"": -0.16405653953552246, ""target_failure_lost"": -112595664896.0, ""target_failure_moved"": 0.015061795711517334, ""target_failure_normal"": 0.41795337200164795, ""target_failure_obstruction"": 0.5819807052612305, ""target_failure_ok"": 0.0875595211982727, ""target_failure_right_col"": -185298714624.0, ""target_failure_slightly_moved"": 0.03764605522155762}",,,0,0,0,False
robot_execution_failures,4,prism,463,296,74,93,6,12,16,0.1928033083677292,0.09861236810684204,-15325021184.0,"{""target_failure_back_col"": 0.1793147176504135, ""target_failure_bottom_collision"": 0.19190071523189545, ""target_failure_bottom_obstruction"": 0.18687936663627625, ""target_failure_collision"": 0.3508385717868805, ""target_failure_collision_in_part"": 0.334069162607193, ""target_failure_collision_in_tool"": 0.22355487942695618, ""target_failure_fr_collision"": 0.17474551498889923, ""target_failure_front_col"": 0.10110574960708618, ""target_failure_left_col"": 0.10732606053352356, ""target_failure_lost"": 0.027025960385799408, ""target_failure_moved"": 0.20045256614685059, ""target_failure_normal"": 0.28927209973335266, ""target_failure_obstruction"": 0.2767358720302582, ""target_failure_ok"": 0.20010609924793243, ""target_failure_right_col"": 0.04365959390997887, ""target_failure_slightly_moved"": 0.1978660225868225}","{""target_failure_back_col"": -0.02999246120452881, ""target_failure_bottom_collision"": 0.1053171157836914, ""target_failure_bottom_obstruction"": -0.1187286376953125, ""target_failure_collision"": 0.09009784460067749, ""target_failure_collision_in_part"": 0.07187747955322266, ""target_failure_collision_in_tool"": 0.01761549711227417, ""target_failure_fr_collision"": 0.02183055877685547, ""target_failure_front_col"": 0.0389859676361084, ""target_failure_left_col"": -0.08289992809295654, ""target_failure_lost"": -67927437312.0, ""target_failure_moved"": 0.02379930019378662, ""target_failure_normal"": 0.5366618633270264, ""target_failure_obstruction"": 0.2656717896461487, ""target_failure_ok"": 0.027170956134796143, ""target_failure_right_col"": -177272897536.0, ""target_failure_slightly_moved"": 0.04882943630218506}",,,0,0,0,False
robot_execution_failures,4,prism_z_acp_random_forest,463,296,74,93,6,12,16,0.21918514642573805,0.0880013970189392,-77137079396.46744,"{""target_failure_back_col"": 0.19146742063418726, ""target_failure_bottom_collision"": 0.2096326384691019, ""target_failure_bottom_obstruction"": 0.23371359707491243, ""target_failure_collision"": 0.4106936868798787, ""target_failure_collision_in_part"": 0.38150530715055136, ""target_failure_collision_in_tool"": 0.2582906597773453, ""target_failure_fr_collision"": 0.17453437012932332, ""target_failure_front_col"": 0.1529031579863483, ""target_failure_left_col"": 0.13146484605301498, ""target_failure_lost"": 0.09403410502132062, ""target_failure_moved"": 0.1997192941733495, ""target_failure_normal"": 0.255892812758621, ""target_failure_obstruction"": 0.31757189435639366, ""target_failure_ok"": 0.2329687395271067, ""target_failure_right_col"": 0.0665468438007156, ""target_failure_slightly_moved"": 0.19602296901963845}","{""target_failure_back_col"": -0.17433479280426312, ""target_failure_bottom_collision"": -0.06766194325802655, ""target_failure_bottom_obstruction"": -0.7497259901816042, ""target_failure_collision"": -0.24685545157134992, ""target_failure_collision_in_part"": -0.21041332273335045, ""target_failure_collision_in_tool"": -0.3113863055745567, ""target_failure_fr_collision"": 0.024192979807660775, ""target_failure_front_col"": -1.1979152863222011, ""target_failure_left_col"": -0.6247900885102493, ""target_failure_lost"": -822344403650.8763, ""target_failure_moved"": 0.030928267303942047, ""target_failure_normal"": 0.6374222396844529, ""target_failure_obstruction"": 0.03296226004747538, ""target_failure_ok"": -0.318594340719355, ""target_failure_right_col"": -411848866689.493, ""target_failure_slightly_moved"": 0.06646665908562621}",,,0,0,0,False
robot_execution_failures,4,prism_z_acp_xgboost,463,296,74,93,6,12,16,0.23940407294903576,0.09561312568874311,-132173560286.09555,"{""target_failure_back_col"": 0.19687658205771655, ""target_failure_bottom_collision"": 0.221350900757364, ""target_failure_bottom_obstruction"": 0.2711309640675322, ""target_failure_collision"": 0.4321164164532281, ""target_failure_collision_in_part"": 0.4047499329650259, ""target_failure_collision_in_tool"": 0.2645752583702477, ""target_failure_fr_collision"": 0.14962189536448167, ""target_failure_front_col"": 0.21823975481885668, ""target_failure_left_col"": 0.1869263867022742, ""target_failure_lost"": 0.1325947380258695, ""target_failure_moved"": 0.21407724239394924, ""target_failure_normal"": 0.26620043995693843, ""target_failure_obstruction"": 0.3437345721968392, ""target_failure_ok"": 0.24611583793290984, ""target_failure_right_col"": 0.07182041917476882, ""target_failure_slightly_moved"": 0.21033382594657002}","{""target_failure_back_col"": -0.2416245094538647, ""target_failure_bottom_collision"": -0.1903606144616472, ""target_failure_bottom_obstruction"": -1.354834121385525, ""target_failure_collision"": -0.3803257382253855, ""target_failure_collision_in_part"": -0.36240459132704195, ""target_failure_collision_in_tool"": -0.37597866057109663, ""target_failure_fr_collision"": 0.2828792054329422, ""target_failure_front_col"": -3.477604900708709, ""target_failure_left_col"": -2.284877731096715, ""target_failure_lost"": -1635066909882.258, ""target_failure_moved"": -0.11341452905916194, ""target_failure_normal"": 0.6076239203993081, ""target_failure_obstruction"": -0.1329369304612058, ""target_failure_ok"": -0.471617798633587, ""target_failure_right_col"": -479710054686.70026, ""target_failure_slightly_moved"": -0.07481606946889197}",,,0,0,0,False
robot_execution_failures,4,prism_z_acp_lightgbm,463,296,74,93,6,12,16,0.22735587271046037,0.0923658152937542,-74558351057.30273,"{""target_failure_back_col"": 0.19412595132089505, ""target_failure_bottom_collision"": 0.2165680830211416, ""target_failure_bottom_obstruction"": 0.2702108790933851, ""target_failure_collision"": 0.4600599191822383, ""target_failure_collision_in_part"": 0.3991281443743523, ""target_failure_collision_in_tool"": 0.2636478721824965, ""target_failure_fr_collision"": 0.16112140570121522, ""target_failure_front_col"": 0.1577431855906821, ""target_failure_left_col"": 0.1321534460519839, ""target_failure_lost"": 0.0909001040731203, ""target_failure_moved"": 0.20245985156369076, ""target_failure_normal"": 0.2631460323948614, ""target_failure_obstruction"": 0.3314338902065258, ""target_failure_ok"": 0.23783159678282134, ""target_failure_right_col"": 0.06756044864318786, ""target_failure_slightly_moved"": 0.189603153184768}","{""target_failure_back_col"": -0.20717254283268982, ""target_failure_bottom_collision"": -0.13947517084766314, ""target_failure_bottom_obstruction"": -1.3388789446551823, ""target_failure_collision"": -0.5646199088501067, ""target_failure_collision_in_part"": -0.32482109126601544, ""target_failure_collision_in_tool"": -0.36634943680708254, ""target_failure_fr_collision"": 0.168411458393675, ""target_failure_front_col"": -1.3392640856737374, ""target_failure_left_col"": -0.6418556486073625, ""target_failure_lost"": -768443092676.4285, ""target_failure_moved"": 0.004150502116697874, ""target_failure_normal"": 0.6165765784192806, ""target_failure_obstruction"": -0.05330254321040662, ""target_failure_ok"": -0.3742160324089816, ""target_failure_right_col"": -424490524235.98096, ""target_failure_slightly_moved"": 0.12661240599066703}",,,0,0,0,False
robot_execution_failures,4,prism_z_random_forest,463,296,74,93,6,12,16,0.21791938658718574,0.08836974595522608,-79155517365.07945,"{""target_failure_back_col"": 0.1930406012452633, ""target_failure_bottom_collision"": 0.20726602258749874, ""target_failure_bottom_obstruction"": 0.23015258966527502, ""target_failure_collision"": 0.40393879699072194, ""target_failure_collision_in_part"": 0.38332025612031084, ""target_failure_collision_in_tool"": 0.25760833983449294, ""target_failure_fr_collision"": 0.16684972030938672, ""target_failure_front_col"": 0.15260470826271824, ""target_failure_left_col"": 0.13137967833471234, ""target_failure_lost"": 0.09607468960228054, ""target_failure_moved"": 0.20029356377952312, ""target_failure_normal"": 0.2594873972771244, ""target_failure_obstruction"": 0.31352004276693624, ""target_failure_ok"": 0.23059746965238262, ""target_failure_right_col"": 0.06624052753847598, ""target_failure_slightly_moved"": 0.1943357814278689}","{""target_failure_back_col"": -0.1937117752060884, ""target_failure_bottom_collision"": -0.0436916009183872, ""target_failure_bottom_obstruction"": -0.696812345480134, ""target_failure_collision"": -0.20617740845581567, ""target_failure_collision_in_part"": -0.22195740309683765, ""target_failure_collision_in_tool"": -0.3044669445392916, ""target_failure_fr_collision"": 0.10822975372385835, ""target_failure_front_col"": -1.1893434944588956, ""target_failure_left_col"": -0.6226855739572335, ""target_failure_lost"": -858422179771.3191, ""target_failure_moved"": 0.025347349023087884, ""target_failure_normal"": 0.6271642697105877, ""target_failure_obstruction"": 0.057481413143386284, ""target_failure_ok"": -0.2918883519002542, ""target_failure_right_col"": -408066098067.08203, ""target_failure_slightly_moved"": 0.08246751444799294}",,,0,0,0,False
robot_execution_failures,4,prism_z_xgboost,463,296,74,93,6,12,16,0.2386077068719264,0.09545593499971093,-126783177515.8193,"{""target_failure_back_col"": 0.19501254146784916, ""target_failure_bottom_collision"": 0.21986951448759817, ""target_failure_bottom_obstruction"": 0.26986312073777435, ""target_failure_collision"": 0.4281000305227893, ""target_failure_collision_in_part"": 0.40487376880365455, ""target_failure_collision_in_tool"": 0.2695001527102413, ""target_failure_fr_collision"": 0.15294366646529628, ""target_failure_front_col"": 0.21866387823882852, ""target_failure_left_col"": 0.18998537672494206, ""target_failure_lost"": 0.12985165482889985, ""target_failure_moved"": 0.20984463404499534, ""target_failure_normal"": 0.2744301661867589, ""target_failure_obstruction"": 0.34189870631722286, ""target_failure_ok"": 0.24497267695020852, ""target_failure_right_col"": 0.07036126223699443, ""target_failure_slightly_moved"": 0.1975521592267685}","{""target_failure_back_col"": -0.21822424691296294, ""target_failure_bottom_collision"": -0.17448100286304435, ""target_failure_bottom_obstruction"": -1.3328625969574475, ""target_failure_collision"": -0.3547856005888277, ""target_failure_collision_in_part"": -0.36323839171103, ""target_failure_collision_in_tool"": -0.4276813032492246, ""target_failure_fr_collision"": 0.250683999343141, ""target_failure_front_col"": -3.495025213547252, ""target_failure_left_col"": -2.393269359088276, ""target_failure_lost"": -1568115066612.6272, ""target_failure_moved"": -0.06982222806054961, ""target_failure_normal"": 0.5829878746253024, ""target_failure_obstruction"": -0.120867350866537, ""target_failure_ok"": -0.4579787814025944, ""target_failure_right_col"": -460415773631.9587, ""target_failure_slightly_moved"": 0.05184471693487913}",,,0,0,0,False
robot_execution_failures,4,prism_z_lightgbm,463,296,74,93,6,12,16,0.22785247353594285,0.09258351907903166,-75319094611.93529,"{""target_failure_back_col"": 0.19417963492095539, ""target_failure_bottom_collision"": 0.21696701606263513, ""target_failure_bottom_obstruction"": 0.2771663435831944, ""target_failure_collision"": 0.45089937756151616, ""target_failure_collision_in_part"": 0.3993983523821681, ""target_failure_collision_in_tool"": 0.2635986896533559, ""target_failure_fr_collision"": 0.16105169406333933, ""target_failure_front_col"": 0.15692692840838038, ""target_failure_left_col"": 0.13229842108297196, ""target_failure_lost"": 0.09185094946113273, ""target_failure_moved"": 0.2027797952661895, ""target_failure_normal"": 0.26816529668855077, ""target_failure_obstruction"": 0.33099584708664365, ""target_failure_ok"": 0.23806284396015343, ""target_failure_right_col"": 0.06724229945121567, ""target_failure_slightly_moved"": 0.19405608694268364}","{""target_failure_back_col"": -0.207840298258402, ""target_failure_bottom_collision"": -0.14367701783775022, ""target_failure_bottom_obstruction"": -1.460838250239262, ""target_failure_collision"": -0.5029319814344562, ""target_failure_collision_in_part"": -0.3266154946292106, ""target_failure_collision_in_tool"": -0.36583970955283096, ""target_failure_fr_collision"": 0.16913090169689293, ""target_failure_front_col"": -1.3151172318951083, ""target_failure_left_col"": -0.645459922903344, ""target_failure_lost"": -784603516406.8959, ""target_failure_moved"": 0.0010005686909535516, ""target_failure_normal"": 0.6018101954866137, ""target_failure_obstruction"": -0.050520166126714505, ""target_failure_ok"": -0.37688967271309104, ""target_failure_right_col"": -420501997379.53015, ""target_failure_slightly_moved"": 0.08510670008834254}",,,0,0,0,False
robot_execution_failures,5,simple_mlp,463,296,74,93,6,12,16,0.19994400441646576,0.10199932754039764,-11608850432.0,"{""target_failure_back_col"": 0.14320577681064606, ""target_failure_bottom_collision"": 0.23715421557426453, ""target_failure_bottom_obstruction"": 0.16416887938976288, ""target_failure_collision"": 0.36156409978866577, ""target_failure_collision_in_part"": 0.3011373281478882, ""target_failure_collision_in_tool"": 0.2655182480812073, ""target_failure_fr_collision"": 0.189787819981575, ""target_failure_front_col"": 0.10225994139909744, ""target_failure_left_col"": 0.12310943007469177, ""target_failure_lost"": 0.10566599667072296, ""target_failure_moved"": 0.14425651729106903, ""target_failure_normal"": 0.3516349792480469, ""target_failure_obstruction"": 0.2627243995666504, ""target_failure_ok"": 0.2545981705188751, ""target_failure_right_col"": 0.04469028487801552, ""target_failure_slightly_moved"": 0.14762787520885468}","{""target_failure_back_col"": 0.025424540042877197, ""target_failure_bottom_collision"": 0.0681261420249939, ""target_failure_bottom_obstruction"": 0.13665634393692017, ""target_failure_collision"": -0.022307157516479492, ""target_failure_collision_in_part"": 0.05503225326538086, ""target_failure_collision_in_tool"": -0.012880206108093262, ""target_failure_fr_collision"": 0.12491029500961304, ""target_failure_front_col"": 0.016919434070587158, ""target_failure_left_col"": -0.42482221126556396, ""target_failure_lost"": -0.04965972900390625, ""target_failure_moved"": 0.0110703706741333, ""target_failure_normal"": 0.35421234369277954, ""target_failure_obstruction"": 0.21033120155334473, ""target_failure_ok"": 0.06872087717056274, ""target_failure_right_col"": -185741606912.0, ""target_failure_slightly_moved"": -0.03569352626800537}",,,0,0,0,False
robot_execution_failures,5,random_forest,463,296,74,93,6,12,16,0.21936171488788725,0.08656395955711534,-32170772599.308712,"{""target_failure_back_col"": 0.13375747686518005, ""target_failure_bottom_collision"": 0.26530880287511627, ""target_failure_bottom_obstruction"": 0.1963633230414486, ""target_failure_collision"": 0.4345571380525725, ""target_failure_collision_in_part"": 0.3609742504971071, ""target_failure_collision_in_tool"": 0.2927796837748587, ""target_failure_fr_collision"": 0.1809136507703911, ""target_failure_front_col"": 0.09480282685231078, ""target_failure_left_col"": 0.14734735888091857, ""target_failure_lost"": 0.10466124326886408, ""target_failure_moved"": 0.16547915191599555, ""target_failure_normal"": 0.3289639692474451, ""target_failure_obstruction"": 0.26515400617111706, ""target_failure_ok"": 0.30079149209835143, ""target_failure_right_col"": 0.07439594447344357, ""target_failure_slightly_moved"": 0.16353711942107543}","{""target_failure_back_col"": 0.14978143691096024, ""target_failure_bottom_collision"": -0.16626907332381657, ""target_failure_bottom_obstruction"": -0.2351587913707487, ""target_failure_collision"": -0.4767417133102074, ""target_failure_collision_in_part"": -0.3578137475471326, ""target_failure_collision_in_tool"": -0.23154763595226235, ""target_failure_fr_collision"": 0.20483266955098067, ""target_failure_front_col"": 0.15507022658067393, ""target_failure_left_col"": -1.0410926765675974, ""target_failure_lost"": -0.029792597340081883, ""target_failure_moved"": -0.30131091623140205, ""target_failure_normal"": 0.434799844047696, ""target_failure_obstruction"": 0.19565837255590757, ""target_failure_ok"": -0.2998715431204724, ""target_failure_right_col"": -514732361586.66895, ""target_failure_slightly_moved"": -0.270946259995571}",,,0,0,0,False
robot_execution_failures,5,xgboost,463,296,74,93,6,12,16,0.24196781451328495,0.09576569512970236,-41967706062.89201,"{""target_failure_back_col"": 0.13623129290383107, ""target_failure_bottom_collision"": 0.2998350216867827, ""target_failure_bottom_obstruction"": 0.22135926418184276, ""target_failure_collision"": 0.4859630676043168, ""target_failure_collision_in_part"": 0.3807381125618359, ""target_failure_collision_in_tool"": 0.31466930755099703, ""target_failure_fr_collision"": 0.20572682029508416, ""target_failure_front_col"": 0.1033203010350364, ""target_failure_left_col"": 0.17716613386508187, ""target_failure_lost"": 0.10533304384944812, ""target_failure_moved"": 0.20519607510364346, ""target_failure_normal"": 0.35246514680969854, ""target_failure_obstruction"": 0.2953632063955556, ""target_failure_ok"": 0.331386757793422, ""target_failure_right_col"": 0.08497205703368198, ""target_failure_slightly_moved"": 0.17175942354230053}","{""target_failure_back_col"": 0.11804139119295887, ""target_failure_bottom_collision"": -0.4895673906524234, ""target_failure_bottom_obstruction"": -0.5696305859472195, ""target_failure_collision"": -0.8467890722303457, ""target_failure_collision_in_part"": -0.5105686253252211, ""target_failure_collision_in_tool"": -0.42258461977609985, ""target_failure_fr_collision"": -0.028247544041625883, ""target_failure_front_col"": -0.003573915618625634, ""target_failure_left_col"": -1.9507976509266913, ""target_failure_lost"": -0.04305511091794223, ""target_failure_moved"": -1.0009332409120288, ""target_failure_normal"": 0.35115947957998894, ""target_failure_obstruction"": 0.001939318179900118, ""target_failure_ok"": -0.5777552726819182, ""target_failure_right_col"": -671483296999.8981, ""target_failure_slightly_moved"": -0.40196008066575506}",,,0,0,0,False
robot_execution_failures,5,lightgbm,463,296,74,93,6,12,16,0.21970850582449425,0.09783633059587742,-30437388157.60503,"{""target_failure_back_col"": 0.1341611831647592, ""target_failure_bottom_collision"": 0.25274382527344164, ""target_failure_bottom_obstruction"": 0.20047002807792652, ""target_failure_collision"": 0.44951473678614684, ""target_failure_collision_in_part"": 0.34250515652761027, ""target_failure_collision_in_tool"": 0.2964092304063629, ""target_failure_fr_collision"": 0.17644543019238318, ""target_failure_front_col"": 0.09059504503636587, ""target_failure_left_col"": 0.13724364410589204, ""target_failure_lost"": 0.10700669549815489, ""target_failure_moved"": 0.16517373231993504, ""target_failure_normal"": 0.3468483825097596, ""target_failure_obstruction"": 0.28699103202948123, ""target_failure_ok"": 0.30233138807285254, ""target_failure_right_col"": 0.07236394044790626, ""target_failure_slightly_moved"": 0.15453264274293013}","{""target_failure_back_col"": 0.14464143907775862, ""target_failure_bottom_collision"": -0.058416368953108755, ""target_failure_bottom_obstruction"": -0.2873627844149962, ""target_failure_collision"": -0.580151161136903, ""target_failure_collision_in_part"": -0.22242432540181678, ""target_failure_collision_in_tool"": -0.2622715320297613, ""target_failure_fr_collision"": 0.2436258405133822, ""target_failure_front_col"": 0.22840939753984724, ""target_failure_left_col"": -0.7707713830694614, ""target_failure_lost"": -0.07646494634400325, ""target_failure_moved"": -0.29651177297722753, ""target_failure_normal"": 0.37167411186136834, ""target_failure_obstruction"": 0.05771818210458912, ""target_failure_ok"": -0.3132149438225187, ""target_failure_right_col"": -486998210519.7242, ""target_failure_slightly_moved"": -0.13484085827301828}",,,0,0,0,False
robot_execution_failures,5,cnn_mlp,463,296,74,93,6,12,16,0.2039407344935867,0.10580765795431019,-6197396338.322791,"{""target_failure_back_col"": 0.14312029909754687, ""target_failure_bottom_collision"": 0.24156314671507126, ""target_failure_bottom_obstruction"": 0.17803989891811184, ""target_failure_collision"": 0.35935893852779144, ""target_failure_collision_in_part"": 0.3065085510937319, ""target_failure_collision_in_tool"": 0.2604685523965301, ""target_failure_fr_collision"": 0.20286109254689416, ""target_failure_front_col"": 0.10134296251919737, ""target_failure_left_col"": 0.1055063225137045, ""target_failure_lost"": 0.10285198546999745, ""target_failure_moved"": 0.14080061595109544, ""target_failure_normal"": 0.3983139288796616, ""target_failure_obstruction"": 0.28221064089107334, ""target_failure_ok"": 0.26261491379453367, ""target_failure_right_col"": 0.032653004771803835, ""target_failure_slightly_moved"": 0.14483689781064285}","{""target_failure_back_col"": 0.026587503283358682, ""target_failure_bottom_collision"": 0.03315513292439898, ""target_failure_bottom_obstruction"": -0.015398987218481874, ""target_failure_collision"": -0.009875113450119377, ""target_failure_collision_in_part"": 0.02102197105428527, ""target_failure_collision_in_tool"": 0.025279875295751153, ""target_failure_fr_collision"": 0.00019944445928787857, ""target_failure_front_col"": 0.03447120454080288, ""target_failure_left_col"": -0.046489763018398245, ""target_failure_lost"": 0.005503300018759427, ""target_failure_moved"": 0.057885670580962056, ""target_failure_normal"": 0.17137774326642818, ""target_failure_obstruction"": 0.08884779782906604, ""target_failure_ok"": 0.009149547909147127, ""target_failure_right_col"": -99158341413.56947, ""target_failure_slightly_moved"": 0.0030969409986214558}",,,0,0,0,False
robot_execution_failures,5,ftt_mlp,463,296,74,93,6,12,16,0.20133647395219498,0.10023456395621275,-13372384884.360477,"{""target_failure_back_col"": 0.14439694904787156, ""target_failure_bottom_collision"": 0.22273455774777565, ""target_failure_bottom_obstruction"": 0.1712827411644657, ""target_failure_collision"": 0.3609806642570353, ""target_failure_collision_in_part"": 0.3126953511383235, ""target_failure_collision_in_tool"": 0.2734196987809359, ""target_failure_fr_collision"": 0.20054368342772796, ""target_failure_front_col"": 0.10061874815309749, ""target_failure_left_col"": 0.10856555776962463, ""target_failure_lost"": 0.10334392081394662, ""target_failure_moved"": 0.1383577007034633, ""target_failure_normal"": 0.3476842293444044, ""target_failure_obstruction"": 0.27536601081821777, ""target_failure_ok"": 0.26497978959305046, ""target_failure_right_col"": 0.04796483448604607, ""target_failure_slightly_moved"": 0.14844914598913347}","{""target_failure_back_col"": 0.009144141719226284, ""target_failure_bottom_collision"": 0.17800221492200818, ""target_failure_bottom_obstruction"": 0.06021338084918637, ""target_failure_collision"": -0.019010469222819015, ""target_failure_collision_in_part"": -0.01889775197729837, ""target_failure_collision_in_tool"": -0.07406098487019941, ""target_failure_fr_collision"": 0.02291166521116872, ""target_failure_front_col"": 0.04822156918468257, ""target_failure_left_col"": -0.10805712028404568, ""target_failure_lost"": -0.00403269579702048, ""target_failure_moved"": 0.09029376317823024, ""target_failure_normal"": 0.36864214149925456, ""target_failure_obstruction"": 0.13250930465273214, ""target_failure_ok"": -0.008776233817990642, ""target_failure_right_col"": -213958158150.3975, ""target_failure_slightly_moved"": -0.047248885876533864}",,,0,0,0,False
robot_execution_failures,5,two_stage_mlp,463,296,74,93,6,12,16,0.19914200901985168,0.10497122257947922,-9972478976.0,"{""target_failure_back_col"": 0.1469716727733612, ""target_failure_bottom_collision"": 0.23500435054302216, ""target_failure_bottom_obstruction"": 0.13846105337142944, ""target_failure_collision"": 0.353571355342865, ""target_failure_collision_in_part"": 0.2947653532028198, ""target_failure_collision_in_tool"": 0.2629859447479248, ""target_failure_fr_collision"": 0.2008584588766098, ""target_failure_front_col"": 0.10307653993368149, ""target_failure_left_col"": 0.11992799490690231, ""target_failure_lost"": 0.10259900987148285, ""target_failure_moved"": 0.14831723272800446, ""target_failure_normal"": 0.3689480125904083, ""target_failure_obstruction"": 0.26728278398513794, ""target_failure_ok"": 0.2601848542690277, ""target_failure_right_col"": 0.04142095148563385, ""target_failure_slightly_moved"": 0.1418968290090561}","{""target_failure_back_col"": -0.026506543159484863, ""target_failure_bottom_collision"": 0.08494490385055542, ""target_failure_bottom_obstruction"": 0.3858742117881775, ""target_failure_collision"": 0.022391676902770996, ""target_failure_collision_in_part"": 0.0945996642112732, ""target_failure_collision_in_tool"": 0.0063478946685791016, ""target_failure_fr_collision"": 0.01984196901321411, ""target_failure_front_col"": 0.0011559724807739258, ""target_failure_left_col"": -0.3521322011947632, ""target_failure_lost"": 0.010389387607574463, ""target_failure_moved"": -0.04538857936859131, ""target_failure_normal"": 0.28905510902404785, ""target_failure_obstruction"": 0.18269115686416626, ""target_failure_ok"": 0.027402102947235107, ""target_failure_right_col"": -159559663616.0, ""target_failure_slightly_moved"": 0.043158769607543945}",,,0,0,0,False
robot_execution_failures,5,oracle_mlp,463,296,74,93,6,12,16,0.19925042986869812,0.10507383197546005,-16480788480.0,"{""target_failure_back_col"": 0.144392728805542, ""target_failure_bottom_collision"": 0.23408876359462738, ""target_failure_bottom_obstruction"": 0.14670246839523315, ""target_failure_collision"": 0.35958462953567505, ""target_failure_collision_in_part"": 0.307379812002182, ""target_failure_collision_in_tool"": 0.2690359950065613, ""target_failure_fr_collision"": 0.19801533222198486, ""target_failure_front_col"": 0.09693601727485657, ""target_failure_left_col"": 0.11445049196481705, ""target_failure_lost"": 0.09969238191843033, ""target_failure_moved"": 0.14360924065113068, ""target_failure_normal"": 0.3711773157119751, ""target_failure_obstruction"": 0.24712428450584412, ""target_failure_ok"": 0.25522223114967346, ""target_failure_right_col"": 0.05324851721525192, ""target_failure_slightly_moved"": 0.1473465859889984}","{""target_failure_back_col"": 0.009202003479003906, ""target_failure_bottom_collision"": 0.09206116199493408, ""target_failure_bottom_obstruction"": 0.31059110164642334, ""target_failure_collision"": -0.011143922805786133, ""target_failure_collision_in_part"": 0.015448510646820068, ""target_failure_collision_in_tool"": -0.039896488189697266, ""target_failure_fr_collision"": 0.0473935604095459, ""target_failure_front_col"": 0.11661839485168457, ""target_failure_left_col"": -0.23144030570983887, ""target_failure_lost"": 0.06566637754440308, ""target_failure_moved"": 0.019925057888031006, ""target_failure_normal"": 0.2804375886917114, ""target_failure_obstruction"": 0.30132532119750977, ""target_failure_ok"": 0.06414985656738281, ""target_failure_right_col"": -263692615680.0, ""target_failure_slightly_moved"": -0.03175032138824463}",,,0,0,0,False
robot_execution_failures,5,prism,463,296,74,93,6,12,16,0.19511204957962036,0.09917908906936646,-15027650560.0,"{""target_failure_back_col"": 0.1443834751844406, ""target_failure_bottom_collision"": 0.22045829892158508, ""target_failure_bottom_obstruction"": 0.1407725214958191, ""target_failure_collision"": 0.3678688406944275, ""target_failure_collision_in_part"": 0.300294429063797, ""target_failure_collision_in_tool"": 0.2749675214290619, ""target_failure_fr_collision"": 0.19043658673763275, ""target_failure_front_col"": 0.10175752639770508, ""target_failure_left_col"": 0.12026501446962357, ""target_failure_lost"": 0.10326606780290604, ""target_failure_moved"": 0.1445886194705963, ""target_failure_normal"": 0.3110121190547943, ""target_failure_obstruction"": 0.25715672969818115, ""target_failure_ok"": 0.24915166199207306, ""target_failure_right_col"": 0.050846852362155914, ""target_failure_slightly_moved"": 0.14456656575202942}","{""target_failure_back_col"": 0.009329020977020264, ""target_failure_bottom_collision"": 0.1947174072265625, ""target_failure_bottom_obstruction"": 0.3651987314224243, ""target_failure_collision"": -0.05827069282531738, ""target_failure_collision_in_part"": 0.060314953327178955, ""target_failure_collision_in_tool"": -0.08625578880310059, ""target_failure_fr_collision"": 0.11891734600067139, ""target_failure_front_col"": 0.026555657386779785, ""target_failure_left_col"": -0.35974228382110596, ""target_failure_lost"": -0.002520442008972168, ""target_failure_moved"": 0.006511867046356201, ""target_failure_normal"": 0.49480366706848145, ""target_failure_obstruction"": 0.24344593286514282, ""target_failure_ok"": 0.1081395149230957, ""target_failure_right_col"": -240442408960.0, ""target_failure_slightly_moved"": 0.006814837455749512}",,,0,0,0,False
robot_execution_failures,5,prism_z_acp_random_forest,463,296,74,93,6,12,16,0.21786737030657008,0.08664140583408127,-29568381463.54876,"{""target_failure_back_col"": 0.13476320922234838, ""target_failure_bottom_collision"": 0.25987286983861446, ""target_failure_bottom_obstruction"": 0.17488339704242953, ""target_failure_collision"": 0.42467889482971455, ""target_failure_collision_in_part"": 0.3523141682476034, ""target_failure_collision_in_tool"": 0.29100297481542253, ""target_failure_fr_collision"": 0.1599634057924632, ""target_failure_front_col"": 0.10109561200313745, ""target_failure_left_col"": 0.1426901500820599, ""target_failure_lost"": 0.10605888955019155, ""target_failure_moved"": 0.16359997646294844, ""target_failure_normal"": 0.3308356122614289, ""target_failure_obstruction"": 0.3028936317315149, ""target_failure_ok"": 0.3027149563162802, ""target_failure_right_col"": 0.07132344179675885, ""target_failure_slightly_moved"": 0.16718673491220498}","{""target_failure_back_col"": 0.1369476560881866, ""target_failure_bottom_collision"": -0.11896711734483745, ""target_failure_bottom_obstruction"": 0.02028623668237617, ""target_failure_collision"": -0.410366953445066, ""target_failure_collision_in_part"": -0.2934450169934073, ""target_failure_collision_in_tool"": -0.2166459014142217, ""target_failure_fr_collision"": 0.3783339683824576, ""target_failure_front_col"": 0.03917863735579974, ""target_failure_left_col"": -0.9141060785139183, ""target_failure_lost"": -0.057479941011377766, ""target_failure_moved"": -0.2719234482376751, ""target_failure_normal"": 0.4283501270348654, ""target_failure_obstruction"": -0.049601503428409854, ""target_failure_ok"": -0.3165492127496343, ""target_failure_right_col"": -473094103414.8059, ""target_failure_slightly_moved"": -0.3283059944412521}",,,0,0,0,False
robot_execution_failures,5,prism_z_acp_xgboost,463,296,74,93,6,12,16,0.23489948967815738,0.09303710242198572,-29578928533.635006,"{""target_failure_back_col"": 0.12969023078357153, ""target_failure_bottom_collision"": 0.28144645299763993, ""target_failure_bottom_obstruction"": 0.1957940747001665, ""target_failure_collision"": 0.4814918612155915, ""target_failure_collision_in_part"": 0.37406442685629054, ""target_failure_collision_in_tool"": 0.312865190019038, ""target_failure_fr_collision"": 0.18967171331239463, ""target_failure_front_col"": 0.10477130072436641, ""target_failure_left_col"": 0.176274544642277, ""target_failure_lost"": 0.10854768101537647, ""target_failure_moved"": 0.19384556314751916, ""target_failure_normal"": 0.3512937656982056, ""target_failure_obstruction"": 0.3017635224308224, ""target_failure_ok"": 0.3302411555399799, ""target_failure_right_col"": 0.07133616123248185, ""target_failure_slightly_moved"": 0.15529419053479687}","{""target_failure_back_col"": 0.2007015454275194, ""target_failure_bottom_collision"": -0.31246278796297555, ""target_failure_bottom_obstruction"": -0.22800783326568386, ""target_failure_collision"": -0.8129618586832028, ""target_failure_collision_in_part"": -0.45807738229111794, ""target_failure_collision_in_tool"": -0.40631895669098905, ""target_failure_fr_collision"": 0.12598077019083975, ""target_failure_front_col"": -0.03195963543330027, ""target_failure_left_col"": -1.9211725829573214, ""target_failure_lost"": -0.10769217108143891, ""target_failure_moved"": -0.7856906726944815, ""target_failure_normal"": 0.35546502060071916, ""target_failure_obstruction"": -0.04178389697177809, ""target_failure_ok"": -0.5668655450209295, ""target_failure_right_col"": -473262856533.0232, ""target_failure_slightly_moved"": -0.14605357089235516}",,,0,0,0,False
robot_execution_failures,5,prism_z_acp_lightgbm,463,296,74,93,6,12,16,0.2296257978521971,0.09120325457163564,-30244023638.551292,"{""target_failure_back_col"": 0.1355749093730553, ""target_failure_bottom_collision"": 0.2817400639180315, ""target_failure_bottom_obstruction"": 0.18784840365589056, ""target_failure_collision"": 0.5015781255946904, ""target_failure_collision_in_part"": 0.36848474327883046, ""target_failure_collision_in_tool"": 0.30013697939545614, ""target_failure_fr_collision"": 0.1883187667892809, ""target_failure_front_col"": 0.10417347936153562, ""target_failure_left_col"": 0.14159712496530685, ""target_failure_lost"": 0.10680904318828947, ""target_failure_moved"": 0.1578457804696072, ""target_failure_normal"": 0.3537661776716046, ""target_failure_obstruction"": 0.2983804545342256, ""target_failure_ok"": 0.31481132667943684, ""target_failure_right_col"": 0.07213371516312868, ""target_failure_slightly_moved"": 0.16081367159678328}","{""target_failure_back_col"": 0.12651974401180643, ""target_failure_bottom_collision"": -0.31520259446953136, ""target_failure_bottom_obstruction"": -0.13036074069792547, ""target_failure_collision"": -0.9673785982558842, ""target_failure_collision_in_part"": -0.4149033568812275, ""target_failure_collision_in_tool"": -0.2942207396789378, ""target_failure_fr_collision"": 0.1384052251610649, ""target_failure_front_col"": -0.020216583127607324, ""target_failure_left_col"": -0.884893790394913, ""target_failure_lost"": -0.07249193732687087, ""target_failure_moved"": -0.18402385855609582, ""target_failure_normal"": 0.3463605963570471, ""target_failure_obstruction"": -0.01855597679089227, ""target_failure_ok"": -0.42386901463034343, ""target_failure_right_col"": -483904378213.47687, ""target_failure_slightly_moved"": -0.22896760487075496}",,,0,0,0,False
robot_execution_failures,5,prism_z_random_forest,463,296,74,93,6,12,16,0.21607709828786295,0.08547582672926303,-29683608102.519085,"{""target_failure_back_col"": 0.13491068149878624, ""target_failure_bottom_collision"": 0.25893223830566375, ""target_failure_bottom_obstruction"": 0.18367949775459136, ""target_failure_collision"": 0.4335012891517526, ""target_failure_collision_in_part"": 0.3448925791800989, ""target_failure_collision_in_tool"": 0.2921848605995717, ""target_failure_fr_collision"": 0.15577991882210634, ""target_failure_front_col"": 0.10109334459240178, ""target_failure_left_col"": 0.14826377356414133, ""target_failure_lost"": 0.10551807296221777, ""target_failure_moved"": 0.16260997245609146, ""target_failure_normal"": 0.3298579683080858, ""target_failure_obstruction"": 0.2694843009313033, ""target_failure_ok"": 0.30312169402426353, ""target_failure_right_col"": 0.07146227877380372, ""target_failure_slightly_moved"": 0.16194110168092768}","{""target_failure_back_col"": 0.13505773473318006, ""target_failure_bottom_collision"": -0.11088138769499611, ""target_failure_bottom_obstruction"": -0.08074544605347467, ""target_failure_collision"": -0.4695743157231038, ""target_failure_collision_in_part"": -0.23952546933644348, ""target_failure_collision_in_tool"": -0.22654859419150508, ""target_failure_fr_collision"": 0.41042535271286185, ""target_failure_front_col"": 0.03922173620447533, ""target_failure_left_col"": -1.0665604417616108, ""target_failure_lost"": -0.04672281221436814, ""target_failure_moved"": -0.2565762658416342, ""target_failure_normal"": 0.4317236712948316, ""target_failure_obstruction"": 0.16917204829877852, ""target_failure_ok"": -0.32008950667388714, ""target_failure_right_col"": -474937729638.4274, ""target_failure_slightly_moved"": -0.2462600654033138}",,,0,0,0,False
robot_execution_failures,5,prism_z_xgboost,463,296,74,93,6,12,16,0.2322817074584923,0.09024262517108178,-29553204775.76929,"{""target_failure_back_col"": 0.12616760374250216, ""target_failure_bottom_collision"": 0.28080787528178747, ""target_failure_bottom_obstruction"": 0.19245840783221121, ""target_failure_collision"": 0.48452914512869133, ""target_failure_collision_in_part"": 0.37793068953382397, ""target_failure_collision_in_tool"": 0.30806092604991336, ""target_failure_fr_collision"": 0.19430649189115812, ""target_failure_front_col"": 0.10453528075097077, ""target_failure_left_col"": 0.1732777630231143, ""target_failure_lost"": 0.10856918873326281, ""target_failure_moved"": 0.19330958547625035, ""target_failure_normal"": 0.34480294158151603, ""target_failure_obstruction"": 0.28181208492470167, ""target_failure_ok"": 0.32520962121621094, ""target_failure_right_col"": 0.07130513520538302, ""target_failure_slightly_moved"": 0.14942457896437963}","{""target_failure_back_col"": 0.24353270493319223, ""target_failure_bottom_collision"": -0.3065138148541875, ""target_failure_bottom_obstruction"": -0.18652208187720798, ""target_failure_collision"": -0.8359065768024558, ""target_failure_collision_in_part"": -0.4883739989675644, ""target_failure_collision_in_tool"": -0.36346053946921186, ""target_failure_fr_collision"": 0.08274418175471898, ""target_failure_front_col"": -0.02731544862255575, ""target_failure_left_col"": -1.8226932081573168, ""target_failure_lost"": -0.10813117246301229, ""target_failure_moved"": -0.7758295528569157, ""target_failure_normal"": 0.3790630113873372, ""target_failure_obstruction"": 0.09141955569665905, ""target_failure_ok"": -0.5194839297212157, ""target_failure_right_col"": -472851276407.6101, ""target_failure_slightly_moved"": -0.06105667448456975}",,,0,0,0,False
robot_execution_failures,5,prism_z_lightgbm,463,296,74,93,6,12,16,0.22854522491948637,0.09122191286265527,-30295339056.194088,"{""target_failure_back_col"": 0.13507573372001672, ""target_failure_bottom_collision"": 0.28270294071124924, ""target_failure_bottom_obstruction"": 0.19152819996204143, ""target_failure_collision"": 0.5006255180543102, ""target_failure_collision_in_part"": 0.37251520393140386, ""target_failure_collision_in_tool"": 0.3006666628841506, ""target_failure_fr_collision"": 0.18860874542681116, ""target_failure_front_col"": 0.1043173536691352, ""target_failure_left_col"": 0.13329857164810618, ""target_failure_lost"": 0.10722820396349006, ""target_failure_moved"": 0.15906001680000562, ""target_failure_normal"": 0.35346897541301014, ""target_failure_obstruction"": 0.2803474180188122, ""target_failure_ok"": 0.3139359125801273, ""target_failure_right_col"": 0.07219488432120294, ""target_failure_slightly_moved"": 0.1611492576079094}","{""target_failure_back_col"": 0.13294006742121456, ""target_failure_bottom_collision"": -0.3242076470712856, ""target_failure_bottom_obstruction"": -0.17508018220719124, ""target_failure_collision"": -0.9599127224948512, ""target_failure_collision_in_part"": -0.4460248637995683, ""target_failure_collision_in_tool"": -0.29879286717386333, ""target_failure_fr_collision"": 0.1357497655729133, ""target_failure_front_col"": -0.02303657755595223, ""target_failure_left_col"": -0.6704327824802581, ""target_failure_lost"": -0.08092621662216093, ""target_failure_moved"": -0.20231024557045196, ""target_failure_normal"": 0.3474583921227411, ""target_failure_obstruction"": 0.10083937527079634, ""target_failure_ok"": -0.4159611546974833, ""target_failure_right_col"": -484725424895.9916, ""target_failure_slightly_moved"": -0.2341021765253637}",,,0,0,0,False
wall_following_robot,1,simple_mlp,5456,3491,873,1092,8,16,4,0.2605432868003845,0.14428120851516724,0.5826404094696045,"{""target_navigation_Move-Forward"": 0.36180931329727173, ""target_navigation_Sharp-Right-Turn"": 0.31579288840293884, ""target_navigation_Slight-Left-Turn"": 0.12331347167491913, ""target_navigation_Slight-Right-Turn"": 0.24125753343105316}","{""target_navigation_Move-Forward"": 0.44119441509246826, ""target_navigation_Sharp-Right-Turn"": 0.5872541666030884, ""target_navigation_Slight-Left-Turn"": 0.7651670575141907, ""target_navigation_Slight-Right-Turn"": 0.536946177482605}",,,0,0,0,False
wall_following_robot,1,random_forest,5456,3491,873,1092,8,16,4,0.1973586441665177,0.09760989263401909,0.7594265129648781,"{""target_navigation_Move-Forward"": 0.2655898408680544, ""target_navigation_Sharp-Right-Turn"": 0.240414191063807, ""target_navigation_Slight-Left-Turn"": 0.09900409604559077, ""target_navigation_Slight-Right-Turn"": 0.1844264486886186}","{""target_navigation_Move-Forward"": 0.6988907088400451, ""target_navigation_Sharp-Right-Turn"": 0.76077964195429, ""target_navigation_Slight-Left-Turn"": 0.8486284388646046, ""target_navigation_Slight-Right-Turn"": 0.7294072622005725}",,,0,0,0,False
wall_following_robot,1,xgboost,5456,3491,873,1092,8,16,4,0.2107434935761407,0.12654949153504808,0.7273490443712376,"{""target_navigation_Move-Forward"": 0.2909290625928663, ""target_navigation_Sharp-Right-Turn"": 0.2584348698623361, ""target_navigation_Slight-Left-Turn"": 0.10294154740291524, ""target_navigation_Slight-Right-Turn"": 0.19066849444644512}","{""target_navigation_Move-Forward"": 0.6386937665871313, ""target_navigation_Sharp-Right-Turn"": 0.723573191299868, ""target_navigation_Slight-Left-Turn"": 0.8363487417574649, ""target_navigation_Slight-Right-Turn"": 0.7107804778404858}",,,0,0,0,False
wall_following_robot,1,lightgbm,5456,3491,873,1092,8,16,4,0.19689331260115323,0.10559205546467834,0.7607961886125245,"{""target_navigation_Move-Forward"": 0.26626147813235285, ""target_navigation_Sharp-Right-Turn"": 0.23989349312011934, ""target_navigation_Slight-Left-Turn"": 0.09831669196720211, ""target_navigation_Slight-Right-Turn"": 0.18310158718493863}","{""target_navigation_Move-Forward"": 0.6973658618610239, ""target_navigation_Sharp-Right-Turn"": 0.7618147443995199, ""target_navigation_Slight-Left-Turn"": 0.8507231440605741, ""target_navigation_Slight-Right-Turn"": 0.7332810041289802}",,,0,0,0,False
wall_following_robot,1,cnn_mlp,5456,3491,873,1092,8,16,4,0.2514699328219013,0.12680245987587146,0.6095518777001582,"{""target_navigation_Move-Forward"": 0.3426578351320741, ""target_navigation_Sharp-Right-Turn"": 0.3055332880781909, ""target_navigation_Slight-Left-Turn"": 0.1318250565305734, ""target_navigation_Slight-Right-Turn"": 0.22586355154676668}","{""target_navigation_Move-Forward"": 0.4987867164035017, ""target_navigation_Sharp-Right-Turn"": 0.6136374667547888, ""target_navigation_Slight-Left-Turn"": 0.7316300428700289, ""target_navigation_Slight-Right-Turn"": 0.5941532847723133}",,,0,0,0,False
wall_following_robot,1,ftt_mlp,5456,3491,873,1092,8,16,4,0.2541454360332934,0.10880433652534854,0.6020695196379642,"{""target_navigation_Move-Forward"": 0.33840929658862323, ""target_navigation_Sharp-Right-Turn"": 0.3157009948957617, ""target_navigation_Slight-Left-Turn"": 0.12782807154118783, ""target_navigation_Slight-Right-Turn"": 0.23464338110760094}","{""target_navigation_Move-Forward"": 0.5111385298400065, ""target_navigation_Sharp-Right-Turn"": 0.5874944099499353, ""target_navigation_Slight-Left-Turn"": 0.747657478471584, ""target_navigation_Slight-Right-Turn"": 0.5619876602903312}",,,0,0,0,False
wall_following_robot,1,two_stage_mlp,5456,3491,873,1092,8,16,4,0.2611788511276245,0.11792410910129547,0.5763928890228271,"{""target_navigation_Move-Forward"": 0.3511267304420471, ""target_navigation_Sharp-Right-Turn"": 0.31283509731292725, ""target_navigation_Slight-Left-Turn"": 0.138409823179245, ""target_navigation_Slight-Right-Turn"": 0.24234384298324585}","{""target_navigation_Move-Forward"": 0.4737052917480469, ""target_navigation_Sharp-Right-Turn"": 0.5949497222900391, ""target_navigation_Slight-Left-Turn"": 0.7041498422622681, ""target_navigation_Slight-Right-Turn"": 0.5327668190002441}",,,0,0,0,False
wall_following_robot,1,oracle_mlp,5456,3491,873,1092,8,16,4,0.19098791480064392,0.0625021755695343,0.7768433094024658,"{""target_navigation_Move-Forward"": 0.2677271068096161, ""target_navigation_Sharp-Right-Turn"": 0.2375144511461258, ""target_navigation_Slight-Left-Turn"": 0.0965719074010849, ""target_navigation_Slight-Right-Turn"": 0.1621381938457489}","{""target_navigation_Move-Forward"": 0.6940250396728516, ""target_navigation_Sharp-Right-Turn"": 0.7665154933929443, ""target_navigation_Slight-Left-Turn"": 0.8559744358062744, ""target_navigation_Slight-Right-Turn"": 0.7908583879470825}",,,0,0,0,False
wall_following_robot,1,prism,5456,3491,873,1092,8,16,4,0.24738585948944092,0.12128886580467224,0.6215656995773315,"{""target_navigation_Move-Forward"": 0.33159923553466797, ""target_navigation_Sharp-Right-Turn"": 0.3008789122104645, ""target_navigation_Slight-Left-Turn"": 0.12457190454006195, ""target_navigation_Slight-Right-Turn"": 0.23249337077140808}","{""target_navigation_Move-Forward"": 0.530616044998169, ""target_navigation_Sharp-Right-Turn"": 0.6253191828727722, ""target_navigation_Slight-Left-Turn"": 0.7603496313095093, ""target_navigation_Slight-Right-Turn"": 0.5699778199195862}",,,0,0,0,False
wall_following_robot,1,prism_z_acp_random_forest,5456,3491,873,1092,8,16,4,0.2399411337051462,0.12401251780486953,0.6437629010399973,"{""target_navigation_Move-Forward"": 0.3215357007710571, ""target_navigation_Sharp-Right-Turn"": 0.2936069951492052, ""target_navigation_Slight-Left-Turn"": 0.1289419935138781, ""target_navigation_Slight-Right-Turn"": 0.2156798453864444}","{""target_navigation_Move-Forward"": 0.5586738717621784, ""target_navigation_Sharp-Right-Turn"": 0.64321159349367, ""target_navigation_Slight-Left-Turn"": 0.7432403795427853, ""target_navigation_Slight-Right-Turn"": 0.6299257593613556}",,,0,0,0,False
wall_following_robot,1,prism_z_acp_xgboost,5456,3491,873,1092,8,16,4,0.24727235699462904,0.13830233566489833,0.6219440577745021,"{""target_navigation_Move-Forward"": 0.3315513021342044, ""target_navigation_Sharp-Right-Turn"": 0.3016784153570096, ""target_navigation_Slight-Left-Turn"": 0.12866079112188744, ""target_navigation_Slight-Right-Turn"": 0.22719891936541473}","{""target_navigation_Move-Forward"": 0.5307516925238085, ""target_navigation_Sharp-Right-Turn"": 0.6233253325517456, ""target_navigation_Slight-Left-Turn"": 0.7443590638046333, ""target_navigation_Slight-Right-Turn"": 0.5893401422178213}",,,0,0,0,False
wall_following_robot,1,prism_z_acp_lightgbm,5456,3491,873,1092,8,16,4,0.24253356924442776,0.12405172465963343,0.6339761573960208,"{""target_navigation_Move-Forward"": 0.31998221996279097, ""target_navigation_Sharp-Right-Turn"": 0.29389672435438186, ""target_navigation_Slight-Left-Turn"": 0.13268583585383287, ""target_navigation_Slight-Right-Turn"": 0.22356949680670538}","{""target_navigation_Move-Forward"": 0.562928052376447, ""target_navigation_Sharp-Right-Turn"": 0.6425070937609385, ""target_navigation_Slight-Left-Turn"": 0.7281138446374003, ""target_navigation_Slight-Right-Turn"": 0.6023556388092973}",,,0,0,0,False
wall_following_robot,1,prism_z_random_forest,5456,3491,873,1092,8,16,4,0.23945384127214395,0.1320558629361821,0.646683920896985,"{""target_navigation_Move-Forward"": 0.3207504511808844, ""target_navigation_Sharp-Right-Turn"": 0.2964188317557577, ""target_navigation_Slight-Left-Turn"": 0.12282871987230894, ""target_navigation_Slight-Right-Turn"": 0.21781736227962475}","{""target_navigation_Move-Forward"": 0.5608268394700738, ""target_navigation_Sharp-Right-Turn"": 0.6363450363280332, ""target_navigation_Slight-Left-Turn"": 0.7670097134098817, ""target_navigation_Slight-Right-Turn"": 0.6225540943799515}",,,0,0,0,False
wall_following_robot,1,prism_z_xgboost,5456,3491,873,1092,8,16,4,0.24930255646717459,0.14896158741274182,0.6179493109386638,"{""target_navigation_Move-Forward"": 0.3378662761715101, ""target_navigation_Sharp-Right-Turn"": 0.3082722291158539, ""target_navigation_Slight-Left-Turn"": 0.12368059424938987, ""target_navigation_Slight-Right-Turn"": 0.2273911263319444}","{""target_navigation_Move-Forward"": 0.5127061509347347, ""target_navigation_Sharp-Right-Turn"": 0.606679354865755, ""target_navigation_Slight-Left-Turn"": 0.7637667141223536, ""target_navigation_Slight-Right-Turn"": 0.5886450238318115}",,,0,0,0,False
wall_following_robot,1,prism_z_lightgbm,5456,3491,873,1092,8,16,4,0.24185705964435292,0.12957774853407047,0.6380006533306644,"{""target_navigation_Move-Forward"": 0.3278273903914684, ""target_navigation_Sharp-Right-Turn"": 0.2926392124781506, ""target_navigation_Slight-Left-Turn"": 0.12871332743907926, ""target_navigation_Slight-Right-Turn"": 0.21824830826871333}","{""target_navigation_Move-Forward"": 0.5412334842904779, ""target_navigation_Sharp-Right-Turn"": 0.6455597975015414, ""target_navigation_Slight-Left-Turn"": 0.7441502484346698, ""target_navigation_Slight-Right-Turn"": 0.6210590830959685}",,,0,0,0,False
wall_following_robot,2,simple_mlp,5456,3491,873,1092,8,16,4,0.26546400785446167,0.14210818707942963,0.5623869895935059,"{""target_navigation_Move-Forward"": 0.3537639081478119, ""target_navigation_Sharp-Right-Turn"": 0.3145609200000763, ""target_navigation_Slight-Left-Turn"": 0.15140441060066223, ""target_navigation_Slight-Right-Turn"": 0.24212680757045746}","{""target_navigation_Move-Forward"": 0.47782307863235474, ""target_navigation_Sharp-Right-Turn"": 0.5759246349334717, ""target_navigation_Slight-Left-Turn"": 0.6179032325744629, ""target_navigation_Slight-Right-Turn"": 0.5778971314430237}",,,0,0,0,False
wall_following_robot,2,random_forest,5456,3491,873,1092,8,16,4,0.1925444180983955,0.09150641356296907,0.767241130792992,"{""target_navigation_Move-Forward"": 0.25207660236290197, ""target_navigation_Sharp-Right-Turn"": 0.22331722896714162, ""target_navigation_Slight-Left-Turn"": 0.11419249821854739, ""target_navigation_Slight-Right-Turn"": 0.18059134284499104}","{""target_navigation_Move-Forward"": 0.7348718993656917, ""target_navigation_Sharp-Right-Turn"": 0.7862638563771864, ""target_navigation_Slight-Left-Turn"": 0.7826440615745385, ""target_navigation_Slight-Right-Turn"": 0.7651847058545513}",,,0,0,0,False
wall_following_robot,2,xgboost,5456,3491,873,1092,8,16,4,0.21152209016035162,0.1251453108826363,0.7228381745849581,"{""target_navigation_Move-Forward"": 0.28545606595352446, ""target_navigation_Sharp-Right-Turn"": 0.24984807888149282, ""target_navigation_Slight-Left-Turn"": 0.11920634311718663, ""target_navigation_Slight-Right-Turn"": 0.19157787268920262}","{""target_navigation_Move-Forward"": 0.6600075759134657, ""target_navigation_Sharp-Right-Turn"": 0.732461962128764, ""target_navigation_Slight-Left-Turn"": 0.7631381634112754, ""target_navigation_Slight-Right-Turn"": 0.7357449968863277}",,,0,0,0,False
wall_following_robot,2,lightgbm,5456,3491,873,1092,8,16,4,0.19797815105857453,0.10364676980374965,0.7537430631236837,"{""target_navigation_Move-Forward"": 0.25623539797321515, ""target_navigation_Sharp-Right-Turn"": 0.232050110589521, ""target_navigation_Slight-Left-Turn"": 0.11809049386278185, ""target_navigation_Slight-Right-Turn"": 0.1855366018087802}","{""target_navigation_Move-Forward"": 0.7260514923271284, ""target_navigation_Sharp-Right-Turn"": 0.7692205849595839, ""target_navigation_Slight-Left-Turn"": 0.7675517722292242, ""target_navigation_Slight-Right-Turn"": 0.7521484029787977}",,,0,0,0,False
wall_following_robot,2,cnn_mlp,5456,3491,873,1092,8,16,4,0.2540730298976875,0.13395552544597694,0.5971985414147292,"{""target_navigation_Move-Forward"": 0.34256224752802455, ""target_navigation_Sharp-Right-Turn"": 0.29140085414055034, ""target_navigation_Slight-Left-Turn"": 0.14614341986544924, ""target_navigation_Slight-Right-Turn"": 0.23618559805672573}","{""target_navigation_Move-Forward"": 0.5103681209590256, ""target_navigation_Sharp-Right-Turn"": 0.636072269126914, ""target_navigation_Slight-Left-Turn"": 0.6439959869635381, ""target_navigation_Slight-Right-Turn"": 0.5983577886094391}",,,0,0,0,False
wall_following_robot,2,ftt_mlp,5456,3491,873,1092,8,16,4,0.2638149552690844,0.11915201987587273,0.564001918715042,"{""target_navigation_Move-Forward"": 0.35714713155751077, ""target_navigation_Sharp-Right-Turn"": 0.30125651998113456, ""target_navigation_Slight-Left-Turn"": 0.15570430228192933, ""target_navigation_Slight-Right-Turn"": 0.24115186725576296}","{""target_navigation_Move-Forward"": 0.4677875615191046, ""target_navigation_Sharp-Right-Turn"": 0.6110386770337899, ""target_navigation_Slight-Left-Turn"": 0.5958918705736285, ""target_navigation_Slight-Right-Turn"": 0.581289565733645}",,,0,0,0,False
wall_following_robot,2,two_stage_mlp,5456,3491,873,1092,8,16,4,0.2687121033668518,0.1470433473587036,0.5518923401832581,"{""target_navigation_Move-Forward"": 0.3608104884624481, ""target_navigation_Sharp-Right-Turn"": 0.3223697245121002, ""target_navigation_Slight-Left-Turn"": 0.15506058931350708, ""target_navigation_Slight-Right-Turn"": 0.236607626080513}","{""target_navigation_Move-Forward"": 0.4568134546279907, ""target_navigation_Sharp-Right-Turn"": 0.5546084046363831, ""target_navigation_Slight-Left-Turn"": 0.5992262959480286, ""target_navigation_Slight-Right-Turn"": 0.5969211459159851}",,,0,0,0,False
wall_following_robot,2,oracle_mlp,5456,3491,873,1092,8,16,4,0.17795176804065704,0.06455574184656143,0.8064370155334473,"{""target_navigation_Move-Forward"": 0.24987438321113586, ""target_navigation_Sharp-Right-Turn"": 0.20540210604667664, ""target_navigation_Slight-Left-Turn"": 0.08660180866718292, ""target_navigation_Slight-Right-Turn"": 0.16992878913879395}","{""target_navigation_Move-Forward"": 0.7394841313362122, ""target_navigation_Sharp-Right-Turn"": 0.8191813230514526, ""target_navigation_Slight-Left-Turn"": 0.8749884366989136, ""target_navigation_Slight-Right-Turn"": 0.7920942306518555}",,,0,0,0,False
wall_following_robot,2,prism,5456,3491,873,1092,8,16,4,0.25128889083862305,0.1217881366610527,0.6091474890708923,"{""target_navigation_Move-Forward"": 0.3388616144657135, ""target_navigation_Sharp-Right-Turn"": 0.2958172857761383, ""target_navigation_Slight-Left-Turn"": 0.14006973803043365, ""target_navigation_Slight-Right-Turn"": 0.2304069697856903}","{""target_navigation_Move-Forward"": 0.5208897590637207, ""target_navigation_Sharp-Right-Turn"": 0.6249573230743408, ""target_navigation_Slight-Left-Turn"": 0.6729719638824463, ""target_navigation_Slight-Right-Turn"": 0.6177709102630615}",,,0,0,0,False
wall_following_robot,2,prism_z_acp_random_forest,5456,3491,873,1092,8,16,4,0.244235393324355,0.1243849228757484,0.6266631825821045,"{""target_navigation_Move-Forward"": 0.32111004380419783, ""target_navigation_Sharp-Right-Turn"": 0.28862715897681557, ""target_navigation_Slight-Left-Turn"": 0.14508148211541044, ""target_navigation_Slight-Right-Turn"": 0.2221228884009962}","{""target_navigation_Move-Forward"": 0.5697722025824835, ""target_navigation_Sharp-Right-Turn"": 0.6429673792511812, ""target_navigation_Slight-Left-Turn"": 0.6491509306926501, ""target_navigation_Slight-Right-Turn"": 0.6447622178021033}",,,0,0,0,False
wall_following_robot,2,prism_z_acp_xgboost,5456,3491,873,1092,8,16,4,0.25160732689583964,0.13758977784130047,0.6001659631861529,"{""target_navigation_Move-Forward"": 0.32853055821371346, ""target_navigation_Sharp-Right-Turn"": 0.2945642672622808, ""target_navigation_Slight-Left-Turn"": 0.1556742304058541, ""target_navigation_Slight-Right-Turn"": 0.2276602517015103}","{""target_navigation_Move-Forward"": 0.549658229694346, ""target_navigation_Sharp-Right-Turn"": 0.6281278675926532, ""target_navigation_Slight-Left-Turn"": 0.5960479499612585, ""target_navigation_Slight-Right-Turn"": 0.6268298054963537}",,,0,0,0,False
wall_following_robot,2,prism_z_acp_lightgbm,5456,3491,873,1092,8,16,4,0.2489761862276434,0.123163354401233,0.6033019018080592,"{""target_navigation_Move-Forward"": 0.32405859951181937, ""target_navigation_Sharp-Right-Turn"": 0.2857662409002873, ""target_navigation_Slight-Left-Turn"": 0.16184542527928492, ""target_navigation_Slight-Right-Turn"": 0.22423447921918196}","{""target_navigation_Move-Forward"": 0.5618348937894765, ""target_navigation_Sharp-Right-Turn"": 0.6500102281598137, ""target_navigation_Slight-Left-Turn"": 0.5633864415934966, ""target_navigation_Slight-Right-Turn"": 0.6379760436894502}",,,0,0,0,False
wall_following_robot,2,prism_z_random_forest,5456,3491,873,1092,8,16,4,0.24377027322063155,0.12959554527012898,0.6262330042286035,"{""target_navigation_Move-Forward"": 0.319267037015898, ""target_navigation_Sharp-Right-Turn"": 0.28459649901221223, ""target_navigation_Slight-Left-Turn"": 0.1472832248677752, ""target_navigation_Slight-Right-Turn"": 0.22393433198664078}","{""target_navigation_Move-Forward"": 0.5746966034871728, ""target_navigation_Sharp-Right-Turn"": 0.6528696267419483, ""target_navigation_Slight-Left-Turn"": 0.6384212232064406, ""target_navigation_Slight-Right-Turn"": 0.6389445634788522}",,,0,0,0,False
wall_following_robot,2,prism_z_xgboost,5456,3491,873,1092,8,16,4,0.2515631849039153,0.14777617890176392,0.6055335584816971,"{""target_navigation_Move-Forward"": 0.3335247315705509, ""target_navigation_Sharp-Right-Turn"": 0.2979350312655702, ""target_navigation_Slight-Left-Turn"": 0.1466909771149037, ""target_navigation_Slight-Right-Turn"": 0.2281019996646365}","{""target_navigation_Move-Forward"": 0.5358623766089453, ""target_navigation_Sharp-Right-Turn"": 0.6195683419632092, ""target_navigation_Slight-Left-Turn"": 0.6413233006882242, ""target_navigation_Slight-Right-Turn"": 0.6253802146664095}",,,0,0,0,False
wall_following_robot,2,prism_z_lightgbm,5456,3491,873,1092,8,16,4,0.24499077155549254,0.12814676755419732,0.6191328144645204,"{""target_navigation_Move-Forward"": 0.32180601035589373, ""target_navigation_Sharp-Right-Turn"": 0.2794731764182671, ""target_navigation_Slight-Left-Turn"": 0.1528469151564581, ""target_navigation_Slight-Right-Turn"": 0.22583698429135127}","{""target_navigation_Move-Forward"": 0.5679052498357577, ""target_navigation_Sharp-Right-Turn"": 0.6652552527967583, ""target_navigation_Slight-Left-Turn"": 0.6105876528668371, ""target_navigation_Slight-Right-Turn"": 0.6327831023587284}",,,0,0,0,False
wall_following_robot,3,simple_mlp,5456,3491,873,1092,8,16,4,0.2558400630950928,0.13876023888587952,0.570129930973053,"{""target_navigation_Move-Forward"": 0.3283880949020386, ""target_navigation_Sharp-Right-Turn"": 0.30874934792518616, ""target_navigation_Slight-Left-Turn"": 0.14358463883399963, ""target_navigation_Slight-Right-Turn"": 0.24263820052146912}","{""target_navigation_Move-Forward"": 0.5503963232040405, ""target_navigation_Sharp-Right-Turn"": 0.6013152599334717, ""target_navigation_Slight-Left-Turn"": 0.5832782983779907, ""target_navigation_Slight-Right-Turn"": 0.5455299019813538}",,,0,0,0,False
wall_following_robot,3,random_forest,5456,3491,873,1092,8,16,4,0.18195973699369902,0.08832112654211037,0.7800041659124477,"{""target_navigation_Move-Forward"": 0.22766584137273063, ""target_navigation_Sharp-Right-Turn"": 0.21986363407563542, ""target_navigation_Slight-Left-Turn"": 0.10603281967260468, ""target_navigation_Slight-Right-Turn"": 0.17427665285382532}","{""target_navigation_Move-Forward"": 0.7839019908103092, ""target_navigation_Sharp-Right-Turn"": 0.7978264263206429, ""target_navigation_Slight-Left-Turn"": 0.7727464161810197, ""target_navigation_Slight-Right-Turn"": 0.7655418303378193}",,,0,0,0,False
wall_following_robot,3,xgboost,5456,3491,873,1092,8,16,4,0.2046942984912851,0.12162184815490718,0.7174426562575205,"{""target_navigation_Move-Forward"": 0.26615688637271956, ""target_navigation_Sharp-Right-Turn"": 0.241561390722621, ""target_navigation_Slight-Left-Turn"": 0.12841717604265818, ""target_navigation_Slight-Right-Turn"": 0.18264174082714157}","{""target_navigation_Move-Forward"": 0.7046544502645811, ""target_navigation_Sharp-Right-Turn"": 0.7559534759835084, ""target_navigation_Slight-Left-Turn"": 0.6666685047487363, ""target_navigation_Slight-Right-Turn"": 0.7424941940332563}",,,0,0,0,False
wall_following_robot,3,lightgbm,5456,3491,873,1092,8,16,4,0.18870810274237254,0.09980970357082773,0.7585621705821488,"{""target_navigation_Move-Forward"": 0.24246876846029072, ""target_navigation_Sharp-Right-Turn"": 0.22084959744584107, ""target_navigation_Slight-Left-Turn"": 0.11931159533226575, ""target_navigation_Slight-Right-Turn"": 0.1722024497310926}","{""target_navigation_Move-Forward"": 0.7548868394500916, ""target_navigation_Sharp-Right-Turn"": 0.7960090935668529, ""target_navigation_Slight-Left-Turn"": 0.7122631894486069, ""target_navigation_Slight-Right-Turn"": 0.7710895598630436}",,,0,0,0,False
wall_following_robot,3,cnn_mlp,5456,3491,873,1092,8,16,4,0.2553162738549403,0.13283761678238185,0.5657022560908382,"{""target_navigation_Move-Forward"": 0.3226374498110724, ""target_navigation_Sharp-Right-Turn"": 0.30799523249316857, ""target_navigation_Slight-Left-Turn"": 0.15194635258379297, ""target_navigation_Slight-Right-Turn"": 0.23868606053172728}","{""target_navigation_Move-Forward"": 0.56600515677756, ""target_navigation_Sharp-Right-Turn"": 0.6032603810565997, ""target_navigation_Slight-Left-Turn"": 0.5333291450129876, ""target_navigation_Slight-Right-Turn"": 0.5602143415162055}",,,0,0,0,False
wall_following_robot,3,ftt_mlp,5456,3491,873,1092,8,16,4,0.2710764445351178,0.12947808498544938,0.5163174529976927,"{""target_navigation_Move-Forward"": 0.34646381548436717, ""target_navigation_Sharp-Right-Turn"": 0.31598695725732157, ""target_navigation_Slight-Left-Turn"": 0.14500549683718192, ""target_navigation_Slight-Right-Turn"": 0.2768495085616005}","{""target_navigation_Move-Forward"": 0.4995383720570712, ""target_navigation_Sharp-Right-Turn"": 0.5824044157389103, ""target_navigation_Slight-Left-Turn"": 0.5749900953650144, ""target_navigation_Slight-Right-Turn"": 0.4083369288297748}",,,0,0,0,False
wall_following_robot,3,two_stage_mlp,5456,3491,873,1092,8,16,4,0.2579244077205658,0.11655783653259277,0.559870719909668,"{""target_navigation_Move-Forward"": 0.33031976222991943, ""target_navigation_Sharp-Right-Turn"": 0.302072674036026, ""target_navigation_Slight-Left-Turn"": 0.14488443732261658, ""target_navigation_Slight-Right-Turn"": 0.2544207274913788}","{""target_navigation_Move-Forward"": 0.5450913906097412, ""target_navigation_Sharp-Right-Turn"": 0.618371844291687, ""target_navigation_Slight-Left-Turn"": 0.5756994485855103, ""target_navigation_Slight-Right-Turn"": 0.5003200769424438}",,,0,0,0,False
wall_following_robot,3,oracle_mlp,5456,3491,873,1092,8,16,4,0.18840157985687256,0.06262591481208801,0.7755240797996521,"{""target_navigation_Move-Forward"": 0.2646208703517914, ""target_navigation_Sharp-Right-Turn"": 0.2310672104358673, ""target_navigation_Slight-Left-Turn"": 0.09117468446493149, ""target_navigation_Slight-Right-Turn"": 0.16674359142780304}","{""target_navigation_Move-Forward"": 0.7080535888671875, ""target_navigation_Sharp-Right-Turn"": 0.7766971588134766, ""target_navigation_Slight-Left-Turn"": 0.831973135471344, ""target_navigation_Slight-Right-Turn"": 0.7853725552558899}",,,0,0,0,False
wall_following_robot,3,prism,5456,3491,873,1092,8,16,4,0.23555134236812592,0.11176974326372147,0.6366389989852905,"{""target_navigation_Move-Forward"": 0.3015875518321991, ""target_navigation_Sharp-Right-Turn"": 0.2841411828994751, ""target_navigation_Slight-Left-Turn"": 0.12944014370441437, ""target_navigation_Slight-Right-Turn"": 0.2270364910364151}","{""target_navigation_Move-Forward"": 0.6207882165908813, ""target_navigation_Sharp-Right-Turn"": 0.6623350381851196, ""target_navigation_Slight-Left-Turn"": 0.6613367795944214, ""target_navigation_Slight-Right-Turn"": 0.6020959615707397}",,,0,0,0,False
wall_following_robot,3,prism_z_acp_random_forest,5456,3491,873,1092,8,16,4,0.2346368687589068,0.12202381372469016,0.6406073382581396,"{""target_navigation_Move-Forward"": 0.3027153599787584, ""target_navigation_Sharp-Right-Turn"": 0.28633232869144754, ""target_navigation_Slight-Left-Turn"": 0.12951460688345937, ""target_navigation_Slight-Right-Turn"": 0.2199851794819618}","{""target_navigation_Move-Forward"": 0.6179467200424293, ""target_navigation_Sharp-Right-Turn"": 0.6571072091151182, ""target_navigation_Slight-Left-Turn"": 0.660946975257098, ""target_navigation_Slight-Right-Turn"": 0.6264284486179132}",,,0,0,0,False
wall_following_robot,3,prism_z_acp_xgboost,5456,3491,873,1092,8,16,4,0.23864266009547594,0.13423135382873813,0.6257964117999337,"{""target_navigation_Move-Forward"": 0.3076515956118954, ""target_navigation_Sharp-Right-Turn"": 0.28758086242691044, ""target_navigation_Slight-Left-Turn"": 0.13471120471595713, ""target_navigation_Slight-Right-Turn"": 0.2246269776271408}","{""target_navigation_Move-Forward"": 0.6053852081773087, ""target_navigation_Sharp-Right-Turn"": 0.6541103655583622, ""target_navigation_Slight-Left-Turn"": 0.6331930465604911, ""target_navigation_Slight-Right-Turn"": 0.6104970269035728}",,,0,0,0,False
wall_following_robot,3,prism_z_acp_lightgbm,5456,3491,873,1092,8,16,4,0.23539664105189964,0.11984630968670915,0.633882094864552,"{""target_navigation_Move-Forward"": 0.29981103542946236, ""target_navigation_Sharp-Right-Turn"": 0.2837603670235071, ""target_navigation_Slight-Left-Turn"": 0.1353159047740829, ""target_navigation_Slight-Right-Turn"": 0.22269925698054627}","{""target_navigation_Move-Forward"": 0.625242575807812, ""target_navigation_Sharp-Right-Turn"": 0.663239567843207, ""target_navigation_Slight-Left-Turn"": 0.6298925635792154, ""target_navigation_Slight-Right-Turn"": 0.617153672227974}",,,0,0,0,False
wall_following_robot,3,prism_z_random_forest,5456,3491,873,1092,8,16,4,0.23347576571355594,0.12817460676572592,0.6417512508410387,"{""target_navigation_Move-Forward"": 0.2992552478815333, ""target_navigation_Sharp-Right-Turn"": 0.28301042628738, ""target_navigation_Slight-Left-Turn"": 0.13203130298610913, ""target_navigation_Slight-Right-Turn"": 0.21960608569920134}","{""target_navigation_Move-Forward"": 0.6266307331881398, ""target_navigation_Sharp-Right-Turn"": 0.6650172413118349, ""target_navigation_Slight-Left-Turn"": 0.647642160594583, ""target_navigation_Slight-Right-Turn"": 0.6277148682695971}",,,0,0,0,False
wall_following_robot,3,prism_z_xgboost,5456,3491,873,1092,8,16,4,0.24137992852573137,0.14579391291952284,0.6219351429431375,"{""target_navigation_Move-Forward"": 0.3182372565302844, ""target_navigation_Sharp-Right-Turn"": 0.2944008147516554, ""target_navigation_Slight-Left-Turn"": 0.13132826710273662, ""target_navigation_Slight-Right-Turn"": 0.22155337571824912}","{""target_navigation_Move-Forward"": 0.5777622483727416, ""target_navigation_Sharp-Right-Turn"": 0.6375103599700406, ""target_navigation_Slight-Left-Turn"": 0.6513846167115032, ""target_navigation_Slight-Right-Turn"": 0.6210833467182646}",,,0,0,0,False
wall_following_robot,3,prism_z_lightgbm,5456,3491,873,1092,8,16,4,0.2328976550679892,0.12367763657229928,0.6447104241148691,"{""target_navigation_Move-Forward"": 0.2989559462321477, ""target_navigation_Sharp-Right-Turn"": 0.2817349425340742, ""target_navigation_Slight-Left-Turn"": 0.1290553194877299, ""target_navigation_Slight-Right-Turn"": 0.221844412018005}","{""target_navigation_Move-Forward"": 0.6273772140234459, ""target_navigation_Sharp-Right-Turn"": 0.6680298671256824, ""target_navigation_Slight-Left-Turn"": 0.6633474252264893, ""target_navigation_Slight-Right-Turn"": 0.6200871900838589}",,,0,0,0,False
wall_following_robot,4,simple_mlp,5456,3491,873,1092,8,16,4,0.2662522494792938,0.1483367681503296,0.5541706681251526,"{""target_navigation_Move-Forward"": 0.35910314321517944, ""target_navigation_Sharp-Right-Turn"": 0.32325276732444763, ""target_navigation_Slight-Left-Turn"": 0.14784415066242218, ""target_navigation_Slight-Right-Turn"": 0.23480895161628723}","{""target_navigation_Move-Forward"": 0.45935410261154175, ""target_navigation_Sharp-Right-Turn"": 0.5581237077713013, ""target_navigation_Slight-Left-Turn"": 0.5979336500167847, ""target_navigation_Slight-Right-Turn"": 0.6012712121009827}",,,0,0,0,False
wall_following_robot,4,random_forest,5456,3491,873,1092,8,16,4,0.18874759326793777,0.09133089393604928,0.7683583767108829,"{""target_navigation_Move-Forward"": 0.24803142325707475, ""target_navigation_Sharp-Right-Turn"": 0.22473069893758257, ""target_navigation_Slight-Left-Turn"": 0.11993486286080021, ""target_navigation_Slight-Right-Turn"": 0.16229338801629353}","{""target_navigation_Move-Forward"": 0.7420782877857627, ""target_navigation_Sharp-Right-Turn"": 0.7864296367772561, ""target_navigation_Slight-Left-Turn"": 0.7354058432919359, ""target_navigation_Slight-Right-Turn"": 0.809519738988577}",,,0,0,0,False
wall_following_robot,4,xgboost,5456,3491,873,1092,8,16,4,0.20508340987153442,0.12468082494603912,0.7326175488503706,"{""target_navigation_Move-Forward"": 0.27891383117834007, ""target_navigation_Sharp-Right-Turn"": 0.24977082348718568, ""target_navigation_Slight-Left-Turn"": 0.12082483078715313, ""target_navigation_Slight-Right-Turn"": 0.17082415403345888}","{""target_navigation_Move-Forward"": 0.6738520936966299, ""target_navigation_Sharp-Right-Turn"": 0.7361849346144318, ""target_navigation_Slight-Left-Turn"": 0.7314644706234698, ""target_navigation_Slight-Right-Turn"": 0.7889686964669511}",,,0,0,0,False
wall_following_robot,4,lightgbm,5456,3491,873,1092,8,16,4,0.18976491144633337,0.10180581065380037,0.7705520363412153,"{""target_navigation_Move-Forward"": 0.25254436924671975, ""target_navigation_Sharp-Right-Turn"": 0.23163283750907365, ""target_navigation_Slight-Left-Turn"": 0.11250721010507604, ""target_navigation_Slight-Right-Turn"": 0.16237522892446402}","{""target_navigation_Move-Forward"": 0.7326070994637601, ""target_navigation_Sharp-Right-Turn"": 0.773109435346343, ""target_navigation_Slight-Left-Turn"": 0.7671640298340073, ""target_navigation_Slight-Right-Turn"": 0.8093275807207505}",,,0,0,0,False
wall_following_robot,4,cnn_mlp,5456,3491,873,1092,8,16,4,0.25346009598946384,0.13372055189688653,0.5951002627607573,"{""target_navigation_Move-Forward"": 0.3493242303471473, ""target_navigation_Sharp-Right-Turn"": 0.3072323612165825, ""target_navigation_Slight-Left-Turn"": 0.14328412516582156, ""target_navigation_Slight-Right-Turn"": 0.2139996672283039}","{""target_navigation_Move-Forward"": 0.4883983762237146, ""target_navigation_Sharp-Right-Turn"": 0.6008371649752559, ""target_navigation_Slight-Left-Turn"": 0.6223534547595302, ""target_navigation_Slight-Right-Turn"": 0.6688120550845287}",,,0,0,0,False
wall_following_robot,4,ftt_mlp,5456,3491,873,1092,8,16,4,0.2672067352649336,0.11687359128441878,0.5409412231902991,"{""target_navigation_Move-Forward"": 0.3553901848169439, ""target_navigation_Sharp-Right-Turn"": 0.30611275427959894, ""target_navigation_Slight-Left-Turn"": 0.15876471772208273, ""target_navigation_Slight-Right-Turn"": 0.24855928424110885}","{""target_navigation_Move-Forward"": 0.47047636297852513, ""target_navigation_Sharp-Right-Turn"": 0.6037410985163427, ""target_navigation_Slight-Left-Turn"": 0.5363424304151811, ""target_navigation_Slight-Right-Turn"": 0.5532050008511475}",,,0,0,0,False
wall_following_robot,4,two_stage_mlp,5456,3491,873,1092,8,16,4,0.2675216495990753,0.12962689995765686,0.5386609435081482,"{""target_navigation_Move-Forward"": 0.35818958282470703, ""target_navigation_Sharp-Right-Turn"": 0.31197458505630493, ""target_navigation_Slight-Left-Turn"": 0.163470059633255, ""target_navigation_Slight-Right-Turn"": 0.23645232617855072}","{""target_navigation_Move-Forward"": 0.46210139989852905, ""target_navigation_Sharp-Right-Turn"": 0.5884196758270264, ""target_navigation_Slight-Left-Turn"": 0.5084521770477295, ""target_navigation_Slight-Right-Turn"": 0.5956704020500183}",,,0,0,0,False
wall_following_robot,4,oracle_mlp,5456,3491,873,1092,8,16,4,0.18161839246749878,0.06912989169359207,0.7845243811607361,"{""target_navigation_Move-Forward"": 0.24639399349689484, ""target_navigation_Sharp-Right-Turn"": 0.2163139283657074, ""target_navigation_Slight-Left-Turn"": 0.11787325143814087, ""target_navigation_Slight-Right-Turn"": 0.14589236676692963}","{""target_navigation_Move-Forward"": 0.7454724907875061, ""target_navigation_Sharp-Right-Turn"": 0.8021275997161865, ""target_navigation_Slight-Left-Turn"": 0.7444241046905518, ""target_navigation_Slight-Right-Turn"": 0.8460734486579895}",,,0,0,0,False
wall_following_robot,4,prism,5456,3491,873,1092,8,16,4,0.2595706880092621,0.12462713569402695,0.5710956454277039,"{""target_navigation_Move-Forward"": 0.3425201177597046, ""target_navigation_Sharp-Right-Turn"": 0.3098248839378357, ""target_navigation_Slight-Left-Turn"": 0.15064765512943268, ""target_navigation_Slight-Right-Turn"": 0.235290065407753}","{""target_navigation_Move-Forward"": 0.508134126663208, ""target_navigation_Sharp-Right-Turn"": 0.5940722227096558, ""target_navigation_Slight-Left-Turn"": 0.5825406312942505, ""target_navigation_Slight-Right-Turn"": 0.5996355414390564}",,,0,0,0,False
wall_following_robot,4,prism_z_acp_random_forest,5456,3491,873,1092,8,16,4,0.2447143120482793,0.12375915977148659,0.6187053334073787,"{""target_navigation_Move-Forward"": 0.3193547788083531, ""target_navigation_Sharp-Right-Turn"": 0.293130723202421, ""target_navigation_Slight-Left-Turn"": 0.14162198710608334, ""target_navigation_Slight-Right-Turn"": 0.22474975907625971}","{""target_navigation_Move-Forward"": 0.5724161128667007, ""target_navigation_Sharp-Right-Turn"": 0.6366385413810918, ""target_navigation_Slight-Left-Turn"": 0.6310642583989667, ""target_navigation_Slight-Right-Turn"": 0.6347024209827552}",,,0,0,0,False
wall_following_robot,4,prism_z_acp_xgboost,5456,3491,873,1092,8,16,4,0.2475018246654157,0.13677688612628916,0.6123433740027202,"{""target_navigation_Move-Forward"": 0.32975379287245143, ""target_navigation_Sharp-Right-Turn"": 0.29866245467072505, ""target_navigation_Slight-Left-Turn"": 0.1409657495018883, ""target_navigation_Slight-Right-Turn"": 0.22062530161659796}","{""target_navigation_Move-Forward"": 0.544116271427848, ""target_navigation_Sharp-Right-Turn"": 0.6227949992986286, ""target_navigation_Slight-Left-Turn"": 0.6344754317265553, ""target_navigation_Slight-Right-Turn"": 0.6479867935578487}",,,0,0,0,False
wall_following_robot,4,prism_z_acp_lightgbm,5456,3491,873,1092,8,16,4,0.24504257730508872,0.1207467421486515,0.6140914357906758,"{""target_navigation_Move-Forward"": 0.3224591872356802, ""target_navigation_Sharp-Right-Turn"": 0.28930726311980026, ""target_navigation_Slight-Left-Turn"": 0.14779188617024694, ""target_navigation_Slight-Right-Turn"": 0.22061197269462746}","{""target_navigation_Move-Forward"": 0.5640627276488288, ""target_navigation_Sharp-Right-Turn"": 0.6460557552477892, ""target_navigation_Slight-Left-Turn"": 0.5982179347339232, ""target_navigation_Slight-Right-Turn"": 0.6480293255321622}",,,0,0,0,False
wall_following_robot,4,prism_z_random_forest,5456,3491,873,1092,8,16,4,0.23951884256274075,0.13142094209789187,0.6354613731832544,"{""target_navigation_Move-Forward"": 0.31544159292309953, ""target_navigation_Sharp-Right-Turn"": 0.2843275490051312, ""target_navigation_Slight-Left-Turn"": 0.1368276111019422, ""target_navigation_Slight-Right-Turn"": 0.22147861722079012}","{""target_navigation_Move-Forward"": 0.5828306364242064, ""target_navigation_Sharp-Right-Turn"": 0.6581354536531014, ""target_navigation_Slight-Left-Turn"": 0.655620847867904, ""target_navigation_Slight-Right-Turn"": 0.6452585547878054}",,,0,0,0,False
wall_following_robot,4,prism_z_xgboost,5456,3491,873,1092,8,16,4,0.24802566822177943,0.14773581978174016,0.6127458191820458,"{""target_navigation_Move-Forward"": 0.3336620355252601, ""target_navigation_Sharp-Right-Turn"": 0.3009611235820726, ""target_navigation_Slight-Left-Turn"": 0.13829142519878515, ""target_navigation_Slight-Right-Turn"": 0.21918808858099995}","{""target_navigation_Move-Forward"": 0.5332459636246335, ""target_navigation_Sharp-Right-Turn"": 0.6169663046374573, ""target_navigation_Slight-Left-Turn"": 0.6482129339001872, ""target_navigation_Slight-Right-Turn"": 0.6525580745659054}",,,0,0,0,False
wall_following_robot,4,prism_z_lightgbm,5456,3491,873,1092,8,16,4,0.2417090041178526,0.12746248403350963,0.6282783999141103,"{""target_navigation_Move-Forward"": 0.3214511413401671, ""target_navigation_Sharp-Right-Turn"": 0.28807517365123886, ""target_navigation_Slight-Left-Turn"": 0.1403415987872447, ""target_navigation_Slight-Right-Turn"": 0.21696810269275965}","{""target_navigation_Move-Forward"": 0.5667840512584947, ""target_navigation_Sharp-Right-Turn"": 0.6490640611497722, ""target_navigation_Slight-Left-Turn"": 0.6377051148362846, ""target_navigation_Slight-Right-Turn"": 0.6595603724118897}",,,0,0,0,False
wall_following_robot,5,simple_mlp,5456,3491,873,1092,8,16,4,0.26593291759490967,0.14865994453430176,0.5313353538513184,"{""target_navigation_Move-Forward"": 0.34555280208587646, ""target_navigation_Sharp-Right-Turn"": 0.31652960181236267, ""target_navigation_Slight-Left-Turn"": 0.17036333680152893, ""target_navigation_Slight-Right-Turn"": 0.23128587007522583}","{""target_navigation_Move-Forward"": 0.507462203502655, ""target_navigation_Sharp-Right-Turn"": 0.5751516222953796, ""target_navigation_Slight-Left-Turn"": 0.46612250804901123, ""target_navigation_Slight-Right-Turn"": 0.5766052007675171}",,,0,0,0,False
wall_following_robot,5,random_forest,5456,3491,873,1092,8,16,4,0.1986497071119309,0.09400641359685416,0.7312298020444891,"{""target_navigation_Move-Forward"": 0.256310585119299, ""target_navigation_Sharp-Right-Turn"": 0.23396019443392102, ""target_navigation_Slight-Left-Turn"": 0.13909849889318904, ""target_navigation_Slight-Right-Turn"": 0.16522955000131445}","{""target_navigation_Move-Forward"": 0.7290159160956369, ""target_navigation_Sharp-Right-Turn"": 0.767892482187895, ""target_navigation_Slight-Left-Turn"": 0.6440948685216958, ""target_navigation_Slight-Right-Turn"": 0.7839159413727286}",,,0,0,0,False
wall_following_robot,5,xgboost,5456,3491,873,1092,8,16,4,0.21571144091136552,0.12794435143453597,0.6895658679614908,"{""target_navigation_Move-Forward"": 0.2830751671246765, ""target_navigation_Sharp-Right-Turn"": 0.2566637653625415, ""target_navigation_Slight-Left-Turn"": 0.14256825419532984, ""target_navigation_Slight-Right-Turn"": 0.18053857696291428}","{""target_navigation_Move-Forward"": 0.6694674423021654, ""target_navigation_Sharp-Right-Turn"": 0.7206591936323219, ""target_navigation_Slight-Left-Turn"": 0.6261175961335366, ""target_navigation_Slight-Right-Turn"": 0.7420192397779392}",,,0,0,0,False
wall_following_robot,5,lightgbm,5456,3491,873,1092,8,16,4,0.20115715973776166,0.10498865581951683,0.7243570331192198,"{""target_navigation_Move-Forward"": 0.25616542086027844, ""target_navigation_Sharp-Right-Turn"": 0.2337654010510776, ""target_navigation_Slight-Left-Turn"": 0.1391884144982217, ""target_navigation_Slight-Right-Turn"": 0.17550940254146882}","{""target_navigation_Move-Forward"": 0.7293227786795885, ""target_navigation_Sharp-Right-Turn"": 0.7682788230070506, ""target_navigation_Slight-Left-Turn"": 0.6436345937003989, ""target_navigation_Slight-Right-Turn"": 0.7561919370898411}",,,0,0,0,False
wall_following_robot,5,cnn_mlp,5456,3491,873,1092,8,16,4,0.2538152002211165,0.1365379774665757,0.571539018319112,"{""target_navigation_Move-Forward"": 0.33936426089458677, ""target_navigation_Sharp-Right-Turn"": 0.2946165346588843, ""target_navigation_Slight-Left-Turn"": 0.16488660465638852, ""target_navigation_Slight-Right-Turn"": 0.21639340067460644}","{""target_navigation_Move-Forward"": 0.5249460785084799, ""target_navigation_Sharp-Right-Turn"": 0.6319392609225054, ""target_navigation_Slight-Left-Turn"": 0.49989624725658, ""target_navigation_Slight-Right-Turn"": 0.6293744865888828}",,,0,0,0,False
wall_following_robot,5,ftt_mlp,5456,3491,873,1092,8,16,4,0.27120049251438366,0.1213578698396452,0.5090168413157303,"{""target_navigation_Move-Forward"": 0.3565468006619857, ""target_navigation_Sharp-Right-Turn"": 0.3112439230717031, ""target_navigation_Slight-Left-Turn"": 0.1757125279066309, ""target_navigation_Slight-Right-Turn"": 0.24129871841721492}","{""target_navigation_Move-Forward"": 0.4756228158397062, ""target_navigation_Sharp-Right-Turn"": 0.5892221462544152, ""target_navigation_Slight-Left-Turn"": 0.4320699912640633, ""target_navigation_Slight-Right-Turn"": 0.5391524119047364}",,,0,0,0,False
wall_following_robot,5,two_stage_mlp,5456,3491,873,1092,8,16,4,0.2648305296897888,0.12107168138027191,0.5279834270477295,"{""target_navigation_Move-Forward"": 0.3471439778804779, ""target_navigation_Sharp-Right-Turn"": 0.300635427236557, ""target_navigation_Slight-Left-Turn"": 0.17556709051132202, ""target_navigation_Slight-Right-Turn"": 0.23597560822963715}","{""target_navigation_Move-Forward"": 0.5029157996177673, ""target_navigation_Sharp-Right-Turn"": 0.6167470216751099, ""target_navigation_Slight-Left-Turn"": 0.4330098032951355, ""target_navigation_Slight-Right-Turn"": 0.5592609643936157}",,,0,0,0,False
wall_following_robot,5,oracle_mlp,5456,3491,873,1092,8,16,4,0.17077119648456573,0.055538080632686615,0.8153343796730042,"{""target_navigation_Move-Forward"": 0.2353847473859787, ""target_navigation_Sharp-Right-Turn"": 0.20448312163352966, ""target_navigation_Slight-Left-Turn"": 0.08758246898651123, ""target_navigation_Slight-Right-Turn"": 0.15563447773456573}","{""target_navigation_Move-Forward"": 0.771457314491272, ""target_navigation_Sharp-Right-Turn"": 0.8226953148841858, ""target_navigation_Slight-Left-Turn"": 0.8589010834693909, ""target_navigation_Slight-Right-Turn"": 0.8082837462425232}",,,0,0,0,False
wall_following_robot,5,prism,5456,3491,873,1092,8,16,4,0.251875638961792,0.1309303492307663,0.5771219730377197,"{""target_navigation_Move-Forward"": 0.32431790232658386, ""target_navigation_Sharp-Right-Turn"": 0.2995550036430359, ""target_navigation_Slight-Left-Turn"": 0.1642386019229889, ""target_navigation_Slight-Right-Turn"": 0.21939115226268768}","{""target_navigation_Move-Forward"": 0.5661370754241943, ""target_navigation_Sharp-Right-Turn"": 0.6194967031478882, ""target_navigation_Slight-Left-Turn"": 0.5038192868232727, ""target_navigation_Slight-Right-Turn"": 0.6190346479415894}",,,0,0,0,False
wall_following_robot,5,prism_z_acp_random_forest,5456,3491,873,1092,8,16,4,0.23952845622832666,0.12202686471843568,0.6146107892074567,"{""target_navigation_Move-Forward"": 0.30646996595954307, ""target_navigation_Sharp-Right-Turn"": 0.28205145225839773, ""target_navigation_Slight-Left-Turn"": 0.159294780527019, ""target_navigation_Slight-Right-Turn"": 0.21029762616834677}","{""target_navigation_Move-Forward"": 0.612575983097324, ""target_navigation_Sharp-Right-Turn"": 0.662664582972218, ""target_navigation_Slight-Left-Turn"": 0.533241264063427, ""target_navigation_Slight-Right-Turn"": 0.6499613266968579}",,,0,0,0,False
wall_following_robot,5,prism_z_acp_xgboost,5456,3491,873,1092,8,16,4,0.2426539691921804,0.13361134847053968,0.6098572952946368,"{""target_navigation_Move-Forward"": 0.3144766646244472, ""target_navigation_Sharp-Right-Turn"": 0.2869808539297765, ""target_navigation_Slight-Left-Turn"": 0.15433374699291452, ""target_navigation_Slight-Right-Turn"": 0.2148246112215835}","{""target_navigation_Move-Forward"": 0.5920682121427728, ""target_navigation_Sharp-Right-Turn"": 0.6507703513448366, ""target_navigation_Slight-Left-Turn"": 0.5618617553879155, ""target_navigation_Slight-Right-Turn"": 0.6347288623030224}",,,0,0,0,False
wall_following_robot,5,prism_z_acp_lightgbm,5456,3491,873,1092,8,16,4,0.2340063026858652,0.1168806685289069,0.6301857522792589,"{""target_navigation_Move-Forward"": 0.2978380290604774, ""target_navigation_Sharp-Right-Turn"": 0.2726137660615094, ""target_navigation_Slight-Left-Turn"": 0.1571943747159609, ""target_navigation_Slight-Right-Turn"": 0.20837904090551324}","{""target_navigation_Move-Forward"": 0.6340927639398152, ""target_navigation_Sharp-Right-Turn"": 0.6848619634463462, ""target_navigation_Slight-Left-Turn"": 0.545469150806642, ""target_navigation_Slight-Right-Turn"": 0.6563191309242322}",,,0,0,0,False
wall_following_robot,5,prism_z_random_forest,5456,3491,873,1092,8,16,4,0.2377708405387261,0.12986111353309276,0.620090419862883,"{""target_navigation_Move-Forward"": 0.3091556536407094, ""target_navigation_Sharp-Right-Turn"": 0.27849567150177384, ""target_navigation_Slight-Left-Turn"": 0.15926462843443717, ""target_navigation_Slight-Right-Turn"": 0.20416740857798388}","{""target_navigation_Move-Forward"": 0.6057560063875665, ""target_navigation_Sharp-Right-Turn"": 0.6711164443173089, ""target_navigation_Slight-Left-Turn"": 0.5334179480777875, ""target_navigation_Slight-Right-Turn"": 0.6700712806688692}",,,0,0,0,False
wall_following_robot,5,prism_z_xgboost,5456,3491,873,1092,8,16,4,0.24495346716800478,0.14401965869337868,0.6031093960488285,"{""target_navigation_Move-Forward"": 0.32172918042991805, ""target_navigation_Sharp-Right-Turn"": 0.2856136798099339, ""target_navigation_Slight-Left-Turn"": 0.15430072693195823, ""target_navigation_Slight-Right-Turn"": 0.21817028150020898}","{""target_navigation_Move-Forward"": 0.5730356595646753, ""target_navigation_Sharp-Right-Turn"": 0.6540898789641143, ""target_navigation_Slight-Left-Turn"": 0.5620492167068378, ""target_navigation_Slight-Right-Turn"": 0.6232628289596869}",,,0,0,0,False
wall_following_robot,5,prism_z_lightgbm,5456,3491,873,1092,8,16,4,0.23575642939797584,0.12315704987214351,0.6242230263021525,"{""target_navigation_Move-Forward"": 0.3032084386333367, ""target_navigation_Sharp-Right-Turn"": 0.27353963376949536, ""target_navigation_Slight-Left-Turn"": 0.15958584260774758, ""target_navigation_Slight-Right-Turn"": 0.20669180258132377}","{""target_navigation_Move-Forward"": 0.6207782242389966, ""target_navigation_Sharp-Right-Turn"": 0.6827177459338982, ""target_navigation_Slight-Left-Turn"": 0.5315339904705556, ""target_navigation_Slight-Right-Turn"": 0.6618621445651598}",,,0,0,0,False
occupancy_detection,1,simple_mlp,20560,6514,1629,12417,4,5,1,0.23305517435073853,0.06886423379182816,0.7049762010574341,"{""target_occupancy"": 0.23305517435073853}","{""target_occupancy"": 0.7049762010574341}",,,0,0,0,False
occupancy_detection,1,random_forest,20560,6514,1629,12417,4,5,1,0.2507559038172508,0.06643994162390261,0.6584597012700222,"{""target_occupancy"": 0.2507559038172508}","{""target_occupancy"": 0.6584597012700222}",,,0,0,0,False
occupancy_detection,1,xgboost,20560,6514,1629,12417,4,5,1,0.24322544196512436,0.10503241851633517,0.6786653027001884,"{""target_occupancy"": 0.24322544196512436}","{""target_occupancy"": 0.6786653027001884}",,,0,0,0,False
occupancy_detection,1,lightgbm,20560,6514,1629,12417,4,5,1,0.2618440168766707,0.10435872023249124,0.6275869168442718,"{""target_occupancy"": 0.2618440168766707}","{""target_occupancy"": 0.6275869168442718}",,,0,0,0,False
occupancy_detection,1,cnn_mlp,20560,6514,1629,12417,4,5,1,0.23783664056148943,0.0694481303988571,0.6927462841323857,"{""target_occupancy"": 0.23783664056148943}","{""target_occupancy"": 0.6927462841323857}",,,0,0,0,False
occupancy_detection,1,ftt_mlp,20560,6514,1629,12417,4,5,1,0.22942618956083616,0.06952142571476481,0.7140924628042122,"{""target_occupancy"": 0.22942618956083616}","{""target_occupancy"": 0.7140924628042122}",,,0,0,0,False
occupancy_detection,1,two_stage_mlp,20560,6514,1629,12417,4,5,1,0.2402060627937317,0.06530912220478058,0.6865938305854797,"{""target_occupancy"": 0.2402060627937317}","{""target_occupancy"": 0.6865938305854797}",,,0,0,0,False
occupancy_detection,1,oracle_mlp,20560,6514,1629,12417,4,5,1,0.24200449883937836,0.07956678420305252,0.6818832755088806,"{""target_occupancy"": 0.24200449883937836}","{""target_occupancy"": 0.6818832755088806}",,,0,0,0,False
occupancy_detection,1,prism,20560,6514,1629,12417,4,5,1,0.24062055349349976,0.06884051114320755,0.6855112314224243,"{""target_occupancy"": 0.24062055349349976}","{""target_occupancy"": 0.6855112314224243}",,,0,0,0,False
occupancy_detection,1,prism_z_acp_random_forest,20560,6514,1629,12417,4,5,1,0.234555128884272,0.060982053151414625,0.7011663579020744,"{""target_occupancy"": 0.234555128884272}","{""target_occupancy"": 0.7011663579020744}",,,0,0,0,False
occupancy_detection,1,prism_z_acp_xgboost,20560,6514,1629,12417,4,5,1,0.23610470339812606,0.06241469775093736,0.6972048619111858,"{""target_occupancy"": 0.23610470339812606}","{""target_occupancy"": 0.6972048619111858}",,,0,0,0,False
occupancy_detection,1,prism_z_acp_lightgbm,20560,6514,1629,12417,4,5,1,0.23745265105165153,0.06857424311203594,0.6937376113036795,"{""target_occupancy"": 0.23745265105165153}","{""target_occupancy"": 0.6937376113036795}",,,0,0,0,False
occupancy_detection,1,prism_z_random_forest,20560,6514,1629,12417,4,5,1,0.23690437349901763,0.0630835231625032,0.6951502965904236,"{""target_occupancy"": 0.23690437349901763}","{""target_occupancy"": 0.6951502965904236}",,,0,0,0,False
occupancy_detection,1,prism_z_xgboost,20560,6514,1629,12417,4,5,1,0.2394465987573703,0.0656026597740645,0.6885724959691479,"{""target_occupancy"": 0.2394465987573703}","{""target_occupancy"": 0.6885724959691479}",,,0,0,0,False
occupancy_detection,1,prism_z_lightgbm,20560,6514,1629,12417,4,5,1,0.23866786215171723,0.0683362606255829,0.6905948728384993,"{""target_occupancy"": 0.23866786215171723}","{""target_occupancy"": 0.6905948728384993}",,,0,0,0,False
occupancy_detection,2,simple_mlp,20560,6514,1629,12417,4,5,1,0.23341433703899384,0.07014241069555283,0.7040661573410034,"{""target_occupancy"": 0.23341433703899384}","{""target_occupancy"": 0.7040661573410034}",,,0,0,0,False
occupancy_detection,2,random_forest,20560,6514,1629,12417,4,5,1,0.2507227629693155,0.06677708282737678,0.658549973817588,"{""target_occupancy"": 0.2507227629693155}","{""target_occupancy"": 0.658549973817588}",,,0,0,0,False
occupancy_detection,2,xgboost,20560,6514,1629,12417,4,5,1,0.24523747030785417,0.10493820342576442,0.6733269740312091,"{""target_occupancy"": 0.24523747030785417}","{""target_occupancy"": 0.6733269740312091}",,,0,0,0,False
occupancy_detection,2,lightgbm,20560,6514,1629,12417,4,5,1,0.2675029316260512,0.10925572637209649,0.6113159565429116,"{""target_occupancy"": 0.2675029316260512}","{""target_occupancy"": 0.6113159565429116}",,,0,0,0,False
occupancy_detection,2,cnn_mlp,20560,6514,1629,12417,4,5,1,0.32756897260173967,0.11814992734776156,0.4171656528793106,"{""target_occupancy"": 0.32756897260173967}","{""target_occupancy"": 0.4171656528793106}",,,0,0,0,False
occupancy_detection,2,ftt_mlp,20560,6514,1629,12417,4,5,1,0.23767231613342496,0.06797058205449064,0.6931707086378576,"{""target_occupancy"": 0.23767231613342496}","{""target_occupancy"": 0.6931707086378576}",,,0,0,0,False
occupancy_detection,2,two_stage_mlp,20560,6514,1629,12417,4,5,1,0.24739660322666168,0.07297030091285706,0.6675494313240051,"{""target_occupancy"": 0.24739660322666168}","{""target_occupancy"": 0.6675494313240051}",,,0,0,0,False
occupancy_detection,2,oracle_mlp,20560,6514,1629,12417,4,5,1,0.1632852405309677,0.04887757822871208,0.8551783561706543,"{""target_occupancy"": 0.1632852405309677}","{""target_occupancy"": 0.8551783561706543}",,,0,0,0,False
occupancy_detection,2,prism,20560,6514,1629,12417,4,5,1,0.23596081137657166,0.0671824961900711,0.6975737810134888,"{""target_occupancy"": 0.23596081137657166}","{""target_occupancy"": 0.6975737810134888}",,,0,0,0,False
occupancy_detection,2,prism_z_acp_random_forest,20560,6514,1629,12417,4,5,1,0.23837832884178564,0.06546260945101301,0.6913451100270886,"{""target_occupancy"": 0.23837832884178564}","{""target_occupancy"": 0.6913451100270886}",,,0,0,0,False
occupancy_detection,2,prism_z_acp_xgboost,20560,6514,1629,12417,4,5,1,0.240331273437984,0.06671227809025397,0.6862670049640314,"{""target_occupancy"": 0.240331273437984}","{""target_occupancy"": 0.6862670049640314}",,,0,0,0,False
occupancy_detection,2,prism_z_acp_lightgbm,20560,6514,1629,12417,4,5,1,0.2380654318377864,0.06751784710748127,0.6921548632196302,"{""target_occupancy"": 0.2380654318377864}","{""target_occupancy"": 0.6921548632196302}",,,0,0,0,False
occupancy_detection,2,prism_z_random_forest,20560,6514,1629,12417,4,5,1,0.24331144397800944,0.06700521697665161,0.6784380212418326,"{""target_occupancy"": 0.24331144397800944}","{""target_occupancy"": 0.6784380212418326}",,,0,0,0,False
occupancy_detection,2,prism_z_xgboost,20560,6514,1629,12417,4,5,1,0.2460259909540453,0.07103216735416822,0.6712228702679526,"{""target_occupancy"": 0.2460259909540453}","{""target_occupancy"": 0.6712228702679526}",,,0,0,0,False
occupancy_detection,2,prism_z_lightgbm,20560,6514,1629,12417,4,5,1,0.24241168796252674,0.06675829432263748,0.6808118706552673,"{""target_occupancy"": 0.24241168796252674}","{""target_occupancy"": 0.6808118706552673}",,,0,0,0,False
occupancy_detection,3,simple_mlp,20560,6514,1629,12417,4,5,1,0.24294474720954895,0.07416750490665436,0.6794065833091736,"{""target_occupancy"": 0.24294474720954895}","{""target_occupancy"": 0.6794065833091736}",,,0,0,0,False
occupancy_detection,3,random_forest,20560,6514,1629,12417,4,5,1,0.2517436676058983,0.06702000711941884,0.6557636483239085,"{""target_occupancy"": 0.2517436676058983}","{""target_occupancy"": 0.6557636483239085}",,,0,0,0,False
occupancy_detection,3,xgboost,20560,6514,1629,12417,4,5,1,0.24625288862989117,0.10733045313638577,0.6706161606621464,"{""target_occupancy"": 0.24625288862989117}","{""target_occupancy"": 0.6706161606621464}",,,0,0,0,False
occupancy_detection,3,lightgbm,20560,6514,1629,12417,4,5,1,0.2685076536095129,0.11060686038512685,0.6083907341369077,"{""target_occupancy"": 0.2685076536095129}","{""target_occupancy"": 0.6083907341369077}",,,0,0,0,False
occupancy_detection,3,cnn_mlp,20560,6514,1629,12417,4,5,1,0.23997182931557937,0.07025335225703958,0.6872047535087343,"{""target_occupancy"": 0.23997182931557937}","{""target_occupancy"": 0.6872047535087343}",,,0,0,0,False
occupancy_detection,3,ftt_mlp,20560,6514,1629,12417,4,5,1,0.2353619240525473,0.06614624387323065,0.6991070365885591,"{""target_occupancy"": 0.2353619240525473}","{""target_occupancy"": 0.6991070365885591}",,,0,0,0,False
occupancy_detection,3,two_stage_mlp,20560,6514,1629,12417,4,5,1,0.24206162989139557,0.06813111156225204,0.6817330121994019,"{""target_occupancy"": 0.24206162989139557}","{""target_occupancy"": 0.6817330121994019}",,,0,0,0,False
occupancy_detection,3,oracle_mlp,20560,6514,1629,12417,4,5,1,0.1831928789615631,0.06048581004142761,0.8177125453948975,"{""target_occupancy"": 0.1831928789615631}","{""target_occupancy"": 0.8177125453948975}",,,0,0,0,False
occupancy_detection,3,prism,20560,6514,1629,12417,4,5,1,0.24627824127674103,0.07169386744499207,0.6705483198165894,"{""target_occupancy"": 0.24627824127674103}","{""target_occupancy"": 0.6705483198165894}",,,0,0,0,False
occupancy_detection,3,prism_z_acp_random_forest,20560,6514,1629,12417,4,5,1,0.2417490962630611,0.06763190307476197,0.6825543804220312,"{""target_occupancy"": 0.2417490962630611}","{""target_occupancy"": 0.6825543804220312}",,,0,0,0,False
occupancy_detection,3,prism_z_acp_xgboost,20560,6514,1629,12417,4,5,1,0.2378960591421146,0.0676820126508485,0.69259274294411,"{""target_occupancy"": 0.2378960591421146}","{""target_occupancy"": 0.69259274294411}",,,0,0,0,False
occupancy_detection,3,prism_z_acp_lightgbm,20560,6514,1629,12417,4,5,1,0.23883811519712608,0.0681468146749927,0.6901532888460609,"{""target_occupancy"": 0.23883811519712608}","{""target_occupancy"": 0.6901532888460609}",,,0,0,0,False
occupancy_detection,3,prism_z_random_forest,20560,6514,1629,12417,4,5,1,0.24399654646704166,0.06979633696228986,0.6766246000019036,"{""target_occupancy"": 0.24399654646704166}","{""target_occupancy"": 0.6766246000019036}",,,0,0,0,False
occupancy_detection,3,prism_z_xgboost,20560,6514,1629,12417,4,5,1,0.2400857426031208,0.06897651744586446,0.6869077187109238,"{""target_occupancy"": 0.2400857426031208}","{""target_occupancy"": 0.6869077187109238}",,,0,0,0,False
occupancy_detection,3,prism_z_lightgbm,20560,6514,1629,12417,4,5,1,0.24175258122254847,0.06866877177618262,0.6825452280147241,"{""target_occupancy"": 0.24175258122254847}","{""target_occupancy"": 0.6825452280147241}",,,0,0,0,False
occupancy_detection,4,simple_mlp,20560,6514,1629,12417,4,5,1,0.24551662802696228,0.07347933202981949,0.6725828647613525,"{""target_occupancy"": 0.24551662802696228}","{""target_occupancy"": 0.6725828647613525}",,,0,0,0,False
occupancy_detection,4,random_forest,20560,6514,1629,12417,4,5,1,0.2506754901982587,0.06658541733554232,0.6586787197442545,"{""target_occupancy"": 0.2506754901982587}","{""target_occupancy"": 0.6586787197442545}",,,0,0,0,False
occupancy_detection,4,xgboost,20560,6514,1629,12417,4,5,1,0.24367992502045627,0.10337294323601816,0.6774633098683667,"{""target_occupancy"": 0.24367992502045627}","{""target_occupancy"": 0.6774633098683667}",,,0,0,0,False
occupancy_detection,4,lightgbm,20560,6514,1629,12417,4,5,1,0.2691197723865612,0.10694442903667573,0.6066031901504649,"{""target_occupancy"": 0.2691197723865612}","{""target_occupancy"": 0.6066031901504649}",,,0,0,0,False
occupancy_detection,4,cnn_mlp,20560,6514,1629,12417,4,5,1,0.26884678895166647,0.08438999855255237,0.6074008747292257,"{""target_occupancy"": 0.26884678895166647}","{""target_occupancy"": 0.6074008747292257}",,,0,0,0,False
occupancy_detection,4,ftt_mlp,20560,6514,1629,12417,4,5,1,0.23774439783388687,0.06924263585755819,0.6929845689036105,"{""target_occupancy"": 0.23774439783388687}","{""target_occupancy"": 0.6929845689036105}",,,0,0,0,False
occupancy_detection,4,two_stage_mlp,20560,6514,1629,12417,4,5,1,0.23744851350784302,0.06305470317602158,0.6937482953071594,"{""target_occupancy"": 0.23744851350784302}","{""target_occupancy"": 0.6937482953071594}",,,0,0,0,False
occupancy_detection,4,oracle_mlp,20560,6514,1629,12417,4,5,1,0.22101734578609467,0.07866162061691284,0.7346663475036621,"{""target_occupancy"": 0.22101734578609467}","{""target_occupancy"": 0.7346663475036621}",,,0,0,0,False
occupancy_detection,4,prism,20560,6514,1629,12417,4,5,1,0.24397821724414825,0.07042776048183441,0.676673173904419,"{""target_occupancy"": 0.24397821724414825}","{""target_occupancy"": 0.676673173904419}",,,0,0,0,False
occupancy_detection,4,prism_z_acp_random_forest,20560,6514,1629,12417,4,5,1,0.24559373441739946,0.0702476326117924,0.6723771484572483,"{""target_occupancy"": 0.24559373441739946}","{""target_occupancy"": 0.6723771484572483}",,,0,0,0,False
occupancy_detection,4,prism_z_acp_xgboost,20560,6514,1629,12417,4,5,1,0.24638121676594582,0.07132994724318051,0.6702727719764603,"{""target_occupancy"": 0.24638121676594582}","{""target_occupancy"": 0.6702727719764603}",,,0,0,0,False
occupancy_detection,4,prism_z_acp_lightgbm,20560,6514,1629,12417,4,5,1,0.24543150100422267,0.07295470590487194,0.6728098453116396,"{""target_occupancy"": 0.24543150100422267}","{""target_occupancy"": 0.6728098453116396}",,,0,0,0,False
occupancy_detection,4,prism_z_random_forest,20560,6514,1629,12417,4,5,1,0.24083785541500405,0.0692079401326371,0.6849430076301151,"{""target_occupancy"": 0.24083785541500405}","{""target_occupancy"": 0.6849430076301151}",,,0,0,0,False
occupancy_detection,4,prism_z_xgboost,20560,6514,1629,12417,4,5,1,0.2378710464094317,0.06811575279983535,0.6926573820251606,"{""target_occupancy"": 0.2378710464094317}","{""target_occupancy"": 0.6926573820251606}",,,0,0,0,False
occupancy_detection,4,prism_z_lightgbm,20560,6514,1629,12417,4,5,1,0.24721470927889044,0.07307589398161293,0.6680381045953645,"{""target_occupancy"": 0.24721470927889044}","{""target_occupancy"": 0.6680381045953645}",,,0,0,0,False
occupancy_detection,5,simple_mlp,20560,6514,1629,12417,4,5,1,0.23573559522628784,0.0687793493270874,0.6981508731842041,"{""target_occupancy"": 0.23573559522628784}","{""target_occupancy"": 0.6981508731842041}",,,0,0,0,False
occupancy_detection,5,random_forest,20560,6514,1629,12417,4,5,1,0.2515470183856684,0.06695554136437248,0.656301237779977,"{""target_occupancy"": 0.2515470183856684}","{""target_occupancy"": 0.656301237779977}",,,0,0,0,False
occupancy_detection,5,xgboost,20560,6514,1629,12417,4,5,1,0.24384851178020714,0.10555482221351425,0.677016869933321,"{""target_occupancy"": 0.24384851178020714}","{""target_occupancy"": 0.677016869933321}",,,0,0,0,False
occupancy_detection,5,lightgbm,20560,6514,1629,12417,4,5,1,0.27801302990823784,0.11579110779191698,0.5801734288166226,"{""target_occupancy"": 0.27801302990823784}","{""target_occupancy"": 0.5801734288166226}",,,0,0,0,False
occupancy_detection,5,cnn_mlp,20560,6514,1629,12417,4,5,1,0.2447182763361267,0.06860110623201733,0.6747087133540317,"{""target_occupancy"": 0.2447182763361267}","{""target_occupancy"": 0.6747087133540317}",,,0,0,0,False
occupancy_detection,5,ftt_mlp,20560,6514,1629,12417,4,5,1,0.2330728507579637,0.0644237605127419,0.7049313997571092,"{""target_occupancy"": 0.2330728507579637}","{""target_occupancy"": 0.7049313997571092}",,,0,0,0,False
occupancy_detection,5,two_stage_mlp,20560,6514,1629,12417,4,5,1,0.2476888746023178,0.06827498972415924,0.666763424873352,"{""target_occupancy"": 0.2476888746023178}","{""target_occupancy"": 0.666763424873352}",,,0,0,0,False
occupancy_detection,5,oracle_mlp,20560,6514,1629,12417,4,5,1,0.18423321843147278,0.04978000745177269,0.8156362771987915,"{""target_occupancy"": 0.18423321843147278}","{""target_occupancy"": 0.8156362771987915}",,,0,0,0,False
occupancy_detection,5,prism,20560,6514,1629,12417,4,5,1,0.24036449193954468,0.07033926993608475,0.6861802935600281,"{""target_occupancy"": 0.24036449193954468}","{""target_occupancy"": 0.6861802935600281}",,,0,0,0,False
occupancy_detection,5,prism_z_acp_random_forest,20560,6514,1629,12417,4,5,1,0.24009280249657491,0.06662641014962428,0.6868893050340231,"{""target_occupancy"": 0.24009280249657491}","{""target_occupancy"": 0.6868893050340231}",,,0,0,0,False
occupancy_detection,5,prism_z_acp_xgboost,20560,6514,1629,12417,4,5,1,0.2412081340900083,0.06452809277605162,0.6839734875794139,"{""target_occupancy"": 0.2412081340900083}","{""target_occupancy"": 0.6839734875794139}",,,0,0,0,False
occupancy_detection,5,prism_z_acp_lightgbm,20560,6514,1629,12417,4,5,1,0.2432770727562306,0.06864554328704875,0.6785288652830872,"{""target_occupancy"": 0.2432770727562306}","{""target_occupancy"": 0.6785288652830872}",,,0,0,0,False
occupancy_detection,5,prism_z_random_forest,20560,6514,1629,12417,4,5,1,0.23880373612629993,0.0664849554906534,0.690242482946102,"{""target_occupancy"": 0.23880373612629993}","{""target_occupancy"": 0.690242482946102}",,,0,0,0,False
occupancy_detection,5,prism_z_xgboost,20560,6514,1629,12417,4,5,1,0.24179011809065284,0.06775633027252131,0.6824466381013328,"{""target_occupancy"": 0.24179011809065284}","{""target_occupancy"": 0.6824466381013328}",,,0,0,0,False
occupancy_detection,5,prism_z_lightgbm,20560,6514,1629,12417,4,5,1,0.2410503175816987,0.07157119817281575,0.6843868889365812,"{""target_occupancy"": 0.2410503175816987}","{""target_occupancy"": 0.6843868889365812}",,,0,0,0,False
room_occupancy_estimation,1,simple_mlp,10129,6482,1621,2026,4,16,1,0.13032756745815277,0.04902232438325882,0.9798334836959839,"{""target_room_occupancy_count"": 0.13032756745815277}","{""target_room_occupancy_count"": 0.9798334836959839}",,,0,0,0,False
room_occupancy_estimation,1,random_forest,10129,6482,1621,2026,4,16,1,0.06182486572217341,0.0074556184259235315,0.9954617936267299,"{""target_room_occupancy_count"": 0.06182486572217341}","{""target_room_occupancy_count"": 0.9954617936267299}",,,0,0,0,False
room_occupancy_estimation,1,xgboost,10129,6482,1621,2026,4,16,1,0.09544195860083257,0.04668974061344746,0.9891847499718702,"{""target_room_occupancy_count"": 0.09544195860083257}","{""target_room_occupancy_count"": 0.9891847499718702}",,,0,0,0,False
room_occupancy_estimation,1,lightgbm,10129,6482,1621,2026,4,16,1,0.09565209133024502,0.023244504861952918,0.9891370740890029,"{""target_room_occupancy_count"": 0.09565209133024502}","{""target_room_occupancy_count"": 0.9891370740890029}",,,0,0,0,False
room_occupancy_estimation,1,cnn_mlp,10129,6482,1621,2026,4,16,1,0.12059455557860714,0.04156319073967889,0.9827331434670409,"{""target_room_occupancy_count"": 0.12059455557860714}","{""target_room_occupancy_count"": 0.9827331434670409}",,,0,0,0,False
room_occupancy_estimation,1,ftt_mlp,10129,6482,1621,2026,4,16,1,0.10384044757056772,0.031570286582335266,0.9871976121373112,"{""target_room_occupancy_count"": 0.10384044757056772}","{""target_room_occupancy_count"": 0.9871976121373112}",,,0,0,0,False
room_occupancy_estimation,1,two_stage_mlp,10129,6482,1621,2026,4,16,1,0.05327795445919037,0.020982729271054268,0.9966298341751099,"{""target_room_occupancy_count"": 0.05327795445919037}","{""target_room_occupancy_count"": 0.9966298341751099}",,,0,0,0,False
room_occupancy_estimation,1,oracle_mlp,10129,6482,1621,2026,4,16,1,0.08537344634532928,0.021608592942357063,0.9913462400436401,"{""target_room_occupancy_count"": 0.08537344634532928}","{""target_room_occupancy_count"": 0.9913462400436401}",,,0,0,0,False
room_occupancy_estimation,1,prism,10129,6482,1621,2026,4,16,1,0.08896441757678986,0.02481742948293686,0.990602970123291,"{""target_room_occupancy_count"": 0.08896441757678986}","{""target_room_occupancy_count"": 0.990602970123291}",,,0,0,0,False
room_occupancy_estimation,1,prism_z_acp_random_forest,10129,6482,1621,2026,4,16,1,0.06835323329168816,0.006613647435601565,0.9944527721694969,"{""target_room_occupancy_count"": 0.06835323329168816}","{""target_room_occupancy_count"": 0.9944527721694969}",,,0,0,0,False
room_occupancy_estimation,1,prism_z_acp_xgboost,10129,6482,1621,2026,4,16,1,0.06433150247881869,0.00729308486540889,0.9950863381363038,"{""target_room_occupancy_count"": 0.06433150247881869}","{""target_room_occupancy_count"": 0.9950863381363038}",,,0,0,0,False
room_occupancy_estimation,1,prism_z_acp_lightgbm,10129,6482,1621,2026,4,16,1,0.06090116966210761,0.007683603914087407,0.9955963869987239,"{""target_room_occupancy_count"": 0.06090116966210761}","{""target_room_occupancy_count"": 0.9955963869987239}",,,0,0,0,False
room_occupancy_estimation,1,prism_z_random_forest,10129,6482,1621,2026,4,16,1,0.06157546204883201,0.005964283707603623,0.99549833434137,"{""target_room_occupancy_count"": 0.06157546204883201}","{""target_room_occupancy_count"": 0.99549833434137}",,,0,0,0,False
room_occupancy_estimation,1,prism_z_xgboost,10129,6482,1621,2026,4,16,1,0.06963328030385862,0.008418720275315362,0.9942430615419628,"{""target_room_occupancy_count"": 0.06963328030385862}","{""target_room_occupancy_count"": 0.9942430615419628}",,,0,0,0,False
room_occupancy_estimation,1,prism_z_lightgbm,10129,6482,1621,2026,4,16,1,0.06763732742930892,0.008891406942902849,0.994568362780943,"{""target_room_occupancy_count"": 0.06763732742930892}","{""target_room_occupancy_count"": 0.994568362780943}",,,0,0,0,False
room_occupancy_estimation,2,simple_mlp,10129,6482,1621,2026,4,16,1,0.13055779039859772,0.0531800352036953,0.9781808853149414,"{""target_room_occupancy_count"": 0.13055779039859772}","{""target_room_occupancy_count"": 0.9781808853149414}",,,0,0,0,False
room_occupancy_estimation,2,random_forest,10129,6482,1621,2026,4,16,1,0.04436026026603303,0.004304379089357468,0.9974810471046007,"{""target_room_occupancy_count"": 0.04436026026603303}","{""target_room_occupancy_count"": 0.9974810471046007}",,,0,0,0,False
room_occupancy_estimation,2,xgboost,10129,6482,1621,2026,4,16,1,0.0866074791434379,0.04570524963014001,0.9903984207472312,"{""target_room_occupancy_count"": 0.0866074791434379}","{""target_room_occupancy_count"": 0.9903984207472312}",,,0,0,0,False
room_occupancy_estimation,2,lightgbm,10129,6482,1621,2026,4,16,1,0.055706135591037126,0.01860553767178043,0.9960277375124217,"{""target_room_occupancy_count"": 0.055706135591037126}","{""target_room_occupancy_count"": 0.9960277375124217}",,,0,0,0,False
room_occupancy_estimation,2,cnn_mlp,10129,6482,1621,2026,4,16,1,0.07876129324039446,0.025531165004524615,0.9920593226071635,"{""target_room_occupancy_count"": 0.07876129324039446}","{""target_room_occupancy_count"": 0.9920593226071635}",,,0,0,0,False
room_occupancy_estimation,2,ftt_mlp,10129,6482,1621,2026,4,16,1,0.11650339612718576,0.043848376681997626,0.9826256307948705,"{""target_room_occupancy_count"": 0.11650339612718576}","{""target_room_occupancy_count"": 0.9826256307948705}",,,0,0,0,False
room_occupancy_estimation,2,two_stage_mlp,10129,6482,1621,2026,4,16,1,0.0436071902513504,0.01230612862855196,0.9975658655166626,"{""target_room_occupancy_count"": 0.0436071902513504}","{""target_room_occupancy_count"": 0.9975658655166626}",,,0,0,0,False
room_occupancy_estimation,2,oracle_mlp,10129,6482,1621,2026,4,16,1,0.06005966290831566,0.01831686869263649,0.9953826069831848,"{""target_room_occupancy_count"": 0.06005966290831566}","{""target_room_occupancy_count"": 0.9953826069831848}",,,0,0,0,False
room_occupancy_estimation,2,prism,10129,6482,1621,2026,4,16,1,0.09119147807359695,0.02980903536081314,0.9893551468849182,"{""target_room_occupancy_count"": 0.09119147807359695}","{""target_room_occupancy_count"": 0.9893551468849182}",,,0,0,0,False
room_occupancy_estimation,2,prism_z_acp_random_forest,10129,6482,1621,2026,4,16,1,0.036635368784526064,0.00282188990089712,0.9982819610306034,"{""target_room_occupancy_count"": 0.036635368784526064}","{""target_room_occupancy_count"": 0.9982819610306034}",,,0,0,0,False
room_occupancy_estimation,2,prism_z_acp_xgboost,10129,6482,1621,2026,4,16,1,0.04370123874404434,0.006176296632544141,0.9975553349131093,"{""target_room_occupancy_count"": 0.04370123874404434}","{""target_room_occupancy_count"": 0.9975553349131093}",,,0,0,0,False
room_occupancy_estimation,2,prism_z_acp_lightgbm,10129,6482,1621,2026,4,16,1,0.040613238309729745,0.006396950228442762,0.9978886165446409,"{""target_room_occupancy_count"": 0.040613238309729745}","{""target_room_occupancy_count"": 0.9978886165446409}",,,0,0,0,False
room_occupancy_estimation,2,prism_z_random_forest,10129,6482,1621,2026,4,16,1,0.038918898705773246,0.0031606525868638456,0.9980611109403246,"{""target_room_occupancy_count"": 0.038918898705773246}","{""target_room_occupancy_count"": 0.9980611109403246}",,,0,0,0,False
room_occupancy_estimation,2,prism_z_xgboost,10129,6482,1621,2026,4,16,1,0.03868315908340214,0.005899502835423284,0.998084528287592,"{""target_room_occupancy_count"": 0.03868315908340214}","{""target_room_occupancy_count"": 0.998084528287592}",,,0,0,0,False
room_occupancy_estimation,2,prism_z_lightgbm,10129,6482,1621,2026,4,16,1,0.03655150711008425,0.005005265631924545,0.9982898175215379,"{""target_room_occupancy_count"": 0.03655150711008425}","{""target_room_occupancy_count"": 0.9982898175215379}",,,0,0,0,False
room_occupancy_estimation,3,simple_mlp,10129,6482,1621,2026,4,16,1,0.12084342539310455,0.04777912423014641,0.9816582798957825,"{""target_room_occupancy_count"": 0.12084342539310455}","{""target_room_occupancy_count"": 0.9816582798957825}",,,0,0,0,False
room_occupancy_estimation,3,random_forest,10129,6482,1621,2026,4,16,1,0.05685729118580346,0.005482741042909481,0.995939627287835,"{""target_room_occupancy_count"": 0.05685729118580346}","{""target_room_occupancy_count"": 0.995939627287835}",,,0,0,0,False
room_occupancy_estimation,3,xgboost,10129,6482,1621,2026,4,16,1,0.08374038379383461,0.043040258068762015,0.9911922807201872,"{""target_room_occupancy_count"": 0.08374038379383461}","{""target_room_occupancy_count"": 0.9911922807201872}",,,0,0,0,False
room_occupancy_estimation,3,lightgbm,10129,6482,1621,2026,4,16,1,0.0634812473768728,0.019726291512329106,0.9949384390131351,"{""target_room_occupancy_count"": 0.0634812473768728}","{""target_room_occupancy_count"": 0.9949384390131351}",,,0,0,0,False
room_occupancy_estimation,3,cnn_mlp,10129,6482,1621,2026,4,16,1,0.10697835276565357,0.037172652455394264,0.9856257437362721,"{""target_room_occupancy_count"": 0.10697835276565357}","{""target_room_occupancy_count"": 0.9856257437362721}",,,0,0,0,False
room_occupancy_estimation,3,ftt_mlp,10129,6482,1621,2026,4,16,1,0.10173784646366794,0.0474904958200701,0.9869995420389824,"{""target_room_occupancy_count"": 0.10173784646366794}","{""target_room_occupancy_count"": 0.9869995420389824}",,,0,0,0,False
room_occupancy_estimation,3,two_stage_mlp,10129,6482,1621,2026,4,16,1,0.03522534668445587,0.009622168727219105,0.9984415173530579,"{""target_room_occupancy_count"": 0.03522534668445587}","{""target_room_occupancy_count"": 0.9984415173530579}",,,0,0,0,False
room_occupancy_estimation,3,oracle_mlp,10129,6482,1621,2026,4,16,1,0.06597955524921417,0.026773741468787193,0.9945322275161743,"{""target_room_occupancy_count"": 0.06597955524921417}","{""target_room_occupancy_count"": 0.9945322275161743}",,,0,0,0,False
room_occupancy_estimation,3,prism,10129,6482,1621,2026,4,16,1,0.08344843238592148,0.027889074757695198,0.9912536144256592,"{""target_room_occupancy_count"": 0.08344843238592148}","{""target_room_occupancy_count"": 0.9912536144256592}",,,0,0,0,False
room_occupancy_estimation,3,prism_z_acp_random_forest,10129,6482,1621,2026,4,16,1,0.04528338372048213,0.004459934606835602,0.9974244421273903,"{""target_room_occupancy_count"": 0.04528338372048213}","{""target_room_occupancy_count"": 0.9974244421273903}",,,0,0,0,False
room_occupancy_estimation,3,prism_z_acp_xgboost,10129,6482,1621,2026,4,16,1,0.04678762508743124,0.00651186787785866,0.9972504882955828,"{""target_room_occupancy_count"": 0.04678762508743124}","{""target_room_occupancy_count"": 0.9972504882955828}",,,0,0,0,False
room_occupancy_estimation,3,prism_z_acp_lightgbm,10129,6482,1621,2026,4,16,1,0.04601786362137792,0.00668354947565183,0.9973402153475696,"{""target_room_occupancy_count"": 0.04601786362137792}","{""target_room_occupancy_count"": 0.9973402153475696}",,,0,0,0,False
room_occupancy_estimation,3,prism_z_random_forest,10129,6482,1621,2026,4,16,1,0.04141322462201861,0.004324775439381604,0.9978458712043462,"{""target_room_occupancy_count"": 0.04141322462201861}","{""target_room_occupancy_count"": 0.9978458712043462}",,,0,0,0,False
room_occupancy_estimation,3,prism_z_xgboost,10129,6482,1621,2026,4,16,1,0.042564314905739406,0.006730720423653847,0.9977244579487706,"{""target_room_occupancy_count"": 0.042564314905739406}","{""target_room_occupancy_count"": 0.9977244579487706}",,,0,0,0,False
room_occupancy_estimation,3,prism_z_lightgbm,10129,6482,1621,2026,4,16,1,0.05135228760768819,0.007070762425126356,0.9966878258727553,"{""target_room_occupancy_count"": 0.05135228760768819}","{""target_room_occupancy_count"": 0.9966878258727553}",,,0,0,0,False
room_occupancy_estimation,4,simple_mlp,10129,6482,1621,2026,4,16,1,0.13387040793895721,0.05321592465043068,0.9765065312385559,"{""target_room_occupancy_count"": 0.13387040793895721}","{""target_room_occupancy_count"": 0.9765065312385559}",,,0,0,0,False
room_occupancy_estimation,4,random_forest,10129,6482,1621,2026,4,16,1,0.08326884209744571,0.005808559094027134,0.9909104264193674,"{""target_room_occupancy_count"": 0.08326884209744571}","{""target_room_occupancy_count"": 0.9909104264193674}",,,0,0,0,False
room_occupancy_estimation,4,xgboost,10129,6482,1621,2026,4,16,1,0.10280749823270206,0.044626347156562884,0.9861443137561638,"{""target_room_occupancy_count"": 0.10280749823270206}","{""target_room_occupancy_count"": 0.9861443137561638}",,,0,0,0,False
room_occupancy_estimation,4,lightgbm,10129,6482,1621,2026,4,16,1,0.0766077696412187,0.019649685758462678,0.9923064975677139,"{""target_room_occupancy_count"": 0.0766077696412187}","{""target_room_occupancy_count"": 0.9923064975677139}",,,0,0,0,False
room_occupancy_estimation,4,cnn_mlp,10129,6482,1621,2026,4,16,1,0.10180463384003109,0.027304372332428342,0.9864133136142829,"{""target_room_occupancy_count"": 0.10180463384003109}","{""target_room_occupancy_count"": 0.9864133136142829}",,,0,0,0,False
room_occupancy_estimation,4,ftt_mlp,10129,6482,1621,2026,4,16,1,0.09592217126320927,0.046613621953990825,0.9879380795481758,"{""target_room_occupancy_count"": 0.09592217126320927}","{""target_room_occupancy_count"": 0.9879380795481758}",,,0,0,0,False
room_occupancy_estimation,4,two_stage_mlp,10129,6482,1621,2026,4,16,1,0.10511727631092072,0.012135998345911503,0.9855147004127502,"{""target_room_occupancy_count"": 0.10511727631092072}","{""target_room_occupancy_count"": 0.9855147004127502}",,,0,0,0,False
room_occupancy_estimation,4,oracle_mlp,10129,6482,1621,2026,4,16,1,0.05140922963619232,0.013100696727633476,0.9965353608131409,"{""target_room_occupancy_count"": 0.05140922963619232}","{""target_room_occupancy_count"": 0.9965353608131409}",,,0,0,0,False
room_occupancy_estimation,4,prism,10129,6482,1621,2026,4,16,1,0.08880645781755447,0.024703780189156532,0.9896612763404846,"{""target_room_occupancy_count"": 0.08880645781755447}","{""target_room_occupancy_count"": 0.9896612763404846}",,,0,0,0,False
room_occupancy_estimation,4,prism_z_acp_random_forest,10129,6482,1621,2026,4,16,1,0.048671557144557086,0.0043028278621643126,0.9968945185451452,"{""target_room_occupancy_count"": 0.048671557144557086}","{""target_room_occupancy_count"": 0.9968945185451452}",,,0,0,0,False
room_occupancy_estimation,4,prism_z_acp_xgboost,10129,6482,1621,2026,4,16,1,0.05124717283600813,0.006572733001242847,0.9965571485724029,"{""target_room_occupancy_count"": 0.05124717283600813}","{""target_room_occupancy_count"": 0.9965571485724029}",,,0,0,0,False
room_occupancy_estimation,4,prism_z_acp_lightgbm,10129,6482,1621,2026,4,16,1,0.04657999721348786,0.0063043948142680155,0.997155687074273,"{""target_room_occupancy_count"": 0.04657999721348786}","{""target_room_occupancy_count"": 0.997155687074273}",,,0,0,0,False
room_occupancy_estimation,4,prism_z_random_forest,10129,6482,1621,2026,4,16,1,0.04774544674109218,0.0041806661982947135,0.9970115748615077,"{""target_room_occupancy_count"": 0.04774544674109218}","{""target_room_occupancy_count"": 0.9970115748615077}",,,0,0,0,False
room_occupancy_estimation,4,prism_z_xgboost,10129,6482,1621,2026,4,16,1,0.052937947002315175,0.00692308822065833,0.9963262242076418,"{""target_room_occupancy_count"": 0.052937947002315175}","{""target_room_occupancy_count"": 0.9963262242076418}",,,0,0,0,False
room_occupancy_estimation,4,prism_z_lightgbm,10129,6482,1621,2026,4,16,1,0.05008221370407257,0.006978978479135462,0.9967118964003565,"{""target_room_occupancy_count"": 0.05008221370407257}","{""target_room_occupancy_count"": 0.9967118964003565}",,,0,0,0,False
room_occupancy_estimation,5,simple_mlp,10129,6482,1621,2026,4,16,1,0.12644097208976746,0.04731057584285736,0.9798286557197571,"{""target_room_occupancy_count"": 0.12644097208976746}","{""target_room_occupancy_count"": 0.9798286557197571}",,,0,0,0,False
room_occupancy_estimation,5,random_forest,10129,6482,1621,2026,4,16,1,0.06386325432086762,0.0066885709034375995,0.9948540967076157,"{""target_room_occupancy_count"": 0.06386325432086762}","{""target_room_occupancy_count"": 0.9948540967076157}",,,0,0,0,False
room_occupancy_estimation,5,xgboost,10129,6482,1621,2026,4,16,1,0.11994062491134565,0.04982393023235458,0.9818493516051464,"{""target_room_occupancy_count"": 0.11994062491134565}","{""target_room_occupancy_count"": 0.9818493516051464}",,,0,0,0,False
room_occupancy_estimation,5,lightgbm,10129,6482,1621,2026,4,16,1,0.08545106538270121,0.02227139831164772,0.9907871395472377,"{""target_room_occupancy_count"": 0.08545106538270121}","{""target_room_occupancy_count"": 0.9907871395472377}",,,0,0,0,False
room_occupancy_estimation,5,cnn_mlp,10129,6482,1621,2026,4,16,1,0.07928769147584683,0.02674917495818995,0.9920682124032387,"{""target_room_occupancy_count"": 0.07928769147584683}","{""target_room_occupancy_count"": 0.9920682124032387}",,,0,0,0,False
room_occupancy_estimation,5,ftt_mlp,10129,6482,1621,2026,4,16,1,0.13410134721928046,0.055681942454489514,0.9773104537298282,"{""target_room_occupancy_count"": 0.13410134721928046}","{""target_room_occupancy_count"": 0.9773104537298282}",,,0,0,0,False
room_occupancy_estimation,5,two_stage_mlp,10129,6482,1621,2026,4,16,1,0.04545092210173607,0.011926277540624142,0.9973935484886169,"{""target_room_occupancy_count"": 0.04545092210173607}","{""target_room_occupancy_count"": 0.9973935484886169}",,,0,0,0,False
room_occupancy_estimation,5,oracle_mlp,10129,6482,1621,2026,4,16,1,0.11510150879621506,0.03424417972564697,0.9832844138145447,"{""target_room_occupancy_count"": 0.11510150879621506}","{""target_room_occupancy_count"": 0.9832844138145447}",,,0,0,0,False
room_occupancy_estimation,5,prism,10129,6482,1621,2026,4,16,1,0.08871913701295853,0.03204512968659401,0.9900689721107483,"{""target_room_occupancy_count"": 0.08871913701295853}","{""target_room_occupancy_count"": 0.9900689721107483}",,,0,0,0,False
room_occupancy_estimation,5,prism_z_acp_random_forest,10129,6482,1621,2026,4,16,1,0.07321410695963523,0.006789562627591206,0.9932368492462067,"{""target_room_occupancy_count"": 0.07321410695963523}","{""target_room_occupancy_count"": 0.9932368492462067}",,,0,0,0,False
room_occupancy_estimation,5,prism_z_acp_xgboost,10129,6482,1621,2026,4,16,1,0.06857905008305763,0.008510088902331462,0.994066069439171,"{""target_room_occupancy_count"": 0.06857905008305763}","{""target_room_occupancy_count"": 0.994066069439171}",,,0,0,0,False
room_occupancy_estimation,5,prism_z_acp_lightgbm,10129,6482,1621,2026,4,16,1,0.06574614022486619,0.009033043611316283,0.9945461893863616,"{""target_room_occupancy_count"": 0.06574614022486619}","{""target_room_occupancy_count"": 0.9945461893863616}",,,0,0,0,False
room_occupancy_estimation,5,prism_z_random_forest,10129,6482,1621,2026,4,16,1,0.06408100810957067,0.006792990345824166,0.9948189450293591,"{""target_room_occupancy_count"": 0.06408100810957067}","{""target_room_occupancy_count"": 0.9948189450293591}",,,0,0,0,False
room_occupancy_estimation,5,prism_z_xgboost,10129,6482,1621,2026,4,16,1,0.06611981912587235,0.00942399625342662,0.994484017963737,"{""target_room_occupancy_count"": 0.06611981912587235}","{""target_room_occupancy_count"": 0.994484017963737}",,,0,0,0,False
room_occupancy_estimation,5,prism_z_lightgbm,10129,6482,1621,2026,4,16,1,0.05445486380438892,0.008160569603537471,0.9962586108558945,"{""target_room_occupancy_count"": 0.05445486380438892}","{""target_room_occupancy_count"": 0.9962586108558945}",,,0,0,0,False
average_localization_error,1,simple_mlp,107,68,17,22,3,1,1,0.24310368299484253,0.2041482776403427,0.35812461376190186,"{""target_average_localization_error"": 0.24310368299484253}","{""target_average_localization_error"": 0.35812461376190186}",,,0,0,0,False
average_localization_error,1,random_forest,107,68,17,22,3,1,1,0.20110000771034583,0.18184698711258465,0.5607702014857069,"{""target_average_localization_error"": 0.20110000771034583}","{""target_average_localization_error"": 0.5607702014857069}",,,0,0,0,False
average_localization_error,1,xgboost,107,68,17,22,3,1,1,0.25117624478610634,0.20273051083363605,0.3147883344832637,"{""target_average_localization_error"": 0.25117624478610634}","{""target_average_localization_error"": 0.3147883344832637}",,,0,0,0,False
average_localization_error,1,lightgbm,107,68,17,22,3,1,1,0.1859894030180968,0.14802826707885328,0.62429755400917,"{""target_average_localization_error"": 0.1859894030180968}","{""target_average_localization_error"": 0.62429755400917}",,,0,0,0,False
average_localization_error,1,cnn_mlp,107,68,17,22,3,1,1,0.20290596463785224,0.1683515557060941,0.5528458670699115,"{""target_average_localization_error"": 0.20290596463785224}","{""target_average_localization_error"": 0.5528458670699115}",,,0,0,0,False
average_localization_error,1,ftt_mlp,107,68,17,22,3,1,1,0.18023226670185186,0.1480056027430221,0.6471966413054704,"{""target_average_localization_error"": 0.18023226670185186}","{""target_average_localization_error"": 0.6471966413054704}",,,0,0,0,False
average_localization_error,1,two_stage_mlp,107,68,17,22,3,1,1,0.2878163456916809,0.2369176745414734,0.10029840469360352,"{""target_average_localization_error"": 0.2878163456916809}","{""target_average_localization_error"": 0.10029840469360352}",,,0,0,0,False
average_localization_error,1,oracle_mlp,107,68,17,22,3,1,1,0.2407856583595276,0.15166164934635162,0.3703070282936096,"{""target_average_localization_error"": 0.2407856583595276}","{""target_average_localization_error"": 0.3703070282936096}",,,0,0,0,False
average_localization_error,1,prism,107,68,17,22,3,1,1,0.1944931000471115,0.16442851722240448,0.5891568660736084,"{""target_average_localization_error"": 0.1944931000471115}","{""target_average_localization_error"": 0.5891568660736084}",,,0,0,0,False
average_localization_error,1,prism_z_acp_random_forest,107,68,17,22,3,1,1,0.196632844751295,0.17467121284941178,0.5800672497048889,"{""target_average_localization_error"": 0.196632844751295}","{""target_average_localization_error"": 0.5800672497048889}",,,0,0,0,False
average_localization_error,1,prism_z_acp_xgboost,107,68,17,22,3,1,1,0.24653564005656659,0.19899025237977475,0.33987368716760313,"{""target_average_localization_error"": 0.24653564005656659}","{""target_average_localization_error"": 0.33987368716760313}",,,0,0,0,False
average_localization_error,1,prism_z_acp_lightgbm,107,68,17,22,3,1,1,0.1939919965115146,0.16981421310110797,0.5912711935744882,"{""target_average_localization_error"": 0.1939919965115146}","{""target_average_localization_error"": 0.5912711935744882}",,,0,0,0,False
average_localization_error,1,prism_z_random_forest,107,68,17,22,3,1,1,0.19664463826044476,0.17416852918094475,0.5800168753205139,"{""target_average_localization_error"": 0.19664463826044476}","{""target_average_localization_error"": 0.5800168753205139}",,,0,0,0,False
average_localization_error,1,prism_z_xgboost,107,68,17,22,3,1,1,0.2580637268858368,0.2081724698387706,0.27669485965937224,"{""target_average_localization_error"": 0.2580637268858368}","{""target_average_localization_error"": 0.27669485965937224}",,,0,0,0,False
average_localization_error,1,prism_z_lightgbm,107,68,17,22,3,1,1,0.19418855061963317,0.17037871408086425,0.5904425199525085,"{""target_average_localization_error"": 0.19418855061963317}","{""target_average_localization_error"": 0.5904425199525085}",,,0,0,0,False
average_localization_error,2,simple_mlp,107,68,17,22,3,1,1,0.2661951780319214,0.21257643401622772,0.21061080694198608,"{""target_average_localization_error"": 0.2661951780319214}","{""target_average_localization_error"": 0.21061080694198608}",,,0,0,0,False
average_localization_error,2,random_forest,107,68,17,22,3,1,1,0.2379450712329571,0.18699510217357948,0.3692688777171962,"{""target_average_localization_error"": 0.2379450712329571}","{""target_average_localization_error"": 0.3692688777171962}",,,0,0,0,False
average_localization_error,2,xgboost,107,68,17,22,3,1,1,0.24569975435218797,0.1988470758378347,0.327487627040826,"{""target_average_localization_error"": 0.24569975435218797}","{""target_average_localization_error"": 0.327487627040826}",,,0,0,0,False
average_localization_error,2,lightgbm,107,68,17,22,3,1,1,0.22415793487096314,0.17898817720535565,0.44024359955600656,"{""target_average_localization_error"": 0.22415793487096314}","{""target_average_localization_error"": 0.44024359955600656}",,,0,0,0,False
average_localization_error,2,cnn_mlp,107,68,17,22,3,1,1,0.24147035223110005,0.186297485971997,0.3504412077780018,"{""target_average_localization_error"": 0.24147035223110005}","{""target_average_localization_error"": 0.3504412077780018}",,,0,0,0,False
average_localization_error,2,ftt_mlp,107,68,17,22,3,1,1,0.2520168879669334,0.18117638194659247,0.2924614240821537,"{""target_average_localization_error"": 0.2520168879669334}","{""target_average_localization_error"": 0.2924614240821537}",,,0,0,0,False
average_localization_error,2,two_stage_mlp,107,68,17,22,3,1,1,0.24487565457820892,0.19119033217430115,0.33199143409729004,"{""target_average_localization_error"": 0.24487565457820892}","{""target_average_localization_error"": 0.33199143409729004}",,,0,0,0,False
average_localization_error,2,oracle_mlp,107,68,17,22,3,1,1,0.22122204303741455,0.18404294550418854,0.45481032133102417,"{""target_average_localization_error"": 0.22122204303741455}","{""target_average_localization_error"": 0.45481032133102417}",,,0,0,0,False
average_localization_error,2,prism,107,68,17,22,3,1,1,0.24022676050662994,0.21278563141822815,0.3571145534515381,"{""target_average_localization_error"": 0.24022676050662994}","{""target_average_localization_error"": 0.3571145534515381}",,,0,0,0,False
average_localization_error,2,prism_z_acp_random_forest,107,68,17,22,3,1,1,0.2379704794385478,0.18766609232252582,0.3691341693025738,"{""target_average_localization_error"": 0.2379704794385478}","{""target_average_localization_error"": 0.3691341693025738}",,,0,0,0,False
average_localization_error,2,prism_z_acp_xgboost,107,68,17,22,3,1,1,0.2519679417132567,0.20257892032391728,0.2927362310594376,"{""target_average_localization_error"": 0.2519679417132567}","{""target_average_localization_error"": 0.2927362310594376}",,,0,0,0,False
average_localization_error,2,prism_z_acp_lightgbm,107,68,17,22,3,1,1,0.24604791461605147,0.19822770886622534,0.3255803562967037,"{""target_average_localization_error"": 0.24604791461605147}","{""target_average_localization_error"": 0.3255803562967037}",,,0,0,0,False
average_localization_error,2,prism_z_random_forest,107,68,17,22,3,1,1,0.23708333091030323,0.18674468940639588,0.3738291085477885,"{""target_average_localization_error"": 0.23708333091030323}","{""target_average_localization_error"": 0.3738291085477885}",,,0,0,0,False
average_localization_error,2,prism_z_xgboost,107,68,17,22,3,1,1,0.24549638565464887,0.19915071372310242,0.3286004597619464,"{""target_average_localization_error"": 0.24549638565464887}","{""target_average_localization_error"": 0.3286004597619464}",,,0,0,0,False
average_localization_error,2,prism_z_lightgbm,107,68,17,22,3,1,1,0.24621590402318896,0.19835092892545658,0.3246591208330244,"{""target_average_localization_error"": 0.24621590402318896}","{""target_average_localization_error"": 0.3246591208330244}",,,0,0,0,False
average_localization_error,3,simple_mlp,107,68,17,22,3,1,1,0.4759812653064728,0.3369517922401428,0.36533641815185547,"{""target_average_localization_error"": 0.4759812653064728}","{""target_average_localization_error"": 0.36533641815185547}",,,0,0,0,False
average_localization_error,3,random_forest,107,68,17,22,3,1,1,0.45221502276822256,0.29404051690322347,0.42713298888542917,"{""target_average_localization_error"": 0.45221502276822256}","{""target_average_localization_error"": 0.42713298888542917}",,,0,0,0,False
average_localization_error,3,xgboost,107,68,17,22,3,1,1,0.44212981982889754,0.28953930515353116,0.4523999778748501,"{""target_average_localization_error"": 0.44212981982889754}","{""target_average_localization_error"": 0.4523999778748501}",,,0,0,0,False
average_localization_error,3,lightgbm,107,68,17,22,3,1,1,0.4597534647022083,0.28978486743471626,0.40787436426267354,"{""target_average_localization_error"": 0.4597534647022083}","{""target_average_localization_error"": 0.40787436426267354}",,,0,0,0,False
average_localization_error,3,cnn_mlp,107,68,17,22,3,1,1,0.47326823262217943,0.3125452655856394,0.3725508277165851,"{""target_average_localization_error"": 0.47326823262217943}","{""target_average_localization_error"": 0.3725508277165851}",,,0,0,0,False
average_localization_error,3,ftt_mlp,107,68,17,22,3,1,1,0.4560428805442585,0.31470376845517917,0.41739366471787476,"{""target_average_localization_error"": 0.4560428805442585}","{""target_average_localization_error"": 0.41739366471787476}",,,0,0,0,False
average_localization_error,3,two_stage_mlp,107,68,17,22,3,1,1,0.44180577993392944,0.2884790897369385,0.4532023072242737,"{""target_average_localization_error"": 0.44180577993392944}","{""target_average_localization_error"": 0.4532023072242737}",,,0,0,0,False
average_localization_error,3,oracle_mlp,107,68,17,22,3,1,1,0.38566306233406067,0.29367589950561523,0.5833418369293213,"{""target_average_localization_error"": 0.38566306233406067}","{""target_average_localization_error"": 0.5833418369293213}",,,0,0,0,False
average_localization_error,3,prism,107,68,17,22,3,1,1,0.46284520626068115,0.32561472058296204,0.3998837471008301,"{""target_average_localization_error"": 0.46284520626068115}","{""target_average_localization_error"": 0.3998837471008301}",,,0,0,0,False
average_localization_error,3,prism_z_acp_random_forest,107,68,17,22,3,1,1,0.44727346672049784,0.2914731330022225,0.4395845320430465,"{""target_average_localization_error"": 0.44727346672049784}","{""target_average_localization_error"": 0.4395845320430465}",,,0,0,0,False
average_localization_error,3,prism_z_acp_xgboost,107,68,17,22,3,1,1,0.46797317158526586,0.3081846482804623,0.3865124484487501,"{""target_average_localization_error"": 0.46797317158526586}","{""target_average_localization_error"": 0.3865124484487501}",,,0,0,0,False
average_localization_error,3,prism_z_acp_lightgbm,107,68,17,22,3,1,1,0.47451920041430884,0.3012095610662154,0.36922942973967665,"{""target_average_localization_error"": 0.47451920041430884}","{""target_average_localization_error"": 0.36922942973967665}",,,0,0,0,False
average_localization_error,3,prism_z_random_forest,107,68,17,22,3,1,1,0.44703344285000224,0.2924714241342764,0.4401858509555372,"{""target_average_localization_error"": 0.44703344285000224}","{""target_average_localization_error"": 0.4401858509555372}",,,0,0,0,False
average_localization_error,3,prism_z_xgboost,107,68,17,22,3,1,1,0.4625360263850939,0.3039668926503059,0.400685241445644,"{""target_average_localization_error"": 0.4625360263850939}","{""target_average_localization_error"": 0.400685241445644}",,,0,0,0,False
average_localization_error,3,prism_z_lightgbm,107,68,17,22,3,1,1,0.4723125485646684,0.30037811226505196,0.37508232123873053,"{""target_average_localization_error"": 0.4723125485646684}","{""target_average_localization_error"": 0.37508232123873053}",,,0,0,0,False
average_localization_error,4,simple_mlp,107,68,17,22,3,1,1,0.21336740255355835,0.16168266534805298,0.3960057497024536,"{""target_average_localization_error"": 0.21336740255355835}","{""target_average_localization_error"": 0.3960057497024536}",,,0,0,0,False
average_localization_error,4,random_forest,107,68,17,22,3,1,1,0.18349485237338525,0.14908683947976867,0.5532912610387544,"{""target_average_localization_error"": 0.18349485237338525}","{""target_average_localization_error"": 0.5532912610387544}",,,0,0,0,False
average_localization_error,4,xgboost,107,68,17,22,3,1,1,0.16730081820308593,0.1379444162333844,0.6286590811121545,"{""target_average_localization_error"": 0.16730081820308593}","{""target_average_localization_error"": 0.6286590811121545}",,,0,0,0,False
average_localization_error,4,lightgbm,107,68,17,22,3,1,1,0.19922151603591817,0.16160261602293255,0.4734384307633064,"{""target_average_localization_error"": 0.19922151603591817}","{""target_average_localization_error"": 0.4734384307633064}",,,0,0,0,False
average_localization_error,4,cnn_mlp,107,68,17,22,3,1,1,0.2588381444247501,0.18712028702769226,0.11114026472842364,"{""target_average_localization_error"": 0.2588381444247501}","{""target_average_localization_error"": 0.11114026472842364}",,,0,0,0,False
average_localization_error,4,ftt_mlp,107,68,17,22,3,1,1,0.2187311664765749,0.17483180358475378,0.3652568600052567,"{""target_average_localization_error"": 0.2187311664765749}","{""target_average_localization_error"": 0.3652568600052567}",,,0,0,0,False
average_localization_error,4,two_stage_mlp,107,68,17,22,3,1,1,0.2151220440864563,0.1713695079088211,0.3860308527946472,"{""target_average_localization_error"": 0.2151220440864563}","{""target_average_localization_error"": 0.3860308527946472}",,,0,0,0,False
average_localization_error,4,oracle_mlp,107,68,17,22,3,1,1,0.26310601830482483,0.15403145551681519,0.08158642053604126,"{""target_average_localization_error"": 0.26310601830482483}","{""target_average_localization_error"": 0.08158642053604126}",,,0,0,0,False
average_localization_error,4,prism,107,68,17,22,3,1,1,0.2605077624320984,0.2149485945701599,0.0996362566947937,"{""target_average_localization_error"": 0.2605077624320984}","{""target_average_localization_error"": 0.0996362566947937}",,,0,0,0,False
average_localization_error,4,prism_z_acp_random_forest,107,68,17,22,3,1,1,0.16958263025195572,0.138167380482971,0.6184605829738614,"{""target_average_localization_error"": 0.16958263025195572}","{""target_average_localization_error"": 0.6184605829738614}",,,0,0,0,False
average_localization_error,4,prism_z_acp_xgboost,107,68,17,22,3,1,1,0.18418555162983247,0.147183711808213,0.5499219884355937,"{""target_average_localization_error"": 0.18418555162983247}","{""target_average_localization_error"": 0.5499219884355937}",,,0,0,0,False
average_localization_error,4,prism_z_acp_lightgbm,107,68,17,22,3,1,1,0.17882688396947044,0.1463657683178117,0.5757300272964245,"{""target_average_localization_error"": 0.17882688396947044}","{""target_average_localization_error"": 0.5757300272964245}",,,0,0,0,False
average_localization_error,4,prism_z_random_forest,107,68,17,22,3,1,1,0.16726035847023743,0.1369933894067139,0.6288386682511019,"{""target_average_localization_error"": 0.16726035847023743}","{""target_average_localization_error"": 0.6288386682511019}",,,0,0,0,False
average_localization_error,4,prism_z_xgboost,107,68,17,22,3,1,1,0.18249960619144298,0.14550827341760722,0.5581238705904965,"{""target_average_localization_error"": 0.18249960619144298}","{""target_average_localization_error"": 0.5581238705904965}",,,0,0,0,False
average_localization_error,4,prism_z_lightgbm,107,68,17,22,3,1,1,0.17960935894999944,0.14695850262766819,0.5720090325718228,"{""target_average_localization_error"": 0.17960935894999944}","{""target_average_localization_error"": 0.5720090325718228}",,,0,0,0,False
average_localization_error,5,simple_mlp,107,68,17,22,3,1,1,0.3400900065898895,0.2419784665107727,0.32900720834732056,"{""target_average_localization_error"": 0.3400900065898895}","{""target_average_localization_error"": 0.32900720834732056}",,,0,0,0,False
average_localization_error,5,random_forest,107,68,17,22,3,1,1,0.3231173856995043,0.21852101955035172,0.39430955257865596,"{""target_average_localization_error"": 0.3231173856995043}","{""target_average_localization_error"": 0.39430955257865596}",,,0,0,0,False
average_localization_error,5,xgboost,107,68,17,22,3,1,1,0.31940693769270545,0.21854265490199642,0.4081403109752556,"{""target_average_localization_error"": 0.31940693769270545}","{""target_average_localization_error"": 0.4081403109752556}",,,0,0,0,False
average_localization_error,5,lightgbm,107,68,17,22,3,1,1,0.29993190302802725,0.1954021731349664,0.4781142992356545,"{""target_average_localization_error"": 0.29993190302802725}","{""target_average_localization_error"": 0.4781142992356545}",,,0,0,0,False
average_localization_error,5,cnn_mlp,107,68,17,22,3,1,1,0.31666917415294327,0.21226584084346645,0.4182429559830445,"{""target_average_localization_error"": 0.31666917415294327}","{""target_average_localization_error"": 0.4182429559830445}",,,0,0,0,False
average_localization_error,5,ftt_mlp,107,68,17,22,3,1,1,0.3447244939085628,0.24307927205185081,0.3105951141681206,"{""target_average_localization_error"": 0.3447244939085628}","{""target_average_localization_error"": 0.3105951141681206}",,,0,0,0,False
average_localization_error,5,two_stage_mlp,107,68,17,22,3,1,1,0.33778461813926697,0.25804197788238525,0.3380734324455261,"{""target_average_localization_error"": 0.33778461813926697}","{""target_average_localization_error"": 0.3380734324455261}",,,0,0,0,False
average_localization_error,5,oracle_mlp,107,68,17,22,3,1,1,0.3314490020275116,0.22386954724788666,0.36267125606536865,"{""target_average_localization_error"": 0.3314490020275116}","{""target_average_localization_error"": 0.36267125606536865}",,,0,0,0,False
average_localization_error,5,prism,107,68,17,22,3,1,1,0.3461116850376129,0.2576333284378052,0.3050355911254883,"{""target_average_localization_error"": 0.3461116850376129}","{""target_average_localization_error"": 0.3050355911254883}",,,0,0,0,False
average_localization_error,5,prism_z_acp_random_forest,107,68,17,22,3,1,1,0.31934944669808135,0.21651473508764366,0.40835335293465447,"{""target_average_localization_error"": 0.31934944669808135}","{""target_average_localization_error"": 0.40835335293465447}",,,0,0,0,False
average_localization_error,5,prism_z_acp_xgboost,107,68,17,22,3,1,1,0.32843747294684933,0.23321997225357619,0.3742001201187005,"{""target_average_localization_error"": 0.32843747294684933}","{""target_average_localization_error"": 0.3742001201187005}",,,0,0,0,False
average_localization_error,5,prism_z_acp_lightgbm,107,68,17,22,3,1,1,0.30955308306033685,0.2148667778232128,0.4440953085256383,"{""target_average_localization_error"": 0.30955308306033685}","{""target_average_localization_error"": 0.4440953085256383}",,,0,0,0,False
average_localization_error,5,prism_z_random_forest,107,68,17,22,3,1,1,0.3188688362113562,0.2169519991402609,0.41013283065744843,"{""target_average_localization_error"": 0.3188688362113562}","{""target_average_localization_error"": 0.41013283065744843}",,,0,0,0,False
average_localization_error,5,prism_z_xgboost,107,68,17,22,3,1,1,0.32586397512498533,0.23156351793113483,0.3839687073284611,"{""target_average_localization_error"": 0.32586397512498533}","{""target_average_localization_error"": 0.3839687073284611}",,,0,0,0,False
average_localization_error,5,prism_z_lightgbm,107,68,17,22,3,1,1,0.31786994757740533,0.21816030413434231,0.41382267840633347,"{""target_average_localization_error"": 0.31786994757740533}","{""target_average_localization_error"": 0.41382267840633347}",,,0,0,0,False
gas_sensor_flow_modulation,1,simple_mlp,58,36,10,12,30,432,2,0.019295670092105865,0.014523958787322044,0.9930825233459473,"{""target_acetone_concentration"": 0.014127750881016254, ""target_ethanol_concentration"": 0.024463588371872902}","{""target_acetone_concentration"": 0.9895485639572144, ""target_ethanol_concentration"": 0.9966164231300354}",,,0,0,0,False
gas_sensor_flow_modulation,1,random_forest,58,36,10,12,30,432,2,0.042291091165149196,0.026652785111162713,0.9760278950895512,"{""target_acetone_concentration"": 0.02228353612334797, ""target_ethanol_concentration"": 0.06229864620695042}","{""target_acetone_concentration"": 0.9739985236795233, ""target_ethanol_concentration"": 0.9780572664995791}",,,0,0,0,False
gas_sensor_flow_modulation,1,xgboost,58,36,10,12,30,432,2,0.01555033608517448,0.012342299685990309,0.9941402938367381,"{""target_acetone_concentration"": 0.013843965066657644, ""target_ethanol_concentration"": 0.017256707103691316}","{""target_acetone_concentration"": 0.9899642281802742, ""target_ethanol_concentration"": 0.9983163594932021}",,,0,0,0,False
gas_sensor_flow_modulation,1,lightgbm,58,36,10,12,30,432,2,0.28649296450033035,0.24699074406529065,-0.10091872644195632,"{""target_acetone_concentration"": 0.15110192631764086, ""target_ethanol_concentration"": 0.4218840026830199}","{""target_acetone_concentration"": -0.19555563507388563, ""target_ethanol_concentration"": -0.006281817810027013}",,,0,0,0,False
gas_sensor_flow_modulation,1,cnn_mlp,58,36,10,12,30,432,2,0.11151191518815017,0.09070266348764865,0.6661826303218207,"{""target_acetone_concentration"": 0.10618917186505784, ""target_ethanol_concentration"": 0.11683465851124249}","{""target_acetone_concentration"": 0.4095403066597971, ""target_ethanol_concentration"": 0.9228249539838442}",,,0,0,0,False
gas_sensor_flow_modulation,1,ftt_mlp,58,36,10,12,30,432,2,0.022675155774764946,0.019417612223228204,0.9925682975920237,"{""target_acetone_concentration"": 0.013096977661211302, ""target_ethanol_concentration"": 0.03225333388831859}","{""target_acetone_concentration"": 0.9910180225090098, ""target_ethanol_concentration"": 0.9941185726750376}",,,0,0,0,False
gas_sensor_flow_modulation,1,two_stage_mlp,58,36,10,12,30,432,2,0.041664477437734604,0.022442739456892014,0.9814351201057434,"{""target_acetone_concentration"": 0.013529589399695396, ""target_ethanol_concentration"": 0.06979936361312866}","{""target_acetone_concentration"": 0.9904148578643799, ""target_ethanol_concentration"": 0.9724553823471069}",,,0,0,0,False
gas_sensor_flow_modulation,1,oracle_mlp,58,36,10,12,30,432,2,0.04918789118528366,0.035930074751377106,0.9479506611824036,"{""target_acetone_concentration"": 0.04029623791575432, ""target_ethanol_concentration"": 0.058079540729522705}","{""target_acetone_concentration"": 0.9149726033210754, ""target_ethanol_concentration"": 0.9809287190437317}",,,0,0,0,False
gas_sensor_flow_modulation,1,prism,58,36,10,12,30,432,2,0.016609620302915573,0.011753728613257408,0.9913367629051208,"{""target_acetone_concentration"": 0.017435267567634583, ""target_ethanol_concentration"": 0.015783971175551414}","{""target_acetone_concentration"": 0.984082043170929, ""target_ethanol_concentration"": 0.9985914826393127}",,,0,0,0,False
gas_sensor_flow_modulation,1,prism_z_acp_random_forest,58,36,10,12,30,432,2,0.07259161862835725,0.05166667355029177,0.863398911370019,"{""target_acetone_concentration"": 0.06758102869400223, ""target_ethanol_concentration"": 0.07760220856271226}","{""target_acetone_concentration"": 0.7608450439963093, ""target_ethanol_concentration"": 0.9659527787437288}",,,0,0,0,False
gas_sensor_flow_modulation,1,prism_z_acp_xgboost,58,36,10,12,30,432,2,0.036338796924676536,0.023326213189065186,0.9167865021034689,"{""target_acetone_concentration"": 0.05611299216303394, ""target_ethanol_concentration"": 0.01656460168631914}","{""target_acetone_concentration"": 0.8351243031785394, ""target_ethanol_concentration"": 0.9984487010283983}",,,0,0,0,False
gas_sensor_flow_modulation,1,prism_z_acp_lightgbm,58,36,10,12,30,432,2,0.28649296450033035,0.24699074406529065,-0.10091872644195632,"{""target_acetone_concentration"": 0.15110192631764086, ""target_ethanol_concentration"": 0.4218840026830199}","{""target_acetone_concentration"": -0.19555563507388563, ""target_ethanol_concentration"": -0.006281817810027013}",,,0,0,0,False
gas_sensor_flow_modulation,1,prism_z_random_forest,58,36,10,12,30,432,2,0.07817986965357894,0.053333339838250865,0.9070950784712812,"{""target_acetone_concentration"": 0.047677262430465224, ""target_ethanol_concentration"": 0.10868247687669266}","{""target_acetone_concentration"": 0.880971102648123, ""target_ethanol_concentration"": 0.9332190542944395}",,,0,0,0,False
gas_sensor_flow_modulation,1,prism_z_xgboost,58,36,10,12,30,432,2,0.03762848710013985,0.025383595173021585,0.9084216604375168,"{""target_acetone_concentration"": 0.05889725548530101, ""target_ethanol_concentration"": 0.01635971871497869}","{""target_acetone_concentration"": 0.8183564819977742, ""target_ethanol_concentration"": 0.9984868388772595}",,,0,0,0,False
gas_sensor_flow_modulation,1,prism_z_lightgbm,58,36,10,12,30,432,2,0.28649296450033035,0.24699074406529065,-0.10091872644195632,"{""target_acetone_concentration"": 0.15110192631764086, ""target_ethanol_concentration"": 0.4218840026830199}","{""target_acetone_concentration"": -0.19555563507388563, ""target_ethanol_concentration"": -0.006281817810027013}",,,0,0,0,False
gas_sensor_flow_modulation,2,simple_mlp,58,36,10,12,30,432,2,0.21759788691997528,0.12932440638542175,-1.5956065654754639,"{""target_acetone_concentration"": 0.33232682943344116, ""target_ethanol_concentration"": 0.1028689369559288}","{""target_acetone_concentration"": 0.1625317931175232, ""target_ethanol_concentration"": -3.3537449836730957}",,,0,0,0,False
gas_sensor_flow_modulation,2,random_forest,58,36,10,12,30,432,2,0.21408129215112282,0.10208333625761266,0.05382259246848531,"{""target_acetone_concentration"": 0.3849367528247515, ""target_ethanol_concentration"": 0.043225831477494134}","{""target_acetone_concentration"": -0.12361179496642039, ""target_ethanol_concentration"": 0.231256979903391}",,,0,0,0,False
gas_sensor_flow_modulation,2,xgboost,58,36,10,12,30,432,2,0.20046943510972776,0.08774430615017204,0.3565032422650294,"{""target_acetone_concentration"": 0.37902063304832084, ""target_ethanol_concentration"": 0.021918237171134683}","{""target_acetone_concentration"": -0.08933946546205362, ""target_ethanol_concentration"": 0.8023459499921124}",,,0,0,0,False
gas_sensor_flow_modulation,2,lightgbm,58,36,10,12,30,432,2,0.2900333075545255,0.23009259827607767,-8.481667278798188,"{""target_acetone_concentration"": 0.3713817203281956, ""target_ethanol_concentration"": 0.20868489478085545}","{""target_acetone_concentration"": -0.04587210507146189, ""target_ethanol_concentration"": -16.917462452524916}",,,0,0,0,False
gas_sensor_flow_modulation,2,cnn_mlp,58,36,10,12,30,432,2,0.3337900809276455,0.19622876700576392,-17.648360144912882,"{""target_acetone_concentration"": 0.37073242982368815, ""target_ethanol_concentration"": 0.2968477320316029}","{""target_acetone_concentration"": -0.04221828382587467, ""target_ethanol_concentration"": -35.25450200599989}",,,0,0,0,False
gas_sensor_flow_modulation,2,ftt_mlp,58,36,10,12,30,432,2,0.2077986665384777,0.09641978359534482,0.29482798200352717,"{""target_acetone_concentration"": 0.3908517521152964, ""target_ethanol_concentration"": 0.024745580961659006}","{""target_acetone_concentration"": -0.15840829552862545, ""target_ethanol_concentration"": 0.7480642595356798}",,,0,0,0,False
gas_sensor_flow_modulation,2,two_stage_mlp,58,36,10,12,30,432,2,0.26663947105407715,0.1257306933403015,-3.9796130657196045,"{""target_acetone_concentration"": 0.3868256211280823, ""target_ethanol_concentration"": 0.1464533507823944}","{""target_acetone_concentration"": -0.134665846824646, ""target_ethanol_concentration"": -7.824560165405273}",,,0,0,0,False
gas_sensor_flow_modulation,2,oracle_mlp,58,36,10,12,30,432,2,0.0641336664557457,0.03662052005529404,0.6905156970024109,"{""target_acetone_concentration"": 0.09152432531118393, ""target_ethanol_concentration"": 0.036743007600307465}","{""target_acetone_concentration"": 0.9364799857139587, ""target_ethanol_concentration"": 0.44455140829086304}",,,0,0,0,False
gas_sensor_flow_modulation,2,prism,58,36,10,12,30,432,2,0.1767488718032837,0.08839547634124756,0.393675833940506,"{""target_acetone_concentration"": 0.32114747166633606, ""target_ethanol_concentration"": 0.03235027566552162}","{""target_acetone_concentration"": 0.21792834997177124, ""target_ethanol_concentration"": 0.5694233179092407}",,,0,0,0,False
gas_sensor_flow_modulation,2,prism_z_acp_random_forest,58,36,10,12,30,432,2,0.23776166192465364,0.12316667209588546,-1.2340970234868223,"{""target_acetone_concentration"": 0.38539757979726774, ""target_ethanol_concentration"": 0.09012574405203957}","{""target_acetone_concentration"": -0.1263036686544292, ""target_ethanol_concentration"": -2.3418903783192153}",,,0,0,0,False
gas_sensor_flow_modulation,2,prism_z_acp_xgboost,58,36,10,12,30,432,2,0.21594045802446601,0.09468168145283849,-0.030959560530173014,"{""target_acetone_concentration"": 0.3839840539909944, ""target_ethanol_concentration"": 0.04789686205793763}","{""target_acetone_concentration"": -0.11805691371725113, ""target_ethanol_concentration"": 0.056137792656905106}",,,0,0,0,False
gas_sensor_flow_modulation,2,prism_z_acp_lightgbm,58,36,10,12,30,432,2,0.2900333075545255,0.23009259827607767,-8.481667278798188,"{""target_acetone_concentration"": 0.3713817203281956, ""target_ethanol_concentration"": 0.20868489478085545}","{""target_acetone_concentration"": -0.04587210507146189, ""target_ethanol_concentration"": -16.917462452524916}",,,0,0,0,False
gas_sensor_flow_modulation,2,prism_z_random_forest,58,36,10,12,30,432,2,0.2213832055969503,0.11369444942703005,-0.5265227354040506,"{""target_acetone_concentration"": 0.37308757803480347, ""target_ethanol_concentration"": 0.06967883315909709}","{""target_acetone_concentration"": -0.05550212368948659, ""target_ethanol_concentration"": -0.9975433471186146}",,,0,0,0,False
gas_sensor_flow_modulation,2,prism_z_xgboost,58,36,10,12,30,432,2,0.2135439033601756,0.10080480822957916,0.062495216511270046,"{""target_acetone_concentration"": 0.3842364087778153, ""target_ethanol_concentration"": 0.04285139794253588}","{""target_acetone_concentration"": -0.1195269733453086, ""target_ethanol_concentration"": 0.2445174063678487}",,,0,0,0,False
gas_sensor_flow_modulation,2,prism_z_lightgbm,58,36,10,12,30,432,2,0.2900333075545255,0.23009259827607767,-8.481667278798188,"{""target_acetone_concentration"": 0.3713817203281956, ""target_ethanol_concentration"": 0.20868489478085545}","{""target_acetone_concentration"": -0.04587210507146189, ""target_ethanol_concentration"": -16.917462452524916}",,,0,0,0,False
gas_sensor_flow_modulation,3,simple_mlp,58,36,10,12,30,432,2,0.017927084118127823,0.014548791572451591,0.9972980618476868,"{""target_acetone_concentration"": 0.02285013534128666, ""target_ethanol_concentration"": 0.013004033826291561}","{""target_acetone_concentration"": 0.9969286322593689, ""target_ethanol_concentration"": 0.9976674914360046}",,,0,0,0,False
gas_sensor_flow_modulation,3,random_forest,58,36,10,12,30,432,2,0.1744893713977247,0.09499999394249563,0.740381369176472,"{""target_acetone_concentration"": 0.21522794285767757, ""target_ethanol_concentration"": 0.13375079993777184}","{""target_acetone_concentration"": 0.727511395064097, ""target_ethanol_concentration"": 0.7532513432888469}",,,0,0,0,False
gas_sensor_flow_modulation,3,xgboost,58,36,10,12,30,432,2,0.1552082186460311,0.06471235871158273,0.6490645679643399,"{""target_acetone_concentration"": 0.09320499103758909, ""target_ethanol_concentration"": 0.2172114462544731}","{""target_acetone_concentration"": 0.9488990029324873, ""target_ethanol_concentration"": 0.34923013299619243}",,,0,0,0,False
gas_sensor_flow_modulation,3,lightgbm,58,36,10,12,30,432,2,0.3664140488435852,0.27638889263380184,-0.16678638701084603,"{""target_acetone_concentration"": 0.43596954249123193, ""target_ethanol_concentration"": 0.2968585551959385}","{""target_acetone_concentration"": -0.11805543129677054, ""target_ethanol_concentration"": -0.2155173427249215}",,,0,0,0,False
gas_sensor_flow_modulation,3,cnn_mlp,58,36,10,12,30,432,2,0.0671508076295313,0.03386407584916536,0.9098343279690783,"{""target_acetone_concentration"": 0.020767049928540345, ""target_ethanol_concentration"": 0.11353456533052224}","{""target_acetone_concentration"": 0.9974631157623784, ""target_ethanol_concentration"": 0.8222055401757781}",,,0,0,0,False
gas_sensor_flow_modulation,3,ftt_mlp,58,36,10,12,30,432,2,0.017492748022454943,0.012948562080433344,0.9972836720308933,"{""target_acetone_concentration"": 0.020100698278877453, ""target_ethanol_concentration"": 0.014884797766032434}","{""target_acetone_concentration"": 0.9976233056962759, ""target_ethanol_concentration"": 0.9969440383655106}",,,0,0,0,False
gas_sensor_flow_modulation,3,two_stage_mlp,58,36,10,12,30,432,2,0.025056056678295135,0.021069753915071487,0.9930318593978882,"{""target_acetone_concentration"": 0.02163969911634922, ""target_ethanol_concentration"": 0.0284724123775959}","{""target_acetone_concentration"": 0.9972454309463501, ""target_ethanol_concentration"": 0.9888182282447815}",,,0,0,0,False
gas_sensor_flow_modulation,3,oracle_mlp,58,36,10,12,30,432,2,0.05813330411911011,0.032412003725767136,0.9674767255783081,"{""target_acetone_concentration"": 0.059762489050626755, ""target_ethanol_concentration"": 0.05650411918759346}","{""target_acetone_concentration"": 0.9789908528327942, ""target_ethanol_concentration"": 0.9559625387191772}",,,0,0,0,False
gas_sensor_flow_modulation,3,prism,58,36,10,12,30,432,2,0.01944578066468239,0.01623992808163166,0.9953451156616211,"{""target_acetone_concentration"": 0.014767962507903576, ""target_ethanol_concentration"": 0.024123597890138626}","{""target_acetone_concentration"": 0.9987171292304993, ""target_ethanol_concentration"": 0.9919731020927429}",,,0,0,0,False
gas_sensor_flow_modulation,3,prism_z_acp_random_forest,58,36,10,12,30,432,2,0.12564779319586558,0.07826388217216289,0.8655297794776529,"{""target_acetone_concentration"": 0.15534416325618594, ""target_ethanol_concentration"": 0.09595142313554521}","{""target_acetone_concentration"": 0.8580481959488928, ""target_ethanol_concentration"": 0.8730113630064128}",,,0,0,0,False
gas_sensor_flow_modulation,3,prism_z_acp_xgboost,58,36,10,12,30,432,2,0.11771250252251052,0.05345260139768179,0.8854598289334725,"{""target_acetone_concentration"": 0.17020050317476484, ""target_ethanol_concentration"": 0.06522450187025619}","{""target_acetone_concentration"": 0.8295987738996126, ""target_ethanol_concentration"": 0.9413208839673326}",,,0,0,0,False
gas_sensor_flow_modulation,3,prism_z_acp_lightgbm,58,36,10,12,30,432,2,0.3664140488435852,0.27638889263380184,-0.16678638701084603,"{""target_acetone_concentration"": 0.43596954249123193, ""target_ethanol_concentration"": 0.2968585551959385}","{""target_acetone_concentration"": -0.11805543129677054, ""target_ethanol_concentration"": -0.2155173427249215}",,,0,0,0,False
gas_sensor_flow_modulation,3,prism_z_random_forest,58,36,10,12,30,432,2,0.11293969250070574,0.07612499292895199,0.8907905618528992,"{""target_acetone_concentration"": 0.13815776735859972, ""target_ethanol_concentration"": 0.08772161764281175}","{""target_acetone_concentration"": 0.8877201952491673, ""target_ethanol_concentration"": 0.893860928456631}",,,0,0,0,False
gas_sensor_flow_modulation,3,prism_z_xgboost,58,36,10,12,30,432,2,0.12208020608443865,0.057317154557722946,0.8764890136232004,"{""target_acetone_concentration"": 0.17894030962163243, ""target_ethanol_concentration"": 0.06522010254724485}","{""target_acetone_concentration"": 0.8116492278585704, ""target_ethanol_concentration"": 0.9413287993878303}",,,0,0,0,False
gas_sensor_flow_modulation,3,prism_z_lightgbm,58,36,10,12,30,432,2,0.3664140488435852,0.27638889263380184,-0.16678638701084603,"{""target_acetone_concentration"": 0.43596954249123193, ""target_ethanol_concentration"": 0.2968585551959385}","{""target_acetone_concentration"": -0.11805543129677054, ""target_ethanol_concentration"": -0.2155173427249215}",,,0,0,0,False
gas_sensor_flow_modulation,4,simple_mlp,58,36,10,12,30,432,2,0.021366676315665245,0.017461314797401428,0.9918214082717896,"{""target_acetone_concentration"": 0.011984650045633316, ""target_ethanol_concentration"": 0.030748702585697174}","{""target_acetone_concentration"": 0.9977807998657227, ""target_ethanol_concentration"": 0.9858619570732117}",,,0,0,0,False
gas_sensor_flow_modulation,4,random_forest,58,36,10,12,30,432,2,0.09500296738030078,0.06441666650310604,0.8598352346159757,"{""target_acetone_concentration"": 0.07941208083073363, ""target_ethanol_concentration"": 0.11059385392986792}","{""target_acetone_concentration"": 0.902563932883694, ""target_ethanol_concentration"": 0.8171065363482573}",,,0,0,0,False
gas_sensor_flow_modulation,4,xgboost,58,36,10,12,30,432,2,0.021070033516070258,0.015623705889818738,0.9917438211118063,"{""target_acetone_concentration"": 0.01076180758478824, ""target_ethanol_concentration"": 0.03137825944735228}","{""target_acetone_concentration"": 0.9982105604179247, ""target_ethanol_concentration"": 0.9852770818056878}",,,0,0,0,False
gas_sensor_flow_modulation,4,lightgbm,58,36,10,12,30,432,2,0.2566325397213258,0.17731482057884634,-0.0010114550184671112,"{""target_acetone_concentration"": 0.2546481500992338, ""target_ethanol_concentration"": 0.2586169293434179}","{""target_acetone_concentration"": -0.0019075403442521122, ""target_ethanol_concentration"": -0.00011536969268211017}",,,0,0,0,False
gas_sensor_flow_modulation,4,cnn_mlp,58,36,10,12,30,432,2,0.2829068723754533,0.21578535062269147,-0.2258656340381251,"{""target_acetone_concentration"": 0.3032546243642591, ""target_ethanol_concentration"": 0.2625591203866476}","{""target_acetone_concentration"": -0.42089327362430784, ""target_ethanol_concentration"": -0.030837994451942352}",,,0,0,0,False
gas_sensor_flow_modulation,4,ftt_mlp,58,36,10,12,30,432,2,0.08673803540770242,0.059964344681177326,0.8737675259108433,"{""target_acetone_concentration"": 0.05735081049274066, ""target_ethanol_concentration"": 0.11612526032266418}","{""target_acetone_concentration"": 0.9491810469581753, ""target_ethanol_concentration"": 0.7983540048635113}",,,0,0,0,False
gas_sensor_flow_modulation,4,two_stage_mlp,58,36,10,12,30,432,2,0.07675996422767639,0.06360454857349396,0.8989036679267883,"{""target_acetone_concentration"": 0.047941528260707855, ""target_ethanol_concentration"": 0.10557839274406433}","{""target_acetone_concentration"": 0.9644883871078491, ""target_ethanol_concentration"": 0.8333189487457275}",,,0,0,0,False
gas_sensor_flow_modulation,4,oracle_mlp,58,36,10,12,30,432,2,0.13227227330207825,0.08475714921951294,0.7050029039382935,"{""target_acetone_concentration"": 0.17385698854923248, ""target_ethanol_concentration"": 0.09068755060434341}","{""target_acetone_concentration"": 0.5329849123954773, ""target_ethanol_concentration"": 0.8770208358764648}",,,0,0,0,False
gas_sensor_flow_modulation,4,prism,58,36,10,12,30,432,2,0.0349000059068203,0.028078975155949593,0.9804320335388184,"{""target_acetone_concentration"": 0.025991344824433327, ""target_ethanol_concentration"": 0.04380866885185242}","{""target_acetone_concentration"": 0.9895623326301575, ""target_ethanol_concentration"": 0.9713016748428345}",,,0,0,0,False
gas_sensor_flow_modulation,4,prism_z_acp_random_forest,58,36,10,12,30,432,2,0.05820418557882731,0.04544444569031704,0.9455620743451514,"{""target_acetone_concentration"": 0.071186186220253, ""target_ethanol_concentration"": 0.04522218493740162}","{""target_acetone_concentration"": 0.9217042755868957, ""target_ethanol_concentration"": 0.969419873103407}",,,0,0,0,False
gas_sensor_flow_modulation,4,prism_z_acp_xgboost,58,36,10,12,30,432,2,0.14550522488401152,0.10154278853685689,0.4709146168836826,"{""target_acetone_concentration"": 0.026344524477417013, ""target_ethanol_concentration"": 0.264665925290606}","{""target_acetone_concentration"": 0.9892767280102984, ""target_ethanol_concentration"": -0.047447494242933264}",,,0,0,0,False
gas_sensor_flow_modulation,4,prism_z_acp_lightgbm,58,36,10,12,30,432,2,0.2566325397213258,0.17731482057884634,-0.0010114550184671112,"{""target_acetone_concentration"": 0.2546481500992338, ""target_ethanol_concentration"": 0.2586169293434179}","{""target_acetone_concentration"": -0.0019075403442521122, ""target_ethanol_concentration"": -0.00011536969268211017}",,,0,0,0,False
gas_sensor_flow_modulation,4,prism_z_random_forest,58,36,10,12,30,432,2,0.06884244613077087,0.0539861155212382,0.925155527945899,"{""target_acetone_concentration"": 0.08132986785667483, ""target_ethanol_concentration"": 0.0563550244048669}","{""target_acetone_concentration"": 0.8978009809449797, ""target_ethanol_concentration"": 0.952510074946818}",,,0,0,0,False
gas_sensor_flow_modulation,4,prism_z_xgboost,58,36,10,12,30,432,2,0.1287715172218988,0.09297469707225818,0.629813761187396,"{""target_acetone_concentration"": 0.03849719210585347, ""target_ethanol_concentration"": 0.21904584233794414}","{""target_acetone_concentration"": 0.9771016229406579, ""target_ethanol_concentration"": 0.282525899434134}",,,0,0,0,False
gas_sensor_flow_modulation,4,prism_z_lightgbm,58,36,10,12,30,432,2,0.2566325397213258,0.17731482057884634,-0.0010114550184671112,"{""target_acetone_concentration"": 0.2546481500992338, ""target_ethanol_concentration"": 0.2586169293434179}","{""target_acetone_concentration"": -0.0019075403442521122, ""target_ethanol_concentration"": -0.00011536969268211017}",,,0,0,0,False
gas_sensor_flow_modulation,5,simple_mlp,58,36,10,12,30,432,2,0.024669483304023743,0.021705619990825653,0.991786003112793,"{""target_acetone_concentration"": 0.02521330490708351, ""target_ethanol_concentration"": 0.024125659838318825}","{""target_acetone_concentration"": 0.9917972683906555, ""target_ethanol_concentration"": 0.9917747974395752}",,,0,0,0,False
gas_sensor_flow_modulation,5,random_forest,58,36,10,12,30,432,2,0.08291645318922572,0.04849999831814187,0.862009249770993,"{""target_acetone_concentration"": 0.14454084835349018, ""target_ethanol_concentration"": 0.021292058024961254}","{""target_acetone_concentration"": 0.7304250405154314, ""target_ethanol_concentration"": 0.9935934590265545}",,,0,0,0,False
gas_sensor_flow_modulation,5,xgboost,58,36,10,12,30,432,2,0.02398165688432005,0.017051666732339224,0.9905845438283272,"{""target_acetone_concentration"": 0.036144274984206706, ""target_ethanol_concentration"": 0.011819038784433397}","{""target_acetone_concentration"": 0.983143112625231, ""target_ethanol_concentration"": 0.9980259750314232}",,,0,0,0,False
gas_sensor_flow_modulation,5,lightgbm,58,36,10,12,30,432,2,0.2870735788820442,0.23124999661054474,-0.11403760214625569,"{""target_acetone_concentration"": 0.2869190254692321, ""target_ethanol_concentration"": 0.2872281322948563}","{""target_acetone_concentration"": -0.062226285101260714, ""target_ethanol_concentration"": -0.16584891919125067}",,,0,0,0,False
gas_sensor_flow_modulation,5,cnn_mlp,58,36,10,12,30,432,2,0.2617356575131995,0.1933779354069728,0.07581479072532754,"{""target_acetone_concentration"": 0.2760916888413857, ""target_ethanol_concentration"": 0.2473796261850133}","{""target_acetone_concentration"": 0.0164305828139385, ""target_ethanol_concentration"": 0.13519899863671658}",,,0,0,0,False
gas_sensor_flow_modulation,5,ftt_mlp,58,36,10,12,30,432,2,0.022906749733373782,0.01839936922435081,0.9926005192925131,"{""target_acetone_concentration"": 0.01907207980925892, ""target_ethanol_concentration"": 0.026741419657488642}","{""target_acetone_concentration"": 0.9953065255215653, ""target_ethanol_concentration"": 0.9898945130634611}",,,0,0,0,False
gas_sensor_flow_modulation,5,two_stage_mlp,58,36,10,12,30,432,2,0.022316787391901016,0.016217606142163277,0.9932478666305542,"{""target_acetone_concentration"": 0.02174738049507141, ""target_ethanol_concentration"": 0.02288619615137577}","{""target_acetone_concentration"": 0.9938974380493164, ""target_ethanol_concentration"": 0.9925982356071472}",,,0,0,0,False
gas_sensor_flow_modulation,5,oracle_mlp,58,36,10,12,30,432,2,0.05962354689836502,0.031040269881486893,0.9494694471359253,"{""target_acetone_concentration"": 0.07613707333803177, ""target_ethanol_concentration"": 0.04311002418398857}","{""target_acetone_concentration"": 0.9252018928527832, ""target_ethanol_concentration"": 0.9737369418144226}",,,0,0,0,False
gas_sensor_flow_modulation,5,prism,58,36,10,12,30,432,2,0.009398236870765686,0.008071600459516048,0.9987484216690063,"{""target_acetone_concentration"": 0.0077165779657661915, ""target_ethanol_concentration"": 0.011079895310103893}","{""target_acetone_concentration"": 0.9992316961288452, ""target_ethanol_concentration"": 0.9982651472091675}",,,0,0,0,False
gas_sensor_flow_modulation,5,prism_z_acp_random_forest,58,36,10,12,30,432,2,0.06494317045623627,0.051638887769808094,0.9382373553016607,"{""target_acetone_concentration"": 0.08687331743686363, ""target_ethanol_concentration"": 0.04301302347560888}","{""target_acetone_concentration"": 0.9026196878473629, ""target_ethanol_concentration"": 0.9738550227559586}",,,0,0,0,False
gas_sensor_flow_modulation,5,prism_z_acp_xgboost,58,36,10,12,30,432,2,0.048571237785951404,0.030516655075600325,0.9557193625447482,"{""target_acetone_concentration"": 0.08113483283648228, ""target_ethanol_concentration"": 0.016007642735420536}","{""target_acetone_concentration"": 0.9150598465473515, ""target_ethanol_concentration"": 0.9963788785421449}",,,0,0,0,False
gas_sensor_flow_modulation,5,prism_z_acp_lightgbm,58,36,10,12,30,432,2,0.2870735788820442,0.23124999661054474,-0.11403760214625569,"{""target_acetone_concentration"": 0.2869190254692321, ""target_ethanol_concentration"": 0.2872281322948563}","{""target_acetone_concentration"": -0.062226285101260714, ""target_ethanol_concentration"": -0.16584891919125067}",,,0,0,0,False
gas_sensor_flow_modulation,5,prism_z_random_forest,58,36,10,12,30,432,2,0.0789659525533895,0.061124998710971795,0.9158562134085725,"{""target_acetone_concentration"": 0.0810989963996929, ""target_ethanol_concentration"": 0.0768329087070861}","{""target_acetone_concentration"": 0.9151348643933779, ""target_ethanol_concentration"": 0.9165775624237671}",,,0,0,0,False
gas_sensor_flow_modulation,5,prism_z_xgboost,58,36,10,12,30,432,2,0.0485615786768308,0.033628463295088326,0.9653076841601587,"{""target_acetone_concentration"": 0.06536723062606316, ""target_ethanol_concentration"": 0.031755926727598444}","{""target_acetone_concentration"": 0.9448661244572333, ""target_ethanol_concentration"": 0.985749243863084}",,,0,0,0,False
gas_sensor_flow_modulation,5,prism_z_lightgbm,58,36,10,12,30,432,2,0.2870735788820442,0.23124999661054474,-0.11403760214625569,"{""target_acetone_concentration"": 0.2869190254692321, ""target_ethanol_concentration"": 0.2872281322948563}","{""target_acetone_concentration"": -0.062226285101260714, ""target_ethanol_concentration"": -0.16584891919125067}",,,0,0,0,False
gas_sensor_drift_concentration,1,simple_mlp,13910,8902,2226,2782,33,96,7,5.040144920349121,1.9081567525863647,0.9855853319168091,"{""target_concentration"": 35.065162658691406, ""target_gas_class_1"": 0.03651430830359459, ""target_gas_class_2"": 0.0535687655210495, ""target_gas_class_3"": 0.038672275841236115, ""target_gas_class_4"": 0.02026965469121933, ""target_gas_class_5"": 0.04189193993806839, ""target_gas_class_6"": 0.02493087761104107}","{""target_concentration"": 0.9589936137199402, ""target_gas_class_1"": 0.9910672307014465, ""target_gas_class_2"": 0.9822224378585815, ""target_gas_class_3"": 0.9859523177146912, ""target_gas_class_4"": 0.9967564344406128, ""target_gas_class_5"": 0.9896752238273621, ""target_gas_class_6"": 0.9944300651550293}",,,0,0,0,False
gas_sensor_drift_concentration,1,random_forest,13910,8902,2226,2782,33,96,7,6.458966870223792,1.732419496777665,0.9571348853895654,"{""target_concentration"": 44.781328211963796, ""target_gas_class_1"": 0.06592760818203197, ""target_gas_class_2"": 0.08213139758722182, ""target_gas_class_3"": 0.06837255334950644, ""target_gas_class_4"": 0.08048950861286384, ""target_gas_class_5"": 0.06712608397565073, ""target_gas_class_6"": 0.06739272789548088}","{""target_concentration"": 0.9331203806396827, ""target_gas_class_1"": 0.97087977460704, ""target_gas_class_2"": 0.9582105205302702, ""target_gas_class_3"": 0.9560894252108357, ""target_gas_class_4"": 0.9488541112030068, ""target_gas_class_5"": 0.9734904665902544, ""target_gas_class_6"": 0.959299518945868}",,,0,0,0,False
gas_sensor_drift_concentration,1,xgboost,13910,8902,2226,2782,33,96,7,5.478841160303774,2.5600729915410083,0.9425985840967561,"{""target_concentration"": 37.82888357673186, ""target_gas_class_1"": 0.08631952828686654, ""target_gas_class_2"": 0.08959553701753414, ""target_gas_class_3"": 0.07316193214341565, ""target_gas_class_4"": 0.12388940336842726, ""target_gas_class_5"": 0.07627995297652279, ""target_gas_class_6"": 0.07375819160179128}","{""target_concentration"": 0.9522748941509469, ""target_gas_class_1"": 0.9500795825074843, ""target_gas_class_2"": 0.9502696759392409, ""target_gas_class_3"": 0.9497222473457348, ""target_gas_class_4"": 0.8788284953239657, ""target_gas_class_5"": 0.9657673678517796, ""target_gas_class_6"": 0.9512478255581401}",,,0,0,0,False
gas_sensor_drift_concentration,1,lightgbm,13910,8902,2226,2782,33,96,7,5.012464017226284,1.959823248456867,0.9638356265590219,"{""target_concentration"": 34.675185434769304, ""target_gas_class_1"": 0.062170021225479336, ""target_gas_class_2"": 0.07933355483587956, ""target_gas_class_3"": 0.05845306193594224, ""target_gas_class_4"": 0.08431672809242992, ""target_gas_class_5"": 0.06568810132676652, ""target_gas_class_6"": 0.062101218398193124}","{""target_concentration"": 0.9599006404758743, ""target_gas_class_1"": 0.9741046298464493, ""target_gas_class_2"": 0.961009180309484, ""target_gas_class_3"": 0.9679062802587275, ""target_gas_class_4"": 0.94387457162077, ""target_gas_class_5"": 0.9746140816940035, ""target_gas_class_6"": 0.9654400017078444}",,,0,0,0,False
gas_sensor_drift_concentration,1,cnn_mlp,13910,8902,2226,2782,33,96,7,5.891508246703163,2.392956897074552,0.9706574844218794,"{""target_concentration"": 40.89855420404751, ""target_gas_class_1"": 0.04571175319491333, ""target_gas_class_2"": 0.07759398343096276, ""target_gas_class_3"": 0.06577360356533839, ""target_gas_class_4"": 0.05263625070374215, ""target_gas_class_5"": 0.05815816525541645, ""target_gas_class_6"": 0.042129766724261136}","{""target_concentration"": 0.9442152151070867, ""target_gas_class_1"": 0.9860003928644046, ""target_gas_class_2"": 0.9627003607908065, ""target_gas_class_3"": 0.9593642015820079, ""target_gas_class_4"": 0.9781273163586455, ""target_gas_class_5"": 0.9801005600237921, ""target_gas_class_6"": 0.984094344226413}",,,0,0,0,False
gas_sensor_drift_concentration,1,ftt_mlp,13910,8902,2226,2782,33,96,7,6.094574280049037,2.3294739978788876,0.9716595966135004,"{""target_concentration"": 42.33598039940633, ""target_gas_class_1"": 0.05018219351080766, ""target_gas_class_2"": 0.07909384438937735, ""target_gas_class_3"": 0.06627641668537845, ""target_gas_class_4"": 0.040135099378350025, ""target_gas_class_5"": 0.05368770289225544, ""target_gas_class_6"": 0.036664304080766826}","{""target_concentration"": 0.9402250674965386, ""target_gas_class_1"": 0.9831282794438603, ""target_gas_class_2"": 0.9612444498959667, ""target_gas_class_3"": 0.9587405376938212, ""target_gas_class_4"": 0.9872831115048765, ""target_gas_class_5"": 0.9830422157748345, ""target_gas_class_6"": 0.9879535144846052}",,,0,0,0,False
gas_sensor_drift_concentration,1,two_stage_mlp,13910,8902,2226,2782,33,96,7,4.7296366691589355,1.7598751783370972,0.9836660027503967,"{""target_concentration"": 32.858665466308594, ""target_gas_class_1"": 0.03414181247353554, ""target_gas_class_2"": 0.058122824877500534, ""target_gas_class_3"": 0.041222818195819855, ""target_gas_class_4"": 0.03632903844118118, ""target_gas_class_5"": 0.039231717586517334, ""target_gas_class_6"": 0.039744049310684204}","{""target_concentration"": 0.9639919400215149, ""target_gas_class_1"": 0.9921903014183044, ""target_gas_class_2"": 0.979071319103241, ""target_gas_class_3"": 0.984038233757019, ""target_gas_class_4"": 0.9895806908607483, ""target_gas_class_5"": 0.9909448623657227, ""target_gas_class_6"": 0.9858447313308716}",,,0,0,0,False
gas_sensor_drift_concentration,1,oracle_mlp,13910,8902,2226,2782,33,96,7,4.804399013519287,1.7202999591827393,0.9865674376487732,"{""target_concentration"": 33.41846466064453, ""target_gas_class_1"": 0.02764059603214264, ""target_gas_class_2"": 0.05234086140990257, ""target_gas_class_3"": 0.031988441944122314, ""target_gas_class_4"": 0.026622388511896133, ""target_gas_class_5"": 0.0410492904484272, ""target_gas_class_6"": 0.03268282115459442}","{""target_concentration"": 0.9627546072006226, ""target_gas_class_1"": 0.9948813319206238, ""target_gas_class_2"": 0.9830281138420105, ""target_gas_class_3"": 0.9903885126113892, ""target_gas_class_4"": 0.994404673576355, ""target_gas_class_5"": 0.9900864362716675, ""target_gas_class_6"": 0.9904277920722961}",,,0,0,0,False
gas_sensor_drift_concentration,1,prism,13910,8902,2226,2782,33,96,7,4.4766435623168945,1.5859285593032837,0.9870448708534241,"{""target_concentration"": 31.121261596679688, ""target_gas_class_1"": 0.03158112242817879, ""target_gas_class_2"": 0.049952778965234756, ""target_gas_class_3"": 0.037022240459918976, ""target_gas_class_4"": 0.023903176188468933, ""target_gas_class_5"": 0.04220869019627571, ""target_gas_class_6"": 0.03057507425546646}","{""target_concentration"": 0.9676991105079651, ""target_gas_class_1"": 0.9933178424835205, ""target_gas_class_2"": 0.9845414757728577, ""target_gas_class_3"": 0.9871254563331604, ""target_gas_class_4"": 0.9954892992973328, ""target_gas_class_5"": 0.9895185232162476, ""target_gas_class_6"": 0.9916226267814636}",,,0,0,0,False
gas_sensor_drift_concentration,1,prism_z_acp_random_forest,13910,8902,2226,2782,33,96,7,4.910500268055623,1.3031361157508454,0.9820826540075124,"{""target_concentration"": 34.108248531937065, ""target_gas_class_1"": 0.037465643828251315, ""target_gas_class_2"": 0.04880691667427661, ""target_gas_class_3"": 0.04019696520085979, ""target_gas_class_4"": 0.04437570225467683, ""target_gas_class_5"": 0.05463466749509889, ""target_gas_class_6"": 0.039773448999136686}","{""target_concentration"": 0.9612011646588944, ""target_gas_class_1"": 0.9905956996216858, ""target_gas_class_2"": 0.9852425513629667, ""target_gas_class_3"": 0.9848227860538555, ""target_gas_class_4"": 0.9844538570863876, ""target_gas_class_5"": 0.9824387239927285, ""target_gas_class_6"": 0.985823795276068}",,,0,0,0,False
gas_sensor_drift_concentration,1,prism_z_acp_xgboost,13910,8902,2226,2782,33,96,7,4.740309860614728,1.8290039002901752,0.982051498020378,"{""target_concentration"": 32.91456075043734, ""target_gas_class_1"": 0.03459200592962729, ""target_gas_class_2"": 0.0478452473204457, ""target_gas_class_3"": 0.04527890356197126, ""target_gas_class_4"": 0.0457534570044761, ""target_gas_class_5"": 0.05496095891130741, ""target_gas_class_6"": 0.0391777011379335}","{""target_concentration"": 0.9638693330042089, ""target_gas_class_1"": 0.9919830055038438, ""target_gas_class_2"": 0.9858183702342914, ""target_gas_class_3"": 0.9807426143350653, ""target_gas_class_4"": 0.9834735335835223, ""target_gas_class_5"": 0.9822283372682128, ""target_gas_class_6"": 0.9862452922135023}",,,0,0,0,False
gas_sensor_drift_concentration,1,prism_z_acp_lightgbm,13910,8902,2226,2782,33,96,7,4.493678639885663,1.5340130030721657,0.9818483679879273,"{""target_concentration"": 31.17839636432588, ""target_gas_class_1"": 0.04163013583964371, ""target_gas_class_2"": 0.04895394210034409, ""target_gas_class_3"": 0.044325954569764854, ""target_gas_class_4"": 0.04499020903614008, ""target_gas_class_5"": 0.057706584071904085, ""target_gas_class_6"": 0.03974728925596218}","{""target_concentration"": 0.9675804188810035, ""target_gas_class_1"": 0.9883888363000342, ""target_gas_class_2"": 0.9851535070904599, ""target_gas_class_3"": 0.9815446741101829, ""target_gas_class_4"": 0.9840203155161145, ""target_gas_class_5"": 0.980408386962856, ""target_gas_class_6"": 0.9858424370548402}",,,0,0,0,False
gas_sensor_drift_concentration,1,prism_z_random_forest,13910,8902,2226,2782,33,96,7,5.129074654417488,1.4492050184566254,0.9817735530823443,"{""target_concentration"": 35.63986427040612, ""target_gas_class_1"": 0.038557752375133814, ""target_gas_class_2"": 0.048931590962921566, ""target_gas_class_3"": 0.03814561937237183, ""target_gas_class_4"": 0.044222433115342005, ""target_gas_class_5"": 0.054387533889917995, ""target_gas_class_6"": 0.039413380800607696}","{""target_concentration"": 0.957638441038016, ""target_gas_class_1"": 0.9900394455987168, ""target_gas_class_2"": 0.9851670610652797, ""target_gas_class_3"": 0.9863323179783312, ""target_gas_class_4"": 0.9845610612069529, ""target_gas_class_5"": 0.9825972374768398, ""target_gas_class_6"": 0.9860793072122737}",,,0,0,0,False
gas_sensor_drift_concentration,1,prism_z_xgboost,13910,8902,2226,2782,33,96,7,5.160360843501161,1.9736864972116759,0.9809903828394602,"{""target_concentration"": 35.8537434231504, ""target_gas_class_1"": 0.035324769112461823, ""target_gas_class_2"": 0.04825278273171537, ""target_gas_class_3"": 0.04544041222568568, ""target_gas_class_4"": 0.046631234181878485, ""target_gas_class_5"": 0.05450525627978449, ""target_gas_class_6"": 0.03862802682620059}","{""target_concentration"": 0.9571284817343584, ""target_gas_class_1"": 0.9916397597919633, ""target_gas_class_2"": 0.9855757492436754, ""target_gas_class_3"": 0.980604988136416, ""target_gas_class_4"": 0.9828333323977482, ""target_gas_class_5"": 0.9825218190175515, ""target_gas_class_6"": 0.9866285495545087}",,,0,0,0,False
gas_sensor_drift_concentration,1,prism_z_lightgbm,13910,8902,2226,2782,33,96,7,4.992998916374266,1.6052933852205982,0.9808939906524368,"{""target_concentration"": 34.67539024963346, ""target_gas_class_1"": 0.040453419524471346, ""target_gas_class_2"": 0.04874547639021355, ""target_gas_class_3"": 0.044068117220972744, ""target_gas_class_4"": 0.04557132608680001, ""target_gas_class_5"": 0.056288968306625976, ""target_gas_class_6"": 0.04047485745732126}","{""target_concentration"": 0.9599001667671385, ""target_gas_class_1"": 0.9890359610738392, ""target_gas_class_2"": 0.985279682622225, ""target_gas_class_3"": 0.9817587533190382, ""target_gas_class_4"": 0.9836048456098501, ""target_gas_class_5"": 0.9813591360163662, ""target_gas_class_6"": 0.9853193891586001}",,,0,0,0,False
gas_sensor_drift_concentration,2,simple_mlp,13910,8902,2226,2782,33,96,7,3.826902151107788,1.71452796459198,0.9846569895744324,"{""target_concentration"": 26.530168533325195, ""target_gas_class_1"": 0.04560805484652519, ""target_gas_class_2"": 0.05520753562450409, ""target_gas_class_3"": 0.043228358030319214, ""target_gas_class_4"": 0.029328608885407448, ""target_gas_class_5"": 0.05626188591122627, ""target_gas_class_6"": 0.028510887175798416}","{""target_concentration"": 0.9763181209564209, ""target_gas_class_1"": 0.986210823059082, ""target_gas_class_2"": 0.9811927676200867, ""target_gas_class_3"": 0.981232762336731, ""target_gas_class_4"": 0.9931407570838928, ""target_gas_class_5"": 0.9817023277282715, ""target_gas_class_6"": 0.9928016662597656}",,,0,0,0,False
gas_sensor_drift_concentration,2,random_forest,13910,8902,2226,2782,33,96,7,4.518940219566545,1.5732855302647142,0.9623791610407851,"{""target_concentration"": 31.20805333623547, ""target_gas_class_1"": 0.060504413606833056, ""target_gas_class_2"": 0.0728500443013043, ""target_gas_class_3"": 0.07798730260897296, ""target_gas_class_4"": 0.07313613308852925, ""target_gas_class_5"": 0.075588752560998, ""target_gas_class_6"": 0.06446155456371047}","{""target_concentration"": 0.9672305292996533, ""target_gas_class_1"": 0.975732245994438, ""target_gas_class_2"": 0.9672517788844838, ""target_gas_class_3"": 0.9389183845518824, ""target_gas_class_4"": 0.9573462490271161, ""target_gas_class_5"": 0.9669720618923353, ""target_gas_class_6"": 0.9632028776355875}",,,0,0,0,False
gas_sensor_drift_concentration,2,xgboost,13910,8902,2226,2782,33,96,7,4.73125133037009,2.5758906096304104,0.9411868167403796,"{""target_concentration"": 32.57939370596814, ""target_gas_class_1"": 0.09769198149939982, ""target_gas_class_2"": 0.08485029328491595, ""target_gas_class_3"": 0.07978506994409623, ""target_gas_class_4"": 0.12180566827316466, ""target_gas_class_5"": 0.08293920888224342, ""target_gas_class_6"": 0.07229338473867358}","{""target_concentration"": 0.964287351158493, ""target_gas_class_1"": 0.9367335729338346, ""target_gas_class_2"": 0.955574249907048, ""target_gas_class_3"": 0.9360698128393605, ""target_gas_class_4"": 0.8816881519349418, ""target_gas_class_5"": 0.9602362913892661, ""target_gas_class_6"": 0.9537182870197141}",,,0,0,0,False
gas_sensor_drift_concentration,2,lightgbm,13910,8902,2226,2782,33,96,7,3.921811855572686,1.9258798250327804,0.9617889317976284,"{""target_concentration"": 27.013490472873503, ""target_gas_class_1"": 0.07299332589057034, ""target_gas_class_2"": 0.0725913442508018, ""target_gas_class_3"": 0.0700369777867316, ""target_gas_class_4"": 0.08569753750401668, ""target_gas_class_5"": 0.0761281708036562, ""target_gas_class_6"": 0.06174515989951793}","{""target_concentration"": 0.9754474007393097, ""target_gas_class_1"": 0.9646799120449358, ""target_gas_class_2"": 0.9674839523582602, ""target_gas_class_3"": 0.9507373794969444, ""target_gas_class_4"": 0.9414361086695628, ""target_gas_class_5"": 0.966498990416712, ""target_gas_class_6"": 0.966238778857673}",,,0,0,0,False
gas_sensor_drift_concentration,2,cnn_mlp,13910,8902,2226,2782,33,96,7,4.467365576077399,2.4052874848988317,0.9668786169882159,"{""target_concentration"": 30.874187743421906, ""target_gas_class_1"": 0.06827832285683837, ""target_gas_class_2"": 0.070694171861648, ""target_gas_class_3"": 0.0736831342025897, ""target_gas_class_4"": 0.06052292554517824, ""target_gas_class_5"": 0.07022288135284241, ""target_gas_class_6"": 0.05396985330079096}","{""target_concentration"": 0.9679279183395479, ""target_gas_class_1"": 0.9690955398740678, ""target_gas_class_2"": 0.9691613543773893, ""target_gas_class_3"": 0.9454745953469603, ""target_gas_class_4"": 0.9707898985074359, ""target_gas_class_5"": 0.9714947800706185, ""target_gas_class_6"": 0.9742062324014912}",,,0,0,0,False
gas_sensor_drift_concentration,2,ftt_mlp,13910,8902,2226,2782,33,96,7,4.273892287971771,2.3723953239359963,0.9773723275610264,"{""target_concentration"": 29.601883748514958, ""target_gas_class_1"": 0.04970507115859558, ""target_gas_class_2"": 0.06768601809217041, ""target_gas_class_3"": 0.061240045304282856, ""target_gas_class_4"": 0.03696826435548713, ""target_gas_class_5"": 0.05256049946975111, ""target_gas_class_6"": 0.04720236890714844}","{""target_concentration"": 0.9705167900517613, ""target_gas_class_1"": 0.9836221506759677, ""target_gas_class_2"": 0.9717299872051549, ""target_gas_class_3"": 0.9623353685431114, ""target_gas_class_4"": 0.9891018855924703, ""target_gas_class_5"": 0.9840306929006918, ""target_gas_class_6"": 0.9802694179580276}",,,0,0,0,False
gas_sensor_drift_concentration,2,two_stage_mlp,13910,8902,2226,2782,33,96,7,4.010745525360107,2.108936309814453,0.9822788238525391,"{""target_concentration"": 27.798418045043945, ""target_gas_class_1"": 0.04373019188642502, ""target_gas_class_2"": 0.0594315305352211, ""target_gas_class_3"": 0.05135994777083397, ""target_gas_class_4"": 0.029334692284464836, ""target_gas_class_5"": 0.05547625944018364, ""target_gas_class_6"": 0.03746780753135681}","{""target_concentration"": 0.9739997982978821, ""target_gas_class_1"": 0.9873229265213013, ""target_gas_class_2"": 0.9782047271728516, ""target_gas_class_3"": 0.9735081791877747, ""target_gas_class_4"": 0.9931378960609436, ""target_gas_class_5"": 0.9822098016738892, ""target_gas_class_6"": 0.9875683188438416}",,,0,0,0,False
gas_sensor_drift_concentration,2,oracle_mlp,13910,8902,2226,2782,33,96,7,3.135585308074951,1.5706584453582764,0.9913037419319153,"{""target_concentration"": 21.764339447021484, ""target_gas_class_1"": 0.02394917793571949, ""target_gas_class_2"": 0.043752364814281464, ""target_gas_class_3"": 0.034723009914159775, ""target_gas_class_4"": 0.021066460758447647, ""target_gas_class_5"": 0.043176595121622086, ""target_gas_class_6"": 0.01808921806514263}","{""target_concentration"": 0.9840622544288635, ""target_gas_class_1"": 0.9961977601051331, ""target_gas_class_2"": 0.9881877899169922, ""target_gas_class_3"": 0.9878913164138794, ""target_gas_class_4"": 0.996461033821106, ""target_gas_class_5"": 0.989223837852478, ""target_gas_class_6"": 0.9971023201942444}",,,0,0,0,False
gas_sensor_drift_concentration,2,prism,13910,8902,2226,2782,33,96,7,4.314627647399902,1.400799036026001,0.9849801063537598,"{""target_concentration"": 29.957454681396484, ""target_gas_class_1"": 0.04297459498047829, ""target_gas_class_2"": 0.05509592965245247, ""target_gas_class_3"": 0.03835944086313248, ""target_gas_class_4"": 0.026087244972586632, ""target_gas_class_5"": 0.05039096996188164, ""target_gas_class_6"": 0.032033614814281464}","{""target_concentration"": 0.9698042273521423, ""target_gas_class_1"": 0.9877572655677795, ""target_gas_class_2"": 0.9812687635421753, ""target_gas_class_3"": 0.9852222800254822, ""target_gas_class_4"": 0.9945731163024902, ""target_gas_class_5"": 0.9853218197822571, ""target_gas_class_6"": 0.990912914276123}",,,0,0,0,False
gas_sensor_drift_concentration,2,prism_z_acp_random_forest,13910,8902,2226,2782,33,96,7,3.3157107572364266,1.117570350845294,0.9817265139622667,"{""target_concentration"": 22.91261234881087, ""target_gas_class_1"": 0.04340829311214212, ""target_gas_class_2"": 0.06318714358262435, ""target_gas_class_3"": 0.049248485988181205, ""target_gas_class_4"": 0.044246719636507406, ""target_gas_class_5"": 0.06086855101419326, ""target_gas_class_6"": 0.03640375851046613}","{""target_concentration"": 0.9823361534802943, ""target_gas_class_1"": 0.9875088941242286, ""target_gas_class_2"": 0.9753631306676884, ""target_gas_class_3"": 0.9756416154027603, ""target_gas_class_4"": 0.9843881130574336, ""target_gas_class_5"": 0.9785832763686919, ""target_gas_class_6"": 0.9882644146347702}",,,0,0,0,False
gas_sensor_drift_concentration,2,prism_z_acp_xgboost,13910,8902,2226,2782,33,96,7,3.4755342928144457,1.6919896421382905,0.9804842318336021,"{""target_concentration"": 24.021471572586833, ""target_gas_class_1"": 0.04798888173096769, ""target_gas_class_2"": 0.05897101447787311, ""target_gas_class_3"": 0.05111995806988582, ""target_gas_class_4"": 0.0423755346006883, ""target_gas_class_5"": 0.06416897661163821, ""target_gas_class_6"": 0.042644111623236405}","{""target_concentration"": 0.980585094290425, ""target_gas_class_1"": 0.9847335966988428, ""target_gas_class_2"": 0.9785412079256113, ""target_gas_class_3"": 0.9737551742583936, ""target_gas_class_4"": 0.985680639562793, ""target_gas_class_5"": 0.9761977873037109, ""target_gas_class_6"": 0.9838961227954381}",,,0,0,0,False
gas_sensor_drift_concentration,2,prism_z_acp_lightgbm,13910,8902,2226,2782,33,96,7,3.627440252075789,1.4164943478194854,0.9795888341426577,"{""target_concentration"": 25.078174423768836, ""target_gas_class_1"": 0.04738657472909895, ""target_gas_class_2"": 0.06133409402256655, ""target_gas_class_3"": 0.04973899738707064, ""target_gas_class_4"": 0.0463826272750742, ""target_gas_class_5"": 0.06500889808647192, ""target_gas_class_6"": 0.0440561492614046}","{""target_concentration"": 0.9788394035524997, ""target_gas_class_1"": 0.9851144081619212, ""target_gas_class_2"": 0.9767869619711941, ""target_gas_class_3"": 0.9751539835090857, ""target_gas_class_4"": 0.9828444782608217, ""target_gas_class_5"": 0.9755706048123894, ""target_gas_class_6"": 0.9828119987306919}",,,0,0,0,False
gas_sensor_drift_concentration,2,prism_z_random_forest,13910,8902,2226,2782,33,96,7,3.522403039052842,1.2434241772121166,0.9815154134327263,"{""target_concentration"": 24.361759070441018, ""target_gas_class_1"": 0.03998177423042753, ""target_gas_class_2"": 0.06256795878967009, ""target_gas_class_3"": 0.05026747689285317, ""target_gas_class_4"": 0.04503324845205187, ""target_gas_class_5"": 0.060997513190773726, ""target_gas_class_6"": 0.03621423137310102}","{""target_concentration"": 0.9800311361806832, ""target_gas_class_1"": 0.9894030814458549, ""target_gas_class_2"": 0.9758436091802426, ""target_gas_class_3"": 0.9746231980920682, ""target_gas_class_4"": 0.9838281467391956, ""target_gas_class_5"": 0.9784924290225007, ""target_gas_class_6"": 0.9883862933685394}",,,0,0,0,False
gas_sensor_drift_concentration,2,prism_z_xgboost,13910,8902,2226,2782,33,96,7,3.776022532499579,1.8211355880225535,0.9803067934545551,"{""target_concentration"": 26.127875102628003, ""target_gas_class_1"": 0.04497717416747663, ""target_gas_class_2"": 0.0584699188900703, ""target_gas_class_3"": 0.0495436308223244, ""target_gas_class_4"": 0.043824219275356555, ""target_gas_class_5"": 0.06611193471116006, ""target_gas_class_6"": 0.04135574700266287}","{""target_concentration"": 0.9770308856277368, ""target_gas_class_1"": 0.986589659545768, ""target_gas_class_2"": 0.9789043429566257, ""target_gas_class_3"": 0.9753487822838918, ""target_gas_class_4"": 0.9846848372463601, ""target_gas_class_5"": 0.9747345615769115, ""target_gas_class_6"": 0.9848544849445915}",,,0,0,0,False
gas_sensor_drift_concentration,2,prism_z_lightgbm,13910,8902,2226,2782,33,96,7,3.7359633689938745,1.50267606387752,0.9791805489436125,"{""target_concentration"": 25.835696616791267, ""target_gas_class_1"": 0.047614593127152285, ""target_gas_class_2"": 0.06199598622457784, ""target_gas_class_3"": 0.049521331694055114, ""target_gas_class_4"": 0.04735325931590648, ""target_gas_class_5"": 0.06466407186776356, ""target_gas_class_6"": 0.044897723936396086}","{""target_concentration"": 0.9775417237458564, ""target_gas_class_1"": 0.9849708082062373, ""target_gas_class_2"": 0.9762832475876639, ""target_gas_class_3"": 0.9753709678584709, ""target_gas_class_4"": 0.982118950966162, ""target_gas_class_5"": 0.9758290788001217, ""target_gas_class_6"": 0.9821490654407742}",,,0,0,0,False
gas_sensor_drift_concentration,3,simple_mlp,13910,8902,2226,2782,33,96,7,4.663771152496338,2.0369083881378174,0.9843339323997498,"{""target_concentration"": 32.4046745300293, ""target_gas_class_1"": 0.044822610914707184, ""target_gas_class_2"": 0.04998880252242088, ""target_gas_class_3"": 0.04615786299109459, ""target_gas_class_4"": 0.03230111673474312, ""target_gas_class_5"": 0.04852857440710068, ""target_gas_class_6"": 0.01992485672235489}","{""target_concentration"": 0.9645206332206726, ""target_gas_class_1"": 0.9866213202476501, ""target_gas_class_2"": 0.984640896320343, ""target_gas_class_3"": 0.9807689189910889, ""target_gas_class_4"": 0.9910335540771484, ""target_gas_class_5"": 0.9862431287765503, ""target_gas_class_6"": 0.9965090155601501}",,,0,0,0,False
gas_sensor_drift_concentration,3,random_forest,13910,8902,2226,2782,33,96,7,6.009192129968511,1.7018905311474009,0.9593389065047992,"{""target_concentration"": 41.6409951193213, ""target_gas_class_1"": 0.0562895698689645, ""target_gas_class_2"": 0.07619946689726205, ""target_gas_class_3"": 0.07532746661134869, ""target_gas_class_4"": 0.07408989500301952, ""target_gas_class_5"": 0.07836490160027063, ""target_gas_class_6"": 0.06307849047739984}","{""target_concentration"": 0.9414128366329735, ""target_gas_class_1"": 0.9789003983559849, ""target_gas_class_2"": 0.9643118187717707, ""target_gas_class_3"": 0.9487824535999376, ""target_gas_class_4"": 0.9528258462696227, ""target_gas_class_5"": 0.9641269939189818, ""target_gas_class_6"": 0.9650119979843235}",,,0,0,0,False
gas_sensor_drift_concentration,3,xgboost,13910,8902,2226,2782,33,96,7,6.096724660083756,2.675591813165929,0.9396913207042145,"{""target_concentration"": 42.14549769818006, ""target_gas_class_1"": 0.08377928901646246, ""target_gas_class_2"": 0.09139802457499743, ""target_gas_class_3"": 0.08174349747838158, ""target_gas_class_4"": 0.11241984529735316, ""target_gas_class_5"": 0.08375537295619294, ""target_gas_class_6"": 0.07847889308283941}","{""target_concentration"": 0.9399846082008141, ""target_gas_class_1"": 0.9532596740395506, ""target_gas_class_2"": 0.9486554717210162, ""target_gas_class_3"": 0.9396859519976533, ""target_gas_class_4"": 0.8913894217335614, ""target_gas_class_5"": 0.9590220772274297, ""target_gas_class_6"": 0.9458420400094761}",,,0,0,0,False
gas_sensor_drift_concentration,3,lightgbm,13910,8902,2226,2782,33,96,7,5.572644280070894,1.9877028380388369,0.9579580595149482,"{""target_concentration"": 38.56828406243882, ""target_gas_class_1"": 0.06255524251440597, ""target_gas_class_2"": 0.08211907547118746, ""target_gas_class_3"": 0.07346952384228175, ""target_gas_class_4"": 0.08339027453954735, ""target_gas_class_5"": 0.07731463336342469, ""target_gas_class_6"": 0.06137714832658848}","{""target_concentration"": 0.949740182609979, ""target_gas_class_1"": 0.9739417155743159, ""target_gas_class_2"": 0.9585515158458778, ""target_gas_class_3"": 0.9512778441479575, ""target_gas_class_4"": 0.9402391223917185, ""target_gas_class_5"": 0.9650821104084214, ""target_gas_class_6"": 0.9668739256263673}",,,0,0,0,False
gas_sensor_drift_concentration,3,cnn_mlp,13910,8902,2226,2782,33,96,7,5.854396101840585,2.415081103841876,0.9685100153446643,"{""target_concentration"": 40.624944214426215, ""target_gas_class_1"": 0.048043286999005286, ""target_gas_class_2"": 0.07973992376862389, ""target_gas_class_3"": 0.07664566412039003, ""target_gas_class_4"": 0.04568209643742012, ""target_gas_class_5"": 0.062134410524471356, ""target_gas_class_6"": 0.04358311660797875}","{""target_concentration"": 0.9442370389172741, ""target_gas_class_1"": 0.9846296476985524, ""target_gas_class_2"": 0.9609184138069384, ""target_gas_class_3"": 0.9469741999799269, ""target_gas_class_4"": 0.9820659567854186, ""target_gas_class_5"": 0.9774477980998652, ""target_gas_class_6"": 0.983297052124675}",,,0,0,0,False
gas_sensor_drift_concentration,3,ftt_mlp,13910,8902,2226,2782,33,96,7,6.000639022026112,2.4279297370141584,0.9677051258725953,"{""target_concentration"": 41.656780623645595, ""target_gas_class_1"": 0.029480706938628403, ""target_gas_class_2"": 0.07565809935115317, ""target_gas_class_3"": 0.08353245489633201, ""target_gas_class_4"": 0.05172343916398116, ""target_gas_class_5"": 0.06213930038037361, ""target_gas_class_6"": 0.04515852980673015}","{""target_concentration"": 0.9413684091060841, ""target_gas_class_1"": 0.9942124576360793, ""target_gas_class_2"": 0.9648171186600354, ""target_gas_class_3"": 0.9370171170375416, ""target_gas_class_4"": 0.9770088366337519, ""target_gas_class_5"": 0.9774442483323231, ""target_gas_class_6"": 0.9820676937023511}",,,0,0,0,False
gas_sensor_drift_concentration,3,two_stage_mlp,13910,8902,2226,2782,33,96,7,4.764067649841309,1.7903207540512085,0.9836227297782898,"{""target_concentration"": 33.10129928588867, ""target_gas_class_1"": 0.03862898424267769, ""target_gas_class_2"": 0.04995133355259895, ""target_gas_class_3"": 0.05058044567704201, ""target_gas_class_4"": 0.034994907677173615, ""target_gas_class_5"": 0.044853318482637405, ""target_gas_class_6"": 0.028169287368655205}","{""target_concentration"": 0.9629788398742676, ""target_gas_class_1"": 0.9900632500648499, ""target_gas_class_2"": 0.9846639037132263, ""target_gas_class_3"": 0.9769071340560913, ""target_gas_class_4"": 0.9894756078720093, ""target_gas_class_5"": 0.9882479310035706, ""target_gas_class_6"": 0.9930223822593689}",,,0,0,0,False
gas_sensor_drift_concentration,3,oracle_mlp,13910,8902,2226,2782,33,96,7,3.9512012004852295,1.3749113082885742,0.989479124546051,"{""target_concentration"": 27.47041893005371, ""target_gas_class_1"": 0.025016987696290016, ""target_gas_class_2"": 0.0424874909222126, ""target_gas_class_3"": 0.04363027587532997, ""target_gas_class_4"": 0.021049408242106438, ""target_gas_class_5"": 0.04165050759911537, ""target_gas_class_6"": 0.014155150391161442}","{""target_concentration"": 0.9745029211044312, ""target_gas_class_1"": 0.9958323836326599, ""target_gas_class_2"": 0.988904595375061, ""target_gas_class_3"": 0.9828174114227295, ""target_gas_class_4"": 0.9961922764778137, ""target_gas_class_5"": 0.9898663759231567, ""target_gas_class_6"": 0.9982380867004395}",,,0,0,0,False
gas_sensor_drift_concentration,3,prism,13910,8902,2226,2782,33,96,7,5.003145694732666,1.5187968015670776,0.985762894153595,"{""target_concentration"": 34.80889892578125, ""target_gas_class_1"": 0.03018283285200596, ""target_gas_class_2"": 0.04336661472916603, ""target_gas_class_3"": 0.04502775892615318, ""target_gas_class_4"": 0.028843160718679428, ""target_gas_class_5"": 0.045283906161785126, ""target_gas_class_6"": 0.020417092368006706}","{""target_concentration"": 0.9590606689453125, ""target_gas_class_1"": 0.9939334988594055, ""target_gas_class_2"": 0.9884406924247742, ""target_gas_class_3"": 0.9816991090774536, ""target_gas_class_4"": 0.9928505420684814, ""target_gas_class_5"": 0.9880212545394897, ""target_gas_class_6"": 0.996334433555603}",,,0,0,0,False
gas_sensor_drift_concentration,3,prism_z_acp_random_forest,13910,8902,2226,2782,33,96,7,4.875477492125529,1.2782377544993513,0.9789749027063043,"{""target_concentration"": 33.83226513870077, ""target_gas_class_1"": 0.04118850906896071, ""target_gas_class_2"": 0.05511285909210625, ""target_gas_class_3"": 0.048416452767322864, ""target_gas_class_4"": 0.04852879945203302, ""target_gas_class_5"": 0.06304147181474304, ""target_gas_class_6"": 0.039789213982771306}","{""target_concentration"": 0.9613257034207529, ""target_gas_class_1"": 0.9887028072304512, ""target_gas_class_2"": 0.9813307688555702, ""target_gas_class_3"": 0.9788408614834001, ""target_gas_class_4"": 0.9797611769039839, ""target_gas_class_5"": 0.976784541041129, ""target_gas_class_6"": 0.9860784600088428}",,,0,0,0,False
gas_sensor_drift_concentration,3,prism_z_acp_xgboost,13910,8902,2226,2782,33,96,7,5.019664077874134,1.8805859917774268,0.9790517644343694,"{""target_concentration"": 34.84642053790974, ""target_gas_class_1"": 0.04324514401628159, ""target_gas_class_2"": 0.057809898936827905, ""target_gas_class_3"": 0.052864298334770556, ""target_gas_class_4"": 0.045541769456668484, ""target_gas_class_5"": 0.055909484629541206, ""target_gas_class_6"": 0.03585741183511935}","{""target_concentration"": 0.9589723521611759, ""target_gas_class_1"": 0.9875464522189711, ""target_gas_class_2"": 0.9794588397838765, ""target_gas_class_3"": 0.9747746621995703, ""target_gas_class_4"": 0.9821759677096519, ""target_gas_class_5"": 0.9817402190250404, ""target_gas_class_6"": 0.9886938579422996}",,,0,0,0,False
gas_sensor_drift_concentration,3,prism_z_acp_lightgbm,13910,8902,2226,2782,33,96,7,5.243531640545498,1.5800038104299483,0.9793527869973796,"{""target_concentration"": 36.42100853596091, ""target_gas_class_1"": 0.04472574236560783, ""target_gas_class_2"": 0.05456772253014538, ""target_gas_class_3"": 0.05027353158243045, ""target_gas_class_4"": 0.043632492026990745, ""target_gas_class_5"": 0.05768176542670944, ""target_gas_class_6"": 0.032831693925690256}","{""target_concentration"": 0.9551807889474268, ""target_gas_class_1"": 0.9866791017360624, ""target_gas_class_2"": 0.9816982673848278, ""target_gas_class_3"": 0.9771865569413277, ""target_gas_class_4"": 0.9836391374780299, ""target_gas_class_5"": 0.9805642334441781, ""target_gas_class_6"": 0.9905214230498045}",,,0,0,0,False
gas_sensor_drift_concentration,3,prism_z_random_forest,13910,8902,2226,2782,33,96,7,5.050389747586979,1.333509839323154,0.9788581711445777,"{""target_concentration"": 35.059157053861576, ""target_gas_class_1"": 0.042236812701570314, ""target_gas_class_2"": 0.054301033571562934, ""target_gas_class_3"": 0.047679309711758634, ""target_gas_class_4"": 0.048339758046288345, ""target_gas_class_5"": 0.062434405062520786, ""target_gas_class_6"": 0.038579860153582765}","{""target_concentration"": 0.9584698775268166, ""target_gas_class_1"": 0.9881204313540648, ""target_gas_class_2"": 0.9818767224363453, ""target_gas_class_3"": 0.9794802547550705, ""target_gas_class_4"": 0.9799185483480635, ""target_gas_class_5"": 0.9772295013504821, ""target_gas_class_6"": 0.9869118622412021}",,,0,0,0,False
gas_sensor_drift_concentration,3,prism_z_xgboost,13910,8902,2226,2782,33,96,7,4.942513035716766,1.8976476505733781,0.9791293254596118,"{""target_concentration"": 34.30539666432499, ""target_gas_class_1"": 0.04556936288956142, ""target_gas_class_2"": 0.05708768638461926, ""target_gas_class_3"": 0.05387682320229979, ""target_gas_class_4"": 0.04484845355599266, ""target_gas_class_5"": 0.056219363128283247, ""target_gas_class_6"": 0.034592896531618685}","{""target_concentration"": 0.9602364488644987, ""target_gas_class_1"": 0.9861718427592516, ""target_gas_class_2"": 0.9799688706782903, ""target_gas_class_3"": 0.9737991122603247, ""target_gas_class_4"": 0.9827145335175639, ""target_gas_class_5"": 0.981537248306783, ""target_gas_class_6"": 0.989477221830571}",,,0,0,0,False
gas_sensor_drift_concentration,3,prism_z_lightgbm,13910,8902,2226,2782,33,96,7,5.0713522060447955,1.5864762457165518,0.9797104552473318,"{""target_concentration"": 35.21565909507807, ""target_gas_class_1"": 0.04566860354359679, ""target_gas_class_2"": 0.05257192149355565, ""target_gas_class_3"": 0.05124416019551372, ""target_gas_class_4"": 0.04467951079443487, ""target_gas_class_5"": 0.05743130600313655, ""target_gas_class_6"": 0.03221084520525876}","{""target_concentration"": 0.9580982738551403, ""target_gas_class_1"": 0.9861115474383965, ""target_gas_class_2"": 0.9830125476679306, ""target_gas_class_3"": 0.9762971369831697, ""target_gas_class_4"": 0.9828445158895915, ""target_gas_class_5"": 0.9807326507069057, ""target_gas_class_6"": 0.9908765141901883}",,,0,0,0,False
gas_sensor_drift_concentration,4,simple_mlp,13910,8902,2226,2782,33,96,7,3.86316180229187,1.7651185989379883,0.9847965240478516,"{""target_concentration"": 26.79022216796875, ""target_gas_class_1"": 0.03728221356868744, ""target_gas_class_2"": 0.043641988188028336, ""target_gas_class_3"": 0.04141642153263092, ""target_gas_class_4"": 0.04262542724609375, ""target_gas_class_5"": 0.054158374667167664, ""target_gas_class_6"": 0.03278527408838272}","{""target_concentration"": 0.9733312129974365, ""target_gas_class_1"": 0.9909079074859619, ""target_gas_class_2"": 0.9886160492897034, ""target_gas_class_3"": 0.9824274778366089, ""target_gas_class_4"": 0.9848936796188354, ""target_gas_class_5"": 0.9825332760810852, ""target_gas_class_6"": 0.9908656477928162}",,,0,0,0,False
gas_sensor_drift_concentration,4,random_forest,13910,8902,2226,2782,33,96,7,4.438550675419266,1.5964845510207364,0.9583255648085693,"{""target_concentration"": 30.623747973640477, ""target_gas_class_1"": 0.06351339560834204, ""target_gas_class_2"": 0.07236107366951403, ""target_gas_class_3"": 0.0713147456233318, ""target_gas_class_4"": 0.09205300556628979, ""target_gas_class_5"": 0.07757278632489818, ""target_gas_class_6"": 0.06929174750200809}","{""target_concentration"": 0.9651528118806655, ""target_gas_class_1"": 0.973613016872009, ""target_gas_class_2"": 0.9687036010946964, ""target_gas_class_3"": 0.9478988662708299, ""target_gas_class_4"": 0.9295472519766081, ""target_gas_class_5"": 0.9641656711099542, ""target_gas_class_6"": 0.9591977344552225}",,,0,0,0,False
gas_sensor_drift_concentration,4,xgboost,13910,8902,2226,2782,33,96,7,4.735390435557491,2.6329549798227667,0.9407435654767481,"{""target_concentration"": 32.614422718613454, ""target_gas_class_1"": 0.08761737811153529, ""target_gas_class_2"": 0.08772222076522722, ""target_gas_class_3"": 0.07140113548994058, ""target_gas_class_4"": 0.12613480486679976, ""target_gas_class_5"": 0.07682505169798416, ""target_gas_class_6"": 0.08360973935748443}","{""target_concentration"": 0.96047513023554, ""target_gas_class_1"": 0.9497842930067811, ""target_gas_class_2"": 0.9540057438278114, ""target_gas_class_3"": 0.9477725603802414, ""target_gas_class_4"": 0.8677207052016992, ""target_gas_class_5"": 0.9648531655667936, ""target_gas_class_6"": 0.94059336011837}",,,0,0,0,False
gas_sensor_drift_concentration,4,lightgbm,13910,8902,2226,2782,33,96,7,4.155597480508157,1.9392160227050474,0.9619930849788509,"{""target_concentration"": 28.658898658495445, ""target_gas_class_1"": 0.06747905079805396, ""target_gas_class_2"": 0.07465350760526407, ""target_gas_class_3"": 0.05876783440192295, ""target_gas_class_4"": 0.0890772221284392, ""target_gas_class_5"": 0.07028983915809439, ""target_gas_class_6"": 0.07001625096988587}","{""target_concentration"": 0.9694810175536384, ""target_gas_class_1"": 0.9702150410962354, ""target_gas_class_2"": 0.9666892201499377, ""target_gas_class_3"": 0.964619181691076, ""target_gas_class_4"": 0.9340286575194859, ""target_gas_class_5"": 0.9705784470484496, ""target_gas_class_6"": 0.9583400297931337}",,,0,0,0,False
gas_sensor_drift_concentration,4,cnn_mlp,13910,8902,2226,2782,33,96,7,4.959886612933185,2.4597853766308413,0.9688860772428358,"{""target_concentration"": 34.34792488174439, ""target_gas_class_1"": 0.05934281931688553, ""target_gas_class_2"": 0.07233148905939671, ""target_gas_class_3"": 0.06265972986415552, ""target_gas_class_4"": 0.06633812764599385, ""target_gas_class_5"": 0.06447148333090122, ""target_gas_class_6"": 0.046137759570579744}","{""target_concentration"": 0.9561618654986498, ""target_gas_class_1"": 0.9769646176030654, ""target_gas_class_2"": 0.968729186742855, ""target_gas_class_3"": 0.9597778264717068, ""target_gas_class_4"": 0.9634111793826897, ""target_gas_class_5"": 0.9752476853023052, ""target_gas_class_6"": 0.9819101796985784}",,,0,0,0,False
gas_sensor_drift_concentration,4,ftt_mlp,13910,8902,2226,2782,33,96,7,4.900391342289444,2.4816902452002583,0.9611818682520152,"{""target_concentration"": 33.882707732797556, ""target_gas_class_1"": 0.053878312674042604, ""target_gas_class_2"": 0.0793994700474467, ""target_gas_class_3"": 0.07783384934111412, ""target_gas_class_4"": 0.0725725419738476, ""target_gas_class_5"": 0.07013657612646271, ""target_gas_class_6"": 0.06621091306562928}","{""target_concentration"": 0.9573413335168639, ""target_gas_class_1"": 0.9810116578773305, ""target_gas_class_2"": 0.9623192471011334, ""target_gas_class_3"": 0.9379380356315897, ""target_gas_class_4"": 0.9562108351802785, ""target_gas_class_5"": 0.9707066112436373, ""target_gas_class_6"": 0.9627453572132733}",,,0,0,0,False
gas_sensor_drift_concentration,4,two_stage_mlp,13910,8902,2226,2782,33,96,7,3.730701446533203,2.0823283195495605,0.9803903698921204,"{""target_concentration"": 25.8193416595459, ""target_gas_class_1"": 0.03211960569024086, ""target_gas_class_2"": 0.06047717481851578, ""target_gas_class_3"": 0.05024763196706772, ""target_gas_class_4"": 0.04806806519627571, ""target_gas_class_5"": 0.0558825321495533, ""target_gas_class_6"": 0.04877276346087456}","{""target_concentration"": 0.9752291440963745, ""target_gas_class_1"": 0.993251621723175, ""target_gas_class_2"": 0.9781391620635986, ""target_gas_class_3"": 0.9741345643997192, ""target_gas_class_4"": 0.9807896614074707, ""target_gas_class_5"": 0.9814034700393677, ""target_gas_class_6"": 0.9797849059104919}",,,0,0,0,False
gas_sensor_drift_concentration,4,oracle_mlp,13910,8902,2226,2782,33,96,7,3.341501235961914,1.4745358228683472,0.988409161567688,"{""target_concentration"": 23.179595947265625, ""target_gas_class_1"": 0.018669316545128822, ""target_gas_class_2"": 0.04199095070362091, ""target_gas_class_3"": 0.040841810405254364, ""target_gas_class_4"": 0.0216961782425642, ""target_gas_class_5"": 0.056900445371866226, ""target_gas_class_6"": 0.030815983191132545}","{""target_concentration"": 0.9800353050231934, ""target_gas_class_1"": 0.9977201223373413, ""target_gas_class_2"": 0.9894610643386841, ""target_gas_class_3"": 0.9829117059707642, ""target_gas_class_4"": 0.9960862994194031, ""target_gas_class_5"": 0.980719804763794, ""target_gas_class_6"": 0.9919300079345703}",,,0,0,0,False
gas_sensor_drift_concentration,4,prism,13910,8902,2226,2782,33,96,7,4.613658905029297,1.335516333580017,0.9850226640701294,"{""target_concentration"": 32.06940841674805, ""target_gas_class_1"": 0.02214680425822735, ""target_gas_class_2"": 0.04320194944739342, ""target_gas_class_3"": 0.03511381149291992, ""target_gas_class_4"": 0.042861051857471466, ""target_gas_class_5"": 0.04413766786456108, ""target_gas_class_6"": 0.03874390199780464}","{""target_concentration"": 0.961785078048706, ""target_gas_class_1"": 0.996791660785675, ""target_gas_class_2"": 0.9888444542884827, ""target_gas_class_3"": 0.9873688220977783, ""target_gas_class_4"": 0.9847261905670166, ""target_gas_class_5"": 0.9883989095687866, ""target_gas_class_6"": 0.9872435927391052}",,,0,0,0,False
gas_sensor_drift_concentration,4,prism_z_acp_random_forest,13910,8902,2226,2782,33,96,7,3.423692260909456,1.1641823882385638,0.9819387098202419,"{""target_concentration"": 23.680677566790358, ""target_gas_class_1"": 0.03284691347112325, ""target_gas_class_2"": 0.047143290078052326, ""target_gas_class_3"": 0.04965114854965078, ""target_gas_class_4"": 0.05129336063224845, ""target_gas_class_5"": 0.06362963036782723, ""target_gas_class_6"": 0.040603916476940005}","{""target_concentration"": 0.9791628026479231, ""target_gas_class_1"": 0.9929425435279722, ""target_gas_class_2"": 0.9867161445619527, ""target_gas_class_3"": 0.9747450160246725, ""target_gas_class_4"": 0.9781251894866408, ""target_gas_class_5"": 0.9758898843297, ""target_gas_class_6"": 0.9859893881628318}",,,0,0,0,False
gas_sensor_drift_concentration,4,prism_z_acp_xgboost,13910,8902,2226,2782,33,96,7,3.4371056056477856,1.626511443037861,0.9825600907305514,"{""target_concentration"": 23.77958019160768, ""target_gas_class_1"": 0.03209722084474686, ""target_gas_class_2"": 0.04941501404355255, ""target_gas_class_3"": 0.04488561215074919, ""target_gas_class_4"": 0.053878178532918174, ""target_gas_class_5"": 0.06009622604832277, ""target_gas_class_6"": 0.0397867963065264}","{""target_concentration"": 0.9789883855861272, ""target_gas_class_1"": 0.9932610235883583, ""target_gas_class_2"": 0.985405063471874, ""target_gas_class_3"": 0.9793603274069358, ""target_gas_class_4"": 0.9758649722944311, ""target_gas_class_5"": 0.9784932447475851, ""target_gas_class_6"": 0.9865476180185484}",,,0,0,0,False
gas_sensor_drift_concentration,4,prism_z_acp_lightgbm,13910,8902,2226,2782,33,96,7,3.3058442012195313,1.3539283635175434,0.9839025189948616,"{""target_concentration"": 22.871703320036396, ""target_gas_class_1"": 0.029207048468219563, ""target_gas_class_2"": 0.04934516008366941, ""target_gas_class_3"": 0.04097472815867646, ""target_gas_class_4"": 0.05209175564163121, ""target_gas_class_5"": 0.056781201522487626, ""target_gas_class_6"": 0.04080619462564097}","{""target_concentration"": 0.980562156829144, ""target_gas_class_1"": 0.9944199971838273, ""target_gas_class_2"": 0.9854462976404211, ""target_gas_class_3"": 0.9828003083611727, ""target_gas_class_4"": 0.977438915044035, ""target_gas_class_5"": 0.9808005119007769, ""target_gas_class_6"": 0.9858494460046531}",,,0,0,0,False
gas_sensor_drift_concentration,4,prism_z_random_forest,13910,8902,2226,2782,33,96,7,3.5041324393436795,1.244627661360818,0.9823940998007329,"{""target_concentration"": 24.248869623961568, ""target_gas_class_1"": 0.03230883787502623, ""target_gas_class_2"": 0.04774757195447469, ""target_gas_class_3"": 0.04783527611503752, ""target_gas_class_4"": 0.050700343054306686, ""target_gas_class_5"": 0.06195760666887596, ""target_gas_class_6"": 0.0395078157764706}","{""target_concentration"": 0.9781508748171361, ""target_gas_class_1"": 0.9931718704954255, ""target_gas_class_2"": 0.9863734175572013, ""target_gas_class_3"": 0.9765585177691265, ""target_gas_class_4"": 0.9786280678159893, ""target_gas_class_5"": 0.9771403403674785, ""target_gas_class_6"": 0.9867356097827726}",,,0,0,0,False
gas_sensor_drift_concentration,4,prism_z_xgboost,13910,8902,2226,2782,33,96,7,3.6037840619420356,1.7566719717128805,0.9825760117821754,"{""target_concentration"": 24.948891925275024, ""target_gas_class_1"": 0.03413537328156628, ""target_gas_class_2"": 0.047951483711528735, ""target_gas_class_3"": 0.04473296363072699, ""target_gas_class_4"": 0.05354839337201898, ""target_gas_class_5"": 0.058701021530372786, ""target_gas_class_6"": 0.03852727279301049}","{""target_concentration"": 0.9768711745071335, ""target_gas_class_1"": 0.9923780097632797, ""target_gas_class_2"": 0.98625678110969, ""target_gas_class_3"": 0.9795004728996274, ""target_gas_class_4"": 0.9761595262226183, ""target_gas_class_5"": 0.9794802620040116, ""target_gas_class_6"": 0.9873858559688672}",,,0,0,0,False
gas_sensor_drift_concentration,4,prism_z_lightgbm,13910,8902,2226,2782,33,96,7,3.489468170113888,1.4188441520500685,0.9832507667111078,"{""target_concentration"": 24.154353266404836, ""target_gas_class_1"": 0.030282866339079215, ""target_gas_class_2"": 0.04774549874082464, ""target_gas_class_3"": 0.04272938922205329, ""target_gas_class_4"": 0.05369714492977761, ""target_gas_class_5"": 0.057297363300926586, ""target_gas_class_6"": 0.040171661859718585}","{""target_concentration"": 0.9783208683157968, ""target_gas_class_1"": 0.994001356745312, ""target_gas_class_2"": 0.9863746008719643, ""target_gas_class_3"": 0.9812956823714489, ""target_gas_class_4"": 0.9760268898159937, ""target_gas_class_5"": 0.9804498646936511, ""target_gas_class_6"": 0.9862861041635881}",,,0,0,0,False
gas_sensor_drift_concentration,5,simple_mlp,13910,8902,2226,2782,33,96,7,5.130989074707031,2.2909927368164062,0.9785140752792358,"{""target_concentration"": 35.623043060302734, ""target_gas_class_1"": 0.049412138760089874, ""target_gas_class_2"": 0.05349142849445343, ""target_gas_class_3"": 0.050441924482584, ""target_gas_class_4"": 0.0398683063685894, ""target_gas_class_5"": 0.05762994661927223, ""target_gas_class_6"": 0.04304291680455208}","{""target_concentration"": 0.9567821025848389, ""target_gas_class_1"": 0.9832814335823059, ""target_gas_class_2"": 0.9828977584838867, ""target_gas_class_3"": 0.975273072719574, ""target_gas_class_4"": 0.9876956343650818, ""target_gas_class_5"": 0.9800750613212585, ""target_gas_class_6"": 0.9835935235023499}",,,0,0,0,False
gas_sensor_drift_concentration,5,random_forest,13910,8902,2226,2782,33,96,7,4.9122620804275385,1.6576292716113248,0.9627261591443983,"{""target_concentration"": 33.96493160071153, ""target_gas_class_1"": 0.06187575157397887, ""target_gas_class_2"": 0.07337381414911189, ""target_gas_class_3"": 0.06732305891669665, ""target_gas_class_4"": 0.07609824155310456, ""target_gas_class_5"": 0.0731637035846023, ""target_gas_class_6"": 0.06906839250373456}","{""target_concentration"": 0.9607117148494112, ""target_gas_class_1"": 0.9737836456435945, ""target_gas_class_2"": 0.9678214437291465, ""target_gas_class_3"": 0.9559531396137432, ""target_gas_class_4"": 0.9551715358852484, ""target_gas_class_5"": 0.9678861985973591, ""target_gas_class_6"": 0.9577554356922857}",,,0,0,0,False
gas_sensor_drift_concentration,5,xgboost,13910,8902,2226,2782,33,96,7,5.4316530298834085,2.7166451570339327,0.942395143202962,"{""target_concentration"": 37.49481691249637, ""target_gas_class_1"": 0.08844996207667835, ""target_gas_class_2"": 0.09241852509561087, ""target_gas_class_3"": 0.07762090341083584, ""target_gas_class_4"": 0.12138422959972901, ""target_gas_class_5"": 0.07949955710365442, ""target_gas_class_6"": 0.06738111940098095}","{""target_concentration"": 0.9521211115767311, ""target_gas_class_1"": 0.9464293857101651, ""target_gas_class_2"": 0.9489492142343878, ""target_gas_class_3"": 0.9414476051402804, ""target_gas_class_4"": 0.8859411077426357, ""target_gas_class_5"": 0.9620833663432876, ""target_gas_class_6"": 0.9597942116732465}",,,0,0,0,False
gas_sensor_drift_concentration,5,lightgbm,13910,8902,2226,2782,33,96,7,4.595054004691059,1.9505275520445478,0.9633459363799461,"{""target_concentration"": 31.74159568586837, ""target_gas_class_1"": 0.06950957600310702, ""target_gas_class_2"": 0.07523712024946397, ""target_gas_class_3"": 0.06606793272072596, ""target_gas_class_4"": 0.07899887586350827, ""target_gas_class_5"": 0.074491623790565, ""target_gas_class_6"": 0.059477218341678}","{""target_concentration"": 0.965686967989785, ""target_gas_class_1"": 0.9669158026223318, ""target_gas_class_2"": 0.9661663624168715, ""target_gas_class_3"": 0.9575801906349624, ""target_gas_class_4"": 0.9516889541113738, ""target_gas_class_5"": 0.9667098895040961, ""target_gas_class_6"": 0.9686733873802028}",,,0,0,0,False
gas_sensor_drift_concentration,5,cnn_mlp,13910,8902,2226,2782,33,96,7,5.115137947266766,2.5014826397314827,0.9697710258641914,"{""target_concentration"": 35.44151082530604, ""target_gas_class_1"": 0.059851368057354366, ""target_gas_class_2"": 0.07739789351775085, ""target_gas_class_3"": 0.07035862086882651, ""target_gas_class_4"": 0.05350990313810294, ""target_gas_class_5"": 0.06292211029028254, ""target_gas_class_6"": 0.04041490968901779}","{""target_concentration"": 0.9572214520978739, ""target_gas_class_1"": 0.9754710200688683, ""target_gas_class_2"": 0.9641950850619794, ""target_gas_class_3"": 0.9518914892703106, ""target_gas_class_4"": 0.9778347340539583, ""target_gas_class_5"": 0.9762476319921529, ""target_gas_class_6"": 0.985535768504197}",,,0,0,0,False
gas_sensor_drift_concentration,5,ftt_mlp,13910,8902,2226,2782,33,96,7,6.18940226146117,2.697443589750391,0.958401700807128,"{""target_concentration"": 42.90291201816264, ""target_gas_class_1"": 0.06587445619207101, ""target_gas_class_2"": 0.09494349263689436, ""target_gas_class_3"": 0.0793490290970454, ""target_gas_class_4"": 0.07035945880544728, ""target_gas_class_5"": 0.06303364689368186, ""target_gas_class_6"": 0.04934372844042049}","{""target_concentration"": 0.9373133406977396, ""target_gas_class_1"": 0.9702857063851297, ""target_gas_class_2"": 0.9461215898466979, ""target_gas_class_3"": 0.9388114007817846, ""target_gas_class_4"": 0.9616778737454821, ""target_gas_class_5"": 0.9761633498059977, ""target_gas_class_6"": 0.9784386443870644}",,,0,0,0,False
gas_sensor_drift_concentration,5,two_stage_mlp,13910,8902,2226,2782,33,96,7,4.7586283683776855,2.191845178604126,0.976439356803894,"{""target_concentration"": 32.99625015258789, ""target_gas_class_1"": 0.044891949743032455, ""target_gas_class_2"": 0.06952587515115738, ""target_gas_class_3"": 0.06308364123106003, ""target_gas_class_4"": 0.043526191264390945, ""target_gas_class_5"": 0.04817366600036621, ""target_gas_class_6"": 0.044948406517505646}","{""target_concentration"": 0.9629207849502563, ""target_gas_class_1"": 0.9862003326416016, ""target_gas_class_2"": 0.9711080193519592, ""target_gas_class_3"": 0.9613258838653564, ""target_gas_class_4"": 0.9853342175483704, ""target_gas_class_5"": 0.9860774278640747, ""target_gas_class_6"": 0.9821087718009949}",,,0,0,0,False
gas_sensor_drift_concentration,5,oracle_mlp,13910,8902,2226,2782,33,96,7,4.001339912414551,1.989101529121399,0.9871892929077148,"{""target_concentration"": 27.784330368041992, ""target_gas_class_1"": 0.04305721074342728, ""target_gas_class_2"": 0.03730632737278938, ""target_gas_class_3"": 0.03696315735578537, ""target_gas_class_4"": 0.0330091193318367, ""target_gas_class_5"": 0.03770386055111885, ""target_gas_class_6"": 0.03701002523303032}","{""target_concentration"": 0.9737093448638916, ""target_gas_class_1"": 0.9873052835464478, ""target_gas_class_2"": 0.9916813969612122, ""target_gas_class_3"": 0.9867222309112549, ""target_gas_class_4"": 0.9915652275085449, ""target_gas_class_5"": 0.991471529006958, ""target_gas_class_6"": 0.9878702759742737}",,,0,0,0,False
gas_sensor_drift_concentration,5,prism,13910,8902,2226,2782,33,96,7,4.453151226043701,1.5775368213653564,0.9837844967842102,"{""target_concentration"": 30.916059494018555, ""target_gas_class_1"": 0.04419085383415222, ""target_gas_class_2"": 0.0497996062040329, ""target_gas_class_3"": 0.04178387299180031, ""target_gas_class_4"": 0.03746521472930908, ""target_gas_class_5"": 0.0439288392663002, ""target_gas_class_6"": 0.03883059322834015}","{""target_concentration"": 0.9674485921859741, ""target_gas_class_1"": 0.986627995967865, ""target_gas_class_2"": 0.9851769804954529, ""target_gas_class_3"": 0.9830330014228821, ""target_gas_class_4"": 0.9891341924667358, ""target_gas_class_5"": 0.9884228706359863, ""target_gas_class_6"": 0.9866475462913513}",,,0,0,0,False
gas_sensor_drift_concentration,5,prism_z_acp_random_forest,13910,8902,2226,2782,33,96,7,4.50041907787664,1.3209523751769245,0.9790126671069623,"{""target_concentration"": 31.20060604477075, ""target_gas_class_1"": 0.048819354285360404, ""target_gas_class_2"": 0.05866464731373237, ""target_gas_class_3"": 0.05291185637630253, ""target_gas_class_4"": 0.04790819838788343, ""target_gas_class_5"": 0.05174088103138674, ""target_gas_class_6"": 0.042282562971068076}","{""target_concentration"": 0.9668466327614988, ""target_gas_class_1"": 0.9836801791841445, ""target_gas_class_2"": 0.9794298578673247, ""target_gas_class_3"": 0.9727922095421462, ""target_gas_class_4"": 0.982232582996262, ""target_gas_class_5"": 0.9839391697064489, ""target_gas_class_6"": 0.9841680376909109}",,,0,0,0,False
gas_sensor_drift_concentration,5,prism_z_acp_xgboost,13910,8902,2226,2782,33,96,7,4.814319181081848,1.9891401608998402,0.9765307418694883,"{""target_concentration"": 33.382792763875194, ""target_gas_class_1"": 0.045576552712315935, ""target_gas_class_2"": 0.059752806972443874, ""target_gas_class_3"": 0.05517862922823923, ""target_gas_class_4"": 0.051443252555408846, ""target_gas_class_5"": 0.05513046630627686, ""target_gas_class_6"": 0.0503597959230681}","{""target_concentration"": 0.9620469294850215, ""target_gas_class_1"": 0.9857762447481979, ""target_gas_class_2"": 0.9786596770348064, ""target_gas_class_3"": 0.9704110815126754, ""target_gas_class_4"": 0.979513797755294, ""target_gas_class_5"": 0.9817659271385524, ""target_gas_class_6"": 0.9775415354118715}",,,0,0,0,False
gas_sensor_drift_concentration,5,prism_z_acp_lightgbm,13910,8902,2226,2782,33,96,7,4.503257329145484,1.5657804953286372,0.9782030358130093,"{""target_concentration"": 31.214281968002982, ""target_gas_class_1"": 0.043326234964023484, ""target_gas_class_2"": 0.06221168583311496, ""target_gas_class_3"": 0.05515883547432072, ""target_gas_class_4"": 0.04719356387602825, ""target_gas_class_5"": 0.05489576719748465, ""target_gas_class_6"": 0.04573324867042855}","{""target_concentration"": 0.9668175626676097, ""target_gas_class_1"": 0.9871461500577691, ""target_gas_class_2"": 0.9768671945868117, ""target_gas_class_3"": 0.9704323060603757, ""target_gas_class_4"": 0.9827586937358259, ""target_gas_class_5"": 0.981920847335621, ""target_gas_class_6"": 0.9814784962470527}",,,0,0,0,False
gas_sensor_drift_concentration,5,prism_z_random_forest,13910,8902,2226,2782,33,96,7,4.6653981250637075,1.4311208579132495,0.9784451789238692,"{""target_concentration"": 32.35343086609185, ""target_gas_class_1"": 0.049561823247141056, ""target_gas_class_2"": 0.058983894025911004, ""target_gas_class_3"": 0.05282169085541945, ""target_gas_class_4"": 0.04928683166906706, ""target_gas_class_5"": 0.0513665789515958, ""target_gas_class_6"": 0.04233519060497486}","{""target_concentration"": 0.9643514173448322, ""target_gas_class_1"": 0.9831800045722817, ""target_gas_class_2"": 0.9792053676891506, ""target_gas_class_3"": 0.9728848585078063, ""target_gas_class_4"": 0.9811952995821938, ""target_gas_class_5"": 0.9841707025911259, ""target_gas_class_6"": 0.9841286021796948}",,,0,0,0,False
gas_sensor_drift_concentration,5,prism_z_xgboost,13910,8902,2226,2782,33,96,7,5.020465503877641,2.138630580608796,0.9760881711433262,"{""target_concentration"": 34.82514932824413, ""target_gas_class_1"": 0.0450714346682209, ""target_gas_class_2"": 0.059351441125709996, ""target_gas_class_3"": 0.053608930047416306, ""target_gas_class_4"": 0.052689077257800476, ""target_gas_class_5"": 0.05851058836097609, ""target_gas_class_6"": 0.04887772743922619}","{""target_concentration"": 0.9586964330009342, ""target_gas_class_1"": 0.9860897771095288, ""target_gas_class_2"": 0.978945404527773, ""target_gas_class_3"": 0.9720706032352295, ""target_gas_class_4"": 0.9785095355007845, ""target_gas_class_5"": 0.9794614734088359, ""target_gas_class_6"": 0.9788439712201972}",,,0,0,0,False
gas_sensor_drift_concentration,5,prism_z_lightgbm,13910,8902,2226,2782,33,96,7,4.55355873851933,1.6756264461355044,0.978188985528477,"{""target_concentration"": 31.566522691310105, ""target_gas_class_1"": 0.0444727627887048, ""target_gas_class_2"": 0.0612869896583951, ""target_gas_class_3"": 0.054106161900687684, ""target_gas_class_4"": 0.04683561430117153, ""target_gas_class_5"": 0.055858752969590655, ""target_gas_class_6"": 0.045828196706651565}","{""target_concentration"": 0.9660644359989132, ""target_gas_class_1"": 0.9864568544968588, ""target_gas_class_2"": 0.9775497622746157, ""target_gas_class_3"": 0.9715501007882589, ""target_gas_class_4"": 0.9830192425543105, ""target_gas_class_5"": 0.9812809921638063, ""target_gas_class_6"": 0.981401510422576}",,,0,0,0,False
servo,1,simple_mlp,167,106,27,34,10,2,1,1.867523193359375,1.557647466659546,-1.220834732055664,"{""target_rise_time"": 1.867523193359375}","{""target_rise_time"": -1.220834732055664}",,,0,0,0,False
servo,1,random_forest,167,106,27,34,10,2,1,1.66923327346571,1.2506442509927234,-0.7742641761114568,"{""target_rise_time"": 1.66923327346571}","{""target_rise_time"": -0.7742641761114568}",,,0,0,0,False
servo,1,xgboost,167,106,27,34,10,2,1,1.6662509944223642,1.2504157365963944,-0.7679299816672382,"{""target_rise_time"": 1.6662509944223642}","{""target_rise_time"": -0.7679299816672382}",,,0,0,0,False
servo,1,lightgbm,167,106,27,34,10,2,1,1.293507724739044,1.0229799555259713,-0.06542349804014247,"{""target_rise_time"": 1.293507724739044}","{""target_rise_time"": -0.06542349804014247}",,,0,0,0,False
servo,1,cnn_mlp,167,106,27,34,10,2,1,1.2651184510490878,0.9383352141766192,-0.01916991958872072,"{""target_rise_time"": 1.2651184510490878}","{""target_rise_time"": -0.01916991958872072}",,,0,0,0,False
servo,1,ftt_mlp,167,106,27,34,10,2,1,1.244834039945567,0.9321892914547645,0.013250014130229193,"{""target_rise_time"": 1.244834039945567}","{""target_rise_time"": 0.013250014130229193}",,,0,0,0,False
servo,1,two_stage_mlp,167,106,27,34,10,2,1,1.5024161338806152,1.172865390777588,-0.43735718727111816,"{""target_rise_time"": 1.5024161338806152}","{""target_rise_time"": -0.43735718727111816}",,,0,0,0,False
servo,1,oracle_mlp,167,106,27,34,10,2,1,0.5881208777427673,0.3022831678390503,0.7797492742538452,"{""target_rise_time"": 0.5881208777427673}","{""target_rise_time"": 0.7797492742538452}",,,0,0,0,False
servo,1,prism,167,106,27,34,10,2,1,1.391135573387146,0.9922950863838196,-0.23231887817382812,"{""target_rise_time"": 1.391135573387146}","{""target_rise_time"": -0.23231887817382812}",,,0,0,0,False
servo,1,prism_z_acp_random_forest,167,106,27,34,10,2,1,1.6842524142395,1.270295784110644,-0.8063361554007196,"{""target_rise_time"": 1.6842524142395}","{""target_rise_time"": -0.8063361554007196}",,,0,0,0,False
servo,1,prism_z_acp_xgboost,167,106,27,34,10,2,1,1.6289920262519695,1.2172334825882738,-0.6897487532134008,"{""target_rise_time"": 1.6289920262519695}","{""target_rise_time"": -0.6897487532134008}",,,0,0,0,False
servo,1,prism_z_acp_lightgbm,167,106,27,34,10,2,1,1.6707689888746413,1.2637313343739387,-0.777530368185267,"{""target_rise_time"": 1.6707689888746413}","{""target_rise_time"": -0.777530368185267}",,,0,0,0,False
servo,1,prism_z_random_forest,167,106,27,34,10,2,1,1.683317479119076,1.2722420279924544,-0.8043313034379418,"{""target_rise_time"": 1.683317479119076}","{""target_rise_time"": -0.8043313034379418}",,,0,0,0,False
servo,1,prism_z_xgboost,167,106,27,34,10,2,1,1.6383688867473842,1.2313409941833,-0.7092579227073086,"{""target_rise_time"": 1.6383688867473842}","{""target_rise_time"": -0.7092579227073086}",,,0,0,0,False
servo,1,prism_z_lightgbm,167,106,27,34,10,2,1,1.6706320517068378,1.2633473223893377,-0.7772390053446645,"{""target_rise_time"": 1.6706320517068378}","{""target_rise_time"": -0.7772390053446645}",,,0,0,0,False
servo,2,simple_mlp,167,106,27,34,10,2,1,1.6612085103988647,1.314375638961792,-0.06908392906188965,"{""target_rise_time"": 1.6612085103988647}","{""target_rise_time"": -0.06908392906188965}",,,0,0,0,False
servo,2,random_forest,167,106,27,34,10,2,1,1.9558289858851592,1.4488818496848228,-0.4819216626374305,"{""target_rise_time"": 1.9558289858851592}","{""target_rise_time"": -0.4819216626374305}",,,0,0,0,False
servo,2,xgboost,167,106,27,34,10,2,1,1.9820671141406538,1.464460728874107,-0.5219493587554649,"{""target_rise_time"": 1.9820671141406538}","{""target_rise_time"": -0.5219493587554649}",,,0,0,0,False
servo,2,lightgbm,167,106,27,34,10,2,1,1.6063219163497398,1.1266370109554338,0.00039444748220662795,"{""target_rise_time"": 1.6063219163497398}","{""target_rise_time"": 0.00039444748220662795}",,,0,0,0,False
servo,2,cnn_mlp,167,106,27,34,10,2,1,1.592119035520909,1.245923096010064,0.017993053574027584,"{""target_rise_time"": 1.592119035520909}","{""target_rise_time"": 0.017993053574027584}",,,0,0,0,False
servo,2,ftt_mlp,167,106,27,34,10,2,1,1.626982860953581,1.3145633278293034,-0.025485316264893365,"{""target_rise_time"": 1.626982860953581}","{""target_rise_time"": -0.025485316264893365}",,,0,0,0,False
servo,2,two_stage_mlp,167,106,27,34,10,2,1,1.7531318664550781,1.3340609073638916,-0.1906733512878418,"{""target_rise_time"": 1.7531318664550781}","{""target_rise_time"": -0.1906733512878418}",,,0,0,0,False
servo,2,oracle_mlp,167,106,27,34,10,2,1,0.8138925433158875,0.5355863571166992,0.7433757781982422,"{""target_rise_time"": 0.8138925433158875}","{""target_rise_time"": 0.7433757781982422}",,,0,0,0,False
servo,2,prism,167,106,27,34,10,2,1,1.7674912214279175,1.3824769258499146,-0.2102581262588501,"{""target_rise_time"": 1.7674912214279175}","{""target_rise_time"": -0.2102581262588501}",,,0,0,0,False
servo,2,prism_z_acp_random_forest,167,106,27,34,10,2,1,1.9612744946385774,1.454111786932337,-0.49018521903413803,"{""target_rise_time"": 1.9612744946385774}","{""target_rise_time"": -0.49018521903413803}",,,0,0,0,False
servo,2,prism_z_acp_xgboost,167,106,27,34,10,2,1,1.9921160471851378,1.4800044671412989,-0.5374208195679644,"{""target_rise_time"": 1.9921160471851378}","{""target_rise_time"": -0.5374208195679644}",,,0,0,0,False
servo,2,prism_z_acp_lightgbm,167,106,27,34,10,2,1,1.9220807522855345,1.4386507168992393,-0.431221163722034,"{""target_rise_time"": 1.9220807522855345}","{""target_rise_time"": -0.431221163722034}",,,0,0,0,False
servo,2,prism_z_random_forest,167,106,27,34,10,2,1,1.9605221118087937,1.4524027323859807,-0.4890421105911107,"{""target_rise_time"": 1.9605221118087937}","{""target_rise_time"": -0.4890421105911107}",,,0,0,0,False
servo,2,prism_z_xgboost,167,106,27,34,10,2,1,1.988191909044934,1.4857633262091867,-0.5313698571969339,"{""target_rise_time"": 1.988191909044934}","{""target_rise_time"": -0.5313698571969339}",,,0,0,0,False
servo,2,prism_z_lightgbm,167,106,27,34,10,2,1,1.9221255748131567,1.4394831428349348,-0.43128791606640027,"{""target_rise_time"": 1.9221255748131567}","{""target_rise_time"": -0.43128791606640027}",,,0,0,0,False
servo,3,simple_mlp,167,106,27,34,10,2,1,1.8856499195098877,1.3748846054077148,0.0027318596839904785,"{""target_rise_time"": 1.8856499195098877}","{""target_rise_time"": 0.0027318596839904785}",,,0,0,0,False
servo,3,random_forest,167,106,27,34,10,2,1,1.9009815015430276,1.384446311263585,-0.013550984564512092,"{""target_rise_time"": 1.9009815015430276}","{""target_rise_time"": -0.013550984564512092}",,,0,0,0,False
servo,3,xgboost,167,106,27,34,10,2,1,1.8940446150965977,1.3807699310406616,-0.006167367367212684,"{""target_rise_time"": 1.8940446150965977}","{""target_rise_time"": -0.006167367367212684}",,,0,0,0,False
servo,3,lightgbm,167,106,27,34,10,2,1,1.9001164727583624,1.3335775282083149,-0.012628775383723312,"{""target_rise_time"": 1.9001164727583624}","{""target_rise_time"": -0.012628775383723312}",,,0,0,0,False
servo,3,cnn_mlp,167,106,27,34,10,2,1,1.9480201181609216,1.3462387318860873,-0.06433095609451267,"{""target_rise_time"": 1.9480201181609216}","{""target_rise_time"": -0.06433095609451267}",,,0,0,0,False
servo,3,ftt_mlp,167,106,27,34,10,2,1,1.996958734715281,1.3631573103540557,-0.11847942560699809,"{""target_rise_time"": 1.996958734715281}","{""target_rise_time"": -0.11847942560699809}",,,0,0,0,False
servo,3,two_stage_mlp,167,106,27,34,10,2,1,1.7707667350769043,1.4829710721969604,0.12054723501205444,"{""target_rise_time"": 1.7707667350769043}","{""target_rise_time"": 0.12054723501205444}",,,0,0,0,False
servo,3,oracle_mlp,167,106,27,34,10,2,1,0.5439300537109375,0.326985627412796,0.9170194864273071,"{""target_rise_time"": 0.5439300537109375}","{""target_rise_time"": 0.9170194864273071}",,,0,0,0,False
servo,3,prism,167,106,27,34,10,2,1,1.9614520072937012,1.380316972732544,-0.07905900478363037,"{""target_rise_time"": 1.9614520072937012}","{""target_rise_time"": -0.07905900478363037}",,,0,0,0,False
servo,3,prism_z_acp_random_forest,167,106,27,34,10,2,1,1.9007149465666202,1.3845175393454872,-0.01326676494723289,"{""target_rise_time"": 1.9007149465666202}","{""target_rise_time"": -0.01326676494723289}",,,0,0,0,False
servo,3,prism_z_acp_xgboost,167,106,27,34,10,2,1,1.8803655088203983,1.4130601267756555,0.008313568510158298,"{""target_rise_time"": 1.8803655088203983}","{""target_rise_time"": 0.008313568510158298}",,,0,0,0,False
servo,3,prism_z_acp_lightgbm,167,106,27,34,10,2,1,1.9047005776100925,1.3855816167510266,-0.01752068179824917,"{""target_rise_time"": 1.9047005776100925}","{""target_rise_time"": -0.01752068179824917}",,,0,0,0,False
servo,3,prism_z_random_forest,167,106,27,34,10,2,1,1.9008549161918329,1.38486539418985,-0.013416005412434595,"{""target_rise_time"": 1.9008549161918329}","{""target_rise_time"": -0.013416005412434595}",,,0,0,0,False
servo,3,prism_z_xgboost,167,106,27,34,10,2,1,1.8807305477947889,1.4131653183659716,0.00792849514601135,"{""target_rise_time"": 1.8807305477947889}","{""target_rise_time"": 0.00792849514601135}",,,0,0,0,False
servo,3,prism_z_lightgbm,167,106,27,34,10,2,1,1.9046648392523862,1.385553998986045,-0.017482498183072126,"{""target_rise_time"": 1.9046648392523862}","{""target_rise_time"": -0.017482498183072126}",,,0,0,0,False
servo,4,simple_mlp,167,106,27,34,10,2,1,1.7574474811553955,1.290602445602417,-0.07898902893066406,"{""target_rise_time"": 1.7574474811553955}","{""target_rise_time"": -0.07898902893066406}",,,0,0,0,False
servo,4,random_forest,167,106,27,34,10,2,1,1.789420192517974,1.2782217755155687,-0.11860555816702867,"{""target_rise_time"": 1.789420192517974}","{""target_rise_time"": -0.11860555816702867}",,,0,0,0,False
servo,4,xgboost,167,106,27,34,10,2,1,1.778888179572921,1.2675680416561144,-0.10547672684712017,"{""target_rise_time"": 1.778888179572921}","{""target_rise_time"": -0.10547672684712017}",,,0,0,0,False
servo,4,lightgbm,167,106,27,34,10,2,1,1.758599938114121,1.2511122629993714,-0.08040456976518073,"{""target_rise_time"": 1.758599938114121}","{""target_rise_time"": -0.08040456976518073}",,,0,0,0,False
servo,4,cnn_mlp,167,106,27,34,10,2,1,1.6662144905025815,1.1441167696085295,0.030128674497151953,"{""target_rise_time"": 1.6662144905025815}","{""target_rise_time"": 0.030128674497151953}",,,0,0,0,False
servo,4,ftt_mlp,167,106,27,34,10,2,1,1.7937075819738486,1.2113834357753568,-0.12397226085506108,"{""target_rise_time"": 1.7937075819738486}","{""target_rise_time"": -0.12397226085506108}",,,0,0,0,False
servo,4,two_stage_mlp,167,106,27,34,10,2,1,1.8019499778747559,1.3080302476882935,-0.13432562351226807,"{""target_rise_time"": 1.8019499778747559}","{""target_rise_time"": -0.13432562351226807}",,,0,0,0,False
servo,4,oracle_mlp,167,106,27,34,10,2,1,0.9231448173522949,0.4056117534637451,0.7022910118103027,"{""target_rise_time"": 0.9231448173522949}","{""target_rise_time"": 0.7022910118103027}",,,0,0,0,False
servo,4,prism,167,106,27,34,10,2,1,1.7798471450805664,1.3252801895141602,-0.10666882991790771,"{""target_rise_time"": 1.7798471450805664}","{""target_rise_time"": -0.10666882991790771}",,,0,0,0,False
servo,4,prism_z_acp_random_forest,167,106,27,34,10,2,1,1.7841604356279763,1.281602629475161,-0.11203924545206956,"{""target_rise_time"": 1.7841604356279763}","{""target_rise_time"": -0.11203924545206956}",,,0,0,0,False
servo,4,prism_z_acp_xgboost,167,106,27,34,10,2,1,1.7564794108266024,1.241691864773372,-0.07780062778059715,"{""target_rise_time"": 1.7564794108266024}","{""target_rise_time"": -0.07780062778059715}",,,0,0,0,False
servo,4,prism_z_acp_lightgbm,167,106,27,34,10,2,1,1.7808111868586054,1.278387185185597,-0.10786809563369548,"{""target_rise_time"": 1.7808111868586054}","{""target_rise_time"": -0.10786809563369548}",,,0,0,0,False
servo,4,prism_z_random_forest,167,106,27,34,10,2,1,1.7837061732034858,1.2822627926756995,-0.11147304823688087,"{""target_rise_time"": 1.7837061732034858}","{""target_rise_time"": -0.11147304823688087}",,,0,0,0,False
servo,4,prism_z_xgboost,167,106,27,34,10,2,1,1.754865130306918,1.244001209766002,-0.07582044738365235,"{""target_rise_time"": 1.754865130306918}","{""target_rise_time"": -0.07582044738365235}",,,0,0,0,False
servo,4,prism_z_lightgbm,167,106,27,34,10,2,1,1.780980777308177,1.2785124663790832,-0.1080791149669984,"{""target_rise_time"": 1.780980777308177}","{""target_rise_time"": -0.1080791149669984}",,,0,0,0,False
servo,5,simple_mlp,167,106,27,34,10,2,1,1.5349421501159668,1.0295313596725464,-0.15196573734283447,"{""target_rise_time"": 1.5349421501159668}","{""target_rise_time"": -0.15196573734283447}",,,0,0,0,False
servo,5,random_forest,167,106,27,34,10,2,1,1.829230932969257,1.4841909242225353,-0.6360350033697326,"{""target_rise_time"": 1.829230932969257}","{""target_rise_time"": -0.6360350033697326}",,,0,0,0,False
servo,5,xgboost,167,106,27,34,10,2,1,1.8530553389322384,1.506783679074393,-0.6789288650671594,"{""target_rise_time"": 1.8530553389322384}","{""target_rise_time"": -0.6789288650671594}",,,0,0,0,False
servo,5,lightgbm,167,106,27,34,10,2,1,1.606837648461929,1.3548525022015439,-0.26240735197610277,"{""target_rise_time"": 1.606837648461929}","{""target_rise_time"": -0.26240735197610277}",,,0,0,0,False
servo,5,cnn_mlp,167,106,27,34,10,2,1,1.4577504181581278,0.9396258091470154,-0.03901511844771588,"{""target_rise_time"": 1.4577504181581278}","{""target_rise_time"": -0.03901511844771588}",,,0,0,0,False
servo,5,ftt_mlp,167,106,27,34,10,2,1,1.5836864140117846,1.1750298525734957,-0.22629201304149138,"{""target_rise_time"": 1.5836864140117846}","{""target_rise_time"": -0.22629201304149138}",,,0,0,0,False
servo,5,two_stage_mlp,167,106,27,34,10,2,1,1.8623594045639038,1.426973819732666,-0.6958308219909668,"{""target_rise_time"": 1.8623594045639038}","{""target_rise_time"": -0.6958308219909668}",,,0,0,0,False
servo,5,oracle_mlp,167,106,27,34,10,2,1,0.44367191195487976,0.27864983677864075,0.903754711151123,"{""target_rise_time"": 0.44367191195487976}","{""target_rise_time"": 0.903754711151123}",,,0,0,0,False
servo,5,prism,167,106,27,34,10,2,1,1.5357922315597534,1.2157623767852783,-0.15324199199676514,"{""target_rise_time"": 1.5357922315597534}","{""target_rise_time"": -0.15324199199676514}",,,0,0,0,False
servo,5,prism_z_acp_random_forest,167,106,27,34,10,2,1,1.8285509891232417,1.4850887415524159,-0.6348189675320315,"{""target_rise_time"": 1.8285509891232417}","{""target_rise_time"": -0.6348189675320315}",,,0,0,0,False
servo,5,prism_z_acp_xgboost,167,106,27,34,10,2,1,1.7734387755659518,1.4507936694993773,-0.5377577250114978,"{""target_rise_time"": 1.7734387755659518}","{""target_rise_time"": -0.5377577250114978}",,,0,0,0,False
servo,5,prism_z_acp_lightgbm,167,106,27,34,10,2,1,1.7830646821846932,1.4713188343627013,-0.5544963738012545,"{""target_rise_time"": 1.7830646821846932}","{""target_rise_time"": -0.5544963738012545}",,,0,0,0,False
servo,5,prism_z_random_forest,167,106,27,34,10,2,1,1.8311922784602084,1.486159898965264,-0.6395452765795235,"{""target_rise_time"": 1.8311922784602084}","{""target_rise_time"": -0.6395452765795235}",,,0,0,0,False
servo,5,prism_z_xgboost,167,106,27,34,10,2,1,1.781875005581465,1.4601767198225217,-0.5524227182199555,"{""target_rise_time"": 1.781875005581465}","{""target_rise_time"": -0.5524227182199555}",,,0,0,0,False
servo,5,prism_z_lightgbm,167,106,27,34,10,2,1,1.7832870659404967,1.471730576594604,-0.5548841514326108,"{""target_rise_time"": 1.7832870659404967}","{""target_rise_time"": -0.5548841514326108}",,,0,0,0,False
