dataset,seed,model,n_rows,n_train,n_val,n_test,n_features,n_intermediates,n_targets,mean_rmse,mean_mae,mean_r2,target_rmse_json,target_r2_json,dropped_all_nan_cols,split_group_col,train_val_group_overlap,train_test_group_overlap,val_test_group_overlap,target_constant_within_group,mean_mse,target_mse_json
airfoil_self_noise,1,simple_mlp,1503,961,241,301,4,1,1,3.0741941928863525,2.185192584991455,0.7774941921234131,"{""target_scaled_sound_pressure_level"": 3.0741941928863525}","{""target_scaled_sound_pressure_level"": 0.7774941921234131}",,,0,0,0,False,9.450669935576173,"{""target_scaled_sound_pressure_level"": 9.450669935576173}"
airfoil_self_noise,1,random_forest,1503,961,241,301,4,1,1,1.9670184529403936,1.409471330704439,0.9089047563414177,"{""target_scaled_sound_pressure_level"": 1.9670184529403938}","{""target_scaled_sound_pressure_level"": 0.9089047563414177}",,,0,0,0,False,3.86916159420802,"{""target_scaled_sound_pressure_level"": 3.86916159420802}"
airfoil_self_noise,1,xgboost,1503,961,241,301,4,1,1,2.4717317861273864,1.842041453609856,0.8561593891505022,"{""target_scaled_sound_pressure_level"": 2.4717317861273864}","{""target_scaled_sound_pressure_level"": 0.8561593891505022}",,,0,0,0,False,6.10945802255248,"{""target_scaled_sound_pressure_level"": 6.10945802255248}"
airfoil_self_noise,1,lightgbm,1503,961,241,301,4,1,1,2.1754299086185838,1.5483735819263469,0.8885784941223045,"{""target_scaled_sound_pressure_level"": 2.1754299086185833}","{""target_scaled_sound_pressure_level"": 0.8885784941223045}",,,0,0,0,False,4.732495287312258,"{""target_scaled_sound_pressure_level"": 4.732495287312258}"
airfoil_self_noise,1,cnn_mlp,1503,961,241,301,4,1,1,1.469591353214862,1.1152111197603056,0.9491522184703128,"{""target_scaled_sound_pressure_level"": 1.4695913532148621}","{""target_scaled_sound_pressure_level"": 0.9491522184703128}",,,0,0,0,False,2.15969874544389,"{""target_scaled_sound_pressure_level"": 2.15969874544389}"
airfoil_self_noise,1,ftt_mlp,1503,961,241,301,4,1,1,1.780903892471403,1.310506795836529,0.9253276533208996,"{""target_scaled_sound_pressure_level"": 1.780903892471403}","{""target_scaled_sound_pressure_level"": 0.9253276533208996}",,,0,0,0,False,3.1716186742197943,"{""target_scaled_sound_pressure_level"": 3.1716186742197943}"
airfoil_self_noise,1,two_stage_mlp,1503,961,241,301,4,1,1,2.5731239318847656,1.8219316005706787,0.8441164493560791,"{""target_scaled_sound_pressure_level"": 2.5731239318847656}","{""target_scaled_sound_pressure_level"": 0.8441164493560791}",,,0,0,0,False,6.620966768838116,"{""target_scaled_sound_pressure_level"": 6.620966768838116}"
airfoil_self_noise,1,oracle_mlp,1503,961,241,301,4,1,1,2.4047632217407227,1.784430742263794,0.8638482093811035,"{""target_scaled_sound_pressure_level"": 2.4047632217407227}","{""target_scaled_sound_pressure_level"": 0.8638482093811035}",,,0,0,0,False,5.78288615263682,"{""target_scaled_sound_pressure_level"": 5.78288615263682}"
airfoil_self_noise,1,prism,1503,961,241,301,4,1,1,1.5482146739959717,1.12193500995636,0.9435659646987916,"{""target_scaled_sound_pressure_level"": 1.5482146739959717}","{""target_scaled_sound_pressure_level"": 0.9435659646987915}",,,0,0,0,False,2.396968676776453,"{""target_scaled_sound_pressure_level"": 2.396968676776453}"
airfoil_self_noise,1,prism_z_acp_random_forest,1503,961,241,301,4,1,1,2.341475131614548,1.7545201235642578,0.8709203043556866,"{""target_scaled_sound_pressure_level"": 2.3414751316145477}","{""target_scaled_sound_pressure_level"": 0.8709203043556866}",,,0,0,0,False,5.482505791969364,"{""target_scaled_sound_pressure_level"": 5.482505791969364}"
airfoil_self_noise,1,prism_z_acp_xgboost,1503,961,241,301,4,1,1,2.367024729924189,1.7849031220703568,0.8680879637926529,"{""target_scaled_sound_pressure_level"": 2.367024729924189}","{""target_scaled_sound_pressure_level"": 0.8680879637926529}",,,0,0,0,False,5.6028060720726796,"{""target_scaled_sound_pressure_level"": 5.6028060720726796}"
airfoil_self_noise,1,prism_z_acp_lightgbm,1503,961,241,301,4,1,1,2.164671678977074,1.577868230913042,0.8896778025031941,"{""target_scaled_sound_pressure_level"": 2.164671678977074}","{""target_scaled_sound_pressure_level"": 0.8896778025031941}",,,0,0,0,False,4.6858034777654245,"{""target_scaled_sound_pressure_level"": 4.6858034777654245}"
airfoil_self_noise,1,prism_z_random_forest,1503,961,241,301,4,1,1,2.339570728033926,1.762630514663017,0.8711301890256711,"{""target_scaled_sound_pressure_level"": 2.339570728033926}","{""target_scaled_sound_pressure_level"": 0.8711301890256711}",,,0,0,0,False,5.473591191473195,"{""target_scaled_sound_pressure_level"": 5.473591191473195}"
airfoil_self_noise,1,prism_z_xgboost,1503,961,241,301,4,1,1,2.419340439616957,1.8445913095481523,0.862192516184967,"{""target_scaled_sound_pressure_level"": 2.419340439616957}","{""target_scaled_sound_pressure_level"": 0.862192516184967}",,,0,0,0,False,5.853208162765971,"{""target_scaled_sound_pressure_level"": 5.853208162765971}"
airfoil_self_noise,1,prism_z_lightgbm,1503,961,241,301,4,1,1,2.190422267744532,1.600147512066953,0.8870374401931728,"{""target_scaled_sound_pressure_level"": 2.190422267744532}","{""target_scaled_sound_pressure_level"": 0.8870374401931728}",,,0,0,0,False,4.797949711031099,"{""target_scaled_sound_pressure_level"": 4.797949711031099}"
airfoil_self_noise,2,simple_mlp,1503,961,241,301,4,1,1,3.099830389022827,2.162336826324463,0.814207136631012,"{""target_scaled_sound_pressure_level"": 3.099830389022827}","{""target_scaled_sound_pressure_level"": 0.814207136631012}",,,0,0,0,False,9.608948440709412,"{""target_scaled_sound_pressure_level"": 9.608948440709412}"
airfoil_self_noise,2,random_forest,1503,961,241,301,4,1,1,2.351055193662184,1.7202730392348706,0.8931243353618925,"{""target_scaled_sound_pressure_level"": 2.3510551936621837}","{""target_scaled_sound_pressure_level"": 0.8931243353618925}",,,0,0,0,False,5.527460523645928,"{""target_scaled_sound_pressure_level"": 5.527460523645928}"
airfoil_self_noise,2,xgboost,1503,961,241,301,4,1,1,2.4716664413414957,1.8521165157692387,0.8818774262787952,"{""target_scaled_sound_pressure_level"": 2.4716664413414953}","{""target_scaled_sound_pressure_level"": 0.8818774262787952}",,,0,0,0,False,6.109134997253731,"{""target_scaled_sound_pressure_level"": 6.109134997253731}"
airfoil_self_noise,2,lightgbm,1503,961,241,301,4,1,1,2.493944109738321,1.7909467051045316,0.8797385012161555,"{""target_scaled_sound_pressure_level"": 2.493944109738321}","{""target_scaled_sound_pressure_level"": 0.8797385012161555}",,,0,0,0,False,6.219757222498466,"{""target_scaled_sound_pressure_level"": 6.219757222498466}"
airfoil_self_noise,2,cnn_mlp,1503,961,241,301,4,1,1,1.769931269747797,1.2840881176342125,0.9394288271397278,"{""target_scaled_sound_pressure_level"": 1.769931269747797}","{""target_scaled_sound_pressure_level"": 0.9394288271397278}",,,0,0,0,False,3.1326566996310485,"{""target_scaled_sound_pressure_level"": 3.1326566996310485}"
airfoil_self_noise,2,ftt_mlp,1503,961,241,301,4,1,1,2.2500756641681297,1.5616004669496848,0.9021079498460997,"{""target_scaled_sound_pressure_level"": 2.2500756641681297}","{""target_scaled_sound_pressure_level"": 0.9021079498460997}",,,0,0,0,False,5.06284049448165,"{""target_scaled_sound_pressure_level"": 5.06284049448165}"
airfoil_self_noise,2,two_stage_mlp,1503,961,241,301,4,1,1,2.618568181991577,1.8093950748443604,0.8674191236495972,"{""target_scaled_sound_pressure_level"": 2.618568181991577}","{""target_scaled_sound_pressure_level"": 0.8674191236495972}",,,0,0,0,False,6.8568993237386735,"{""target_scaled_sound_pressure_level"": 6.8568993237386735}"
airfoil_self_noise,2,oracle_mlp,1503,961,241,301,4,1,1,2.342874526977539,1.670642375946045,0.893866777420044,"{""target_scaled_sound_pressure_level"": 2.342874526977539}","{""target_scaled_sound_pressure_level"": 0.893866777420044}",,,0,0,0,False,5.489061049160227,"{""target_scaled_sound_pressure_level"": 5.489061049160227}"
airfoil_self_noise,2,prism,1503,961,241,301,4,1,1,1.6140167713165283,1.1632866859436035,0.949630320072174,"{""target_scaled_sound_pressure_level"": 1.6140167713165283}","{""target_scaled_sound_pressure_level"": 0.9496303200721741}",,,0,0,0,False,2.6050501380910305,"{""target_scaled_sound_pressure_level"": 2.6050501380910305}"
airfoil_self_noise,2,prism_z_acp_random_forest,1503,961,241,301,4,1,1,2.9712184959943952,2.0155777292469907,0.8293043873197825,"{""target_scaled_sound_pressure_level"": 2.9712184959943952}","{""target_scaled_sound_pressure_level"": 0.8293043873197825}",,,0,0,0,False,8.828139350939196,"{""target_scaled_sound_pressure_level"": 8.828139350939196}"
airfoil_self_noise,2,prism_z_acp_xgboost,1503,961,241,301,4,1,1,2.8749893230775387,1.9903260173592296,0.8401820147942827,"{""target_scaled_sound_pressure_level"": 2.8749893230775387}","{""target_scaled_sound_pressure_level"": 0.8401820147942827}",,,0,0,0,False,8.265563607809844,"{""target_scaled_sound_pressure_level"": 8.265563607809844}"
airfoil_self_noise,2,prism_z_acp_lightgbm,1503,961,241,301,4,1,1,2.722524432429803,1.8042184516984427,0.8566833161259702,"{""target_scaled_sound_pressure_level"": 2.722524432429803}","{""target_scaled_sound_pressure_level"": 0.8566833161259702}",,,0,0,0,False,7.412139285177221,"{""target_scaled_sound_pressure_level"": 7.412139285177221}"
airfoil_self_noise,2,prism_z_random_forest,1503,961,241,301,4,1,1,2.976996292485269,2.0311760253174964,0.8286398764916404,"{""target_scaled_sound_pressure_level"": 2.9769962924852695}","{""target_scaled_sound_pressure_level"": 0.8286398764916404}",,,0,0,0,False,8.86250692547104,"{""target_scaled_sound_pressure_level"": 8.86250692547104}"
airfoil_self_noise,2,prism_z_xgboost,1503,961,241,301,4,1,1,2.885811633057275,1.9858480874824072,0.8389765458731749,"{""target_scaled_sound_pressure_level"": 2.885811633057275}","{""target_scaled_sound_pressure_level"": 0.8389765458731749}",,,0,0,0,False,8.327908781488697,"{""target_scaled_sound_pressure_level"": 8.327908781488697}"
airfoil_self_noise,2,prism_z_lightgbm,1503,961,241,301,4,1,1,2.7523266824153554,1.817348515546209,0.8535284964151441,"{""target_scaled_sound_pressure_level"": 2.7523266824153554}","{""target_scaled_sound_pressure_level"": 0.8535284964151441}",,,0,0,0,False,7.575302166735517,"{""target_scaled_sound_pressure_level"": 7.575302166735517}"
airfoil_self_noise,3,simple_mlp,1503,961,241,301,4,1,1,2.8089442253112797,2.0557310581207275,0.8192026615142822,"{""target_scaled_sound_pressure_level"": 2.8089442253112793}","{""target_scaled_sound_pressure_level"": 0.8192026615142822}",,,0,0,0,False,7.890167660909583,"{""target_scaled_sound_pressure_level"": 7.890167660909583}"
airfoil_self_noise,3,random_forest,1503,961,241,301,4,1,1,2.307395772825769,1.6648264367042591,0.8780027629817937,"{""target_scaled_sound_pressure_level"": 2.3073957728257692}","{""target_scaled_sound_pressure_level"": 0.8780027629817937}",,,0,0,0,False,5.324075252454229,"{""target_scaled_sound_pressure_level"": 5.324075252454229}"
airfoil_self_noise,3,xgboost,1503,961,241,301,4,1,1,2.6625767420546183,1.9897386089128648,0.8375536050795708,"{""target_scaled_sound_pressure_level"": 2.6625767420546183}","{""target_scaled_sound_pressure_level"": 0.8375536050795708}",,,0,0,0,False,7.089314907330185,"{""target_scaled_sound_pressure_level"": 7.089314907330185}"
airfoil_self_noise,3,lightgbm,1503,961,241,301,4,1,1,2.502139300183776,1.74000960726707,0.8565406766362342,"{""target_scaled_sound_pressure_level"": 2.502139300183776}","{""target_scaled_sound_pressure_level"": 0.8565406766362342}",,,0,0,0,False,6.260701077524157,"{""target_scaled_sound_pressure_level"": 6.260701077524157}"
airfoil_self_noise,3,cnn_mlp,1503,961,241,301,4,1,1,1.683503785284718,1.182262616401111,0.9350567521679252,"{""target_scaled_sound_pressure_level"": 1.683503785284718}","{""target_scaled_sound_pressure_level"": 0.9350567521679252}",,,0,0,0,False,2.8341849950679734,"{""target_scaled_sound_pressure_level"": 2.8341849950679734}"
airfoil_self_noise,3,ftt_mlp,1503,961,241,301,4,1,1,1.9241301075768968,1.3410038717399422,0.915165075039728,"{""target_scaled_sound_pressure_level"": 1.9241301075768968}","{""target_scaled_sound_pressure_level"": 0.9151650750397279}",,,0,0,0,False,3.702276670883881,"{""target_scaled_sound_pressure_level"": 3.702276670883881}"
airfoil_self_noise,3,two_stage_mlp,1503,961,241,301,4,1,1,2.385152101516724,1.7701667547225952,0.869641900062561,"{""target_scaled_sound_pressure_level"": 2.3851521015167236}","{""target_scaled_sound_pressure_level"": 0.869641900062561}",,,0,0,0,False,5.688950547369643,"{""target_scaled_sound_pressure_level"": 5.688950547369643}"
airfoil_self_noise,3,oracle_mlp,1503,961,241,301,4,1,1,2.440033197402954,1.8125778436660769,0.8635739088058472,"{""target_scaled_sound_pressure_level"": 2.440033197402954}","{""target_scaled_sound_pressure_level"": 0.8635739088058472}",,,0,0,0,False,5.953762004428484,"{""target_scaled_sound_pressure_level"": 5.953762004428484}"
airfoil_self_noise,3,prism,1503,961,241,301,4,1,1,1.5254627466201782,1.071104884147644,0.9466776847839355,"{""target_scaled_sound_pressure_level"": 1.5254627466201782}","{""target_scaled_sound_pressure_level"": 0.9466776847839355}",,,0,0,0,False,2.327036591325978,"{""target_scaled_sound_pressure_level"": 2.327036591325978}"
airfoil_self_noise,3,prism_z_acp_random_forest,1503,961,241,301,4,1,1,2.490719746816281,1.831987165340272,0.8578471610522713,"{""target_scaled_sound_pressure_level"": 2.490719746816281}","{""target_scaled_sound_pressure_level"": 0.8578471610522713}",,,0,0,0,False,6.203684857180559,"{""target_scaled_sound_pressure_level"": 6.203684857180559}"
airfoil_self_noise,3,prism_z_acp_xgboost,1503,961,241,301,4,1,1,2.4226060007200805,1.8221306789148133,0.8655157619135008,"{""target_scaled_sound_pressure_level"": 2.4226060007200805}","{""target_scaled_sound_pressure_level"": 0.8655157619135008}",,,0,0,0,False,5.869019834724942,"{""target_scaled_sound_pressure_level"": 5.869019834724942}"
airfoil_self_noise,3,prism_z_acp_lightgbm,1503,961,241,301,4,1,1,2.286856366951582,1.6573975828940566,0.8801650259618496,"{""target_scaled_sound_pressure_level"": 2.286856366951582}","{""target_scaled_sound_pressure_level"": 0.8801650259618496}",,,0,0,0,False,5.2297120430669874,"{""target_scaled_sound_pressure_level"": 5.2297120430669874}"
airfoil_self_noise,3,prism_z_random_forest,1503,961,241,301,4,1,1,2.5043601650343588,1.8354164396723496,0.8562858985246303,"{""target_scaled_sound_pressure_level"": 2.5043601650343588}","{""target_scaled_sound_pressure_level"": 0.8562858985246303}",,,0,0,0,False,6.271819836210921,"{""target_scaled_sound_pressure_level"": 6.271819836210921}"
airfoil_self_noise,3,prism_z_xgboost,1503,961,241,301,4,1,1,2.510556721034114,1.877040115433468,0.8555738330513112,"{""target_scaled_sound_pressure_level"": 2.510556721034114}","{""target_scaled_sound_pressure_level"": 0.8555738330513112}",,,0,0,0,False,6.302895049529562,"{""target_scaled_sound_pressure_level"": 6.302895049529562}"
airfoil_self_noise,3,prism_z_lightgbm,1503,961,241,301,4,1,1,2.298248415448346,1.6758955704201266,0.8789681286276976,"{""target_scaled_sound_pressure_level"": 2.298248415448346}","{""target_scaled_sound_pressure_level"": 0.8789681286276976}",,,0,0,0,False,5.281945779110833,"{""target_scaled_sound_pressure_level"": 5.281945779110833}"
airfoil_self_noise,4,simple_mlp,1503,961,241,301,4,1,1,2.96058988571167,2.1334829330444336,0.8175663948059082,"{""target_scaled_sound_pressure_level"": 2.96058988571167}","{""target_scaled_sound_pressure_level"": 0.8175663948059082}",,,0,0,0,False,8.765092471378239,"{""target_scaled_sound_pressure_level"": 8.765092471378239}"
airfoil_self_noise,4,random_forest,1503,961,241,301,4,1,1,1.7676777284937144,1.3662189240479137,0.9349638860990102,"{""target_scaled_sound_pressure_level"": 1.7676777284937144}","{""target_scaled_sound_pressure_level"": 0.9349638860990102}",,,0,0,0,False,3.124684551812698,"{""target_scaled_sound_pressure_level"": 3.124684551812698}"
airfoil_self_noise,4,xgboost,1503,961,241,301,4,1,1,2.151364447966573,1.6359313005625578,0.9036667133317196,"{""target_scaled_sound_pressure_level"": 2.1513644479665732}","{""target_scaled_sound_pressure_level"": 0.9036667133317196}",,,0,0,0,False,4.628368987974518,"{""target_scaled_sound_pressure_level"": 4.628368987974518}"
airfoil_self_noise,4,lightgbm,1503,961,241,301,4,1,1,1.99575151199383,1.532067070314227,0.9170987008166008,"{""target_scaled_sound_pressure_level"": 1.99575151199383}","{""target_scaled_sound_pressure_level"": 0.9170987008166009}",,,0,0,0,False,3.9830240976256586,"{""target_scaled_sound_pressure_level"": 3.9830240976256586}"
airfoil_self_noise,4,cnn_mlp,1503,961,241,301,4,1,1,1.5384237010475712,1.1591169737220943,0.9507393285983292,"{""target_scaled_sound_pressure_level"": 1.5384237010475712}","{""target_scaled_sound_pressure_level"": 0.9507393285983292}",,,0,0,0,False,2.3667474839449065,"{""target_scaled_sound_pressure_level"": 2.3667474839449065}"
airfoil_self_noise,4,ftt_mlp,1503,961,241,301,4,1,1,1.8337141024242447,1.4068833608223743,0.9300139226067734,"{""target_scaled_sound_pressure_level"": 1.8337141024242447}","{""target_scaled_sound_pressure_level"": 0.9300139226067734}",,,0,0,0,False,3.3625074094295533,"{""target_scaled_sound_pressure_level"": 3.3625074094295533}"
airfoil_self_noise,4,two_stage_mlp,1503,961,241,301,4,1,1,2.5406219959259038,1.7713079452514648,0.865652859210968,"{""target_scaled_sound_pressure_level"": 2.5406219959259033}","{""target_scaled_sound_pressure_level"": 0.865652859210968}",,,0,0,0,False,6.454760126182521,"{""target_scaled_sound_pressure_level"": 6.454760126182521}"
airfoil_self_noise,4,oracle_mlp,1503,961,241,301,4,1,1,2.0905628204345703,1.5793442726135254,0.9090349078178406,"{""target_scaled_sound_pressure_level"": 2.0905628204345703}","{""target_scaled_sound_pressure_level"": 0.9090349078178406}",,,0,0,0,False,4.3704529061833455,"{""target_scaled_sound_pressure_level"": 4.3704529061833455}"
airfoil_self_noise,4,prism,1503,961,241,301,4,1,1,1.3536278009414673,0.9996508359909058,0.9618629813194276,"{""target_scaled_sound_pressure_level"": 1.3536278009414673}","{""target_scaled_sound_pressure_level"": 0.9618629813194275}",,,0,0,0,False,1.8323082234816326,"{""target_scaled_sound_pressure_level"": 1.8323082234816326}"
airfoil_self_noise,4,prism_z_acp_random_forest,1503,961,241,301,4,1,1,2.1625273905164204,1.6325711446633868,0.9026644165306932,"{""target_scaled_sound_pressure_level"": 2.1625273905164204}","{""target_scaled_sound_pressure_level"": 0.9026644165306931}",,,0,0,0,False,4.676524714733759,"{""target_scaled_sound_pressure_level"": 4.676524714733759}"
airfoil_self_noise,4,prism_z_acp_xgboost,1503,961,241,301,4,1,1,2.154449873868971,1.6396090826254923,0.9033901982511716,"{""target_scaled_sound_pressure_level"": 2.154449873868971}","{""target_scaled_sound_pressure_level"": 0.9033901982511717}",,,0,0,0,False,4.641654259014025,"{""target_scaled_sound_pressure_level"": 4.641654259014025}"
airfoil_self_noise,4,prism_z_acp_lightgbm,1503,961,241,301,4,1,1,2.0590377130993627,1.5378604928867488,0.9117576622563348,"{""target_scaled_sound_pressure_level"": 2.0590377130993627}","{""target_scaled_sound_pressure_level"": 0.9117576622563349}",,,0,0,0,False,4.239636303965454,"{""target_scaled_sound_pressure_level"": 4.239636303965454}"
airfoil_self_noise,4,prism_z_random_forest,1503,961,241,301,4,1,1,2.170838238873353,1.648335143799445,0.9019148346239252,"{""target_scaled_sound_pressure_level"": 2.170838238873353}","{""target_scaled_sound_pressure_level"": 0.9019148346239253}",,,0,0,0,False,4.7125386593547605,"{""target_scaled_sound_pressure_level"": 4.7125386593547605}"
airfoil_self_noise,4,prism_z_xgboost,1503,961,241,301,4,1,1,2.2236863363906205,1.6942914950079495,0.8970810237102596,"{""target_scaled_sound_pressure_level"": 2.2236863363906205}","{""target_scaled_sound_pressure_level"": 0.8970810237102596}",,,0,0,0,False,4.94478092265034,"{""target_scaled_sound_pressure_level"": 4.94478092265034}"
airfoil_self_noise,4,prism_z_lightgbm,1503,961,241,301,4,1,1,2.091947320282911,1.5714685685296403,0.908914364982167,"{""target_scaled_sound_pressure_level"": 2.091947320282911}","{""target_scaled_sound_pressure_level"": 0.908914364982167}",,,0,0,0,False,4.376243590838852,"{""target_scaled_sound_pressure_level"": 4.376243590838852}"
airfoil_self_noise,5,simple_mlp,1503,961,241,301,4,1,1,3.390963315963745,2.4345715045928955,0.7551490664482117,"{""target_scaled_sound_pressure_level"": 3.390963315963745}","{""target_scaled_sound_pressure_level"": 0.7551490664482117}",,,0,0,0,False,11.498632210211838,"{""target_scaled_sound_pressure_level"": 11.498632210211838}"
airfoil_self_noise,5,random_forest,1503,961,241,301,4,1,1,2.2191298467794693,1.5617606679224731,0.8951373110553665,"{""target_scaled_sound_pressure_level"": 2.2191298467794693}","{""target_scaled_sound_pressure_level"": 0.8951373110553665}",,,0,0,0,False,4.924537276867471,"{""target_scaled_sound_pressure_level"": 4.924537276867471}"
airfoil_self_noise,5,xgboost,1503,961,241,301,4,1,1,2.3826253429010467,1.781474382419412,0.8791164864831535,"{""target_scaled_sound_pressure_level"": 2.3826253429010467}","{""target_scaled_sound_pressure_level"": 0.8791164864831535}",,,0,0,0,False,5.67690352463433,"{""target_scaled_sound_pressure_level"": 5.67690352463433}"
airfoil_self_noise,5,lightgbm,1503,961,241,301,4,1,1,2.277129727762263,1.6905760599419384,0.8895842296673018,"{""target_scaled_sound_pressure_level"": 2.277129727762263}","{""target_scaled_sound_pressure_level"": 0.8895842296673018}",,,0,0,0,False,5.1853197970586375,"{""target_scaled_sound_pressure_level"": 5.1853197970586375}"
airfoil_self_noise,5,cnn_mlp,1503,961,241,301,4,1,1,1.735679099291757,1.2371299239973716,0.9358503297498856,"{""target_scaled_sound_pressure_level"": 1.735679099291757}","{""target_scaled_sound_pressure_level"": 0.9358503297498857}",,,0,0,0,False,3.012581935718245,"{""target_scaled_sound_pressure_level"": 3.012581935718245}"
airfoil_self_noise,5,ftt_mlp,1503,961,241,301,4,1,1,2.2802238613770887,1.66628159688697,0.8892839628435453,"{""target_scaled_sound_pressure_level"": 2.2802238613770887}","{""target_scaled_sound_pressure_level"": 0.8892839628435453}",,,0,0,0,False,5.199420857993441,"{""target_scaled_sound_pressure_level"": 5.199420857993441}"
airfoil_self_noise,5,two_stage_mlp,1503,961,241,301,4,1,1,2.973121404647827,2.098230361938477,0.8117734789848328,"{""target_scaled_sound_pressure_level"": 2.973121404647827}","{""target_scaled_sound_pressure_level"": 0.8117734789848328}",,,0,0,0,False,8.839450886775069,"{""target_scaled_sound_pressure_level"": 8.839450886775069}"
airfoil_self_noise,5,oracle_mlp,1503,961,241,301,4,1,1,2.606245517730713,1.87265145778656,0.855360746383667,"{""target_scaled_sound_pressure_level"": 2.606245517730713}","{""target_scaled_sound_pressure_level"": 0.855360746383667}",,,0,0,0,False,6.792515698691432,"{""target_scaled_sound_pressure_level"": 6.792515698691432}"
airfoil_self_noise,5,prism,1503,961,241,301,4,1,1,1.5258268117904663,1.0754258632659912,0.9504246115684508,"{""target_scaled_sound_pressure_level"": 1.5258268117904663}","{""target_scaled_sound_pressure_level"": 0.9504246115684509}",,,0,0,0,False,2.328147459578659,"{""target_scaled_sound_pressure_level"": 2.328147459578659}"
airfoil_self_noise,5,prism_z_acp_random_forest,1503,961,241,301,4,1,1,2.5042990277196497,1.8230218717179167,0.8664549083504268,"{""target_scaled_sound_pressure_level"": 2.5042990277196497}","{""target_scaled_sound_pressure_level"": 0.8664549083504268}",,,0,0,0,False,6.271513620237583,"{""target_scaled_sound_pressure_level"": 6.271513620237583}"
airfoil_self_noise,5,prism_z_acp_xgboost,1503,961,241,301,4,1,1,2.400105047417989,1.738454149519864,0.8773362998025402,"{""target_scaled_sound_pressure_level"": 2.4001050474179895}","{""target_scaled_sound_pressure_level"": 0.8773362998025402}",,,0,0,0,False,5.7605042386413094,"{""target_scaled_sound_pressure_level"": 5.7605042386413094}"
airfoil_self_noise,5,prism_z_acp_lightgbm,1503,961,241,301,4,1,1,2.422146478862911,1.6411050776208556,0.875072983688035,"{""target_scaled_sound_pressure_level"": 2.422146478862911}","{""target_scaled_sound_pressure_level"": 0.875072983688035}",,,0,0,0,False,5.866793565067997,"{""target_scaled_sound_pressure_level"": 5.866793565067997}"
airfoil_self_noise,5,prism_z_random_forest,1503,961,241,301,4,1,1,2.498781098740373,1.8234962016112328,0.8670427618736877,"{""target_scaled_sound_pressure_level"": 2.498781098740373}","{""target_scaled_sound_pressure_level"": 0.8670427618736877}",,,0,0,0,False,6.243906979422145,"{""target_scaled_sound_pressure_level"": 6.243906979422145}"
airfoil_self_noise,5,prism_z_xgboost,1503,961,241,301,4,1,1,2.437735302123105,1.7785777230157194,0.8734597599685889,"{""target_scaled_sound_pressure_level"": 2.437735302123105}","{""target_scaled_sound_pressure_level"": 0.8734597599685889}",,,0,0,0,False,5.942553403217227,"{""target_scaled_sound_pressure_level"": 5.942553403217227}"
airfoil_self_noise,5,prism_z_lightgbm,1503,961,241,301,4,1,1,2.4800113912434,1.687049143676426,0.8690326886284939,"{""target_scaled_sound_pressure_level"": 2.4800113912433996}","{""target_scaled_sound_pressure_level"": 0.8690326886284939}",,,0,0,0,False,6.150456500697023,"{""target_scaled_sound_pressure_level"": 6.150456500697023}"
energy_efficiency,1,simple_mlp,768,491,123,154,8,1,1,1.4098917245864868,1.006791353225708,0.9786455631256104,"{""target_cooling_load"": 1.4098917245864868}","{""target_cooling_load"": 0.9786455631256104}",,,0,0,0,False,1.987794675057458,"{""target_cooling_load"": 1.987794675057458}"
energy_efficiency,1,random_forest,768,491,123,154,8,1,1,1.9271408338276363,1.261478859867173,0.9601027294867202,"{""target_cooling_load"": 1.9271408338276363}","{""target_cooling_load"": 0.9601027294867202}",,,0,0,0,False,3.7138717934058776,"{""target_cooling_load"": 3.7138717934058776}"
energy_efficiency,1,xgboost,768,491,123,154,8,1,1,1.3633260662399471,0.8743596312353272,0.9800328649823828,"{""target_cooling_load"": 1.3633260662399471}","{""target_cooling_load"": 0.9800328649823827}",,,0,0,0,False,1.8586579628892888,"{""target_cooling_load"": 1.8586579628892888}"
energy_efficiency,1,lightgbm,768,491,123,154,8,1,1,1.3430100686306965,0.9172832707101388,0.9806235230868086,"{""target_cooling_load"": 1.3430100686306963}","{""target_cooling_load"": 0.9806235230868086}",,,0,0,0,False,1.8036760444434274,"{""target_cooling_load"": 1.8036760444434274}"
energy_efficiency,1,cnn_mlp,768,491,123,154,8,1,1,1.5321419472414697,0.9967009991819756,0.9747817884361284,"{""target_cooling_load"": 1.5321419472414695}","{""target_cooling_load"": 0.9747817884361283}",,,0,0,0,False,2.347458946496882,"{""target_cooling_load"": 2.347458946496882}"
energy_efficiency,1,ftt_mlp,768,491,123,154,8,1,1,2.747009816890242,2.148996631009373,0.9189343814381976,"{""target_cooling_load"": 2.747009816890242}","{""target_cooling_load"": 0.9189343814381976}",,,0,0,0,False,7.546062934091361,"{""target_cooling_load"": 7.546062934091361}"
energy_efficiency,1,two_stage_mlp,768,491,123,154,8,1,1,1.5718154907226562,1.0615288019180298,0.9734588861465454,"{""target_cooling_load"": 1.5718154907226562}","{""target_cooling_load"": 0.9734588861465454}",,,0,0,0,False,2.4706039368757047,"{""target_cooling_load"": 2.4706039368757047}"
energy_efficiency,1,oracle_mlp,768,491,123,154,8,1,1,1.3614851236343384,0.9523680210113524,0.9800867438316344,"{""target_cooling_load"": 1.3614851236343384}","{""target_cooling_load"": 0.9800867438316345}",,,0,0,0,False,1.8536417418776097,"{""target_cooling_load"": 1.8536417418776097}"
energy_efficiency,1,prism,768,491,123,154,8,1,1,1.0109833478927612,0.7053552269935608,0.9890199303627014,"{""target_cooling_load"": 1.0109833478927612}","{""target_cooling_load"": 0.9890199303627014}",,,0,0,0,False,1.0220873297164559,"{""target_cooling_load"": 1.0220873297164559}"
energy_efficiency,1,prism_z_acp_random_forest,768,491,123,154,8,1,1,2.01314725982192,1.320310416956347,0.9564621111241632,"{""target_cooling_load"": 2.01314725982192}","{""target_cooling_load"": 0.9564621111241632}",,,0,0,0,False,4.052761889728505,"{""target_cooling_load"": 4.052761889728505}"
energy_efficiency,1,prism_z_acp_xgboost,768,491,123,154,8,1,1,1.6842880774455702,1.0994829362764211,0.9695246272094264,"{""target_cooling_load"": 1.6842880774455702}","{""target_cooling_load"": 0.9695246272094264}",,,0,0,0,False,2.836826327825295,"{""target_cooling_load"": 2.836826327825295}"
energy_efficiency,1,prism_z_acp_lightgbm,768,491,123,154,8,1,1,1.7132194518956636,1.0377654713874982,0.9684686713312126,"{""target_cooling_load"": 1.7132194518956636}","{""target_cooling_load"": 0.9684686713312126}",,,0,0,0,False,2.935120890353678,"{""target_cooling_load"": 2.935120890353678}"
energy_efficiency,1,prism_z_random_forest,768,491,123,154,8,1,1,2.0890982973679164,1.3254912814546944,0.9531149883534554,"{""target_cooling_load"": 2.0890982973679164}","{""target_cooling_load"": 0.9531149883534554}",,,0,0,0,False,4.364331696065527,"{""target_cooling_load"": 4.364331696065527}"
energy_efficiency,1,prism_z_xgboost,768,491,123,154,8,1,1,1.62943601207995,1.037694934391849,0.9714772826140208,"{""target_cooling_load"": 1.62943601207995}","{""target_cooling_load"": 0.9714772826140209}",,,0,0,0,False,2.655061717463011,"{""target_cooling_load"": 2.655061717463011}"
energy_efficiency,1,prism_z_lightgbm,768,491,123,154,8,1,1,1.6960029475995604,1.020729619069524,0.9690992170575116,"{""target_cooling_load"": 1.6960029475995604}","{""target_cooling_load"": 0.9690992170575115}",,,0,0,0,False,2.8764259982663973,"{""target_cooling_load"": 2.8764259982663973}"
energy_efficiency,2,simple_mlp,768,491,123,154,8,1,1,1.4617743492126465,1.0768333673477173,0.975471258163452,"{""target_cooling_load"": 1.4617743492126465}","{""target_cooling_load"": 0.9754712581634521}",,,0,0,0,False,2.136784248016056,"{""target_cooling_load"": 2.136784248016056}"
energy_efficiency,2,random_forest,768,491,123,154,8,1,1,1.903526936849543,1.1583704855159371,0.9584058222593044,"{""target_cooling_load"": 1.903526936849543}","{""target_cooling_load"": 0.9584058222593044}",,,0,0,0,False,3.6234147993118047,"{""target_cooling_load"": 3.6234147993118047}"
energy_efficiency,2,xgboost,768,491,123,154,8,1,1,1.1755896617608603,0.7936048984198228,0.9841355139957176,"{""target_cooling_load"": 1.1755896617608605}","{""target_cooling_load"": 0.9841355139957176}",,,0,0,0,False,1.3820110528390146,"{""target_cooling_load"": 1.3820110528390146}"
energy_efficiency,2,lightgbm,768,491,123,154,8,1,1,1.3123391642603328,0.9196989176047012,0.980230000017238,"{""target_cooling_load"": 1.3123391642603328}","{""target_cooling_load"": 0.9802300000172379}",,,0,0,0,False,1.7222340820515087,"{""target_cooling_load"": 1.7222340820515087}"
energy_efficiency,2,cnn_mlp,768,491,123,154,8,1,1,1.387699817735242,0.9577792999817376,0.9778942348394648,"{""target_cooling_load"": 1.387699817735242}","{""target_cooling_load"": 0.9778942348394649}",,,0,0,0,False,1.925710784142424,"{""target_cooling_load"": 1.925710784142424}"
energy_efficiency,2,ftt_mlp,768,491,123,154,8,1,1,2.3749357909178563,1.7994965574710144,0.935253211115721,"{""target_cooling_load"": 2.3749357909178563}","{""target_cooling_load"": 0.935253211115721}",,,0,0,0,False,5.640320010982624,"{""target_cooling_load"": 5.640320010982624}"
energy_efficiency,2,two_stage_mlp,768,491,123,154,8,1,1,2.788459539413452,2.1080596446990967,0.9107428193092346,"{""target_cooling_load"": 2.788459539413452}","{""target_cooling_load"": 0.9107428193092346}",,,0,0,0,False,7.775506602945882,"{""target_cooling_load"": 7.775506602945882}"
energy_efficiency,2,oracle_mlp,768,491,123,154,8,1,1,1.3295598030090332,0.9768837094306946,0.9797077178955078,"{""target_cooling_load"": 1.3295598030090332}","{""target_cooling_load"": 0.9797077178955078}",,,0,0,0,False,1.7677292697774192,"{""target_cooling_load"": 1.7677292697774192}"
energy_efficiency,2,prism,768,491,123,154,8,1,1,1.0622516870498655,0.6817053556442261,0.987047016620636,"{""target_cooling_load"": 1.0622516870498657}","{""target_cooling_load"": 0.987047016620636}",,,0,0,0,False,1.1283786466402859,"{""target_cooling_load"": 1.1283786466402859}"
energy_efficiency,2,prism_z_acp_random_forest,768,491,123,154,8,1,1,1.9314869825403296,1.244150814487418,0.9571749320680994,"{""target_cooling_load"": 1.9314869825403298}","{""target_cooling_load"": 0.9571749320680994}",,,0,0,0,False,3.730641963722748,"{""target_cooling_load"": 3.730641963722748}"
energy_efficiency,2,prism_z_acp_xgboost,768,491,123,154,8,1,1,1.6810155934513016,1.0501218021716543,0.9675617083913344,"{""target_cooling_load"": 1.6810155934513016}","{""target_cooling_load"": 0.9675617083913344}",,,0,0,0,False,2.8258134254264315,"{""target_cooling_load"": 2.8258134254264315}"
energy_efficiency,2,prism_z_acp_lightgbm,768,491,123,154,8,1,1,1.5703099582995264,1.0165835283466826,0.9716935596071036,"{""target_cooling_load"": 1.5703099582995264}","{""target_cooling_load"": 0.9716935596071036}",,,0,0,0,False,2.46587336513466,"{""target_cooling_load"": 2.46587336513466}"
energy_efficiency,2,prism_z_random_forest,768,491,123,154,8,1,1,1.8684290450043923,1.224931118627928,0.9599255372128046,"{""target_cooling_load"": 1.8684290450043923}","{""target_cooling_load"": 0.9599255372128046}",,,0,0,0,False,3.4910270962160257,"{""target_cooling_load"": 3.4910270962160257}"
energy_efficiency,2,prism_z_xgboost,768,491,123,154,8,1,1,1.6323088170121416,1.0399025004168396,0.969414249428746,"{""target_cooling_load"": 1.6323088170121416}","{""target_cooling_load"": 0.9694142494287459}",,,0,0,0,False,2.664432074095577,"{""target_cooling_load"": 2.664432074095577}"
energy_efficiency,2,prism_z_lightgbm,768,491,123,154,8,1,1,1.6141058963591493,1.0640650917592336,0.9700926083853308,"{""target_cooling_load"": 1.6141058963591493}","{""target_cooling_load"": 0.9700926083853308}",,,0,0,0,False,2.605337844661373,"{""target_cooling_load"": 2.605337844661373}"
energy_efficiency,3,simple_mlp,768,491,123,154,8,1,1,1.3916332721710205,0.8591932654380798,0.9791204929351808,"{""target_cooling_load"": 1.3916332721710205}","{""target_cooling_load"": 0.9791204929351807}",,,0,0,0,False,1.9366431642134216,"{""target_cooling_load"": 1.9366431642134216}"
energy_efficiency,3,random_forest,768,491,123,154,8,1,1,1.540618897384784,0.922651962808745,0.9744105492496214,"{""target_cooling_load"": 1.540618897384784}","{""target_cooling_load"": 0.9744105492496214}",,,0,0,0,False,2.373506586979108,"{""target_cooling_load"": 2.373506586979108}"
energy_efficiency,3,xgboost,768,491,123,154,8,1,1,1.1485545198094078,0.6969640468164048,0.985777571687412,"{""target_cooling_load"": 1.1485545198094078}","{""target_cooling_load"": 0.9857775716874119}",,,0,0,0,False,1.3191774849746194,"{""target_cooling_load"": 1.3191774849746194}"
energy_efficiency,3,lightgbm,768,491,123,154,8,1,1,1.155405774674395,0.7723878203400677,0.9856073888983594,"{""target_cooling_load"": 1.1554057746743953}","{""target_cooling_load"": 0.9856073888983594}",,,0,0,0,False,1.3349625041509396,"{""target_cooling_load"": 1.3349625041509396}"
energy_efficiency,3,cnn_mlp,768,491,123,154,8,1,1,1.4562215388314583,0.925386364964746,0.9771374102294068,"{""target_cooling_load"": 1.4562215388314583}","{""target_cooling_load"": 0.9771374102294069}",,,0,0,0,False,2.1205811701566604,"{""target_cooling_load"": 2.1205811701566604}"
energy_efficiency,3,ftt_mlp,768,491,123,154,8,1,1,2.579322149943955,1.9485409325480112,0.9282731599382116,"{""target_cooling_load"": 2.579322149943955}","{""target_cooling_load"": 0.9282731599382117}",,,0,0,0,False,6.652902753191506,"{""target_cooling_load"": 6.652902753191506}"
energy_efficiency,3,two_stage_mlp,768,491,123,154,8,1,1,1.4360589981079102,1.0348296165466309,0.9777661561965942,"{""target_cooling_load"": 1.4360589981079102}","{""target_cooling_load"": 0.9777661561965942}",,,0,0,0,False,2.0622654460466947,"{""target_cooling_load"": 2.0622654460466947}"
energy_efficiency,3,oracle_mlp,768,491,123,154,8,1,1,1.118715763092041,0.7568193078041077,0.9865069389343262,"{""target_cooling_load"": 1.118715763092041}","{""target_cooling_load"": 0.9865069389343262}",,,0,0,0,False,1.2515249585906076,"{""target_cooling_load"": 1.2515249585906076}"
energy_efficiency,3,prism,768,491,123,154,8,1,1,1.0990636348724363,0.6601040363311768,0.9869768619537354,"{""target_cooling_load"": 1.0990636348724365}","{""target_cooling_load"": 0.9869768619537354}",,,0,0,0,False,1.2079408734990125,"{""target_cooling_load"": 1.2079408734990125}"
energy_efficiency,3,prism_z_acp_random_forest,768,491,123,154,8,1,1,1.7091125399004554,1.0562705553717708,0.9685071587268136,"{""target_cooling_load"": 1.7091125399004554}","{""target_cooling_load"": 0.9685071587268136}",,,0,0,0,False,2.9210656740449856,"{""target_cooling_load"": 2.9210656740449856}"
energy_efficiency,3,prism_z_acp_xgboost,768,491,123,154,8,1,1,1.4816461511688312,0.9468835189641814,0.9763321113482192,"{""target_cooling_load"": 1.4816461511688312}","{""target_cooling_load"": 0.9763321113482193}",,,0,0,0,False,2.195275317273411,"{""target_cooling_load"": 2.195275317273411}"
energy_efficiency,3,prism_z_acp_lightgbm,768,491,123,154,8,1,1,1.5610481396663718,0.9506783189188656,0.9737273962861436,"{""target_cooling_load"": 1.5610481396663718}","{""target_cooling_load"": 0.9737273962861436}",,,0,0,0,False,2.43687129435584,"{""target_cooling_load"": 2.43687129435584}"
energy_efficiency,3,prism_z_random_forest,768,491,123,154,8,1,1,1.866926678332727,1.1795346089666634,0.962422745458471,"{""target_cooling_load"": 1.866926678332727}","{""target_cooling_load"": 0.962422745458471}",,,0,0,0,False,3.4854152222704693,"{""target_cooling_load"": 3.4854152222704693}"
energy_efficiency,3,prism_z_xgboost,768,491,123,154,8,1,1,1.657094812901156,1.033603447799109,0.970394988183728,"{""target_cooling_load"": 1.657094812901156}","{""target_cooling_load"": 0.9703949881837279}",,,0,0,0,False,2.7459632189439174,"{""target_cooling_load"": 2.7459632189439174}"
energy_efficiency,3,prism_z_lightgbm,768,491,123,154,8,1,1,1.6632452572102754,1.0018658993206222,0.9701748174549466,"{""target_cooling_load"": 1.6632452572102754}","{""target_cooling_load"": 0.9701748174549466}",,,0,0,0,False,2.766384785632475,"{""target_cooling_load"": 2.766384785632475}"
energy_efficiency,4,simple_mlp,768,491,123,154,8,1,1,1.153247594833374,0.7776873111724854,0.9841039180755616,"{""target_cooling_load"": 1.153247594833374}","{""target_cooling_load"": 0.9841039180755615}",,,0,0,0,False,1.329980014988962,"{""target_cooling_load"": 1.329980014988962}"
energy_efficiency,4,random_forest,768,491,123,154,8,1,1,1.6553850334000668,0.9475497092526176,0.9672476715472604,"{""target_cooling_load"": 1.6553850334000668}","{""target_cooling_load"": 0.9672476715472603}",,,0,0,0,False,2.7402996088049405,"{""target_cooling_load"": 2.7402996088049405}"
energy_efficiency,4,xgboost,768,491,123,154,8,1,1,1.0564557555292466,0.6559851282286353,0.9866602786181412,"{""target_cooling_load"": 1.0564557555292466}","{""target_cooling_load"": 0.9866602786181413}",,,0,0,0,False,1.1160987633908714,"{""target_cooling_load"": 1.1160987633908714}"
energy_efficiency,4,lightgbm,768,491,123,154,8,1,1,1.0396759970300913,0.6460977491721208,0.9870806647829728,"{""target_cooling_load"": 1.0396759970300913}","{""target_cooling_load"": 0.9870806647829728}",,,0,0,0,False,1.0809261788005144,"{""target_cooling_load"": 1.0809261788005144}"
energy_efficiency,4,cnn_mlp,768,491,123,154,8,1,1,1.411956092216246,0.9829016710017088,0.9761720590522248,"{""target_cooling_load"": 1.411956092216246}","{""target_cooling_load"": 0.9761720590522247}",,,0,0,0,False,1.993620006346572,"{""target_cooling_load"": 1.993620006346572}"
energy_efficiency,4,ftt_mlp,768,491,123,154,8,1,1,2.5024713742574387,1.9364766002924,0.9251516262970932,"{""target_cooling_load"": 2.5024713742574387}","{""target_cooling_load"": 0.9251516262970931}",,,0,0,0,False,6.262362978977914,"{""target_cooling_load"": 6.262362978977914}"
energy_efficiency,4,two_stage_mlp,768,491,123,154,8,1,1,1.1858359575271606,0.8177165985107422,0.9831928610801696,"{""target_cooling_load"": 1.1858359575271606}","{""target_cooling_load"": 0.9831928610801697}",,,0,0,0,False,1.406206918164358,"{""target_cooling_load"": 1.406206918164358}"
energy_efficiency,4,oracle_mlp,768,491,123,154,8,1,1,1.2951476573944092,0.8800075650215149,0.9799514412879944,"{""target_cooling_load"": 1.2951476573944092}","{""target_cooling_load"": 0.9799514412879944}",,,0,0,0,False,1.677407454454226,"{""target_cooling_load"": 1.677407454454226}"
energy_efficiency,4,prism,768,491,123,154,8,1,1,0.8060698509216309,0.5812156796455383,0.9922341704368592,"{""target_cooling_load"": 0.8060698509216309}","{""target_cooling_load"": 0.9922341704368591}",,,0,0,0,False,0.6497486045648202,"{""target_cooling_load"": 0.6497486045648202}"
energy_efficiency,4,prism_z_acp_random_forest,768,491,123,154,8,1,1,1.6212272529302325,1.0255254754239136,0.9685853718652772,"{""target_cooling_load"": 1.6212272529302323}","{""target_cooling_load"": 0.9685853718652772}",,,0,0,0,False,2.6283778056437073,"{""target_cooling_load"": 2.6283778056437073}"
energy_efficiency,4,prism_z_acp_xgboost,768,491,123,154,8,1,1,1.3642147591750056,0.8687875854046777,0.977756167329256,"{""target_cooling_load"": 1.3642147591750056}","{""target_cooling_load"": 0.9777561673292559}",,,0,0,0,False,1.8610819091509185,"{""target_cooling_load"": 1.8610819091509185}"
energy_efficiency,4,prism_z_acp_lightgbm,768,491,123,154,8,1,1,1.360007956608993,0.8551835973597203,0.9778931415606044,"{""target_cooling_load"": 1.360007956608993}","{""target_cooling_load"": 0.9778931415606044}",,,0,0,0,False,1.8496216420397689,"{""target_cooling_load"": 1.8496216420397689}"
energy_efficiency,4,prism_z_random_forest,768,491,123,154,8,1,1,1.945599368883843,1.1489999517219962,0.9547570447264664,"{""target_cooling_load"": 1.945599368883843}","{""target_cooling_load"": 0.9547570447264664}",,,0,0,0,False,3.7853569042012087,"{""target_cooling_load"": 3.7853569042012087}"
energy_efficiency,4,prism_z_xgboost,768,491,123,154,8,1,1,1.4953950802370268,0.972464939803316,0.9732726422424404,"{""target_cooling_load"": 1.4953950802370268}","{""target_cooling_load"": 0.9732726422424403}",,,0,0,0,False,2.236206445997104,"{""target_cooling_load"": 2.236206445997104}"
energy_efficiency,4,prism_z_lightgbm,768,491,123,154,8,1,1,1.6553781791083462,1.0220441302497774,0.9672479427754572,"{""target_cooling_load"": 1.6553781791083462}","{""target_cooling_load"": 0.9672479427754573}",,,0,0,0,False,2.7402769158680638,"{""target_cooling_load"": 2.7402769158680638}"
energy_efficiency,5,simple_mlp,768,491,123,154,8,1,1,1.317746877670288,0.9010433554649352,0.9800466895103456,"{""target_cooling_load"": 1.317746877670288}","{""target_cooling_load"": 0.9800466895103455}",,,0,0,0,False,1.7364568336097932,"{""target_cooling_load"": 1.7364568336097932}"
energy_efficiency,5,random_forest,768,491,123,154,8,1,1,1.84954631950307,1.1999824269681851,0.9606920158730656,"{""target_cooling_load"": 1.84954631950307}","{""target_cooling_load"": 0.9606920158730656}",,,0,0,0,False,3.420821587987352,"{""target_cooling_load"": 3.420821587987352}"
energy_efficiency,5,xgboost,768,491,123,154,8,1,1,1.1897621498796225,0.8313814187879925,0.9837343791478448,"{""target_cooling_load"": 1.1897621498796225}","{""target_cooling_load"": 0.9837343791478449}",,,0,0,0,False,1.4155339732861814,"{""target_cooling_load"": 1.4155339732861814}"
energy_efficiency,5,lightgbm,768,491,123,154,8,1,1,1.1751145190805874,0.83786379939933,0.9841324187003074,"{""target_cooling_load"": 1.1751145190805874}","{""target_cooling_load"": 0.9841324187003074}",,,0,0,0,False,1.380894132954,"{""target_cooling_load"": 1.380894132954}"
energy_efficiency,5,cnn_mlp,768,491,123,154,8,1,1,1.434262806830917,1.1018849599860667,0.9763621582567458,"{""target_cooling_load"": 1.4342628068309167}","{""target_cooling_load"": 0.9763621582567458}",,,0,0,0,False,2.0571097990584994,"{""target_cooling_load"": 2.0571097990584994}"
energy_efficiency,5,ftt_mlp,768,491,123,154,8,1,1,2.6347000845149524,2.075200232333355,0.9202349359088832,"{""target_cooling_load"": 2.6347000845149524}","{""target_cooling_load"": 0.9202349359088832}",,,0,0,0,False,6.941644535343097,"{""target_cooling_load"": 6.941644535343097}"
energy_efficiency,5,two_stage_mlp,768,491,123,154,8,1,1,1.1496723890304563,0.8341857194900513,0.984812080860138,"{""target_cooling_load"": 1.1496723890304565}","{""target_cooling_load"": 0.9848120808601379}",,,0,0,0,False,1.3217466020989974,"{""target_cooling_load"": 1.3217466020989974}"
energy_efficiency,5,oracle_mlp,768,491,123,154,8,1,1,1.263342022895813,0.8880070447921753,0.9816603064537048,"{""target_cooling_load"": 1.263342022895813}","{""target_cooling_load"": 0.9816603064537048}",,,0,0,0,False,1.5960330668144849,"{""target_cooling_load"": 1.5960330668144849}"
energy_efficiency,5,prism,768,491,123,154,8,1,1,0.9537726044654846,0.6727944612503052,0.9895470142364502,"{""target_cooling_load"": 0.9537726044654846}","{""target_cooling_load"": 0.9895470142364502}",,,0,0,0,False,0.9096821810288738,"{""target_cooling_load"": 0.9096821810288738}"
energy_efficiency,5,prism_z_acp_random_forest,768,491,123,154,8,1,1,1.7068057443327842,1.1578957608207567,0.9665251577255602,"{""target_cooling_load"": 1.7068057443327842}","{""target_cooling_load"": 0.9665251577255602}",,,0,0,0,False,2.9131858488873896,"{""target_cooling_load"": 2.9131858488873896}"
energy_efficiency,5,prism_z_acp_xgboost,768,491,123,154,8,1,1,1.4416743321705432,0.9698598098111608,0.9761172308779538,"{""target_cooling_load"": 1.4416743321705432}","{""target_cooling_load"": 0.9761172308779538}",,,0,0,0,False,2.078424880039382,"{""target_cooling_load"": 2.078424880039382}"
energy_efficiency,5,prism_z_acp_lightgbm,768,491,123,154,8,1,1,1.381197567933178,0.9377299867259928,0.9780789194626912,"{""target_cooling_load"": 1.381197567933178}","{""target_cooling_load"": 0.9780789194626912}",,,0,0,0,False,1.907706721664526,"{""target_cooling_load"": 1.907706721664526}"
energy_efficiency,5,prism_z_random_forest,768,491,123,154,8,1,1,1.8430381847803132,1.3083339619805638,0.9609681609627478,"{""target_cooling_load"": 1.8430381847803134}","{""target_cooling_load"": 0.9609681609627478}",,,0,0,0,False,3.396789750558313,"{""target_cooling_load"": 3.396789750558313}"
energy_efficiency,5,prism_z_xgboost,768,491,123,154,8,1,1,1.532208346450176,1.0806101159937636,0.9730234756047476,"{""target_cooling_load"": 1.5322083464501761}","{""target_cooling_load"": 0.9730234756047476}",,,0,0,0,False,2.3476624169315827,"{""target_cooling_load"": 2.3476624169315827}"
energy_efficiency,5,prism_z_lightgbm,768,491,123,154,8,1,1,1.4120346119438163,1.0166129288647283,0.977089158945861,"{""target_cooling_load"": 1.4120346119438165}","{""target_cooling_load"": 0.977089158945861}",,,0,0,0,False,1.9938417453273245,"{""target_cooling_load"": 1.9938417453273245}"
hydraulic_systems,1,simple_mlp,2205,1411,353,441,23,44,4,2.036773204803467,1.3345141410827637,0.9749705791473388,"{""target_cooler_condition"": 2.565778970718384, ""target_hydraulic_accumulator"": 3.9317471981048584, ""target_internal_pump_leakage"": 0.10350179672241211, ""target_valve_condition"": 1.5460646152496338}","{""target_cooler_condition"": 0.996192991733551, ""target_hydraulic_accumulator"": 0.9389611482620239, ""target_internal_pump_leakage"": 0.9845249652862549, ""target_valve_condition"": 0.9802032113075256}",feature_ps2_min,,0,0,0,False,6.110721543209465,"{""target_cooler_condition"": 6.583221726580689, ""target_hydraulic_accumulator"": 15.458636029805405, ""target_internal_pump_leakage"": 0.010712621924767518, ""target_valve_condition"": 2.390315794526998}"
hydraulic_systems,1,random_forest,2205,1411,353,441,23,44,4,2.140051933937281,0.879012269560491,0.9769696251024969,"{""target_cooler_condition"": 3.3421788158221033, ""target_hydraulic_accumulator"": 3.517769963478153, ""target_internal_pump_leakage"": 0.10426479961034553, ""target_valve_condition"": 1.5959941568385243}","{""target_cooler_condition"": 0.9935404564723392, ""target_hydraulic_accumulator"": 0.9511381273475658, ""target_internal_pump_leakage"": 0.9842959845194506, ""target_valve_condition"": 0.9789039320706316}",feature_ps2_min,,0,0,0,False,6.525733312494905,"{""target_cooler_condition"": 11.170159236930036, ""target_hydraulic_accumulator"": 12.374705515949087, ""target_internal_pump_leakage"": 0.01087114843778551, ""target_valve_condition"": 2.547197348662712}"
hydraulic_systems,1,xgboost,2205,1411,353,441,23,44,4,1.855091379885932,0.9377223253629914,0.9769670423793724,"{""target_cooler_condition"": 1.9998731547914854, ""target_hydraulic_accumulator"": 3.8049772544357685, ""target_internal_pump_leakage"": 0.0968563727763333, ""target_valve_condition"": 1.5186587375401412}","{""target_cooler_condition"": 0.9976871505393962, ""target_hydraulic_accumulator"": 0.942833794692098, ""target_internal_pump_leakage"": 0.9864483651593615, ""target_valve_condition"": 0.9808988591266341}",feature_ps2_min,,0,0,0,False,5.198262515020903,"{""target_cooler_condition"": 3.9994926352556486, ""target_hydraulic_accumulator"": 14.477851906773559, ""target_internal_pump_leakage"": 0.009381156947388038, ""target_valve_condition"": 2.3063243611070154}"
hydraulic_systems,1,lightgbm,2205,1411,353,441,23,44,4,2.028955975091689,0.9465356512292772,0.981078120807642,"{""target_cooler_condition"": 3.325172236142547, ""target_hydraulic_accumulator"": 3.397816926310926, ""target_internal_pump_leakage"": 0.08089017720462795, ""target_valve_condition"": 1.3119445607086575}","{""target_cooler_condition"": 0.9936060276170364, ""target_hydraulic_accumulator"": 0.9544136116746271, ""target_internal_pump_leakage"": 0.9905479314513586, ""target_valve_condition"": 0.9857449124875457}",feature_ps2_min,,0,0,0,False,6.082418003969871,"{""target_cooler_condition"": 11.056770400013226, ""target_hydraulic_accumulator"": 11.545159864725028, ""target_internal_pump_leakage"": 0.006543220768196111, ""target_valve_condition"": 1.7211985303730324}"
hydraulic_systems,1,cnn_mlp,2205,1411,353,441,23,44,4,3.348973789740146,2.107183431483851,0.933878724016761,"{""target_cooler_condition"": 4.2949767288896314, ""target_hydraulic_accumulator"": 5.461076817057044, ""target_internal_pump_leakage"": 0.15697273066207265, ""target_valve_condition"": 3.482868882351838}","{""target_cooler_condition"": 0.9893324645455683, ""target_hydraulic_accumulator"": 0.8822416245301828, ""target_internal_pump_leakage"": 0.9644054329027539, ""target_valve_condition"": 0.8995353740885391}",feature_ps2_min,,0,0,0,False,15.106300298331906,"{""target_cooler_condition"": 18.446825101703478, ""target_hydraulic_accumulator"": 29.82336000179789, ""target_internal_pump_leakage"": 0.024640438171507604, ""target_valve_condition"": 12.130375651654742}"
hydraulic_systems,1,ftt_mlp,2205,1411,353,441,23,44,4,2.931547464024342,1.7043978703247116,0.9333670165195252,"{""target_cooler_condition"": 2.959255437090714, ""target_hydraulic_accumulator"": 4.722066785733096, ""target_internal_pump_leakage"": 0.18625477767408805, ""target_valve_condition"": 3.858612855599471}","{""target_cooler_condition"": 0.9949358405285998, ""target_hydraulic_accumulator"": 0.9119560567728027, ""target_internal_pump_leakage"": 0.9498870311484813, ""target_valve_condition"": 0.876689137628217}",feature_ps2_min,,0,0,0,False,11.494672870619643,"{""target_cooler_condition"": 8.757192741950952, ""target_hydraulic_accumulator"": 22.297914728923693, ""target_internal_pump_leakage"": 0.03469084220642397, ""target_valve_condition"": 14.888893169397505}"
hydraulic_systems,1,two_stage_mlp,2205,1411,353,441,23,44,4,1.8504958152771,1.2240755558013916,0.9780867099761964,"{""target_cooler_condition"": 2.1028456687927246, ""target_hydraulic_accumulator"": 3.772613525390625, ""target_internal_pump_leakage"": 0.09044914692640305, ""target_valve_condition"": 1.4360747337341309}","{""target_cooler_condition"": 0.9974428415298462, ""target_hydraulic_accumulator"": 0.9438021183013916, ""target_internal_pump_leakage"": 0.988182008266449, ""target_valve_condition"": 0.9829198122024536}",feature_ps2_min,,0,0,0,False,5.181266101942468,"{""target_cooler_condition"": 4.421959906760321, ""target_hydraulic_accumulator"": 14.23261281196028, ""target_internal_pump_leakage"": 0.008181048179714046, ""target_valve_condition"": 2.062310640869555}"
hydraulic_systems,1,oracle_mlp,2205,1411,353,441,23,44,4,1.5382883548736572,1.0744928121566772,0.9851568341255188,"{""target_cooler_condition"": 2.008227825164795, ""target_hydraulic_accumulator"": 2.5796515941619873, ""target_internal_pump_leakage"": 0.09429315477609634, ""target_valve_condition"": 1.4709810018539429}","{""target_cooler_condition"": 0.9976677894592285, ""target_hydraulic_accumulator"": 0.9737241268157959, ""target_internal_pump_leakage"": 0.9871561527252197, ""target_valve_condition"": 0.9820793867111206}",feature_ps2_min,,0,0,0,False,3.215064412970366,"{""target_cooler_condition"": 4.032978997766122, ""target_hydraulic_accumulator"": 6.6546023472624825, ""target_internal_pump_leakage"": 0.00889119903762886, ""target_valve_condition"": 2.1637851078152295}"
hydraulic_systems,1,prism,2205,1411,353,441,23,44,4,1.5722508430480957,0.9905654788017272,0.982633411884308,"{""target_cooler_condition"": 1.6138808727264404, ""target_hydraulic_accumulator"": 3.326663017272949, ""target_internal_pump_leakage"": 0.08764860779047012, ""target_valve_condition"": 1.2608109712600708}","{""target_cooler_condition"": 0.9984937906265259, ""target_hydraulic_accumulator"": 0.9563028812408447, ""target_internal_pump_leakage"": 0.9889025092124939, ""target_valve_condition"": 0.9868344664573669}",feature_ps2_min,,0,0,0,False,3.8171562213852974,"{""target_cooler_condition"": 2.604611471352257, ""target_hydraulic_accumulator"": 11.066686830491562, ""target_internal_pump_leakage"": 0.00768227844760766, ""target_valve_condition"": 1.589644305249763}"
hydraulic_systems,1,prism_z_acp_random_forest,2205,1411,353,441,23,44,4,2.038355735996315,1.192593376102577,0.9627291985835812,"{""target_cooler_condition"": 1.4394320093611561, ""target_hydraulic_accumulator"": 4.7190151656922765, ""target_internal_pump_leakage"": 0.1481521217549279, ""target_valve_condition"": 1.8468236471769006}","{""target_cooler_condition"": 0.9988018125208896, ""target_hydraulic_accumulator"": 0.912069816216754, ""target_internal_pump_leakage"": 0.9682933002438191, ""target_valve_condition"": 0.9717518653528617}",feature_ps2_min,,0,0,0,False,6.943443819639869,"{""target_cooler_condition"": 2.0719645095734953, ""target_hydraulic_accumulator"": 22.269104134033704, ""target_internal_pump_leakage"": 0.02194905118048698, ""target_valve_condition"": 3.410757583771789}"
hydraulic_systems,1,prism_z_acp_xgboost,2205,1411,353,441,23,44,4,1.5921601264392513,0.8271860059866993,0.9752879111700132,"{""target_cooler_condition"": 0.6409779350697615, ""target_hydraulic_accumulator"": 4.046954845626779, ""target_internal_pump_leakage"": 0.09532265762361997, ""target_valve_condition"": 1.5853850674368448}","{""target_cooler_condition"": 0.9997624097447154, ""target_hydraulic_accumulator"": 0.9353316243777645, ""target_internal_pump_leakage"": 0.9868741458824338, ""target_valve_condition"": 0.979183464675139}",feature_ps2_min,,0,0,0,False,4.82780711422413,"{""target_cooler_condition"": 0.4108527132462954, ""target_hydraulic_accumulator"": 16.377843522542065, ""target_internal_pump_leakage"": 0.009086409056429873, ""target_valve_condition"": 2.513445812051729}"
hydraulic_systems,1,prism_z_acp_lightgbm,2205,1411,353,441,23,44,4,2.1943277189731933,0.8414075970517145,0.9737561186767946,"{""target_cooler_condition"": 2.97051907274528, ""target_hydraulic_accumulator"": 4.1244635749650715, ""target_internal_pump_leakage"": 0.0900143249854243, ""target_valve_condition"": 1.5923139031969984}","{""target_cooler_condition"": 0.9948972163516965, ""target_hydraulic_accumulator"": 0.932830799383186, ""target_internal_pump_leakage"": 0.9882953468894375, ""target_valve_condition"": 0.9790011120828584}",feature_ps2_min,,0,0,0,False,7.094687371943544,"{""target_cooler_condition"": 8.823983561543479, ""target_hydraulic_accumulator"": 17.01119978121366, ""target_internal_pump_leakage"": 0.008102578702581582, ""target_valve_condition"": 2.53546356631446}"
hydraulic_systems,1,prism_z_random_forest,2205,1411,353,441,23,44,4,2.6094956818238866,1.3328143265734762,0.961785840461315,"{""target_cooler_condition"": 3.5609206648051472, ""target_hydraulic_accumulator"": 4.744382332226941, ""target_internal_pump_leakage"": 0.12708932274348675, ""target_valve_condition"": 2.0055904075199718}","{""target_cooler_condition"": 0.9926672469246246, ""target_hydraulic_accumulator"": 0.9111219342144586, ""target_internal_pump_leakage"": 0.9766679219980948, ""target_valve_condition"": 0.966686258708082}",feature_ps2_min,,0,0,0,False,9.80696606851875,"{""target_cooler_condition"": 12.680155981036332, ""target_hydraulic_accumulator"": 22.509163714347146, ""target_internal_pump_leakage"": 0.01615169595539814, ""target_valve_condition"": 4.022392882736126}"
hydraulic_systems,1,prism_z_xgboost,2205,1411,353,441,23,44,4,1.8436752892794828,0.9486900629570264,0.9720615744646296,"{""target_cooler_condition"": 1.3924410474654403, ""target_hydraulic_accumulator"": 4.322107529720203, ""target_internal_pump_leakage"": 0.10824148589836714, ""target_valve_condition"": 1.5519110940339205}","{""target_cooler_condition"": 0.9988787664114491, ""target_hydraulic_accumulator"": 0.9262390723839952, ""target_internal_pump_leakage"": 0.983075229831099, ""target_valve_condition"": 0.9800532292319751}",feature_ps2_min,,0,0,0,False,5.759912458046443,"{""target_cooler_condition"": 1.9388920706666526, ""target_hydraulic_accumulator"": 18.680613498464073, ""target_internal_pump_leakage"": 0.011716219269486412, ""target_valve_condition"": 2.40842804378556}"
hydraulic_systems,1,prism_z_lightgbm,2205,1411,353,441,23,44,4,1.923483428114016,0.9882331825361056,0.972158334846096,"{""target_cooler_condition"": 1.79913278922891, ""target_hydraulic_accumulator"": 4.287053210987946, ""target_internal_pump_leakage"": 0.11291893072674988, ""target_valve_condition"": 1.4948287815124586}","{""target_cooler_condition"": 0.9981281592307281, ""target_hydraulic_accumulator"": 0.927430691831824, ""target_internal_pump_leakage"": 0.9815808831549095, ""target_valve_condition"": 0.9814936051669224}",feature_ps2_min,,0,0,0,False,5.965741949518786,"{""target_cooler_condition"": 3.2368787932785974, ""target_hydraulic_accumulator"": 18.378825233842054, ""target_internal_pump_leakage"": 0.012750684916472538, ""target_valve_condition"": 2.234513086038022}"
hydraulic_systems,2,simple_mlp,2205,1411,353,441,23,44,4,2.697701930999756,1.51546311378479,0.9736902117729188,"{""target_cooler_condition"": 5.222327709197998, ""target_hydraulic_accumulator"": 4.086623191833496, ""target_internal_pump_leakage"": 0.07575948536396027, ""target_valve_condition"": 1.4060980081558228}","{""target_cooler_condition"": 0.9850770831108093, ""target_hydraulic_accumulator"": 0.9370729327201843, ""target_internal_pump_leakage"": 0.9916332364082336, ""target_valve_condition"": 0.9809775948524475}",feature_ps2_min,,0,0,0,False,11.489011730612747,"{""target_cooler_condition"": 27.27270670225721, ""target_hydraulic_accumulator"": 16.70048911203139, ""target_internal_pump_leakage"": 0.00573949962261211, ""target_valve_condition"": 1.9771116085397722}"
hydraulic_systems,2,random_forest,2205,1411,353,441,23,44,4,2.829903510852789,0.960539036545904,0.972032559325433,"{""target_cooler_condition"": 5.626603038942343, ""target_hydraulic_accumulator"": 3.9295242589096593, ""target_internal_pump_leakage"": 0.07883202544785108, ""target_valve_condition"": 1.684654720111304}","{""target_cooler_condition"": 0.9826772174360945, ""target_hydraulic_accumulator"": 0.9418180369304391, ""target_internal_pump_leakage"": 0.9909408458546209, ""target_valve_condition"": 0.9726941370805772}",feature_ps2_min,,0,0,0,False,12.486024668356055,"{""target_cooler_condition"": 31.65866175783521, ""target_hydraulic_accumulator"": 15.441160901359506, ""target_internal_pump_leakage"": 0.006214488236210639, ""target_valve_condition"": 2.838061525993296}"
hydraulic_systems,2,xgboost,2205,1411,353,441,23,44,4,2.459244644650962,0.9889421875423562,0.9772395592366688,"{""target_cooler_condition"": 4.590770811580674, ""target_hydraulic_accumulator"": 4.005266875229721, ""target_internal_pump_leakage"": 0.06254888180123466, ""target_valve_condition"": 1.1783920099922192}","{""target_cooler_condition"": 0.9884682206310396, ""target_hydraulic_accumulator"": 0.9395534748868629, ""target_internal_pump_leakage"": 0.9942967635224371, ""target_valve_condition"": 0.9866397779063355}",feature_ps2_min,,0,0,0,False,9.627464869525406,"{""target_cooler_condition"": 21.075176644461077, ""target_hydraulic_accumulator"": 16.042162741812458, ""target_internal_pump_leakage"": 0.003912362614584825, ""target_valve_condition"": 1.3886077292135024}"
hydraulic_systems,2,lightgbm,2205,1411,353,441,23,44,4,2.483805318842906,1.0285115415104271,0.9781388767795028,"{""target_cooler_condition"": 4.957204996203069, ""target_hydraulic_accumulator"": 3.8853394287925154, ""target_internal_pump_leakage"": 0.06952014177369732, ""target_valve_condition"": 1.0231567086023419}","{""target_cooler_condition"": 0.9865538219190756, ""target_hydraulic_accumulator"": 0.9431191139871765, ""target_internal_pump_leakage"": 0.99295463370516, ""target_valve_condition"": 0.9899279375065992}",feature_ps2_min,,0,0,0,False,10.180356637945158,"{""target_cooler_condition"": 24.573881374380672, ""target_hydraulic_accumulator"": 15.09586247692975, ""target_internal_pump_leakage"": 0.004833050112234976, ""target_valve_condition"": 1.0468496503579776}"
hydraulic_systems,2,cnn_mlp,2205,1411,353,441,23,44,4,3.808388824329744,2.191084611293313,0.9251793293600148,"{""target_cooler_condition"": 6.014062627356991, ""target_hydraulic_accumulator"": 5.186258939286994, ""target_internal_pump_leakage"": 0.1507142714987389, ""target_valve_condition"": 3.8825194591762497}","{""target_cooler_condition"": 0.9802093073663389, ""target_hydraulic_accumulator"": 0.89865161916886, ""target_internal_pump_leakage"": 0.9668875712744817, ""target_valve_condition"": 0.8549688196303786}",feature_ps2_min,,0,0,0,False,19.540725803405493,"{""target_cooler_condition"": 36.16894928577208, ""target_hydraulic_accumulator"": 26.89728178533426, ""target_internal_pump_leakage"": 0.02271479163339558, ""target_valve_condition"": 15.073957350882239}"
hydraulic_systems,2,ftt_mlp,2205,1411,353,441,23,44,4,3.3964990429364974,1.6316378049993614,0.9312984039311278,"{""target_cooler_condition"": 4.775566905915248, ""target_hydraulic_accumulator"": 5.06981711862077, ""target_internal_pump_leakage"": 0.17159675762345683, ""target_valve_condition"": 3.569015389586515}","{""target_cooler_condition"": 0.9875211383699725, ""target_hydraulic_accumulator"": 0.9031514754380401, ""target_internal_pump_leakage"": 0.9570759754996954, ""target_valve_condition"": 0.8774450264168032}",feature_ps2_min,,0,0,0,False,15.319100296866353,"{""target_cooler_condition"": 22.806039272872937, ""target_hydraulic_accumulator"": 25.703045616260205, ""target_internal_pump_leakage"": 0.02944544722688339, ""target_valve_condition"": 12.737870851105383}"
hydraulic_systems,2,two_stage_mlp,2205,1411,353,441,23,44,4,2.5225830078125,1.3281099796295166,0.9753236770629884,"{""target_cooler_condition"": 4.642636299133301, ""target_hydraulic_accumulator"": 4.010649681091309, ""target_internal_pump_leakage"": 0.07630370557308197, ""target_valve_condition"": 1.3607429265975952}","{""target_cooler_condition"": 0.9882062077522278, ""target_hydraulic_accumulator"": 0.9393908977508545, ""target_internal_pump_leakage"": 0.9915125966072083, ""target_valve_condition"": 0.9821850061416626}",feature_ps2_min,,0,0,0,False,9.874206559559385,"{""target_cooler_condition"": 21.55407180603015, ""target_hydraulic_accumulator"": 16.085310864437815, ""target_internal_pump_leakage"": 0.0058222554841835805, ""target_valve_condition"": 1.8516213122853884}"
hydraulic_systems,2,oracle_mlp,2205,1411,353,441,23,44,4,1.9946095943450928,1.1830785274505615,0.9816094636917114,"{""target_cooler_condition"": 3.2923734188079834, ""target_hydraulic_accumulator"": 2.886760950088501, ""target_internal_pump_leakage"": 0.07181864976882935, ""target_valve_condition"": 1.7274855375289917}","{""target_cooler_condition"": 0.9940688014030457, ""target_hydraulic_accumulator"": 0.9685999751091003, ""target_internal_pump_leakage"": 0.9924810528755188, ""target_valve_condition"": 0.9712880253791809}",feature_ps2_min,,0,0,0,False,5.54061892816392,"{""target_cooler_condition"": 10.839722728873369, ""target_hydraulic_accumulator"": 8.333388782955865, ""target_internal_pump_leakage"": 0.005157918454617771, ""target_valve_condition"": 2.9842062823718294}"
hydraulic_systems,2,prism,2205,1411,353,441,23,44,4,2.351778507232666,1.1727216243743896,0.980013906955719,"{""target_cooler_condition"": 4.550440788269043, ""target_hydraulic_accumulator"": 3.504674196243286, ""target_internal_pump_leakage"": 0.06642474979162216, ""target_valve_condition"": 1.2855744361877441}","{""target_cooler_condition"": 0.9886699318885803, ""target_hydraulic_accumulator"": 0.953718900680542, ""target_internal_pump_leakage"": 0.9935680627822876, ""target_valve_condition"": 0.9840988516807556}",feature_ps2_min,,0,0,0,False,8.661591616930107,"{""target_cooler_condition"": 20.70651136754259, ""target_hydraulic_accumulator"": 12.282741221813524, ""target_internal_pump_leakage"": 0.0044122473848796084, ""target_valve_condition"": 1.6527016309794362}"
hydraulic_systems,2,prism_z_acp_random_forest,2205,1411,353,441,23,44,4,2.973939455019021,1.2408734300202402,0.9587871850503684,"{""target_cooler_condition"": 4.634832041949261, ""target_hydraulic_accumulator"": 4.740074131465454, ""target_internal_pump_leakage"": 0.08895618713776914, ""target_valve_condition"": 2.4318954595236004}","{""target_cooler_condition"": 0.988245799278907, ""target_hydraulic_accumulator"": 0.9153399170920636, ""target_internal_pump_leakage"": 0.9884645484679835, ""target_valve_condition"": 0.9430984753625197}",feature_ps2_min,,0,0,0,False,12.467999889537284,"{""target_cooler_condition"": 21.48166805707956, ""target_hydraulic_accumulator"": 22.468302771787982, ""target_internal_pump_leakage"": 0.007913203230089804, ""target_valve_condition"": 5.9141155260515035}"
hydraulic_systems,2,prism_z_acp_xgboost,2205,1411,353,441,23,44,4,2.68535696682519,1.0146444449871952,0.9676360577009112,"{""target_cooler_condition"": 4.31496285518065, ""target_hydraulic_accumulator"": 4.598285136656019, ""target_internal_pump_leakage"": 0.08419633739314672, ""target_valve_condition"": 1.7439835380709465}","{""target_cooler_condition"": 0.9898122278292463, ""target_hydraulic_accumulator"": 0.9203290092212122, ""target_internal_pump_leakage"": 0.989665994729807, ""target_valve_condition"": 0.9707369990233791}",feature_ps2_min,,0,0,0,False,10.702924560968322,"{""target_cooler_condition"": 18.61890444158875, ""target_hydraulic_accumulator"": 21.14422619799166, ""target_internal_pump_leakage"": 0.0070890232304205965, ""target_valve_condition"": 3.0414785810624565}"
hydraulic_systems,2,prism_z_acp_lightgbm,2205,1411,353,441,23,44,4,2.5725191270894365,0.9551591018144088,0.9681499023041776,"{""target_cooler_condition"": 3.851237360896231, ""target_hydraulic_accumulator"": 4.559546415993237, ""target_internal_pump_leakage"": 0.08233766045045521, ""target_valve_condition"": 1.7969550710178217}","{""target_cooler_condition"": 0.9918843058196515, ""target_hydraulic_accumulator"": 0.9216657473838856, ""target_internal_pump_leakage"": 0.9901172155166835, ""target_valve_condition"": 0.96893234049649}",feature_ps2_min,,0,0,0,False,9.714329936786214,"{""target_cooler_condition"": 14.832029209962966, ""target_hydraulic_accumulator"": 20.789463519596776, ""target_internal_pump_leakage"": 0.0067794903284544555, ""target_valve_condition"": 3.2290475272566646}"
hydraulic_systems,2,prism_z_random_forest,2205,1411,353,441,23,44,4,3.1680948013237105,1.2634357771405187,0.958061062120916,"{""target_cooler_condition"": 5.421138050635253, ""target_hydraulic_accumulator"": 4.786313139643024, ""target_internal_pump_leakage"": 0.08660152719714502, ""target_valve_condition"": 2.3783264878194204}","{""target_cooler_condition"": 0.9839192598218969, ""target_hydraulic_accumulator"": 0.9136801575868402, ""target_internal_pump_leakage"": 0.9890671502233173, ""target_valve_condition"": 0.9455776808516093}",feature_ps2_min,,0,0,0,False,14.490366985485299,"{""target_cooler_condition"": 29.388737764045395, ""target_hydraulic_accumulator"": 22.908793470719463, ""target_internal_pump_leakage"": 0.007499824512877848, ""target_valve_condition"": 5.656436882663459}"
hydraulic_systems,2,prism_z_xgboost,2205,1411,353,441,23,44,4,3.093427833001249,1.1041082363091728,0.965287400562114,"{""target_cooler_condition"": 5.886105493088713, ""target_hydraulic_accumulator"": 4.698701378292102, ""target_internal_pump_leakage"": 0.07629077546717819, ""target_valve_condition"": 1.712613685157003}","{""target_cooler_condition"": 0.9810424947848353, ""target_hydraulic_accumulator"": 0.9168113433474887, ""target_internal_pump_leakage"": 0.9915154983611164, ""target_valve_condition"": 0.9717802657550156}",feature_ps2_min,,0,0,0,False,14.915724608785412,"{""target_cooler_condition"": 34.64623787576912, ""target_hydraulic_accumulator"": 22.0777946423641, ""target_internal_pump_leakage"": 0.005820282421383397, ""target_valve_condition"": 2.9330456345870504}"
hydraulic_systems,2,prism_z_lightgbm,2205,1411,353,441,23,44,4,3.082903203640022,1.115209607546345,0.9657190354794112,"{""target_cooler_condition"": 5.960372409543589, ""target_hydraulic_accumulator"": 4.425906611153311, ""target_internal_pump_leakage"": 0.0852132953939783, ""target_valve_condition"": 1.8601204984692108}","{""target_cooler_condition"": 0.9805610907317265, ""target_hydraulic_accumulator"": 0.926190389490848, ""target_internal_pump_leakage"": 0.9894148503882362, ""target_valve_condition"": 0.9667098113068341}",feature_ps2_min,,0,0,0,False,14.645499541409071,"{""target_cooler_condition"": 35.52603926044845, ""target_hydraulic_accumulator"": 19.58864933065059, ""target_internal_pump_leakage"": 0.007261305711901404, ""target_valve_condition"": 3.460048268825345}"
hydraulic_systems,3,simple_mlp,2205,1411,353,441,23,44,4,2.462500810623169,1.4402270317077637,0.9764852523803712,"{""target_cooler_condition"": 4.733577251434326, ""target_hydraulic_accumulator"": 3.763396978378296, ""target_internal_pump_leakage"": 0.09970436245203018, ""target_valve_condition"": 1.2533246278762817}","{""target_cooler_condition"": 0.9872890114784241, ""target_hydraulic_accumulator"": 0.9470182657241821, ""target_internal_pump_leakage"": 0.9853368997573853, ""target_valve_condition"": 0.9862967133522034}",feature_ps2_min,,0,0,0,False,9.537668498724155,"{""target_cooler_condition"": 22.40675359529655, ""target_hydraulic_accumulator"": 14.163156816866888, ""target_internal_pump_leakage"": 0.009940959891965806, ""target_valve_condition"": 1.57082262284122}"
hydraulic_systems,3,random_forest,2205,1411,353,441,23,44,4,2.35265483202294,0.8546889697682536,0.9742358418628108,"{""target_cooler_condition"": 4.219711825257459, ""target_hydraulic_accumulator"": 3.6247594103183483, ""target_internal_pump_leakage"": 0.1324441294690267, ""target_valve_condition"": 1.433703963046924}","{""target_cooler_condition"": 0.9898989468315096, ""target_hydraulic_accumulator"": 0.95084988793917, ""target_internal_pump_leakage"": 0.9741260623557576, ""target_valve_condition"": 0.9820684703248065}",feature_ps2_min,,0,0,0,False,8.25447429299908,"{""target_cooler_condition"": 17.805967888217637, ""target_hydraulic_accumulator"": 13.13888078269142, ""target_internal_pump_leakage"": 0.017541447430808307, ""target_valve_condition"": 2.0555070536564553}"
hydraulic_systems,3,xgboost,2205,1411,353,441,23,44,4,2.270269759829116,0.943419079446479,0.9759578645101384,"{""target_cooler_condition"": 3.856422904164423, ""target_hydraulic_accumulator"": 3.890163753758773, ""target_internal_pump_leakage"": 0.11063453906855009, ""target_valve_condition"": 1.2238578423247175}","{""target_cooler_condition"": 0.9915633432800979, ""target_hydraulic_accumulator"": 0.943388859234887, ""target_internal_pump_leakage"": 0.9819457869730119, ""target_valve_condition"": 0.986933468552557}",feature_ps2_min,,0,0,0,False,7.878859916569284,"{""target_cooler_condition"": 14.871997615763963, ""target_hydraulic_accumulator"": 15.133374031058548, ""target_internal_pump_leakage"": 0.012240001234910536, ""target_valve_condition"": 1.497828018219713}"
hydraulic_systems,3,lightgbm,2205,1411,353,441,23,44,4,2.21686820499983,0.9218773428873652,0.977736619786945,"{""target_cooler_condition"": 4.111464704983314, ""target_hydraulic_accumulator"": 3.493686918756045, ""target_internal_pump_leakage"": 0.1234799439088739, ""target_valve_condition"": 1.138841252351086}","{""target_cooler_condition"": 0.9904105388492818, ""target_hydraulic_accumulator"": 0.9543401891690191, ""target_internal_pump_leakage"": 0.9775099744946598, ""target_valve_condition"": 0.9886857766348197}",feature_ps2_min,,0,0,0,False,7.605549250303741,"{""target_cooler_condition"": 16.90414202032353, ""target_hydraulic_accumulator"": 12.205848286287107, ""target_internal_pump_leakage"": 0.015247296547738645, ""target_valve_condition"": 1.2969593980565899}"
hydraulic_systems,3,cnn_mlp,2205,1411,353,441,23,44,4,3.366224006854352,2.1499820435506187,0.9349033058483214,"{""target_cooler_condition"": 4.553097715212692, ""target_hydraulic_accumulator"": 5.195558800456641, ""target_internal_pump_leakage"": 0.15892395383796862, ""target_valve_condition"": 3.5573155579101066}","{""target_cooler_condition"": 0.9882397917284517, ""target_hydraulic_accumulator"": 0.8990210922236691, ""target_internal_pump_leakage"": 0.9627457501070469, ""target_valve_condition"": 0.8896065893341182}",feature_ps2_min,,0,0,0,False,15.101070213732566,"{""target_cooler_condition"": 20.730698804275036, ""target_hydraulic_accumulator"": 26.993831249002447, ""target_internal_pump_leakage"": 0.02525682310349278, ""target_valve_condition"": 12.654493978549294}"
hydraulic_systems,3,ftt_mlp,2205,1411,353,441,23,44,4,3.143707777161554,1.560270207443481,0.9404289970645338,"{""target_cooler_condition"": 4.459782619228198, ""target_hydraulic_accumulator"": 4.296809277417681, ""target_internal_pump_leakage"": 0.1681593933535084, ""target_valve_condition"": 3.650079818646827}","{""target_cooler_condition"": 0.988716899601623, ""target_hydraulic_accumulator"": 0.9309349557399184, ""target_internal_pump_leakage"": 0.9582900792402521, ""target_valve_condition"": 0.8837740536763414}",feature_ps2_min,,0,0,0,False,12.925897810334614,"{""target_cooler_condition"": 19.889661010769927, ""target_hydraulic_accumulator"": 18.462569966502656, ""target_internal_pump_leakage"": 0.028277581573019968, ""target_valve_condition"": 13.323082682492855}"
hydraulic_systems,3,two_stage_mlp,2205,1411,353,441,23,44,4,2.227285385131836,1.1989243030548096,0.9823306798934937,"{""target_cooler_condition"": 4.458008289337158, ""target_hydraulic_accumulator"": 3.298676013946533, ""target_internal_pump_leakage"": 0.07633999735116959, ""target_valve_condition"": 1.0761175155639648}","{""target_cooler_condition"": 0.9887259006500244, ""target_hydraulic_accumulator"": 0.9592952132225037, ""target_internal_pump_leakage"": 0.9914038777351379, ""target_valve_condition"": 0.9898977279663086}",feature_ps2_min,,0,0,0,False,7.979739513821035,"{""target_cooler_condition"": 19.873837907798816, ""target_hydraulic_accumulator"": 10.881263444986189, ""target_internal_pump_leakage"": 0.0058277951955765794, ""target_valve_condition"": 1.1580289073035601}"
hydraulic_systems,3,oracle_mlp,2205,1411,353,441,23,44,4,2.010101318359375,1.151350498199463,0.9790422916412354,"{""target_cooler_condition"": 3.296626567840576, ""target_hydraulic_accumulator"": 2.5156195163726807, ""target_internal_pump_leakage"": 0.09895619750022888, ""target_valve_condition"": 2.1292033195495605}","{""target_cooler_condition"": 0.993834912776947, ""target_hydraulic_accumulator"": 0.9763268232345581, ""target_internal_pump_leakage"": 0.9855561256408691, ""target_valve_condition"": 0.9604512453079224}",feature_ps2_min,,0,0,0,False,5.434846845988007,"{""target_cooler_condition"": 10.867746727792337, ""target_hydraulic_accumulator"": 6.32834155115512, ""target_internal_pump_leakage"": 0.009792329023704305, ""target_valve_condition"": 4.533506775980868}"
hydraulic_systems,3,prism,2205,1411,353,441,23,44,4,2.239138126373291,1.15968656539917,0.9809789657592772,"{""target_cooler_condition"": 4.288550853729248, ""target_hydraulic_accumulator"": 3.3413219451904297, ""target_internal_pump_leakage"": 0.08403325825929642, ""target_valve_condition"": 1.2426462173461914}","{""target_cooler_condition"": 0.9895666837692261, ""target_hydraulic_accumulator"": 0.9582359194755554, ""target_internal_pump_leakage"": 0.9895840287208557, ""target_valve_condition"": 0.9865292310714722}",feature_ps2_min,,0,0,0,False,7.776832994102873,"{""target_cooler_condition"": 18.391668425021862, ""target_hydraulic_accumulator"": 11.164432341411157, ""target_internal_pump_leakage"": 0.0070615884936736095, ""target_valve_condition"": 1.544169621484798}"
hydraulic_systems,3,prism_z_acp_random_forest,2205,1411,353,441,23,44,4,2.7841854949061946,1.204917565899324,0.9609395783364828,"{""target_cooler_condition"": 4.231004142126604, ""target_hydraulic_accumulator"": 4.446743030716806, ""target_internal_pump_leakage"": 0.12962211080907052, ""target_valve_condition"": 2.329372695972298}","{""target_cooler_condition"": 0.9898448118948985, ""target_hydraulic_accumulator"": 0.9260309218167849, ""target_internal_pump_leakage"": 0.9752169199518603, ""target_valve_condition"": 0.9526656596823875}",feature_ps2_min,,0,0,0,False,10.779424670068202,"{""target_cooler_condition"": 17.901396050692483, ""target_hydraulic_accumulator"": 19.77352358122848, ""target_internal_pump_leakage"": 0.016801891610598956, ""target_valve_condition"": 5.425977156741251}"
hydraulic_systems,3,prism_z_acp_xgboost,2205,1411,353,441,23,44,4,2.5726785635938088,0.9782559486468853,0.9702753518580424,"{""target_cooler_condition"": 4.037655245159104, ""target_hydraulic_accumulator"": 4.296763668808177, ""target_internal_pump_leakage"": 0.08210844865684008, ""target_valve_condition"": 1.8741868917511142}","{""target_cooler_condition"": 0.9907517504660814, ""target_hydraulic_accumulator"": 0.930936421918058, ""target_internal_pump_leakage"": 0.9900557325902043, ""target_valve_condition"": 0.9693575024578251}",feature_ps2_min,,0,0,0,False,9.571039051725815,"{""target_cooler_condition"": 16.30265987876082, ""target_hydraulic_accumulator"": 18.462178025589907, ""target_internal_pump_leakage"": 0.006741797340832944, ""target_valve_condition"": 3.512576505211703}"
hydraulic_systems,3,prism_z_acp_lightgbm,2205,1411,353,441,23,44,4,2.466444657635614,0.9004910520095082,0.9725715366699592,"{""target_cooler_condition"": 3.8483422544175214, ""target_hydraulic_accumulator"": 4.153404994103391, ""target_internal_pump_leakage"": 0.0778939701363827, ""target_valve_condition"": 1.7861374118851612}","{""target_cooler_condition"": 0.9915986621468311, ""target_hydraulic_accumulator"": 0.9354680628949185, ""target_internal_pump_leakage"": 0.9910503761928553, ""target_valve_condition"": 0.9721690454452329}",feature_ps2_min,,0,0,0,False,8.814216369224438,"{""target_cooler_condition"": 14.809738107135331, ""target_hydraulic_accumulator"": 17.250773045042987, ""target_internal_pump_leakage"": 0.0060674705836076806, ""target_valve_condition"": 3.190286854135822}"
hydraulic_systems,3,prism_z_random_forest,2205,1411,353,441,23,44,4,2.758677618502189,1.2355940399600067,0.9620978066588448,"{""target_cooler_condition"": 4.092709015780171, ""target_hydraulic_accumulator"": 4.592812174360528, ""target_internal_pump_leakage"": 0.11548522709348334, ""target_valve_condition"": 2.2337040567745765}","{""target_cooler_condition"": 0.9904978297443338, ""target_hydraulic_accumulator"": 0.9210915503931287, ""target_internal_pump_leakage"": 0.98032793429488, ""target_valve_condition"": 0.956473912203037}",feature_ps2_min,,0,0,0,False,10.711740351932653,"{""target_cooler_condition"": 16.750267087848297, ""target_hydraulic_accumulator"": 21.093923668954282, ""target_internal_pump_leakage"": 0.013336837676833418, ""target_valve_condition"": 4.989433813251201}"
hydraulic_systems,3,prism_z_xgboost,2205,1411,353,441,23,44,4,2.583559485764459,0.9927589046117008,0.969336258423272,"{""target_cooler_condition"": 3.891110557824315, ""target_hydraulic_accumulator"": 4.3677262097958, ""target_internal_pump_leakage"": 0.07223811895467894, ""target_valve_condition"": 2.003163056483042}","{""target_cooler_condition"": 0.9914108890580233, ""target_hydraulic_accumulator"": 0.928636366515864, ""target_internal_pump_leakage"": 0.9923028498562079, ""target_valve_condition"": 0.9649949282629936}",feature_ps2_min,,0,0,0,False,9.558913548409405,"{""target_cooler_condition"": 15.140741373211853, ""target_hydraulic_accumulator"": 19.077032243737182, ""target_internal_pump_leakage"": 0.005218345830110344, ""target_valve_condition"": 4.012662230858483}"
hydraulic_systems,3,prism_z_lightgbm,2205,1411,353,441,23,44,4,2.496712629316632,0.9315721045919396,0.971322784293639,"{""target_cooler_condition"": 3.8583459727647855, ""target_hydraulic_accumulator"": 4.235432621753624, ""target_internal_pump_leakage"": 0.08491799617094156, ""target_valve_condition"": 1.808153926577178}","{""target_cooler_condition"": 0.9915549270273774, ""target_hydraulic_accumulator"": 0.9328939471001448, ""target_internal_pump_leakage"": 0.9893635531118472, ""target_valve_condition"": 0.9714787099351867}",feature_ps2_min,,0,0,0,False,9.025588706808794,"{""target_cooler_condition"": 14.886833645550238, ""target_hydraulic_accumulator"": 17.938889493414777, ""target_internal_pump_leakage"": 0.007211066073688046, ""target_valve_condition"": 3.269420622196467}"
hydraulic_systems,4,simple_mlp,2205,1411,353,441,23,44,4,2.464983940124512,1.4066376686096191,0.9762403964996338,"{""target_cooler_condition"": 4.583361625671387, ""target_hydraulic_accumulator"": 4.002370357513428, ""target_internal_pump_leakage"": 0.0911196917295456, ""target_valve_condition"": 1.183083415031433}","{""target_cooler_condition"": 0.9880439639091492, ""target_hydraulic_accumulator"": 0.941584050655365, ""target_internal_pump_leakage"": 0.9875802993774414, ""target_valve_condition"": 0.9877530932426453}",feature_ps2_min,,0,0,0,False,9.608540358880637,"{""target_cooler_condition"": 21.007203791677057, ""target_hydraulic_accumulator"": 16.018968478702163, ""target_internal_pump_leakage"": 0.00830279822088742, ""target_valve_condition"": 1.3996863669224382}"
hydraulic_systems,4,random_forest,2205,1411,353,441,23,44,4,2.5100397618333785,0.89667640843642,0.9745181938538316,"{""target_cooler_condition"": 4.410700838888375, ""target_hydraulic_accumulator"": 3.9592607412513017, ""target_internal_pump_leakage"": 0.0888575671528351, ""target_valve_condition"": 1.581339900041003}","{""target_cooler_condition"": 0.9889277876841946, ""target_hydraulic_accumulator"": 0.9428356559220551, ""target_internal_pump_leakage"": 0.9881892937433848, ""target_valve_condition"": 0.9781200380656916}",feature_ps2_min,,0,0,0,False,9.409639763521609,"{""target_cooler_condition"": 19.454281890170616, ""target_hydraulic_accumulator"": 15.675745617213806, ""target_internal_pump_leakage"": 0.0078956672403206, ""target_valve_condition"": 2.5006358794616896}"
hydraulic_systems,4,xgboost,2205,1411,353,441,23,44,4,2.3057795660385323,0.9940687235597564,0.9750825053226,"{""target_cooler_condition"": 3.661612066554276, ""target_hydraulic_accumulator"": 4.352526050844072, ""target_internal_pump_leakage"": 0.08952943430404973, ""target_valve_condition"": 1.1194507124517317}","{""target_cooler_condition"": 0.9923693090992726, ""target_hydraulic_accumulator"": 0.9309156341034173, ""target_internal_pump_leakage"": 0.9880100129997059, ""target_valve_condition"": 0.989035065088004}",feature_ps2_min,,0,0,0,False,8.403267841606917,"{""target_cooler_condition"": 13.407402925935877, ""target_hydraulic_accumulator"": 18.944483023276295, ""target_internal_pump_leakage"": 0.008015519606803157, ""target_valve_condition"": 1.2531698976086896}"
hydraulic_systems,4,lightgbm,2205,1411,353,441,23,44,4,2.344582471834559,1.0073677893175623,0.9774819956643516,"{""target_cooler_condition"": 4.186781514602938, ""target_hydraulic_accumulator"": 4.152485096146662, ""target_internal_pump_leakage"": 0.07815226820768983, ""target_valve_condition"": 0.9609110083809448}","{""target_cooler_condition"": 0.9900234634816757, ""target_hydraulic_accumulator"": 0.937119906014109, ""target_internal_pump_leakage"": 0.9908637030741764, ""target_valve_condition"": 0.9919209100874455}",feature_ps2_min,,0,0,0,False,8.925432416948679,"{""target_cooler_condition"": 17.52913945102087, ""target_hydraulic_accumulator"": 17.243132473720152, ""target_internal_pump_leakage"": 0.006107777026006687, ""target_valve_condition"": 0.9233499660276842}"
hydraulic_systems,4,cnn_mlp,2205,1411,353,441,23,44,4,3.283127171168412,2.1249769405891947,0.9449394420891536,"{""target_cooler_condition"": 4.7190190662073555, ""target_hydraulic_accumulator"": 5.454182358066664, ""target_internal_pump_leakage"": 0.14059480668931879, ""target_valve_condition"": 2.8187124537103094}","{""target_cooler_condition"": 0.9873257384646571, ""target_hydraulic_accumulator"": 0.8915183390594763, ""target_internal_pump_leakage"": 0.9704317521905426, ""target_valve_condition"": 0.9304819386419394}",feature_ps2_min,,0,0,0,False,14.995538234660943,"{""target_cooler_condition"": 22.26914094722854, ""target_hydraulic_accumulator"": 29.748105195045632, ""target_internal_pump_leakage"": 0.019766899668006918, ""target_valve_condition"": 7.945139896701593}"
hydraulic_systems,4,ftt_mlp,2205,1411,353,441,23,44,4,3.6552940073294913,2.036401821065853,0.9176961361002328,"{""target_cooler_condition"": 4.848731564533208, ""target_hydraulic_accumulator"": 5.580233797289119, ""target_internal_pump_leakage"": 0.20557995224969472, ""target_valve_condition"": 3.9866307152459437}","{""target_cooler_condition"": 0.9866194032280102, ""target_hydraulic_accumulator"": 0.886446164573316, ""target_internal_pump_leakage"": 0.9367808644372858, ""target_valve_condition"": 0.8609381121623191}",feature_ps2_min,,0,0,0,False,17.64617364845444,"{""target_cooler_condition"": 23.510197784900647, ""target_hydraulic_accumulator"": 31.13900923240774, ""target_internal_pump_leakage"": 0.04226311676698676, ""target_valve_condition"": 15.893224459742385}"
hydraulic_systems,4,two_stage_mlp,2205,1411,353,441,23,44,4,2.414559841156006,1.3088037967681885,0.9765255451202391,"{""target_cooler_condition"": 4.289161682128906, ""target_hydraulic_accumulator"": 3.950213670730591, ""target_internal_pump_leakage"": 0.08564277738332748, ""target_valve_condition"": 1.3332208395004272}","{""target_cooler_condition"": 0.9895296096801758, ""target_hydraulic_accumulator"": 0.9430965781211853, ""target_internal_pump_leakage"": 0.9890284538269043, ""target_valve_condition"": 0.9844474792480469}",feature_ps2_min,,0,0,0,False,8.946477118016468,"{""target_cooler_condition"": 18.39690793544287, ""target_hydraulic_accumulator"": 15.604188044426849, ""target_internal_pump_leakage"": 0.00733468531793019, ""target_valve_condition"": 1.777477806878224}"
hydraulic_systems,4,oracle_mlp,2205,1411,353,441,23,44,4,1.486713171005249,1.1230218410491943,0.987797200679779,"{""target_cooler_condition"": 2.1896588802337646, ""target_hydraulic_accumulator"": 2.434217691421509, ""target_internal_pump_leakage"": 0.08609774708747864, ""target_valve_condition"": 1.2368781566619873}","{""target_cooler_condition"": 0.9972711801528931, ""target_hydraulic_accumulator"": 0.9783919453620911, ""target_internal_pump_leakage"": 0.9889115691184998, ""target_valve_condition"": 0.9866140484809875}",feature_ps2_min,,0,0,0,False,3.0643255443742845,"{""target_cooler_condition"": 4.794606011786584, ""target_hydraulic_accumulator"": 5.92541576922946, ""target_internal_pump_leakage"": 0.007412822053539436, ""target_valve_condition"": 1.5298675744275556}"
hydraulic_systems,4,prism,2205,1411,353,441,23,44,4,2.359361171722412,1.0175062417984009,0.9800774455070496,"{""target_cooler_condition"": 4.643077850341797, ""target_hydraulic_accumulator"": 3.5134782791137695, ""target_internal_pump_leakage"": 0.08096568286418915, ""target_valve_condition"": 1.199923038482666}","{""target_cooler_condition"": 0.9877303838729858, ""target_hydraulic_accumulator"": 0.9549835324287415, ""target_internal_pump_leakage"": 0.9901940822601318, ""target_valve_condition"": 0.9874019622802734}",feature_ps2_min,,0,0,0,False,8.8372680705555,"{""target_cooler_condition"": 21.5581719243346, ""target_hydraulic_accumulator"": 12.344529617804255, ""target_internal_pump_leakage"": 0.006555441801664452, ""target_valve_condition"": 1.4398152982814736}"
hydraulic_systems,4,prism_z_acp_random_forest,2205,1411,353,441,23,44,4,2.8789717863863924,1.2296108755207549,0.9606994394163992,"{""target_cooler_condition"": 4.651034842673979, ""target_hydraulic_accumulator"": 5.0726159575554135, ""target_internal_pump_leakage"": 0.13436871515373136, ""target_valve_condition"": 1.6578676301624458}","{""target_cooler_condition"": 0.9876882897355219, ""target_hydraulic_accumulator"": 0.9061658369748931, ""target_internal_pump_leakage"": 0.9729925637090504, ""target_valve_condition"": 0.9759510672461316}",feature_ps2_min,,0,0,0,False,12.532534447841424,"{""target_cooler_condition"": 21.63212510776736, ""target_hydraulic_accumulator"": 25.731432652845825, ""target_internal_pump_leakage"": 0.018054951612064597, ""target_valve_condition"": 2.748525079140444}"
hydraulic_systems,4,prism_z_acp_xgboost,2205,1411,353,441,23,44,4,2.701876152788204,0.9765219700461512,0.9678132572226938,"{""target_cooler_condition"": 4.661834430329079, ""target_hydraulic_accumulator"": 4.58069252345571, ""target_internal_pump_leakage"": 0.12015403033511526, ""target_valve_condition"": 1.4448236270329111}","{""target_cooler_condition"": 0.9876310483837714, ""target_hydraulic_accumulator"": 0.923482759500727, ""target_internal_pump_leakage"": 0.9784044774420302, ""target_valve_condition"": 0.9817347435642465}",feature_ps2_min,,0,0,0,False,11.20434913862075,"{""target_cooler_condition"": 21.732700255801646, ""target_hydraulic_accumulator"": 20.982743994443037, ""target_internal_pump_leakage"": 0.0144369910057718, ""target_valve_condition"": 2.0875153132325366}"
hydraulic_systems,4,prism_z_acp_lightgbm,2205,1411,353,441,23,44,4,2.924401023782868,0.9562357892940035,0.96662935880386,"{""target_cooler_condition"": 5.467512211880518, ""target_hydraulic_accumulator"": 4.713474462528454, ""target_internal_pump_leakage"": 0.11012964231721724, ""target_valve_condition"": 1.4064877784052825}","{""target_cooler_condition"": 0.9829863018283695, ""target_hydraulic_accumulator"": 0.9189824073857286, ""target_internal_pump_leakage"": 0.9818575686308602, ""target_valve_condition"": 0.9826911573704822}",feature_ps2_min,,0,0,0,False,13.525216926222708,"{""target_cooler_condition"": 29.89368978706259, ""target_hydraulic_accumulator"": 22.2168415089079, ""target_internal_pump_leakage"": 0.012128538116918205, ""target_valve_condition"": 1.978207870803427}"
hydraulic_systems,4,prism_z_random_forest,2205,1411,353,441,23,44,4,2.8913064624491343,1.2554479897384634,0.9610683973233184,"{""target_cooler_condition"": 4.715406413612675, ""target_hydraulic_accumulator"": 5.080888437619476, ""target_internal_pump_leakage"": 0.1304117788289422, ""target_valve_condition"": 1.6385192197354435}","{""target_cooler_condition"": 0.9873451366390463, ""target_hydraulic_accumulator"": 0.9058595357681793, ""target_internal_pump_leakage"": 0.9745597913446203, ""target_valve_condition"": 0.9765091255414275}",feature_ps2_min,,0,0,0,False,12.688059356643652,"{""target_cooler_condition"": 22.235057645539555, ""target_hydraulic_accumulator"": 25.815427315535278, ""target_internal_pump_leakage"": 0.017007232057328937, ""target_valve_condition"": 2.6847452334424466}"
hydraulic_systems,4,prism_z_xgboost,2205,1411,353,441,23,44,4,2.684406635634571,0.9976118202945792,0.9674285854965328,"{""target_cooler_condition"": 4.386483174431268, ""target_hydraulic_accumulator"": 4.714783369467208, ""target_internal_pump_leakage"": 0.10929439895865707, ""target_valve_condition"": 1.5270655996811509}","{""target_cooler_condition"": 0.9890490414218182, ""target_hydraulic_accumulator"": 0.918937404823829, ""target_internal_pump_leakage"": 0.98213171611958, ""target_valve_condition"": 0.979596179620904}",feature_ps2_min,,0,0,0,False,10.953572867986614,"{""target_cooler_condition"": 19.241234639568614, ""target_hydraulic_accumulator"": 22.229182221004557, ""target_internal_pump_leakage"": 0.011945265643734099, ""target_valve_condition"": 2.3319293457295527}"
hydraulic_systems,4,prism_z_lightgbm,2205,1411,353,441,23,44,4,2.656461364317161,1.0426843918062878,0.9683679809469264,"{""target_cooler_condition"": 4.37656986700731, ""target_hydraulic_accumulator"": 4.683023379169587, ""target_internal_pump_leakage"": 0.10664143686067443, ""target_valve_condition"": 1.459610774231075}","{""target_cooler_condition"": 0.9890984831013604, ""target_hydraulic_accumulator"": 0.9200258433075927, ""target_internal_pump_leakage"": 0.9829886410914124, ""target_valve_condition"": 0.9813589562873403}",feature_ps2_min,,0,0,0,False,10.806726944738118,"{""target_cooler_condition"": 19.154363800796386, ""target_hydraulic_accumulator"": 21.930707969848935, ""target_internal_pump_leakage"": 0.01137239605570921, ""target_valve_condition"": 2.1304636122514387}"
hydraulic_systems,5,simple_mlp,2205,1411,353,441,23,44,4,1.967983722686768,1.3308377265930176,0.9782609939575196,"{""target_cooler_condition"": 2.750603437423706, ""target_hydraulic_accumulator"": 3.8322110176086426, ""target_internal_pump_leakage"": 0.10436591506004333, ""target_valve_condition"": 1.1847543716430664}","{""target_cooler_condition"": 0.9959205389022827, ""target_hydraulic_accumulator"": 0.946645200252533, ""target_internal_pump_leakage"": 0.9829663634300232, ""target_valve_condition"": 0.9875117540359497}",feature_ps2_min,,0,0,0,False,5.916548929700463,"{""target_cooler_condition"": 7.565819269967108, ""target_hydraulic_accumulator"": 14.685841283481068, ""target_internal_pump_leakage"": 0.01089224422632018, ""target_valve_condition"": 1.4036429211273571}"
hydraulic_systems,5,random_forest,2205,1411,353,441,23,44,4,2.4303347702061653,0.8093672989929337,0.9737781564480088,"{""target_cooler_condition"": 4.141304501358949, ""target_hydraulic_accumulator"": 3.596128943819325, ""target_internal_pump_leakage"": 0.10502096079671801, ""target_valve_condition"": 1.8788846748496693}","{""target_cooler_condition"": 0.9907525250388243, ""target_hydraulic_accumulator"": 0.9530165153830289, ""target_internal_pump_leakage"": 0.9827518922938312, ""target_valve_condition"": 0.968591693076351}",feature_ps2_min,,0,0,0,False,8.40594584428565,"{""target_cooler_condition"": 17.150402972975893, ""target_hydraulic_accumulator"": 12.932143380575095, ""target_internal_pump_leakage"": 0.01102940220666578, ""target_valve_condition"": 3.5302076213849474}"
hydraulic_systems,5,xgboost,2205,1411,353,441,23,44,4,1.5493145230173349,0.8219402946611256,0.9793719156654224,"{""target_cooler_condition"": 1.0452763905524518, ""target_hydraulic_accumulator"": 3.837031223404155, ""target_internal_pump_leakage"": 0.0988347439897992, ""target_valve_condition"": 1.2161157341229338}","{""target_cooler_condition"": 0.999410870028618, ""target_hydraulic_accumulator"": 0.9465108890722354, ""target_internal_pump_leakage"": 0.9847240311375448, ""target_valve_condition"": 0.9868418724232912}",feature_ps2_min,,0,0,0,False,4.3260292818564094,"{""target_cooler_condition"": 1.0926027326463617, ""target_hydraulic_accumulator"": 14.722808609378385, ""target_internal_pump_leakage"": 0.00976830661952915, ""target_valve_condition"": 1.4789374787813623}"
hydraulic_systems,5,lightgbm,2205,1411,353,441,23,44,4,1.859219874862116,0.8973989224975353,0.9800544729416848,"{""target_cooler_condition"": 2.4215467806800035, ""target_hydraulic_accumulator"": 3.6711874424743725, ""target_internal_pump_leakage"": 0.0937503608970054, ""target_valve_condition"": 1.2503949153970813}","{""target_cooler_condition"": 0.9968381987851547, ""target_hydraulic_accumulator"": 0.9510347663546727, ""target_internal_pump_leakage"": 0.9862552964389057, ""target_valve_condition"": 0.9860896301880059}",feature_ps2_min,,0,0,0,False,5.228445655855601,"{""target_cooler_condition"": 5.863888811021689, ""target_hydraulic_accumulator"": 13.477617237781523, ""target_internal_pump_leakage"": 0.008789130168318761, ""target_valve_condition"": 1.563487444450874}"
hydraulic_systems,5,cnn_mlp,2205,1411,353,441,23,44,4,2.9820137214545417,2.092560752984352,0.938794708554042,"{""target_cooler_condition"": 3.342642696491987, ""target_hydraulic_accumulator"": 4.861251537997909, ""target_internal_pump_leakage"": 0.15973785911249466, ""target_valve_condition"": 3.5644227922157774}","{""target_cooler_condition"": 0.9939753926444863, ""target_hydraulic_accumulator"": 0.9141439507831796, ""target_internal_pump_leakage"": 0.9600970319768622, ""target_valve_condition"": 0.8869624588116404}",feature_ps2_min,,0,0,0,False,11.883913184349854,"{""target_cooler_condition"": 11.17326019641122, ""target_hydraulic_accumulator"": 23.631766515687033, ""target_internal_pump_leakage"": 0.025516183633843195, ""target_valve_condition"": 12.70510984166732}"
hydraulic_systems,5,ftt_mlp,2205,1411,353,441,23,44,4,3.3183624134200107,1.644383363002976,0.9241591312973346,"{""target_cooler_condition"": 4.455898778500385, ""target_hydraulic_accumulator"": 4.342908404313084, ""target_internal_pump_leakage"": 0.1981892897439673, ""target_valve_condition"": 4.276453181122607}","{""target_cooler_condition"": 0.9892941915500743, ""target_hydraulic_accumulator"": 0.9314770498677997, ""target_internal_pump_leakage"": 0.9385743382800523, ""target_valve_condition"": 0.837290945491412}",feature_ps2_min,,0,0,0,False,14.260804534349331,"{""target_cooler_condition"": 19.855033924241226, ""target_hydraulic_accumulator"": 18.860853408253217, ""target_internal_pump_leakage"": 0.03927899456921822, ""target_valve_condition"": 18.288051810333663}"
hydraulic_systems,5,two_stage_mlp,2205,1411,353,441,23,44,4,1.9789576530456543,1.2436531782150269,0.9764059782028198,"{""target_cooler_condition"": 2.351270914077759, ""target_hydraulic_accumulator"": 4.202969074249268, ""target_internal_pump_leakage"": 0.09063098579645157, ""target_valve_condition"": 1.270959496498108}","{""target_cooler_condition"": 0.9970190525054932, ""target_hydraulic_accumulator"": 0.9358218908309937, ""target_internal_pump_leakage"": 0.9871547222137451, ""target_valve_condition"": 0.9856283068656921}",feature_ps2_min,,0,0,0,False,6.204243991952241,"{""target_cooler_condition"": 5.528474911388059, ""target_hydraulic_accumulator"": 17.664949039095745, ""target_internal_pump_leakage"": 0.008213975586436606, ""target_valve_condition"": 1.615338041738724}"
hydraulic_systems,5,oracle_mlp,2205,1411,353,441,23,44,4,1.8161039352416992,1.1268322467803955,0.9765973687171936,"{""target_cooler_condition"": 2.0483059883117676, ""target_hydraulic_accumulator"": 2.8154208660125732, ""target_internal_pump_leakage"": 0.09932968765497208, ""target_valve_condition"": 2.3013594150543213}","{""target_cooler_condition"": 0.9977377653121948, ""target_hydraulic_accumulator"": 0.9712020754814148, ""target_internal_pump_leakage"": 0.9845706224441528, ""target_valve_condition"": 0.9528791308403015}",feature_ps2_min,,0,0,0,False,4.357068404660409,"{""target_cooler_condition"": 4.195557421753847, ""target_hydraulic_accumulator"": 7.926594652778988, ""target_internal_pump_leakage"": 0.009866386849634312, ""target_valve_condition"": 5.296255157259168}"
hydraulic_systems,5,prism,2205,1411,353,441,23,44,4,1.9592399597167969,0.9998540282249452,0.9824721217155457,"{""target_cooler_condition"": 3.1265273094177246, ""target_hydraulic_accumulator"": 3.1871817111968994, ""target_internal_pump_leakage"": 0.07725172489881516, ""target_valve_condition"": 1.4459984302520752}","{""target_cooler_condition"": 0.994729220867157, ""target_hydraulic_accumulator"": 0.9630947113037109, ""target_internal_pump_leakage"": 0.9906673431396484, ""target_valve_condition"": 0.9813971519470215}",feature_ps2_min,,0,0,0,False,5.507544891503535,"{""target_cooler_condition"": 9.775173016534836, ""target_hydraulic_accumulator"": 10.158127260187996, ""target_internal_pump_leakage"": 0.005967828999842217, ""target_valve_condition"": 2.0909114602914656}"
hydraulic_systems,5,prism_z_acp_random_forest,2205,1411,353,441,23,44,4,1.956107042254454,1.072116598372563,0.9704890143030248,"{""target_cooler_condition"": 1.6311783414562722, ""target_hydraulic_accumulator"": 4.084160561580265, ""target_internal_pump_leakage"": 0.11484112976127663, ""target_valve_condition"": 1.9942481362200022}","{""target_cooler_condition"": 0.9985653309551922, ""target_hydraulic_accumulator"": 0.939398925109426, ""target_internal_pump_leakage"": 0.9793754541758254, ""target_valve_condition"": 0.9646163469716558}",feature_ps2_min,,0,0,0,False,5.832831097076364,"{""target_cooler_condition"": 2.660742781636035, ""target_hydraulic_accumulator"": 16.680367492767623, ""target_internal_pump_leakage"": 0.013188485084846376, ""target_valve_condition"": 3.9770256288169525}"
hydraulic_systems,5,prism_z_acp_xgboost,2205,1411,353,441,23,44,4,1.862731351282606,0.8905524655943325,0.974861522795392,"{""target_cooler_condition"": 1.6917256605485709, ""target_hydraulic_accumulator"": 4.178107370847267, ""target_internal_pump_leakage"": 0.1015047585079881, ""target_valve_condition"": 1.4795876152265977}","{""target_cooler_condition"": 0.9984568479897769, ""target_hydraulic_accumulator"": 0.9365788802174553, ""target_internal_pump_leakage"": 0.9838875239152611, ""target_valve_condition"": 0.9805228390590747}",feature_ps2_min,,0,0,0,False,5.629499910004615,"{""target_cooler_condition"": 2.8619357105584986, ""target_hydraulic_accumulator"": 17.456581202328266, ""target_internal_pump_leakage"": 0.010303215999764982, ""target_valve_condition"": 2.1891795111319303}"
hydraulic_systems,5,prism_z_acp_lightgbm,2205,1411,353,441,23,44,4,2.2153460583345046,0.8725963940704985,0.9756853005124442,"{""target_cooler_condition"": 3.3706617878114398, ""target_hydraulic_accumulator"": 3.879615314860078, ""target_internal_pump_leakage"": 0.10171760953650219, ""target_valve_condition"": 1.509389521129999}","{""target_cooler_condition"": 0.9938739689965026, ""target_hydraulic_accumulator"": 0.9453170364806305, ""target_internal_pump_leakage"": 0.9838198787531534, ""target_valve_condition"": 0.9797303178194899}",feature_ps2_min,,0,0,0,False,7.175344769423985,"{""target_cooler_condition"": 11.36136088781221, ""target_hydraulic_accumulator"": 15.051414991296861, ""target_internal_pump_leakage"": 0.010346472089820322, ""target_valve_condition"": 2.2782567264970477}"
hydraulic_systems,5,prism_z_random_forest,2205,1411,353,441,23,44,4,2.102520580376952,1.1292008669997542,0.9699605601556712,"{""target_cooler_condition"": 2.2033307716904815, ""target_hydraulic_accumulator"": 4.171821246238225, ""target_internal_pump_leakage"": 0.11752657664530271, ""target_valve_condition"": 1.917403726933798}","{""target_cooler_condition"": 0.9973823701473926, ""target_hydraulic_accumulator"": 0.9367695757247247, ""target_internal_pump_leakage"": 0.97839960697829, ""target_valve_condition"": 0.967290687772278}",feature_ps2_min,,0,0,0,False,6.4872521370801035,"{""target_cooler_condition"": 4.854666489478173, ""target_hydraulic_accumulator"": 17.404092510564656, ""target_internal_pump_leakage"": 0.013812496217964211, ""target_valve_condition"": 3.676437052059619}"
hydraulic_systems,5,prism_z_xgboost,2205,1411,353,441,23,44,4,1.8494199331264296,0.932656409636286,0.9744317623488,"{""target_cooler_condition"": 1.5773987513834757, ""target_hydraulic_accumulator"": 4.191612637824423, ""target_internal_pump_leakage"": 0.10231823314467504, ""target_valve_condition"": 1.526350110153145}","{""target_cooler_condition"": 0.9986583729046516, ""target_hydraulic_accumulator"": 0.9361682141526958, ""target_internal_pump_leakage"": 0.9836282333768546, ""target_valve_condition"": 0.9792722289609977}",feature_ps2_min,,0,0,0,False,5.599504251508482,"{""target_cooler_condition"": 2.488186820866148, ""target_hydraulic_accumulator"": 17.569616505569414, ""target_internal_pump_leakage"": 0.010469020833848078, ""target_valve_condition"": 2.329744658764518}"
hydraulic_systems,5,prism_z_lightgbm,2205,1411,353,441,23,44,4,1.8662583348326272,0.97575164276925,0.975867383352843,"{""target_cooler_condition"": 1.9114457708898296, ""target_hydraulic_accumulator"": 3.9847095266373023, ""target_internal_pump_leakage"": 0.10685983184904646, ""target_valve_condition"": 1.4620182099543306}","{""target_cooler_condition"": 0.998029970190341, ""target_hydraulic_accumulator"": 0.9423143156683772, ""target_internal_pump_leakage"": 0.9821425906549728, ""target_valve_condition"": 0.9809826568976807}",feature_ps2_min,,0,0,0,False,5.42011280415689,"{""target_cooler_condition"": 3.653624935052615, ""target_hydraulic_accumulator"": 15.877910011674073, ""target_internal_pump_leakage"": 0.011419023662806484, ""target_valve_condition"": 2.1374972462380653}"
household_power_consumption,1,simple_mlp,34168,19133,4784,10251,9,3,1,0.0626042708754539,0.0446524061262607,0.1158357858657836,"{""target_global_reactive_power"": 0.06260427087545395}","{""target_global_reactive_power"": 0.11583578586578369}",,,0,0,0,False,0.0039192947318472116,"{""target_global_reactive_power"": 0.0039192947318472116}"
household_power_consumption,1,random_forest,34168,19133,4784,10251,9,3,1,0.059107901239113,0.0420004365094626,0.2118369899284553,"{""target_global_reactive_power"": 0.059107901239113}","{""target_global_reactive_power"": 0.21183698992845534}",,,0,0,0,False,0.003493743988892736,"{""target_global_reactive_power"": 0.003493743988892736}"
household_power_consumption,1,xgboost,34168,19133,4784,10251,9,3,1,0.0582120900814868,0.0416516148531034,0.2355460021411072,"{""target_global_reactive_power"": 0.05821209008148689}","{""target_global_reactive_power"": 0.2355460021411072}",,,0,0,0,False,0.003388647431655144,"{""target_global_reactive_power"": 0.003388647431655144}"
household_power_consumption,1,lightgbm,34168,19133,4784,10251,9,3,1,0.0576892684336179,0.040859164110858,0.2492159563209008,"{""target_global_reactive_power"": 0.057689268433617956}","{""target_global_reactive_power"": 0.24921595632090088}",,,0,0,0,False,0.003328051692406029,"{""target_global_reactive_power"": 0.003328051692406029}"
household_power_consumption,1,cnn_mlp,34168,19133,4784,10251,9,3,1,0.0618812735232154,0.0447679613410452,0.1361398176598375,"{""target_global_reactive_power"": 0.06188127352321546}","{""target_global_reactive_power"": 0.13613981765983751}",,,0,0,0,False,0.0038292920128550063,"{""target_global_reactive_power"": 0.0038292920128550063}"
household_power_consumption,1,ftt_mlp,34168,19133,4784,10251,9,3,1,0.0620988281054554,0.0443374414087977,0.1300550332712386,"{""target_global_reactive_power"": 0.06209882810545547}","{""target_global_reactive_power"": 0.13005503327123868}",,,0,0,0,False,0.0038562644520709066,"{""target_global_reactive_power"": 0.0038562644520709066}"
household_power_consumption,1,two_stage_mlp,34168,19133,4784,10251,9,3,1,0.063156209886074,0.0453068949282169,0.1001771092414856,"{""target_global_reactive_power"": 0.06315620988607407}","{""target_global_reactive_power"": 0.1001771092414856}",,,0,0,0,False,0.00398870684717384,"{""target_global_reactive_power"": 0.00398870684717384}"
household_power_consumption,1,oracle_mlp,34168,19133,4784,10251,9,3,1,0.0533176511526107,0.0346673391759395,0.3586915135383606,"{""target_global_reactive_power"": 0.05331765115261078}","{""target_global_reactive_power"": 0.3586915135383606}",,,0,0,0,False,0.0028427719244314975,"{""target_global_reactive_power"": 0.0028427719244314975}"
household_power_consumption,1,prism,34168,19133,4784,10251,9,3,1,0.0553144589066505,0.038950826972723,0.3097565174102783,"{""target_global_reactive_power"": 0.05531445890665054}","{""target_global_reactive_power"": 0.3097565174102783}",,,0,0,0,False,0.0030596893641355316,"{""target_global_reactive_power"": 0.0030596893641355316}"
household_power_consumption,1,prism_z_acp_random_forest,34168,19133,4784,10251,9,3,1,0.061100855384992,0.0443123147871075,0.157791633874748,"{""target_global_reactive_power"": 0.06110085538499205}","{""target_global_reactive_power"": 0.15779163387474804}",,,0,0,0,False,0.003733314528777712,"{""target_global_reactive_power"": 0.003733314528777712}"
household_power_consumption,1,prism_z_acp_xgboost,34168,19133,4784,10251,9,3,1,0.0605969368789204,0.0436597051427884,0.1716262775611789,"{""target_global_reactive_power"": 0.06059693687892041}","{""target_global_reactive_power"": 0.17162627756117899}",,,0,0,0,False,0.003671988759107865,"{""target_global_reactive_power"": 0.003671988759107865}"
household_power_consumption,1,prism_z_acp_lightgbm,34168,19133,4784,10251,9,3,1,0.0610977840225387,0.0439089441497442,0.1578763024812228,"{""target_global_reactive_power"": 0.061097784022538765}","{""target_global_reactive_power"": 0.15787630248122286}",,,0,0,0,False,0.003732939212464793,"{""target_global_reactive_power"": 0.003732939212464793}"
household_power_consumption,1,prism_z_random_forest,34168,19133,4784,10251,9,3,1,0.0610825473936186,0.0443964874929277,0.158296269475751,"{""target_global_reactive_power"": 0.061082547393618625}","{""target_global_reactive_power"": 0.15829626947575104}",,,0,0,0,False,0.0037310775960936655,"{""target_global_reactive_power"": 0.0037310775960936655}"
household_power_consumption,1,prism_z_xgboost,34168,19133,4784,10251,9,3,1,0.0608284958389035,0.0438417444783056,0.1652832555143129,"{""target_global_reactive_power"": 0.06082849583890351}","{""target_global_reactive_power"": 0.1652832555143129}",,,0,0,0,False,0.003700105906023502,"{""target_global_reactive_power"": 0.003700105906023502}"
household_power_consumption,1,prism_z_lightgbm,34168,19133,4784,10251,9,3,1,0.0613637004174699,0.0441529721652003,0.1505299864957351,"{""target_global_reactive_power"": 0.06136370041746997}","{""target_global_reactive_power"": 0.15052998649573512}",,,0,0,0,False,0.003765503728925004,"{""target_global_reactive_power"": 0.003765503728925004}"
household_power_consumption,2,simple_mlp,34168,19133,4784,10251,9,3,1,0.0568547025322914,0.0389557778835296,0.270781397819519,"{""target_global_reactive_power"": 0.05685470253229141}","{""target_global_reactive_power"": 0.27078139781951904}",,,0,0,0,False,0.0032324572000353435,"{""target_global_reactive_power"": 0.0032324572000353435}"
household_power_consumption,2,random_forest,34168,19133,4784,10251,9,3,1,0.059071101756275,0.0418570809813544,0.2128180757691432,"{""target_global_reactive_power"": 0.05907110175627501}","{""target_global_reactive_power"": 0.21281807576914324}",,,0,0,0,False,0.0034893950627001963,"{""target_global_reactive_power"": 0.0034893950627001963}"
household_power_consumption,2,xgboost,34168,19133,4784,10251,9,3,1,0.0579896625982157,0.0414907510447553,0.2413767746470491,"{""target_global_reactive_power"": 0.05798966259821578}","{""target_global_reactive_power"": 0.2413767746470491}",,,0,0,0,False,0.003362800968254906,"{""target_global_reactive_power"": 0.003362800968254906}"
household_power_consumption,2,lightgbm,34168,19133,4784,10251,9,3,1,0.057770746166458,0.0409648197649042,0.2470937113413684,"{""target_global_reactive_power"": 0.057770746166458005}","{""target_global_reactive_power"": 0.24709371134136848}",,,0,0,0,False,0.003337459112629322,"{""target_global_reactive_power"": 0.003337459112629322}"
household_power_consumption,2,cnn_mlp,34168,19133,4784,10251,9,3,1,0.0617743638775812,0.0443165841563659,0.1391221482366419,"{""target_global_reactive_power"": 0.06177436387758121}","{""target_global_reactive_power"": 0.13912214823664193}",,,0,0,0,False,0.00381607203247981,"{""target_global_reactive_power"": 0.00381607203247981}"
household_power_consumption,2,ftt_mlp,34168,19133,4784,10251,9,3,1,0.062969478787038,0.0452265231334329,0.1054900662319808,"{""target_global_reactive_power"": 0.062969478787038}","{""target_global_reactive_power"": 0.10549006623198087}",,,0,0,0,False,0.003965155258711228,"{""target_global_reactive_power"": 0.003965155258711228}"
household_power_consumption,2,two_stage_mlp,34168,19133,4784,10251,9,3,1,0.0623427927494049,0.0444116219878196,0.1232061386108398,"{""target_global_reactive_power"": 0.06234279274940491}","{""target_global_reactive_power"": 0.12320613861083984}",,,0,0,0,False,0.003886623807795253,"{""target_global_reactive_power"": 0.003886623807795253}"
household_power_consumption,2,oracle_mlp,34168,19133,4784,10251,9,3,1,0.0531948953866958,0.0346673280000686,0.3616411089897156,"{""target_global_reactive_power"": 0.05319489538669586}","{""target_global_reactive_power"": 0.3616411089897156}",,,0,0,0,False,0.0028296968952015167,"{""target_global_reactive_power"": 0.0028296968952015167}"
household_power_consumption,2,prism,34168,19133,4784,10251,9,3,1,0.0556113459169864,0.0388874262571334,0.3023272156715393,"{""target_global_reactive_power"": 0.055611345916986465}","{""target_global_reactive_power"": 0.3023272156715393}",,,0,0,0,False,0.0030926217946987272,"{""target_global_reactive_power"": 0.0030926217946987272}"
household_power_consumption,2,prism_z_acp_random_forest,34168,19133,4784,10251,9,3,1,0.0607808235528558,0.0441516775336224,0.1665911051235404,"{""target_global_reactive_power"": 0.06078082355285587}","{""target_global_reactive_power"": 0.16659110512354047}",,,0,0,0,False,0.003694308511763399,"{""target_global_reactive_power"": 0.003694308511763399}"
household_power_consumption,2,prism_z_acp_xgboost,34168,19133,4784,10251,9,3,1,0.0604241271498387,0.0435240122622106,0.1763442361768038,"{""target_global_reactive_power"": 0.06042412714983873}","{""target_global_reactive_power"": 0.17634423617680384}",,,0,0,0,False,0.0036510751418198785,"{""target_global_reactive_power"": 0.0036510751418198785}"
household_power_consumption,2,prism_z_acp_lightgbm,34168,19133,4784,10251,9,3,1,0.06080015771904,0.0437233507558056,0.1660608119186274,"{""target_global_reactive_power"": 0.06080015771904005}","{""target_global_reactive_power"": 0.16606081191862743}",,,0,0,0,False,0.0036966591786601454,"{""target_global_reactive_power"": 0.0036966591786601454}"
household_power_consumption,2,prism_z_random_forest,34168,19133,4784,10251,9,3,1,0.060765760113602,0.0443217323979273,0.1670041448911912,"{""target_global_reactive_power"": 0.06076576011360203}","{""target_global_reactive_power"": 0.1670041448911912}",,,0,0,0,False,0.0036924776021838275,"{""target_global_reactive_power"": 0.0036924776021838275}"
household_power_consumption,2,prism_z_xgboost,34168,19133,4784,10251,9,3,1,0.0607623640080138,0.0438625520344348,0.1670972520232512,"{""target_global_reactive_power"": 0.06076236400801389}","{""target_global_reactive_power"": 0.1670972520232512}",,,0,0,0,False,0.0036920648798423814,"{""target_global_reactive_power"": 0.0036920648798423814}"
household_power_consumption,2,prism_z_lightgbm,34168,19133,4784,10251,9,3,1,0.0610882931379736,0.0441273942930251,0.1581379119047447,"{""target_global_reactive_power"": 0.06108829313797362}","{""target_global_reactive_power"": 0.1581379119047447}",,,0,0,0,False,0.003731779558510995,"{""target_global_reactive_power"": 0.003731779558510995}"
household_power_consumption,3,simple_mlp,34168,19133,4784,10251,9,3,1,0.062224306166172,0.0445482581853866,0.1265357732772827,"{""target_global_reactive_power"": 0.06222430616617203}","{""target_global_reactive_power"": 0.12653577327728271}",,,0,0,0,False,0.003871864277861514,"{""target_global_reactive_power"": 0.003871864277861514}"
household_power_consumption,3,random_forest,34168,19133,4784,10251,9,3,1,0.0590972236234432,0.041875322925049,0.2121217214583565,"{""target_global_reactive_power"": 0.05909722362344327}","{""target_global_reactive_power"": 0.2121217214583565}",,,0,0,0,False,0.003492481839999261,"{""target_global_reactive_power"": 0.003492481839999261}"
household_power_consumption,3,xgboost,34168,19133,4784,10251,9,3,1,0.0579080417747991,0.0414243277242075,0.2435108059046931,"{""target_global_reactive_power"": 0.057908041774799156}","{""target_global_reactive_power"": 0.2435108059046931}",,,0,0,0,False,0.003353341302191884,"{""target_global_reactive_power"": 0.003353341302191884}"
household_power_consumption,3,lightgbm,34168,19133,4784,10251,9,3,1,0.0576609349426665,0.0408356830707901,0.2499532549430443,"{""target_global_reactive_power"": 0.05766093494266652}","{""target_global_reactive_power"": 0.24995325494304432}",,,0,0,0,False,0.0033247834184624205,"{""target_global_reactive_power"": 0.0033247834184624205}"
household_power_consumption,3,cnn_mlp,34168,19133,4784,10251,9,3,1,0.0620573566553909,0.0442198048681447,0.1312165956840827,"{""target_global_reactive_power"": 0.06205735665539099}","{""target_global_reactive_power"": 0.13121659568408273}",,,0,0,0,False,0.0038511155150544006,"{""target_global_reactive_power"": 0.0038511155150544006}"
household_power_consumption,3,ftt_mlp,34168,19133,4784,10251,9,3,1,0.0618683478484762,0.0445074316351189,0.1365006638071335,"{""target_global_reactive_power"": 0.06186834784847624}","{""target_global_reactive_power"": 0.13650066380713355}",,,0,0,0,False,0.0038276924655000545,"{""target_global_reactive_power"": 0.0038276924655000545}"
household_power_consumption,3,two_stage_mlp,34168,19133,4784,10251,9,3,1,0.0619305521249771,0.044300977140665,0.1347634196281433,"{""target_global_reactive_power"": 0.06193055212497711}","{""target_global_reactive_power"": 0.1347634196281433}",,,0,0,0,False,0.003835393286504507,"{""target_global_reactive_power"": 0.003835393286504507}"
household_power_consumption,3,oracle_mlp,34168,19133,4784,10251,9,3,1,0.0533757321536541,0.0351769626140594,0.3572934865951538,"{""target_global_reactive_power"": 0.0533757321536541}","{""target_global_reactive_power"": 0.3572934865951538}",,,0,0,0,False,0.002848968782938624,"{""target_global_reactive_power"": 0.002848968782938624}"
household_power_consumption,3,prism,34168,19133,4784,10251,9,3,1,0.0558531060814857,0.0388804413378238,0.2962480187416076,"{""target_global_reactive_power"": 0.05585310608148575}","{""target_global_reactive_power"": 0.29624801874160767}",,,0,0,0,False,0.0031195694589497003,"{""target_global_reactive_power"": 0.0031195694589497003}"
household_power_consumption,3,prism_z_acp_random_forest,34168,19133,4784,10251,9,3,1,0.0610202884485333,0.0442620578888269,0.1600112234897655,"{""target_global_reactive_power"": 0.06102028844853335}","{""target_global_reactive_power"": 0.1600112234897655}",,,0,0,0,False,0.0037234756023422125,"{""target_global_reactive_power"": 0.0037234756023422125}"
household_power_consumption,3,prism_z_acp_xgboost,34168,19133,4784,10251,9,3,1,0.0603824093119689,0.0435445282499626,0.1774811752599492,"{""target_global_reactive_power"": 0.06038240931196898}","{""target_global_reactive_power"": 0.17748117525994922}",,,0,0,0,False,0.0036460353543181587,"{""target_global_reactive_power"": 0.0036460353543181587}"
household_power_consumption,3,prism_z_acp_lightgbm,34168,19133,4784,10251,9,3,1,0.0608447129036692,0.0438548785685152,0.1648381200633448,"{""target_global_reactive_power"": 0.060844712903669294}","{""target_global_reactive_power"": 0.16483812006334486}",,,0,0,0,False,0.0037020790883299406,"{""target_global_reactive_power"": 0.0037020790883299406}"
household_power_consumption,3,prism_z_random_forest,34168,19133,4784,10251,9,3,1,0.061042331359975,0.0443626496923384,0.1594042403699459,"{""target_global_reactive_power"": 0.06104233135997506}","{""target_global_reactive_power"": 0.15940424036994594}",,,0,0,0,False,0.003726166217860995,"{""target_global_reactive_power"": 0.003726166217860995}"
household_power_consumption,3,prism_z_xgboost,34168,19133,4784,10251,9,3,1,0.0607072253919766,0.0437222008054738,0.1686081961173647,"{""target_global_reactive_power"": 0.06070722539197662}","{""target_global_reactive_power"": 0.16860819611736477}",,,0,0,0,False,0.003685367214792251,"{""target_global_reactive_power"": 0.003685367214792251}"
household_power_consumption,3,prism_z_lightgbm,34168,19133,4784,10251,9,3,1,0.0609372776762069,0.0439183661794621,0.1622950766308005,"{""target_global_reactive_power"": 0.06093727767620698}","{""target_global_reactive_power"": 0.16229507663080056}",,,0,0,0,False,0.003713351810587153,"{""target_global_reactive_power"": 0.003713351810587153}"
household_power_consumption,4,simple_mlp,34168,19133,4784,10251,9,3,1,0.0622537471354007,0.0443848296999931,0.1257091164588928,"{""target_global_reactive_power"": 0.06225374713540077}","{""target_global_reactive_power"": 0.12570911645889282}",,,0,0,0,False,0.00387552903239842,"{""target_global_reactive_power"": 0.00387552903239842}"
household_power_consumption,4,random_forest,34168,19133,4784,10251,9,3,1,0.059139083163769,0.0420067067706639,0.2110052579904813,"{""target_global_reactive_power"": 0.059139083163769}","{""target_global_reactive_power"": 0.2110052579904813}",,,0,0,0,False,0.003497431157451186,"{""target_global_reactive_power"": 0.003497431157451186}"
household_power_consumption,4,xgboost,34168,19133,4784,10251,9,3,1,0.0579036522247772,0.0414550451970939,0.243625551964292,"{""target_global_reactive_power"": 0.05790365222477729}","{""target_global_reactive_power"": 0.24362555196429203}",,,0,0,0,False,0.0033528329409679555,"{""target_global_reactive_power"": 0.0033528329409679555}"
household_power_consumption,4,lightgbm,34168,19133,4784,10251,9,3,1,0.0575805471648002,0.0407792604072612,0.252043209666679,"{""target_global_reactive_power"": 0.0575805471648002}","{""target_global_reactive_power"": 0.25204320966667904}",,,0,0,0,False,0.00331551941179778,"{""target_global_reactive_power"": 0.00331551941179778}"
household_power_consumption,4,cnn_mlp,34168,19133,4784,10251,9,3,1,0.0623988647187549,0.0447134831413099,0.1216283488815692,"{""target_global_reactive_power"": 0.062398864718754915}","{""target_global_reactive_power"": 0.12162834888156926}",,,0,0,0,False,0.003893618318189477,"{""target_global_reactive_power"": 0.003893618318189477}"
household_power_consumption,4,ftt_mlp,34168,19133,4784,10251,9,3,1,0.0630615973929823,0.0450589890730183,0.1028710542585407,"{""target_global_reactive_power"": 0.06306159739298232}","{""target_global_reactive_power"": 0.1028710542585407}",,,0,0,0,False,0.0039767650657545955,"{""target_global_reactive_power"": 0.0039767650657545955}"
household_power_consumption,4,two_stage_mlp,34168,19133,4784,10251,9,3,1,0.0611705854535102,0.0442252792418003,0.1558683514595031,"{""target_global_reactive_power"": 0.061170585453510284}","{""target_global_reactive_power"": 0.15586835145950317}",,,0,0,0,False,0.003741840524725204,"{""target_global_reactive_power"": 0.003741840524725204}"
household_power_consumption,4,oracle_mlp,34168,19133,4784,10251,9,3,1,0.0530695766210556,0.0350564122200012,0.3646453619003296,"{""target_global_reactive_power"": 0.0530695766210556}","{""target_global_reactive_power"": 0.3646453619003296}",,,0,0,0,False,0.0028163799627380914,"{""target_global_reactive_power"": 0.0028163799627380914}"
household_power_consumption,4,prism,34168,19133,4784,10251,9,3,1,0.0548924878239631,0.0385614894330501,0.3202475905418396,"{""target_global_reactive_power"": 0.054892487823963165}","{""target_global_reactive_power"": 0.3202475905418396}",,,0,0,0,False,0.0030131852195039444,"{""target_global_reactive_power"": 0.0030131852195039444}"
household_power_consumption,4,prism_z_acp_random_forest,34168,19133,4784,10251,9,3,1,0.0609947138125967,0.0443369538531284,0.1607152534296094,"{""target_global_reactive_power"": 0.060994713812596746}","{""target_global_reactive_power"": 0.16071525342960946}",,,0,0,0,False,0.0037203551130805803,"{""target_global_reactive_power"": 0.0037203551130805803}"
household_power_consumption,4,prism_z_acp_xgboost,34168,19133,4784,10251,9,3,1,0.0602931135647741,0.043505000343293,0.1799121880010648,"{""target_global_reactive_power"": 0.060293113564774174}","{""target_global_reactive_power"": 0.1799121880010648}",,,0,0,0,False,0.0036352595433347557,"{""target_global_reactive_power"": 0.0036352595433347557}"
household_power_consumption,4,prism_z_acp_lightgbm,34168,19133,4784,10251,9,3,1,0.0607258499746996,0.0436762666275245,0.1680980564843822,"{""target_global_reactive_power"": 0.06072584997469965}","{""target_global_reactive_power"": 0.16809805648438225}",,,0,0,0,False,0.0036876288551497298,"{""target_global_reactive_power"": 0.0036876288551497298}"
household_power_consumption,4,prism_z_random_forest,34168,19133,4784,10251,9,3,1,0.0607781079180736,0.0442415426486756,0.1666656453994572,"{""target_global_reactive_power"": 0.0607781079180736}","{""target_global_reactive_power"": 0.16666564539945727}",,,0,0,0,False,0.003693978402101001,"{""target_global_reactive_power"": 0.003693978402101001}"
household_power_consumption,4,prism_z_xgboost,34168,19133,4784,10251,9,3,1,0.0606585654020244,0.0438196808526946,0.1699405389513879,"{""target_global_reactive_power"": 0.060658565402024474}","{""target_global_reactive_power"": 0.16994053895138794}",,,0,0,0,False,0.0036794615566316806,"{""target_global_reactive_power"": 0.0036794615566316806}"
household_power_consumption,4,prism_z_lightgbm,34168,19133,4784,10251,9,3,1,0.0610504493751791,0.0440420940179028,0.1591807145516057,"{""target_global_reactive_power"": 0.06105044937517914}","{""target_global_reactive_power"": 0.15918071455160576}",,,0,0,0,False,0.003727157368911311,"{""target_global_reactive_power"": 0.003727157368911311}"
household_power_consumption,5,simple_mlp,34168,19133,4784,10251,9,3,1,0.0563926920294761,0.0384642109274864,0.2825847268104553,"{""target_global_reactive_power"": 0.056392692029476166}","{""target_global_reactive_power"": 0.2825847268104553}",,,0,0,0,False,0.0031801357143313447,"{""target_global_reactive_power"": 0.0031801357143313447}"
household_power_consumption,5,random_forest,34168,19133,4784,10251,9,3,1,0.0588865834285714,0.0417573874746711,0.217728180120502,"{""target_global_reactive_power"": 0.058886583428571455}","{""target_global_reactive_power"": 0.217728180120502}",,,0,0,0,False,0.003467629707890106,"{""target_global_reactive_power"": 0.003467629707890106}"
household_power_consumption,5,xgboost,34168,19133,4784,10251,9,3,1,0.0582331581628481,0.0416655741562811,0.2349925606322528,"{""target_global_reactive_power"": 0.058233158162848166}","{""target_global_reactive_power"": 0.23499256063225282}",,,0,0,0,False,0.0033911007096192897,"{""target_global_reactive_power"": 0.0033911007096192897}"
household_power_consumption,5,lightgbm,34168,19133,4784,10251,9,3,1,0.0575985896297796,0.040813257300625,0.2515743392569755,"{""target_global_reactive_power"": 0.057598589629779616}","{""target_global_reactive_power"": 0.2515743392569755}",,,0,0,0,False,0.003317597527339756,"{""target_global_reactive_power"": 0.003317597527339756}"
household_power_consumption,5,cnn_mlp,34168,19133,4784,10251,9,3,1,0.0574608668775346,0.0398575621755652,0.2551491494045881,"{""target_global_reactive_power"": 0.0574608668775346}","{""target_global_reactive_power"": 0.2551491494045881}",,,0,0,0,False,0.003301751222317753,"{""target_global_reactive_power"": 0.003301751222317753}"
household_power_consumption,5,ftt_mlp,34168,19133,4784,10251,9,3,1,0.0630621275552147,0.0449222140792936,0.1028558944578671,"{""target_global_reactive_power"": 0.06306212755521472}","{""target_global_reactive_power"": 0.10285589445786714}",,,0,0,0,False,0.003976831931790171,"{""target_global_reactive_power"": 0.003976831931790171}"
household_power_consumption,5,two_stage_mlp,34168,19133,4784,10251,9,3,1,0.0570374988019466,0.0388928167521953,0.2660847306251526,"{""target_global_reactive_power"": 0.05703749880194664}","{""target_global_reactive_power"": 0.2660847306251526}",,,0,0,0,False,0.0032532762695820644,"{""target_global_reactive_power"": 0.0032532762695820644}"
household_power_consumption,5,oracle_mlp,34168,19133,4784,10251,9,3,1,0.0531083568930625,0.0344679467380046,0.3637164831161499,"{""target_global_reactive_power"": 0.05310835689306259}","{""target_global_reactive_power"": 0.3637164831161499}",,,0,0,0,False,0.002820497571880909,"{""target_global_reactive_power"": 0.002820497571880909}"
household_power_consumption,5,prism,34168,19133,4784,10251,9,3,1,0.0556991659104824,0.0389356911182403,0.3001220226287842,"{""target_global_reactive_power"": 0.05569916591048241}","{""target_global_reactive_power"": 0.3001220226287842}",,,0,0,0,False,0.0031023970831234454,"{""target_global_reactive_power"": 0.0031023970831234454}"
household_power_consumption,5,prism_z_acp_random_forest,34168,19133,4784,10251,9,3,1,0.0609175981864434,0.0441427696036882,0.1628360572622724,"{""target_global_reactive_power"": 0.06091759818644349}","{""target_global_reactive_power"": 0.16283605726227246}",,,0,0,0,False,0.003710953768804983,"{""target_global_reactive_power"": 0.003710953768804983}"
household_power_consumption,5,prism_z_acp_xgboost,34168,19133,4784,10251,9,3,1,0.0602262598652535,0.0434609942657647,0.1817297566836211,"{""target_global_reactive_power"": 0.06022625986525355}","{""target_global_reactive_power"": 0.18172975668362112}",,,0,0,0,False,0.00362720237735705,"{""target_global_reactive_power"": 0.00362720237735705}"
household_power_consumption,5,prism_z_acp_lightgbm,34168,19133,4784,10251,9,3,1,0.060747591176664,0.0436901842410119,0.167502201247465,"{""target_global_reactive_power"": 0.06074759117666403}","{""target_global_reactive_power"": 0.16750220124746507}",,,0,0,0,False,0.003690269833767109,"{""target_global_reactive_power"": 0.003690269833767109}"
household_power_consumption,5,prism_z_random_forest,34168,19133,4784,10251,9,3,1,0.0609881722953755,0.0443421880621562,0.1608951953480055,"{""target_global_reactive_power"": 0.06098817229537554}","{""target_global_reactive_power"": 0.16089519534800556}",,,0,0,0,False,0.0037195571599304123,"{""target_global_reactive_power"": 0.0037195571599304123}"
household_power_consumption,5,prism_z_xgboost,34168,19133,4784,10251,9,3,1,0.0606902193753636,0.0437461227639101,0.1690739292288277,"{""target_global_reactive_power"": 0.060690219375363695}","{""target_global_reactive_power"": 0.1690739292288277}",,,0,0,0,False,0.0036833027278297707,"{""target_global_reactive_power"": 0.0036833027278297707}"
household_power_consumption,5,prism_z_lightgbm,34168,19133,4784,10251,9,3,1,0.0609144095952548,0.0438346941460067,0.1629236938004694,"{""target_global_reactive_power"": 0.06091440959525484}","{""target_global_reactive_power"": 0.16292369380046945}",,,0,0,0,False,0.003710565296338475,"{""target_global_reactive_power"": 0.003710565296338475}"
concrete_slump_test,1,simple_mlp,103,65,17,21,7,2,1,1.9985429048538208,1.385808348655701,0.942456066608429,"{""target_compressive_strength_28d"": 1.9985429048538208}","{""target_compressive_strength_28d"": 0.942456066608429}",,,0,0,0,False,3.9941737425415482,"{""target_compressive_strength_28d"": 3.9941737425415482}"
concrete_slump_test,1,random_forest,103,65,17,21,7,2,1,3.7705546691196288,2.757636109904994,0.7951749025285543,"{""target_compressive_strength_28d"": 3.7705546691196288}","{""target_compressive_strength_28d"": 0.7951749025285543}",,,0,0,0,False,14.217082512819832,"{""target_compressive_strength_28d"": 14.217082512819832}"
concrete_slump_test,1,xgboost,103,65,17,21,7,2,1,2.6572827254255613,1.9333749199190595,0.8982701943644041,"{""target_compressive_strength_28d"": 2.6572827254255613}","{""target_compressive_strength_28d"": 0.8982701943644041}",,,0,0,0,False,7.061151482845099,"{""target_compressive_strength_28d"": 7.061151482845099}"
concrete_slump_test,1,lightgbm,103,65,17,21,7,2,1,3.372075978474574,2.561303116507241,0.8361798236515238,"{""target_compressive_strength_28d"": 3.372075978474574}","{""target_compressive_strength_28d"": 0.8361798236515238}",,,0,0,0,False,11.370896404605256,"{""target_compressive_strength_28d"": 11.370896404605256}"
concrete_slump_test,1,cnn_mlp,103,65,17,21,7,2,1,3.79400464222419,2.771423955548613,0.7926192684682841,"{""target_compressive_strength_28d"": 3.79400464222419}","{""target_compressive_strength_28d"": 0.7926192684682841}",,,0,0,0,False,14.394471225218703,"{""target_compressive_strength_28d"": 14.394471225218703}"
concrete_slump_test,1,ftt_mlp,103,65,17,21,7,2,1,3.762638238111731,2.942263578040302,0.7960340766871701,"{""target_compressive_strength_28d"": 3.762638238111731}","{""target_compressive_strength_28d"": 0.7960340766871701}",,,0,0,0,False,14.157446510900552,"{""target_compressive_strength_28d"": 14.157446510900552}"
concrete_slump_test,1,two_stage_mlp,103,65,17,21,7,2,1,2.43640398979187,1.8040050268173216,0.9144792556762696,"{""target_compressive_strength_28d"": 2.43640398979187}","{""target_compressive_strength_28d"": 0.9144792556762695}",,,0,0,0,False,5.936064401473743,"{""target_compressive_strength_28d"": 5.936064401473743}"
concrete_slump_test,1,oracle_mlp,103,65,17,21,7,2,1,2.110901355743408,1.4839600324630735,0.9358038902282716,"{""target_compressive_strength_28d"": 2.110901355743408}","{""target_compressive_strength_28d"": 0.9358038902282715}",,,0,0,0,False,4.455904533679359,"{""target_compressive_strength_28d"": 4.455904533679359}"
concrete_slump_test,1,prism,103,65,17,21,7,2,1,2.257225275039673,1.436178207397461,0.9265955090522766,"{""target_compressive_strength_28d"": 2.257225275039673}","{""target_compressive_strength_28d"": 0.9265955090522766}",,,0,0,0,False,5.095065942277927,"{""target_compressive_strength_28d"": 5.095065942277927}"
concrete_slump_test,1,prism_z_acp_random_forest,103,65,17,21,7,2,1,3.455261453044446,2.395939361587576,0.8279975961126675,"{""target_compressive_strength_28d"": 3.455261453044446}","{""target_compressive_strength_28d"": 0.8279975961126675}",,,0,0,0,False,11.938831708894817,"{""target_compressive_strength_28d"": 11.938831708894817}"
concrete_slump_test,1,prism_z_acp_xgboost,103,65,17,21,7,2,1,2.7623872736756137,1.9461482242517063,0.8900635230559968,"{""target_compressive_strength_28d"": 2.7623872736756137}","{""target_compressive_strength_28d"": 0.8900635230559968}",,,0,0,0,False,7.63078344976499,"{""target_compressive_strength_28d"": 7.63078344976499}"
concrete_slump_test,1,prism_z_acp_lightgbm,103,65,17,21,7,2,1,2.810640025748487,1.8551120255023388,0.8861892881933782,"{""target_compressive_strength_28d"": 2.810640025748487}","{""target_compressive_strength_28d"": 0.8861892881933782}",,,0,0,0,False,7.899697354339456,"{""target_compressive_strength_28d"": 7.899697354339456}"
concrete_slump_test,1,prism_z_random_forest,103,65,17,21,7,2,1,3.3548463265817468,2.3416837986225745,0.8378496280510178,"{""target_compressive_strength_28d"": 3.3548463265817468}","{""target_compressive_strength_28d"": 0.8378496280510178}",,,0,0,0,False,11.254993874979041,"{""target_compressive_strength_28d"": 11.254993874979041}"
concrete_slump_test,1,prism_z_xgboost,103,65,17,21,7,2,1,2.735594421433135,1.9216906074619395,0.8921857651522741,"{""target_compressive_strength_28d"": 2.735594421433135}","{""target_compressive_strength_28d"": 0.8921857651522741}",,,0,0,0,False,7.483476838576088,"{""target_compressive_strength_28d"": 7.483476838576088}"
concrete_slump_test,1,prism_z_lightgbm,103,65,17,21,7,2,1,2.790040107522065,1.804313545948555,0.8878514716383936,"{""target_compressive_strength_28d"": 2.790040107522065}","{""target_compressive_strength_28d"": 0.8878514716383936}",,,0,0,0,False,7.784323801581736,"{""target_compressive_strength_28d"": 7.784323801581736}"
concrete_slump_test,2,simple_mlp,103,65,17,21,7,2,1,3.457115888595581,2.709871530532837,0.7696095705032349,"{""target_compressive_strength_28d"": 3.457115888595581}","{""target_compressive_strength_28d"": 0.7696095705032349}",,,0,0,0,False,11.951650267180014,"{""target_compressive_strength_28d"": 11.951650267180014}"
concrete_slump_test,2,random_forest,103,65,17,21,7,2,1,4.198990327341379,3.340176935206495,0.6601194328724378,"{""target_compressive_strength_28d"": 4.198990327341379}","{""target_compressive_strength_28d"": 0.6601194328724378}",,,0,0,0,False,17.63151976910646,"{""target_compressive_strength_28d"": 17.63151976910646}"
concrete_slump_test,2,xgboost,103,65,17,21,7,2,1,3.806600791019556,3.126661654572412,0.7206740703531649,"{""target_compressive_strength_28d"": 3.8066007910195556}","{""target_compressive_strength_28d"": 0.7206740703531649}",,,0,0,0,False,14.490209582190706,"{""target_compressive_strength_28d"": 14.490209582190706}"
concrete_slump_test,2,lightgbm,103,65,17,21,7,2,1,4.691433530720117,4.217638085525069,0.5757247276904445,"{""target_compressive_strength_28d"": 4.691433530720117}","{""target_compressive_strength_28d"": 0.5757247276904445}",,,0,0,0,False,22.00954857316502,"{""target_compressive_strength_28d"": 22.00954857316502}"
concrete_slump_test,2,cnn_mlp,103,65,17,21,7,2,1,5.75833955494202,4.618582083258121,0.3608083000250828,"{""target_compressive_strength_28d"": 5.75833955494202}","{""target_compressive_strength_28d"": 0.3608083000250828}",,,0,0,0,False,33.15847443000986,"{""target_compressive_strength_28d"": 33.15847443000986}"
concrete_slump_test,2,ftt_mlp,103,65,17,21,7,2,1,5.937350509591422,4.669923076205733,0.3204491468288788,"{""target_compressive_strength_28d"": 5.937350509591422}","{""target_compressive_strength_28d"": 0.3204491468288788}",,,0,0,0,False,35.25213107374552,"{""target_compressive_strength_28d"": 35.25213107374552}"
concrete_slump_test,2,two_stage_mlp,103,65,17,21,7,2,1,3.7760090827941895,2.996420860290528,0.7251456379890442,"{""target_compressive_strength_28d"": 3.7760090827941895}","{""target_compressive_strength_28d"": 0.7251456379890442}",,,0,0,0,False,14.258244593344216,"{""target_compressive_strength_28d"": 14.258244593344216}"
concrete_slump_test,2,oracle_mlp,103,65,17,21,7,2,1,4.627485752105713,3.7792983055114746,0.5872122049331665,"{""target_compressive_strength_28d"": 4.627485752105713}","{""target_compressive_strength_28d"": 0.5872122049331665}",,,0,0,0,False,21.413624385941375,"{""target_compressive_strength_28d"": 21.413624385941375}"
concrete_slump_test,2,prism,103,65,17,21,7,2,1,3.1037051677703857,2.464733600616455,0.8143061995506287,"{""target_compressive_strength_28d"": 3.1037051677703857}","{""target_compressive_strength_28d"": 0.8143061995506287}",,,0,0,0,False,9.632985768444598,"{""target_compressive_strength_28d"": 9.632985768444598}"
concrete_slump_test,2,prism_z_acp_random_forest,103,65,17,21,7,2,1,3.2992009217310088,2.7905778970767483,0.7901765055008282,"{""target_compressive_strength_28d"": 3.2992009217310088}","{""target_compressive_strength_28d"": 0.7901765055008282}",,,0,0,0,False,10.884726721950738,"{""target_compressive_strength_28d"": 10.884726721950738}"
concrete_slump_test,2,prism_z_acp_xgboost,103,65,17,21,7,2,1,3.1493299754832536,2.616554205984502,0.8088065898072405,"{""target_compressive_strength_28d"": 3.1493299754832536}","{""target_compressive_strength_28d"": 0.8088065898072405}",,,0,0,0,False,9.918279294477351,"{""target_compressive_strength_28d"": 9.918279294477351}"
concrete_slump_test,2,prism_z_acp_lightgbm,103,65,17,21,7,2,1,4.087041612809522,3.389666223497681,0.6780008650563378,"{""target_compressive_strength_28d"": 4.087041612809522}","{""target_compressive_strength_28d"": 0.6780008650563378}",,,0,0,0,False,16.70390914483666,"{""target_compressive_strength_28d"": 16.70390914483666}"
concrete_slump_test,2,prism_z_random_forest,103,65,17,21,7,2,1,3.3489997370039,2.8309096299175835,0.783794462651293,"{""target_compressive_strength_28d"": 3.3489997370039}","{""target_compressive_strength_28d"": 0.783794462651293}",,,0,0,0,False,11.215799238452192,"{""target_compressive_strength_28d"": 11.215799238452192}"
concrete_slump_test,2,prism_z_xgboost,103,65,17,21,7,2,1,2.979315232356062,2.436914005688806,0.8288923211681626,"{""target_compressive_strength_28d"": 2.979315232356062}","{""target_compressive_strength_28d"": 0.8288923211681626}",,,0,0,0,False,8.876319253748857,"{""target_compressive_strength_28d"": 8.876319253748857}"
concrete_slump_test,2,prism_z_lightgbm,103,65,17,21,7,2,1,4.139378462675772,3.449203728906728,0.6697013054649914,"{""target_compressive_strength_28d"": 4.139378462675772}","{""target_compressive_strength_28d"": 0.6697013054649914}",,,0,0,0,False,17.13445405726404,"{""target_compressive_strength_28d"": 17.13445405726404}"
concrete_slump_test,3,simple_mlp,103,65,17,21,7,2,1,2.6366138458251958,2.0891544818878174,0.8885205984115601,"{""target_compressive_strength_28d"": 2.6366138458251953}","{""target_compressive_strength_28d"": 0.8885205984115601}",,,0,0,0,False,6.951732571997127,"{""target_compressive_strength_28d"": 6.951732571997127}"
concrete_slump_test,3,random_forest,103,65,17,21,7,2,1,4.014428375593675,3.196236458554642,0.7415664146037109,"{""target_compressive_strength_28d"": 4.014428375593675}","{""target_compressive_strength_28d"": 0.7415664146037109}",,,0,0,0,False,16.115635182771673,"{""target_compressive_strength_28d"": 16.115635182771673}"
concrete_slump_test,3,xgboost,103,65,17,21,7,2,1,3.3054084712831613,2.6205988314784503,0.8247928614258707,"{""target_compressive_strength_28d"": 3.3054084712831613}","{""target_compressive_strength_28d"": 0.8247928614258707}",,,0,0,0,False,10.925725162030485,"{""target_compressive_strength_28d"": 10.925725162030485}"
concrete_slump_test,3,lightgbm,103,65,17,21,7,2,1,5.103372218896935,4.610159833556078,0.5823466054040247,"{""target_compressive_strength_28d"": 5.103372218896935}","{""target_compressive_strength_28d"": 0.5823466054040247}",,,0,0,0,False,26.04440800460902,"{""target_compressive_strength_28d"": 26.04440800460902}"
concrete_slump_test,3,cnn_mlp,103,65,17,21,7,2,1,5.148118887019971,3.567629254733459,0.5749904775746274,"{""target_compressive_strength_28d"": 5.148118887019971}","{""target_compressive_strength_28d"": 0.5749904775746274}",,,0,0,0,False,26.50312807489174,"{""target_compressive_strength_28d"": 26.50312807489174}"
concrete_slump_test,3,ftt_mlp,103,65,17,21,7,2,1,4.105387578836391,3.379583597243636,0.7297225247908203,"{""target_compressive_strength_28d"": 4.105387578836391}","{""target_compressive_strength_28d"": 0.7297225247908203}",,,0,0,0,False,16.854207172464122,"{""target_compressive_strength_28d"": 16.854207172464122}"
concrete_slump_test,3,two_stage_mlp,103,65,17,21,7,2,1,2.496631860733032,1.834644317626953,0.9000436067581177,"{""target_compressive_strength_28d"": 2.4966318607330322}","{""target_compressive_strength_28d"": 0.9000436067581177}",,,0,0,0,False,6.233170648027283,"{""target_compressive_strength_28d"": 6.233170648027283}"
concrete_slump_test,3,oracle_mlp,103,65,17,21,7,2,1,3.11569619178772,2.636453151702881,0.8443275690078735,"{""target_compressive_strength_28d"": 3.1156961917877197}","{""target_compressive_strength_28d"": 0.8443275690078735}",,,0,0,0,False,9.7075627595205,"{""target_compressive_strength_28d"": 9.7075627595205}"
concrete_slump_test,3,prism,103,65,17,21,7,2,1,2.379957437515259,1.918586015701294,0.9091677665710448,"{""target_compressive_strength_28d"": 2.379957437515259}","{""target_compressive_strength_28d"": 0.9091677665710449}",,,0,0,0,False,5.664197404384197,"{""target_compressive_strength_28d"": 5.664197404384197}"
concrete_slump_test,3,prism_z_acp_random_forest,103,65,17,21,7,2,1,4.237817210054487,3.230363587415184,0.7120043248272412,"{""target_compressive_strength_28d"": 4.237817210054487}","{""target_compressive_strength_28d"": 0.7120043248272412}",,,0,0,0,False,17.959094705833998,"{""target_compressive_strength_28d"": 17.959094705833998}"
concrete_slump_test,3,prism_z_acp_xgboost,103,65,17,21,7,2,1,3.3414539266907948,2.578959365304536,0.8209507608404879,"{""target_compressive_strength_28d"": 3.3414539266907948}","{""target_compressive_strength_28d"": 0.8209507608404879}",,,0,0,0,False,11.16531434419733,"{""target_compressive_strength_28d"": 11.16531434419733}"
concrete_slump_test,3,prism_z_acp_lightgbm,103,65,17,21,7,2,1,3.204629970188289,2.49410096878616,0.8353137633735037,"{""target_compressive_strength_28d"": 3.204629970188289}","{""target_compressive_strength_28d"": 0.8353137633735037}",,,0,0,0,False,10.269653245828994,"{""target_compressive_strength_28d"": 10.269653245828994}"
concrete_slump_test,3,prism_z_random_forest,103,65,17,21,7,2,1,4.297481456894484,3.3465349492747136,0.7038378540818153,"{""target_compressive_strength_28d"": 4.297481456894484}","{""target_compressive_strength_28d"": 0.7038378540818153}",,,0,0,0,False,18.46834687235194,"{""target_compressive_strength_28d"": 18.46834687235194}"
concrete_slump_test,3,prism_z_xgboost,103,65,17,21,7,2,1,3.231637144952588,2.5441071007625906,0.8325262642479633,"{""target_compressive_strength_28d"": 3.231637144952588}","{""target_compressive_strength_28d"": 0.8325262642479633}",,,0,0,0,False,10.443478636637312,"{""target_compressive_strength_28d"": 10.443478636637312}"
concrete_slump_test,3,prism_z_lightgbm,103,65,17,21,7,2,1,3.3256831033780085,2.6223784951271973,0.8226369072140356,"{""target_compressive_strength_28d"": 3.3256831033780085}","{""target_compressive_strength_28d"": 0.8226369072140356}",,,0,0,0,False,11.060168104093982,"{""target_compressive_strength_28d"": 11.060168104093982}"
concrete_slump_test,4,simple_mlp,103,65,17,21,7,2,1,2.37704873085022,2.050755739212036,0.9044908285140992,"{""target_compressive_strength_28d"": 2.3770487308502197}","{""target_compressive_strength_28d"": 0.9044908285140991}",,,0,0,0,False,5.65036066883664,"{""target_compressive_strength_28d"": 5.65036066883664}"
concrete_slump_test,4,random_forest,103,65,17,21,7,2,1,4.658093291201025,3.593423630039628,0.6332371446076035,"{""target_compressive_strength_28d"": 4.658093291201025}","{""target_compressive_strength_28d"": 0.6332371446076035}",,,0,0,0,False,21.697833109532,"{""target_compressive_strength_28d"": 21.697833109532}"
concrete_slump_test,4,xgboost,103,65,17,21,7,2,1,4.217518649890125,3.124409808550167,0.6993349108495025,"{""target_compressive_strength_28d"": 4.217518649890125}","{""target_compressive_strength_28d"": 0.6993349108495025}",,,0,0,0,False,17.787463562171023,"{""target_compressive_strength_28d"": 17.787463562171023}"
concrete_slump_test,4,lightgbm,103,65,17,21,7,2,1,4.997051157006967,4.116431578325362,0.5779182526168967,"{""target_compressive_strength_28d"": 4.997051157006967}","{""target_compressive_strength_28d"": 0.5779182526168967}",,,0,0,0,False,24.97052026574467,"{""target_compressive_strength_28d"": 24.97052026574467}"
concrete_slump_test,4,cnn_mlp,103,65,17,21,7,2,1,4.878071473068832,3.621035533724215,0.5977784833203535,"{""target_compressive_strength_28d"": 4.878071473068832}","{""target_compressive_strength_28d"": 0.5977784833203535}",,,0,0,0,False,23.795581296367928,"{""target_compressive_strength_28d"": 23.795581296367928}"
concrete_slump_test,4,ftt_mlp,103,65,17,21,7,2,1,5.277194236531438,4.402550936656622,0.5292664637354051,"{""target_compressive_strength_28d"": 5.277194236531438}","{""target_compressive_strength_28d"": 0.5292664637354051}",,,0,0,0,False,27.848779010080623,"{""target_compressive_strength_28d"": 27.848779010080623}"
concrete_slump_test,4,two_stage_mlp,103,65,17,21,7,2,1,2.5695104598999023,1.893124222755432,0.8883985877037048,"{""target_compressive_strength_28d"": 2.5695104598999023}","{""target_compressive_strength_28d"": 0.8883985877037048}",,,0,0,0,False,6.602384003535008,"{""target_compressive_strength_28d"": 6.602384003535008}"
concrete_slump_test,4,oracle_mlp,103,65,17,21,7,2,1,2.5144248008728027,1.9492075443267824,0.8931323289871216,"{""target_compressive_strength_28d"": 2.5144248008728027}","{""target_compressive_strength_28d"": 0.8931323289871216}",,,0,0,0,False,6.322332079244234,"{""target_compressive_strength_28d"": 6.322332079244234}"
concrete_slump_test,4,prism,103,65,17,21,7,2,1,2.182177782058716,1.8853999376297,0.9195086359977722,"{""target_compressive_strength_28d"": 2.182177782058716}","{""target_compressive_strength_28d"": 0.9195086359977722}",,,0,0,0,False,4.761899872510696,"{""target_compressive_strength_28d"": 4.761899872510696}"
concrete_slump_test,4,prism_z_acp_random_forest,103,65,17,21,7,2,1,4.773290353176355,3.99626468259103,0.6148723618724465,"{""target_compressive_strength_28d"": 4.773290353176355}","{""target_compressive_strength_28d"": 0.6148723618724465}",,,0,0,0,False,22.784300795726452,"{""target_compressive_strength_28d"": 22.784300795726452}"
concrete_slump_test,4,prism_z_acp_xgboost,103,65,17,21,7,2,1,4.1451440641062245,3.397134464220928,0.7095654766488815,"{""target_compressive_strength_28d"": 4.1451440641062245}","{""target_compressive_strength_28d"": 0.7095654766488815}",,,0,0,0,False,17.182219312195066,"{""target_compressive_strength_28d"": 17.182219312195066}"
concrete_slump_test,4,prism_z_acp_lightgbm,103,65,17,21,7,2,1,3.420011868336753,2.6545789033660805,0.8022920162670134,"{""target_compressive_strength_28d"": 3.420011868336753}","{""target_compressive_strength_28d"": 0.8022920162670134}",,,0,0,0,False,11.696481179564246,"{""target_compressive_strength_28d"": 11.696481179564246}"
concrete_slump_test,4,prism_z_random_forest,103,65,17,21,7,2,1,4.848446812283691,4.062929756609724,0.6026490531533073,"{""target_compressive_strength_28d"": 4.848446812283691}","{""target_compressive_strength_28d"": 0.6026490531533073}",,,0,0,0,False,23.507436491543885,"{""target_compressive_strength_28d"": 23.507436491543885}"
concrete_slump_test,4,prism_z_xgboost,103,65,17,21,7,2,1,4.236496819691065,3.4802436018902263,0.6966229316953573,"{""target_compressive_strength_28d"": 4.236496819691065}","{""target_compressive_strength_28d"": 0.6966229316953573}",,,0,0,0,False,17.947905303252508,"{""target_compressive_strength_28d"": 17.947905303252508}"
concrete_slump_test,4,prism_z_lightgbm,103,65,17,21,7,2,1,3.441244939736785,2.661419012790415,0.7998294638947027,"{""target_compressive_strength_28d"": 3.4412449397367855}","{""target_compressive_strength_28d"": 0.7998294638947027}",,,0,0,0,False,11.842166735264032,"{""target_compressive_strength_28d"": 11.842166735264032}"
concrete_slump_test,5,simple_mlp,103,65,17,21,7,2,1,2.158356189727783,1.7307580709457395,0.943756103515625,"{""target_compressive_strength_28d"": 2.158356189727783}","{""target_compressive_strength_28d"": 0.943756103515625}",,,0,0,0,False,4.6585014417362345,"{""target_compressive_strength_28d"": 4.6585014417362345}"
concrete_slump_test,5,random_forest,103,65,17,21,7,2,1,4.4921894899125485,3.2372950505328246,0.7563618891636661,"{""target_compressive_strength_28d"": 4.4921894899125485}","{""target_compressive_strength_28d"": 0.7563618891636661}",,,0,0,0,False,20.179766413280763,"{""target_compressive_strength_28d"": 20.179766413280763}"
concrete_slump_test,5,xgboost,103,65,17,21,7,2,1,4.641128223027024,3.270231794541716,0.7399384045025597,"{""target_compressive_strength_28d"": 4.641128223027024}","{""target_compressive_strength_28d"": 0.7399384045025597}",,,0,0,0,False,21.54007118257798,"{""target_compressive_strength_28d"": 21.54007118257798}"
concrete_slump_test,5,lightgbm,103,65,17,21,7,2,1,4.528844470029505,3.643587357199335,0.7523696330513172,"{""target_compressive_strength_28d"": 4.528844470029505}","{""target_compressive_strength_28d"": 0.7523696330513172}",,,0,0,0,False,20.51043223371683,"{""target_compressive_strength_28d"": 20.51043223371683}"
concrete_slump_test,5,cnn_mlp,103,65,17,21,7,2,1,3.494425399207454,2.243557892761399,0.8525717755242639,"{""target_compressive_strength_28d"": 3.494425399207454}","{""target_compressive_strength_28d"": 0.8525717755242639}",,,0,0,0,False,12.211008870626173,"{""target_compressive_strength_28d"": 12.211008870626173}"
concrete_slump_test,5,ftt_mlp,103,65,17,21,7,2,1,4.295925627658025,3.5996114291167323,0.7771859376701468,"{""target_compressive_strength_28d"": 4.295925627658025}","{""target_compressive_strength_28d"": 0.7771859376701468}",,,0,0,0,False,18.454976998368995,"{""target_compressive_strength_28d"": 18.454976998368995}"
concrete_slump_test,5,two_stage_mlp,103,65,17,21,7,2,1,1.9263200759887693,1.4464216232299805,0.9551991820335388,"{""target_compressive_strength_28d"": 1.9263200759887695}","{""target_compressive_strength_28d"": 0.9551991820335388}",,,0,0,0,False,3.710709035157379,"{""target_compressive_strength_28d"": 3.710709035157379}"
concrete_slump_test,5,oracle_mlp,103,65,17,21,7,2,1,1.9667729139328003,1.7291408777236938,0.953297793865204,"{""target_compressive_strength_28d"": 1.9667729139328003}","{""target_compressive_strength_28d"": 0.9532977938652039}",,,0,0,0,False,3.8681956949797183,"{""target_compressive_strength_28d"": 3.8681956949797183}"
concrete_slump_test,5,prism,103,65,17,21,7,2,1,2.727207660675049,2.2338759899139404,0.9102022647857666,"{""target_compressive_strength_28d"": 2.727207660675049}","{""target_compressive_strength_28d"": 0.9102022647857666}",,,0,0,0,False,7.437661624444672,"{""target_compressive_strength_28d"": 7.437661624444672}"
concrete_slump_test,5,prism_z_acp_random_forest,103,65,17,21,7,2,1,3.5623850598389484,2.6927081035557,0.8467816398167523,"{""target_compressive_strength_28d"": 3.5623850598389484}","{""target_compressive_strength_28d"": 0.8467816398167523}",,,0,0,0,False,12.690587314563748,"{""target_compressive_strength_28d"": 12.690587314563748}"
concrete_slump_test,5,prism_z_acp_xgboost,103,65,17,21,7,2,1,2.925786440213864,2.2275696257056903,0.8966490830555115,"{""target_compressive_strength_28d"": 2.925786440213864}","{""target_compressive_strength_28d"": 0.8966490830555115}",,,0,0,0,False,8.560226293739314,"{""target_compressive_strength_28d"": 8.560226293739314}"
concrete_slump_test,5,prism_z_acp_lightgbm,103,65,17,21,7,2,1,2.949291377092891,2.367724622392428,0.8949818289285639,"{""target_compressive_strength_28d"": 2.949291377092891}","{""target_compressive_strength_28d"": 0.8949818289285639}",,,0,0,0,False,8.698319626994481,"{""target_compressive_strength_28d"": 8.698319626994481}"
concrete_slump_test,5,prism_z_random_forest,103,65,17,21,7,2,1,3.537593684746616,2.7169953953221198,0.8489067759389134,"{""target_compressive_strength_28d"": 3.5375936847466156}","{""target_compressive_strength_28d"": 0.8489067759389134}",,,0,0,0,False,12.514569078359138,"{""target_compressive_strength_28d"": 12.514569078359138}"
concrete_slump_test,5,prism_z_xgboost,103,65,17,21,7,2,1,2.785681428537134,2.3180051069661944,0.906310270249972,"{""target_compressive_strength_28d"": 2.785681428537134}","{""target_compressive_strength_28d"": 0.9063102702499721}",,,0,0,0,False,7.760021021296688,"{""target_compressive_strength_28d"": 7.760021021296688}"
concrete_slump_test,5,prism_z_lightgbm,103,65,17,21,7,2,1,2.908817299427005,2.2617280112252933,0.8978444474272514,"{""target_compressive_strength_28d"": 2.908817299427005}","{""target_compressive_strength_28d"": 0.8978444474272514}",,,0,0,0,False,8.461218081445814,"{""target_compressive_strength_28d"": 8.461218081445814}"
wine_quality,1,simple_mlp,6497,4157,1040,1300,10,3,1,0.7591496706008911,0.559199869632721,0.2613540887832641,"{""target_quality"": 0.7591496706008911}","{""target_quality"": 0.26135408878326416}",,ID_row,0,0,0,True,0.5763082223734415,"{""target_quality"": 0.5763082223734415}"
wine_quality,1,random_forest,6497,4157,1040,1300,10,3,1,0.6764774536495243,0.4878384549488244,0.4134728334496842,"{""target_quality"": 0.6764774536495243}","{""target_quality"": 0.4134728334496842}",,ID_row,0,0,0,True,0.45762174529614424,"{""target_quality"": 0.45762174529614424}"
wine_quality,1,xgboost,6497,4157,1040,1300,10,3,1,0.7203080713756488,0.5565016259211231,0.3350055176648736,"{""target_quality"": 0.7203080713756488}","{""target_quality"": 0.33500551766487363}",,ID_row,0,0,0,True,0.5188437176889067,"{""target_quality"": 0.5188437176889067}"
wine_quality,1,lightgbm,6497,4157,1040,1300,10,3,1,0.6978064311505513,0.5257220666108781,0.3759039775679346,"{""target_quality"": 0.6978064311505513}","{""target_quality"": 0.3759039775679346}",,ID_row,0,0,0,True,0.4869338153550691,"{""target_quality"": 0.4869338153550691}"
wine_quality,1,cnn_mlp,6497,4157,1040,1300,10,3,1,0.773799019746905,0.5906454650032944,0.2325716657827895,"{""target_quality"": 0.773799019746905}","{""target_quality"": 0.23257166578278954}",,ID_row,0,0,0,True,0.5987649229612712,"{""target_quality"": 0.5987649229612712}"
wine_quality,1,ftt_mlp,6497,4157,1040,1300,10,3,1,0.7696988988610441,0.586686313145949,0.2406828485789077,"{""target_quality"": 0.7696988988610441}","{""target_quality"": 0.24068284857890776}",,ID_row,0,0,0,True,0.5924363949079039,"{""target_quality"": 0.5924363949079039}"
wine_quality,1,two_stage_mlp,6497,4157,1040,1300,10,3,1,0.7466791272163391,0.5541172027587891,0.2854222655296325,"{""target_quality"": 0.7466791272163391}","{""target_quality"": 0.28542226552963257}",,ID_row,0,0,0,True,0.5575297190205539,"{""target_quality"": 0.5575297190205539}"
wine_quality,1,oracle_mlp,6497,4157,1040,1300,10,3,1,0.7155382633209229,0.5463942289352417,0.343783438205719,"{""target_quality"": 0.7155382633209229}","{""target_quality"": 0.343783438205719}",,ID_row,0,0,0,True,0.5119950062763223,"{""target_quality"": 0.5119950062763223}"
wine_quality,1,prism,6497,4157,1040,1300,10,3,1,0.7429016828536987,0.5601911544799805,0.2926340699195862,"{""target_quality"": 0.7429016828536987}","{""target_quality"": 0.2926340699195862}",,ID_row,0,0,0,True,0.5519029103868576,"{""target_quality"": 0.5519029103868576}"
wine_quality,1,prism_z_acp_random_forest,6497,4157,1040,1300,10,3,1,0.6716742203122693,0.4815871756399708,0.4217723714824588,"{""target_quality"": 0.6716742203122693}","{""target_quality"": 0.42177237148245883}",,ID_row,0,0,0,True,0.45114625823209487,"{""target_quality"": 0.45114625823209487}"
wine_quality,1,prism_z_acp_xgboost,6497,4157,1040,1300,10,3,1,0.7000662425384484,0.527873773465942,0.3718552245258982,"{""target_quality"": 0.7000662425384484}","{""target_quality"": 0.37185522452589825}",,ID_row,0,0,0,True,0.49009274394190167,"{""target_quality"": 0.49009274394190167}"
wine_quality,1,prism_z_acp_lightgbm,6497,4157,1040,1300,10,3,1,0.6872626452835057,0.4946197806727677,0.3946215485924512,"{""target_quality"": 0.6872626452835057}","{""target_quality"": 0.39462154859245124}",,ID_row,0,0,0,True,0.47232994360208175,"{""target_quality"": 0.47232994360208175}"
wine_quality,1,prism_z_random_forest,6497,4157,1040,1300,10,3,1,0.6769887212034083,0.4847256332629233,0.412585928419133,"{""target_quality"": 0.6769887212034083}","{""target_quality"": 0.412585928419133}",,ID_row,0,0,0,True,0.458313728636626,"{""target_quality"": 0.458313728636626}"
wine_quality,1,prism_z_xgboost,6497,4157,1040,1300,10,3,1,0.7026753077054024,0.531109816073137,0.3671644552999753,"{""target_quality"": 0.7026753077054024}","{""target_quality"": 0.3671644552999753}",,ID_row,0,0,0,True,0.493752588058882,"{""target_quality"": 0.493752588058882}"
wine_quality,1,prism_z_lightgbm,6497,4157,1040,1300,10,3,1,0.6890282509438085,0.4961715800181926,0.3915070694346725,"{""target_quality"": 0.6890282509438085}","{""target_quality"": 0.3915070694346725}",,ID_row,0,0,0,True,0.47475993059868393,"{""target_quality"": 0.47475993059868393}"
wine_quality,2,simple_mlp,6497,4157,1040,1300,10,3,1,0.7623696327209473,0.598823070526123,0.2448224425315857,"{""target_quality"": 0.7623696327209473}","{""target_quality"": 0.2448224425315857}",,ID_row,0,0,0,True,0.581207456895072,"{""target_quality"": 0.581207456895072}"
wine_quality,2,random_forest,6497,4157,1040,1300,10,3,1,0.6897227807655646,0.5079051310278918,0.3818882088862,"{""target_quality"": 0.6897227807655646}","{""target_quality"": 0.3818882088862}",,ID_row,0,0,0,True,0.47571751430698306,"{""target_quality"": 0.47571751430698306}"
wine_quality,2,xgboost,6497,4157,1040,1300,10,3,1,0.7368264911700269,0.5760232756660949,0.2945790544867744,"{""target_quality"": 0.7368264911700269}","{""target_quality"": 0.29457905448677446}",,ID_row,0,0,0,True,0.5429132780899336,"{""target_quality"": 0.5429132780899336}"
wine_quality,2,lightgbm,6497,4157,1040,1300,10,3,1,0.7126080848608346,0.5455710799635716,0.3401892638181919,"{""target_quality"": 0.7126080848608346}","{""target_quality"": 0.3401892638181919}",,ID_row,0,0,0,True,0.5078102826090265,"{""target_quality"": 0.5078102826090265}"
wine_quality,2,cnn_mlp,6497,4157,1040,1300,10,3,1,0.7853616683117662,0.6031837094960886,0.1985853292383175,"{""target_quality"": 0.7853616683117662}","{""target_quality"": 0.1985853292383175}",,ID_row,0,0,0,True,0.6167929500534407,"{""target_quality"": 0.6167929500534407}"
wine_quality,2,ftt_mlp,6497,4157,1040,1300,10,3,1,0.7824488481495346,0.5890809735943064,0.2045190230553868,"{""target_quality"": 0.7824488481495346}","{""target_quality"": 0.20451902305538683}",,ID_row,0,0,0,True,0.6122261999705335,"{""target_quality"": 0.6122261999705335}"
wine_quality,2,two_stage_mlp,6497,4157,1040,1300,10,3,1,0.7571778297424316,0.5926433205604553,0.2550731301307678,"{""target_quality"": 0.7571778297424316}","{""target_quality"": 0.2550731301307678}",,ID_row,0,0,0,True,0.5733182658534588,"{""target_quality"": 0.5733182658534588}"
wine_quality,2,oracle_mlp,6497,4157,1040,1300,10,3,1,0.701487123966217,0.5395546555519104,0.3606225252151489,"{""target_quality"": 0.701487123966217}","{""target_quality"": 0.3606225252151489}",,ID_row,0,0,0,True,0.49208418509039475,"{""target_quality"": 0.49208418509039475}"
wine_quality,2,prism,6497,4157,1040,1300,10,3,1,0.7533972859382629,0.5830519199371338,0.2624932527542114,"{""target_quality"": 0.7533972859382629}","{""target_quality"": 0.2624932527542114}",,ID_row,0,0,0,True,0.5676074704591407,"{""target_quality"": 0.5676074704591407}"
wine_quality,2,prism_z_acp_random_forest,6497,4157,1040,1300,10,3,1,0.6872488517000482,0.5022282076933596,0.3863143996095465,"{""target_quality"": 0.6872488517000482}","{""target_quality"": 0.3863143996095465}",,ID_row,0,0,0,True,0.4723109841630349,"{""target_quality"": 0.4723109841630349}"
wine_quality,2,prism_z_acp_xgboost,6497,4157,1040,1300,10,3,1,0.7174357082950349,0.5462417574490611,0.3312190951050701,"{""target_quality"": 0.7174357082950349}","{""target_quality"": 0.3312190951050701}",,ID_row,0,0,0,True,0.5147139955367984,"{""target_quality"": 0.5147139955367984}"
wine_quality,2,prism_z_acp_lightgbm,6497,4157,1040,1300,10,3,1,0.697509814659235,0.5130423523956165,0.3678523421202101,"{""target_quality"": 0.697509814659235}","{""target_quality"": 0.3678523421202101}",,ID_row,0,0,0,True,0.48651994154596034,"{""target_quality"": 0.48651994154596034}"
wine_quality,2,prism_z_random_forest,6497,4157,1040,1300,10,3,1,0.6837204227554862,0.4982230797452476,0.3925997136980844,"{""target_quality"": 0.6837204227554862}","{""target_quality"": 0.39259971369808444}",,ID_row,0,0,0,True,0.4674736164929407,"{""target_quality"": 0.4674736164929407}"
wine_quality,2,prism_z_xgboost,6497,4157,1040,1300,10,3,1,0.7235171041968043,0.5532460653705567,0.3198331018175216,"{""target_quality"": 0.7235171041968043}","{""target_quality"": 0.31983310181752167}",,ID_row,0,0,0,True,0.5234770000653293,"{""target_quality"": 0.5234770000653293}"
wine_quality,2,prism_z_lightgbm,6497,4157,1040,1300,10,3,1,0.7063768909066811,0.5206162482902658,0.3516778597210832,"{""target_quality"": 0.7063768909066811}","{""target_quality"": 0.35167785972108323}",,ID_row,0,0,0,True,0.49896831200698927,"{""target_quality"": 0.49896831200698927}"
wine_quality,3,simple_mlp,6497,4157,1040,1300,10,3,1,0.7359136939048767,0.5739099979400635,0.2973499894142151,"{""target_quality"": 0.7359136939048767}","{""target_quality"": 0.2973499894142151}",,ID_row,0,0,0,True,0.5415689648767206,"{""target_quality"": 0.5415689648767206}"
wine_quality,3,random_forest,6497,4157,1040,1300,10,3,1,0.6543568555123813,0.4766435631956459,0.4444609054122571,"{""target_quality"": 0.6543568555123813}","{""target_quality"": 0.44446090541225713}",,ID_row,0,0,0,True,0.4281828943560515,"{""target_quality"": 0.4281828943560515}"
wine_quality,3,xgboost,6497,4157,1040,1300,10,3,1,0.7075236728681306,0.5482373763538938,0.3505177837660465,"{""target_quality"": 0.7075236728681306}","{""target_quality"": 0.3505177837660465}",,ID_row,0,0,0,True,0.5005897476688095,"{""target_quality"": 0.5005897476688095}"
wine_quality,3,lightgbm,6497,4157,1040,1300,10,3,1,0.6832659303253724,0.5212215606037723,0.3942898583983802,"{""target_quality"": 0.6832659303253724}","{""target_quality"": 0.39428985839838027}",,ID_row,0,0,0,True,0.46685233154339667,"{""target_quality"": 0.46685233154339667}"
wine_quality,3,cnn_mlp,6497,4157,1040,1300,10,3,1,0.7450176492021592,0.5717451024842893,0.2798575109012526,"{""target_quality"": 0.7450176492021592}","{""target_quality"": 0.27985751090125266}",,ID_row,0,0,0,True,0.5550512976227115,"{""target_quality"": 0.5550512976227115}"
wine_quality,3,ftt_mlp,6497,4157,1040,1300,10,3,1,0.7595799322876363,0.5755892980265915,0.2514302417218282,"{""target_quality"": 0.7595799322876363}","{""target_quality"": 0.25143024172182826}",,ID_row,0,0,0,True,0.5769616735340902,"{""target_quality"": 0.5769616735340902}"
wine_quality,3,two_stage_mlp,6497,4157,1040,1300,10,3,1,0.7310160398483276,0.5706827640533447,0.3066713213920593,"{""target_quality"": 0.7310160398483276}","{""target_quality"": 0.3066713213920593}",,ID_row,0,0,0,True,0.5343844505155317,"{""target_quality"": 0.5343844505155317}"
wine_quality,3,oracle_mlp,6497,4157,1040,1300,10,3,1,0.6890609860420227,0.5283664464950562,0.3839717507362366,"{""target_quality"": 0.6890609860420227}","{""target_quality"": 0.3839717507362366}",,ID_row,0,0,0,True,0.4748050424852046,"{""target_quality"": 0.4748050424852046}"
wine_quality,3,prism,6497,4157,1040,1300,10,3,1,0.7246046662330627,0.5595710873603821,0.318779706954956,"{""target_quality"": 0.7246046662330627}","{""target_quality"": 0.31877970695495605}",,ID_row,0,0,0,True,0.5250519223267283,"{""target_quality"": 0.5250519223267283}"
wine_quality,3,prism_z_acp_random_forest,6497,4157,1040,1300,10,3,1,0.6621170309532997,0.4848743321199588,0.4312062298498751,"{""target_quality"": 0.6621170309532997}","{""target_quality"": 0.4312062298498751}",,ID_row,0,0,0,True,0.4383989626784128,"{""target_quality"": 0.4383989626784128}"
wine_quality,3,prism_z_acp_xgboost,6497,4157,1040,1300,10,3,1,0.6884297875086107,0.5376019840903354,0.3850998201583361,"{""target_quality"": 0.6884297875086107}","{""target_quality"": 0.3850998201583361}",,ID_row,0,0,0,True,0.4739355723291509,"{""target_quality"": 0.4739355723291509}"
wine_quality,3,prism_z_acp_lightgbm,6497,4157,1040,1300,10,3,1,0.6779860795197942,0.5042437153937865,0.4036147866272644,"{""target_quality"": 0.6779860795197942}","{""target_quality"": 0.40361478662726447}",,ID_row,0,0,0,True,0.45966512402262066,"{""target_quality"": 0.45966512402262066}"
wine_quality,3,prism_z_random_forest,6497,4157,1040,1300,10,3,1,0.655778832670406,0.4835076691225883,0.4420438076832284,"{""target_quality"": 0.655778832670406}","{""target_quality"": 0.4420438076832284}",,ID_row,0,0,0,True,0.4300458773785604,"{""target_quality"": 0.4300458773785604}"
wine_quality,3,prism_z_xgboost,6497,4157,1040,1300,10,3,1,0.6915093398019218,0.5369038671279924,0.3795862510143548,"{""target_quality"": 0.6915093398019218}","{""target_quality"": 0.37958625101435484}",,ID_row,0,0,0,True,0.47818516703328967,"{""target_quality"": 0.47818516703328967}"
wine_quality,3,prism_z_lightgbm,6497,4157,1040,1300,10,3,1,0.6731460046996565,0.5031940289368196,0.4120994613092852,"{""target_quality"": 0.6731460046996565}","{""target_quality"": 0.4120994613092852}",,ID_row,0,0,0,True,0.4531255436431099,"{""target_quality"": 0.4531255436431099}"
wine_quality,4,simple_mlp,6497,4157,1040,1300,10,3,1,0.7284743189811707,0.5524694919586182,0.2774268984794616,"{""target_quality"": 0.7284743189811707}","{""target_quality"": 0.27742689847946167}",,ID_row,0,0,0,True,0.5306748334150804,"{""target_quality"": 0.5306748334150804}"
wine_quality,4,random_forest,6497,4157,1040,1300,10,3,1,0.6526662185524296,0.4694153812347834,0.4199898502453474,"{""target_quality"": 0.6526662185524296}","{""target_quality"": 0.4199898502453474}",,ID_row,0,0,0,True,0.4259731928395278,"{""target_quality"": 0.4259731928395278}"
wine_quality,4,xgboost,6497,4157,1040,1300,10,3,1,0.6951375925066192,0.5344212438491688,0.3420469942778429,"{""target_quality"": 0.6951375925066192}","{""target_quality"": 0.3420469942778429}",,ID_row,0,0,0,True,0.4832162725158986,"{""target_quality"": 0.4832162725158986}"
wine_quality,4,lightgbm,6497,4157,1040,1300,10,3,1,0.6852849261944073,0.5112253291152684,0.3605660626062289,"{""target_quality"": 0.6852849261944073}","{""target_quality"": 0.3605660626062289}",,ID_row,0,0,0,True,0.46961543006927425,"{""target_quality"": 0.46961543006927425}"
wine_quality,4,cnn_mlp,6497,4157,1040,1300,10,3,1,0.751489554511059,0.5714098130599643,0.2310480172080216,"{""target_quality"": 0.751489554511059}","{""target_quality"": 0.2310480172080216}",,ID_row,0,0,0,True,0.56473655053923,"{""target_quality"": 0.56473655053923}"
wine_quality,4,ftt_mlp,6497,4157,1040,1300,10,3,1,0.750267436136627,0.572743019375497,0.233547017232126,"{""target_quality"": 0.750267436136627}","{""target_quality"": 0.233547017232126}",,ID_row,0,0,0,True,0.5629012257270277,"{""target_quality"": 0.5629012257270277}"
wine_quality,4,two_stage_mlp,6497,4157,1040,1300,10,3,1,0.7171403169631958,0.5490472912788391,0.2997363209724426,"{""target_quality"": 0.7171403169631958}","{""target_quality"": 0.2997363209724426}",,ID_row,0,0,0,True,0.5142902342140729,"{""target_quality"": 0.5142902342140729}"
wine_quality,4,oracle_mlp,6497,4157,1040,1300,10,3,1,0.6763057112693787,0.518004834651947,0.377213180065155,"{""target_quality"": 0.6763057112693787}","{""target_quality"": 0.37721318006515503}",,ID_row,0,0,0,True,0.4573894150955802,"{""target_quality"": 0.4573894150955802}"
wine_quality,4,prism,6497,4157,1040,1300,10,3,1,0.7145975232124329,0.525749683380127,0.3046934604644775,"{""target_quality"": 0.7145975232124329}","{""target_quality"": 0.30469346046447754}",,ID_row,0,0,0,True,0.5106496201813435,"{""target_quality"": 0.5106496201813435}"
wine_quality,4,prism_z_acp_random_forest,6497,4157,1040,1300,10,3,1,0.6508771247774165,0.4660333298299988,0.423165348695929,"{""target_quality"": 0.6508771247774165}","{""target_quality"": 0.42316534869592903}",,ID_row,0,0,0,True,0.4236410315585167,"{""target_quality"": 0.4236410315585167}"
wine_quality,4,prism_z_acp_xgboost,6497,4157,1040,1300,10,3,1,0.6848209711517662,0.5199530505957406,0.3614315950652718,"{""target_quality"": 0.6848209711517662}","{""target_quality"": 0.3614315950652718}",,ID_row,0,0,0,True,0.4689797625292482,"{""target_quality"": 0.4689797625292482}"
wine_quality,4,prism_z_acp_lightgbm,6497,4157,1040,1300,10,3,1,0.6621697278411353,0.4774184769778073,0.4029757535513193,"{""target_quality"": 0.6621697278411353}","{""target_quality"": 0.4029757535513193}",,ID_row,0,0,0,True,0.43846874846920314,"{""target_quality"": 0.43846874846920314}"
wine_quality,4,prism_z_random_forest,6497,4157,1040,1300,10,3,1,0.646919193055156,0.4625282022259814,0.4301593894715524,"{""target_quality"": 0.646919193055156}","{""target_quality"": 0.4301593894715524}",,ID_row,0,0,0,True,0.41850444234313416,"{""target_quality"": 0.41850444234313416}"
wine_quality,4,prism_z_xgboost,6497,4157,1040,1300,10,3,1,0.6830461257363425,0.5183448779372323,0.3647372518515199,"{""target_quality"": 0.6830461257363425}","{""target_quality"": 0.36473725185151995}",,ID_row,0,0,0,True,0.4665520098834274,"{""target_quality"": 0.4665520098834274}"
wine_quality,4,prism_z_lightgbm,6497,4157,1040,1300,10,3,1,0.6599169584918847,0.4771614595488468,0.4070311188882893,"{""target_quality"": 0.6599169584918847}","{""target_quality"": 0.40703111888828936}",,ID_row,0,0,0,True,0.43549039210517987,"{""target_quality"": 0.43549039210517987}"
wine_quality,5,simple_mlp,6497,4157,1040,1300,10,3,1,0.7223055362701416,0.559138834476471,0.3279661536216736,"{""target_quality"": 0.7223055362701416}","{""target_quality"": 0.3279661536216736}",,ID_row,0,0,0,True,0.5217252877264968,"{""target_quality"": 0.5217252877264968}"
wine_quality,5,random_forest,6497,4157,1040,1300,10,3,1,0.6628468317006032,0.4806794876989931,0.434053194913517,"{""target_quality"": 0.6628468317006032}","{""target_quality"": 0.434053194913517}",,ID_row,0,0,0,True,0.4393659222955278,"{""target_quality"": 0.4393659222955278}"
wine_quality,5,xgboost,6497,4157,1040,1300,10,3,1,0.6912751661616159,0.5359883010218777,0.3844672660941519,"{""target_quality"": 0.6912751661616159}","{""target_quality"": 0.38446726609415194}",,ID_row,0,0,0,True,0.47786135535176966,"{""target_quality"": 0.47786135535176966}"
wine_quality,5,lightgbm,6497,4157,1040,1300,10,3,1,0.672947279203301,0.5118484811176501,0.4166740108359621,"{""target_quality"": 0.672947279203301}","{""target_quality"": 0.4166740108359621}",,ID_row,0,0,0,True,0.45285804058712553,"{""target_quality"": 0.45285804058712553}"
wine_quality,5,cnn_mlp,6497,4157,1040,1300,10,3,1,0.7232292293738872,0.5568271030455584,0.326246269607594,"{""target_quality"": 0.7232292293738872}","{""target_quality"": 0.32624626960759406}",,ID_row,0,0,0,True,0.5230605182207468,"{""target_quality"": 0.5230605182207468}"
wine_quality,5,ftt_mlp,6497,4157,1040,1300,10,3,1,0.7650756470837947,0.5916578509306462,0.2460231708016279,"{""target_quality"": 0.7650756470837947}","{""target_quality"": 0.24602317080162794}",,ID_row,0,0,0,True,0.5853407457606872,"{""target_quality"": 0.5853407457606872}"
wine_quality,5,two_stage_mlp,6497,4157,1040,1300,10,3,1,0.7400422096252441,0.5807716846466064,0.2945565581321716,"{""target_quality"": 0.7400422096252441}","{""target_quality"": 0.29455655813217163}",,ID_row,0,0,0,True,0.5476624720270138,"{""target_quality"": 0.5476624720270138}"
wine_quality,5,oracle_mlp,6497,4157,1040,1300,10,3,1,0.6861956119537354,0.5290737152099609,0.3934800624847412,"{""target_quality"": 0.6861956119537354}","{""target_quality"": 0.3934800624847412}",,ID_row,0,0,0,True,0.47086441786456135,"{""target_quality"": 0.47086441786456135}"
wine_quality,5,prism,6497,4157,1040,1300,10,3,1,0.7342427372932434,0.5683522820472717,0.3055698275566101,"{""target_quality"": 0.7342427372932434}","{""target_quality"": 0.3055698275566101}",,ID_row,0,0,0,True,0.5391123972678749,"{""target_quality"": 0.5391123972678749}"
wine_quality,5,prism_z_acp_random_forest,6497,4157,1040,1300,10,3,1,0.6465978746307949,0.4673102567018335,0.4614602200789385,"{""target_quality"": 0.6465978746307949}","{""target_quality"": 0.4614602200789385}",,ID_row,0,0,0,True,0.4180888114770611,"{""target_quality"": 0.4180888114770611}"
wine_quality,5,prism_z_acp_xgboost,6497,4157,1040,1300,10,3,1,0.6836683665686221,0.5214880721451403,0.3979393903637269,"{""target_quality"": 0.6836683665686221}","{""target_quality"": 0.39793939036372694}",,ID_row,0,0,0,True,0.4674024354466078,"{""target_quality"": 0.4674024354466078}"
wine_quality,5,prism_z_acp_lightgbm,6497,4157,1040,1300,10,3,1,0.6531980018156671,0.47501417962908,0.4504098530656414,"{""target_quality"": 0.6531980018156671}","{""target_quality"": 0.4504098530656414}",,ID_row,0,0,0,True,0.42666762957598026,"{""target_quality"": 0.42666762957598026}"
wine_quality,5,prism_z_random_forest,6497,4157,1040,1300,10,3,1,0.6591550791046783,0.4729128210420127,0.440339767216795,"{""target_quality"": 0.6591550791046783}","{""target_quality"": 0.440339767216795}",,ID_row,0,0,0,True,0.4344854183094947,"{""target_quality"": 0.4344854183094947}"
wine_quality,5,prism_z_xgboost,6497,4157,1040,1300,10,3,1,0.6839147273786792,0.5182627307382387,0.3975054054928484,"{""target_quality"": 0.6839147273786792}","{""target_quality"": 0.3975054054928484}",,ID_row,0,0,0,True,0.4677393543254531,"{""target_quality"": 0.4677393543254531}"
wine_quality,5,prism_z_lightgbm,6497,4157,1040,1300,10,3,1,0.658987433963975,0.4808822946557175,0.4406244115747516,"{""target_quality"": 0.658987433963975}","{""target_quality"": 0.44062441157475163}",,ID_row,0,0,0,True,0.43426443812242427,"{""target_quality"": 0.43426443812242427}"
superconductivity,1,simple_mlp,21263,13608,3402,4253,77,81,1,10.21498680114746,5.70789909362793,0.9102005958557128,"{""target_critical_temperature"": 10.214986801147461}","{""target_critical_temperature"": 0.9102005958557129}","feature_element_Ar,feature_element_At,feature_element_He,feature_element_Kr,feature_element_Ne,feature_element_Pm,feature_element_Po,feature_element_Rn,feature_element_Xe",,0,0,0,False,104.34595534761684,"{""target_critical_temperature"": 104.34595534761684}"
superconductivity,1,random_forest,21263,13608,3402,4253,77,81,1,9.80840438506402,5.293691882949912,0.9172067970765828,"{""target_critical_temperature"": 9.80840438506402}","{""target_critical_temperature"": 0.9172067970765828}","feature_element_Ar,feature_element_At,feature_element_He,feature_element_Kr,feature_element_Ne,feature_element_Pm,feature_element_Po,feature_element_Rn,feature_element_Xe",,0,0,0,False,96.20479658094308,"{""target_critical_temperature"": 96.20479658094308}"
superconductivity,1,xgboost,21263,13608,3402,4253,77,81,1,11.870384147521818,7.8929671001651425,0.8787372240694543,"{""target_critical_temperature"": 11.870384147521818}","{""target_critical_temperature"": 0.8787372240694543}","feature_element_Ar,feature_element_At,feature_element_He,feature_element_Kr,feature_element_Ne,feature_element_Pm,feature_element_Po,feature_element_Rn,feature_element_Xe",,0,0,0,False,140.90601980973727,"{""target_critical_temperature"": 140.90601980973727}"
superconductivity,1,lightgbm,21263,13608,3402,4253,77,81,1,10.587876712570148,6.622500981152774,0.9035247951047704,"{""target_critical_temperature"": 10.587876712570147}","{""target_critical_temperature"": 0.9035247951047704}","feature_element_Ar,feature_element_At,feature_element_He,feature_element_Kr,feature_element_Ne,feature_element_Pm,feature_element_Po,feature_element_Rn,feature_element_Xe",,0,0,0,False,112.10313328058521,"{""target_critical_temperature"": 112.10313328058521}"
superconductivity,1,cnn_mlp,21263,13608,3402,4253,77,81,1,11.784262637574225,7.356101183058339,0.8804904022680008,"{""target_critical_temperature"": 11.784262637574223}","{""target_critical_temperature"": 0.8804904022680008}","feature_element_Ar,feature_element_At,feature_element_He,feature_element_Kr,feature_element_Ne,feature_element_Pm,feature_element_Po,feature_element_Rn,feature_element_Xe",,0,0,0,False,138.86884591132778,"{""target_critical_temperature"": 138.86884591132778}"
superconductivity,1,ftt_mlp,21263,13608,3402,4253,77,81,1,11.088618707489657,6.258178742004069,0.8941836301385517,"{""target_critical_temperature"": 11.088618707489655}","{""target_critical_temperature"": 0.8941836301385517}","feature_element_Ar,feature_element_At,feature_element_He,feature_element_Kr,feature_element_Ne,feature_element_Pm,feature_element_Po,feature_element_Rn,feature_element_Xe",,0,0,0,False,122.95746484008954,"{""target_critical_temperature"": 122.95746484008954}"
superconductivity,1,two_stage_mlp,21263,13608,3402,4253,77,81,1,10.480910301208496,5.780023097991943,0.9054642915725708,"{""target_critical_temperature"": 10.480910301208496}","{""target_critical_temperature"": 0.9054642915725708}","feature_element_Ar,feature_element_At,feature_element_He,feature_element_Kr,feature_element_Ne,feature_element_Pm,feature_element_Po,feature_element_Rn,feature_element_Xe",,0,0,0,False,109.84948074197837,"{""target_critical_temperature"": 109.84948074197837}"
superconductivity,1,oracle_mlp,21263,13608,3402,4253,77,81,1,10.36203956604004,5.572507858276367,0.907596468925476,"{""target_critical_temperature"": 10.362039566040039}","{""target_critical_temperature"": 0.9075964689254761}","feature_element_Ar,feature_element_At,feature_element_He,feature_element_Kr,feature_element_Ne,feature_element_Pm,feature_element_Po,feature_element_Rn,feature_element_Xe",,0,0,0,False,107.37186396817924,"{""target_critical_temperature"": 107.37186396817924}"
superconductivity,1,prism,21263,13608,3402,4253,77,81,1,10.152100563049316,5.391280174255371,0.9113028049468994,"{""target_critical_temperature"": 10.152100563049316}","{""target_critical_temperature"": 0.9113028049468994}","feature_element_Ar,feature_element_At,feature_element_He,feature_element_Kr,feature_element_Ne,feature_element_Pm,feature_element_Po,feature_element_Rn,feature_element_Xe",,0,0,0,False,103.06514584226625,"{""target_critical_temperature"": 103.06514584226625}"
superconductivity,1,prism_z_acp_random_forest,21263,13608,3402,4253,77,81,1,9.746752277273508,5.355172028616217,0.918244342662098,"{""target_critical_temperature"": 9.746752277273508}","{""target_critical_temperature"": 0.918244342662098}","feature_element_Ar,feature_element_At,feature_element_He,feature_element_Kr,feature_element_Ne,feature_element_Pm,feature_element_Po,feature_element_Rn,feature_element_Xe",,0,0,0,False,94.99917995453632,"{""target_critical_temperature"": 94.99917995453632}"
superconductivity,1,prism_z_acp_xgboost,21263,13608,3402,4253,77,81,1,10.100627986989524,5.964371895101778,0.9121999606801524,"{""target_critical_temperature"": 10.100627986989524}","{""target_critical_temperature"": 0.9121999606801524}","feature_element_Ar,feature_element_At,feature_element_He,feature_element_Kr,feature_element_Ne,feature_element_Pm,feature_element_Po,feature_element_Rn,feature_element_Xe",,0,0,0,False,102.02268573155605,"{""target_critical_temperature"": 102.02268573155605}"
superconductivity,1,prism_z_acp_lightgbm,21263,13608,3402,4253,77,81,1,9.815885375696608,5.519453147547044,0.9170804541254324,"{""target_critical_temperature"": 9.815885375696608}","{""target_critical_temperature"": 0.9170804541254323}","feature_element_Ar,feature_element_At,feature_element_He,feature_element_Kr,feature_element_Ne,feature_element_Pm,feature_element_Po,feature_element_Rn,feature_element_Xe",,0,0,0,False,96.35160570881453,"{""target_critical_temperature"": 96.35160570881453}"
superconductivity,1,prism_z_random_forest,21263,13608,3402,4253,77,81,1,9.77159887184124,5.363932012962096,0.91782698541529,"{""target_critical_temperature"": 9.77159887184124}","{""target_critical_temperature"": 0.91782698541529}","feature_element_Ar,feature_element_At,feature_element_He,feature_element_Kr,feature_element_Ne,feature_element_Pm,feature_element_Po,feature_element_Rn,feature_element_Xe",,0,0,0,False,95.484144512169,"{""target_critical_temperature"": 95.484144512169}"
superconductivity,1,prism_z_xgboost,21263,13608,3402,4253,77,81,1,10.11085884198832,5.957706070095632,0.9120220065177498,"{""target_critical_temperature"": 10.11085884198832}","{""target_critical_temperature"": 0.9120220065177498}","feature_element_Ar,feature_element_At,feature_element_He,feature_element_Kr,feature_element_Ne,feature_element_Pm,feature_element_Po,feature_element_Rn,feature_element_Xe",,0,0,0,False,102.22946652261338,"{""target_critical_temperature"": 102.22946652261338}"
superconductivity,1,prism_z_lightgbm,21263,13608,3402,4253,77,81,1,9.842066316332886,5.5558694837227165,0.916637538024843,"{""target_critical_temperature"": 9.842066316332886}","{""target_critical_temperature"": 0.916637538024843}","feature_element_Ar,feature_element_At,feature_element_He,feature_element_Kr,feature_element_Ne,feature_element_Pm,feature_element_Po,feature_element_Rn,feature_element_Xe",,0,0,0,False,96.86626937509439,"{""target_critical_temperature"": 96.86626937509439}"
superconductivity,2,simple_mlp,21263,13608,3402,4253,77,81,1,9.887704849243164,5.516471862792969,0.9163009524345398,"{""target_critical_temperature"": 9.887704849243164}","{""target_critical_temperature"": 0.9163009524345398}","feature_element_Ar,feature_element_At,feature_element_He,feature_element_Kr,feature_element_Ne,feature_element_Pm,feature_element_Po,feature_element_Rn,feature_element_Xe",,0,0,0,False,97.76670718574678,"{""target_critical_temperature"": 97.76670718574678}"
superconductivity,2,random_forest,21263,13608,3402,4253,77,81,1,9.420884438972625,5.098455952717956,0.924017644445586,"{""target_critical_temperature"": 9.420884438972625}","{""target_critical_temperature"": 0.9240176444455859}","feature_element_Ar,feature_element_At,feature_element_He,feature_element_Kr,feature_element_Ne,feature_element_Pm,feature_element_Po,feature_element_Rn,feature_element_Xe",,0,0,0,False,88.75306361247654,"{""target_critical_temperature"": 88.75306361247654}"
superconductivity,2,xgboost,21263,13608,3402,4253,77,81,1,11.383152542340596,7.649756392986673,0.8890685955313137,"{""target_critical_temperature"": 11.383152542340596}","{""target_critical_temperature"": 0.8890685955313137}","feature_element_Ar,feature_element_At,feature_element_He,feature_element_Kr,feature_element_Ne,feature_element_Pm,feature_element_Po,feature_element_Rn,feature_element_Xe",,0,0,0,False,129.57616180219517,"{""target_critical_temperature"": 129.57616180219517}"
superconductivity,2,lightgbm,21263,13608,3402,4253,77,81,1,10.240674745871171,6.483760042899875,0.9102185644002452,"{""target_critical_temperature"": 10.240674745871171}","{""target_critical_temperature"": 0.9102185644002452}","feature_element_Ar,feature_element_At,feature_element_He,feature_element_Kr,feature_element_Ne,feature_element_Pm,feature_element_Po,feature_element_Rn,feature_element_Xe",,0,0,0,False,104.87141925072358,"{""target_critical_temperature"": 104.87141925072358}"
superconductivity,2,cnn_mlp,21263,13608,3402,4253,77,81,1,10.77053050216909,6.829765978017753,0.9006875742216076,"{""target_critical_temperature"": 10.77053050216909}","{""target_critical_temperature"": 0.9006875742216076}","feature_element_Ar,feature_element_At,feature_element_He,feature_element_Kr,feature_element_Ne,feature_element_Pm,feature_element_Po,feature_element_Rn,feature_element_Xe",,0,0,0,False,116.00432729815473,"{""target_critical_temperature"": 116.00432729815473}"
superconductivity,2,ftt_mlp,21263,13608,3402,4253,77,81,1,9.891077838520006,5.814809087308907,0.9162438628894004,"{""target_critical_temperature"": 9.891077838520006}","{""target_critical_temperature"": 0.9162438628894003}","feature_element_Ar,feature_element_At,feature_element_He,feature_element_Kr,feature_element_Ne,feature_element_Pm,feature_element_Po,feature_element_Rn,feature_element_Xe",,0,0,0,False,97.8334208076616,"{""target_critical_temperature"": 97.8334208076616}"
superconductivity,2,two_stage_mlp,21263,13608,3402,4253,77,81,1,9.611255645751951,5.4765625,0.9209158420562744,"{""target_critical_temperature"": 9.611255645751953}","{""target_critical_temperature"": 0.9209158420562744}","feature_element_Ar,feature_element_At,feature_element_He,feature_element_Kr,feature_element_Ne,feature_element_Pm,feature_element_Po,feature_element_Rn,feature_element_Xe",,0,0,0,False,92.3762350879988,"{""target_critical_temperature"": 92.3762350879988}"
superconductivity,2,oracle_mlp,21263,13608,3402,4253,77,81,1,9.154122352600098,5.162213802337647,0.9282597303390504,"{""target_critical_temperature"": 9.154122352600098}","{""target_critical_temperature"": 0.9282597303390503}","feature_element_Ar,feature_element_At,feature_element_He,feature_element_Kr,feature_element_Ne,feature_element_Pm,feature_element_Po,feature_element_Rn,feature_element_Xe",,0,0,0,False,83.79795604637275,"{""target_critical_temperature"": 83.79795604637275}"
superconductivity,2,prism,21263,13608,3402,4253,77,81,1,12.438676834106444,5.412301540374756,0.8675421476364136,"{""target_critical_temperature"": 12.438676834106445}","{""target_critical_temperature"": 0.8675421476364136}","feature_element_Ar,feature_element_At,feature_element_He,feature_element_Kr,feature_element_Ne,feature_element_Pm,feature_element_Po,feature_element_Rn,feature_element_Xe",,0,0,0,False,154.72068138333634,"{""target_critical_temperature"": 154.72068138333634}"
superconductivity,2,prism_z_acp_random_forest,21263,13608,3402,4253,77,81,1,9.6374571062418,5.297387073578775,0.9204840382236582,"{""target_critical_temperature"": 9.6374571062418}","{""target_critical_temperature"": 0.9204840382236582}","feature_element_Ar,feature_element_At,feature_element_He,feature_element_Kr,feature_element_Ne,feature_element_Pm,feature_element_Po,feature_element_Rn,feature_element_Xe",,0,0,0,False,92.88057947465059,"{""target_critical_temperature"": 92.88057947465059}"
superconductivity,2,prism_z_acp_xgboost,21263,13608,3402,4253,77,81,1,9.848254564209416,5.919878619572277,0.916967534825851,"{""target_critical_temperature"": 9.848254564209416}","{""target_critical_temperature"": 0.916967534825851}","feature_element_Ar,feature_element_At,feature_element_He,feature_element_Kr,feature_element_Ne,feature_element_Pm,feature_element_Po,feature_element_Rn,feature_element_Xe",,0,0,0,False,96.98811796147159,"{""target_critical_temperature"": 96.98811796147159}"
superconductivity,2,prism_z_acp_lightgbm,21263,13608,3402,4253,77,81,1,9.474535413334214,5.469718405098824,0.923149756692622,"{""target_critical_temperature"": 9.474535413334214}","{""target_critical_temperature"": 0.9231497566926221}","feature_element_Ar,feature_element_At,feature_element_He,feature_element_Kr,feature_element_Ne,feature_element_Pm,feature_element_Po,feature_element_Rn,feature_element_Xe",,0,0,0,False,89.76682129852414,"{""target_critical_temperature"": 89.76682129852414}"
superconductivity,2,prism_z_random_forest,21263,13608,3402,4253,77,81,1,9.650362367762106,5.292429028506279,0.9202709402390478,"{""target_critical_temperature"": 9.650362367762106}","{""target_critical_temperature"": 0.9202709402390478}","feature_element_Ar,feature_element_At,feature_element_He,feature_element_Kr,feature_element_Ne,feature_element_Pm,feature_element_Po,feature_element_Rn,feature_element_Xe",,0,0,0,False,93.12949382911906,"{""target_critical_temperature"": 93.12949382911906}"
superconductivity,2,prism_z_xgboost,21263,13608,3402,4253,77,81,1,9.83103465038644,5.938198850759683,0.917257649557344,"{""target_critical_temperature"": 9.831034650386439}","{""target_critical_temperature"": 0.9172576495573439}","feature_element_Ar,feature_element_At,feature_element_He,feature_element_Kr,feature_element_Ne,feature_element_Pm,feature_element_Po,feature_element_Rn,feature_element_Xe",,0,0,0,False,96.64924229709881,"{""target_critical_temperature"": 96.64924229709881}"
superconductivity,2,prism_z_lightgbm,21263,13608,3402,4253,77,81,1,9.48028436371319,5.474032528597798,0.9230564661498956,"{""target_critical_temperature"": 9.48028436371319}","{""target_critical_temperature"": 0.9230564661498957}","feature_element_Ar,feature_element_At,feature_element_He,feature_element_Kr,feature_element_Ne,feature_element_Pm,feature_element_Po,feature_element_Rn,feature_element_Xe",,0,0,0,False,89.87579161686482,"{""target_critical_temperature"": 89.87579161686482}"
superconductivity,3,simple_mlp,21263,13608,3402,4253,77,81,1,10.077374458312988,5.790836811065674,0.914699912071228,"{""target_critical_temperature"": 10.077374458312988}","{""target_critical_temperature"": 0.914699912071228}","feature_element_Ar,feature_element_At,feature_element_He,feature_element_Kr,feature_element_Ne,feature_element_Pm,feature_element_Po,feature_element_Rn,feature_element_Xe",,0,0,0,False,101.553475973059,"{""target_critical_temperature"": 101.553475973059}"
superconductivity,3,random_forest,21263,13608,3402,4253,77,81,1,9.258671840298229,5.060379680523284,0.92799678296972,"{""target_critical_temperature"": 9.258671840298229}","{""target_critical_temperature"": 0.92799678296972}","feature_element_Ar,feature_element_At,feature_element_He,feature_element_Kr,feature_element_Ne,feature_element_Pm,feature_element_Po,feature_element_Rn,feature_element_Xe",,0,0,0,False,85.72300424633139,"{""target_critical_temperature"": 85.72300424633139}"
superconductivity,3,xgboost,21263,13608,3402,4253,77,81,1,11.753665430864478,7.805306035392625,0.8839617510816578,"{""target_critical_temperature"": 11.753665430864478}","{""target_critical_temperature"": 0.8839617510816578}","feature_element_Ar,feature_element_At,feature_element_He,feature_element_Kr,feature_element_Ne,feature_element_Pm,feature_element_Po,feature_element_Rn,feature_element_Xe",,0,0,0,False,138.14865106069865,"{""target_critical_temperature"": 138.14865106069865}"
superconductivity,3,lightgbm,21263,13608,3402,4253,77,81,1,10.408207457497111,6.536157376072431,0.9090073322741858,"{""target_critical_temperature"": 10.408207457497113}","{""target_critical_temperature"": 0.9090073322741858}","feature_element_Ar,feature_element_At,feature_element_He,feature_element_Kr,feature_element_Ne,feature_element_Pm,feature_element_Po,feature_element_Rn,feature_element_Xe",,0,0,0,False,108.33078247829852,"{""target_critical_temperature"": 108.33078247829852}"
superconductivity,3,cnn_mlp,21263,13608,3402,4253,77,81,1,11.680858697730928,7.623999139724889,0.8853948699082939,"{""target_critical_temperature"": 11.680858697730928}","{""target_critical_temperature"": 0.8853948699082939}","feature_element_Ar,feature_element_At,feature_element_He,feature_element_Kr,feature_element_Ne,feature_element_Pm,feature_element_Po,feature_element_Rn,feature_element_Xe",,0,0,0,False,136.44245991635626,"{""target_critical_temperature"": 136.44245991635626}"
superconductivity,3,ftt_mlp,21263,13608,3402,4253,77,81,1,10.695693690877055,6.062270204106009,0.9039112748333678,"{""target_critical_temperature"": 10.695693690877055}","{""target_critical_temperature"": 0.9039112748333678}","feature_element_Ar,feature_element_At,feature_element_He,feature_element_Kr,feature_element_Ne,feature_element_Pm,feature_element_Po,feature_element_Rn,feature_element_Xe",,0,0,0,False,114.39786352906725,"{""target_critical_temperature"": 114.39786352906725}"
superconductivity,3,two_stage_mlp,21263,13608,3402,4253,77,81,1,10.167930603027344,5.905368804931641,0.9131600260734558,"{""target_critical_temperature"": 10.167930603027344}","{""target_critical_temperature"": 0.9131600260734558}","feature_element_Ar,feature_element_At,feature_element_He,feature_element_Kr,feature_element_Ne,feature_element_Pm,feature_element_Po,feature_element_Rn,feature_element_Xe",,0,0,0,False,103.38681274798,"{""target_critical_temperature"": 103.38681274798}"
superconductivity,3,oracle_mlp,21263,13608,3402,4253,77,81,1,10.079269409179688,5.782779693603516,0.9146678447723388,"{""target_critical_temperature"": 10.079269409179688}","{""target_critical_temperature"": 0.9146678447723389}","feature_element_Ar,feature_element_At,feature_element_He,feature_element_Kr,feature_element_Ne,feature_element_Pm,feature_element_Po,feature_element_Rn,feature_element_Xe",,0,0,0,False,101.59167182282545,"{""target_critical_temperature"": 101.59167182282545}"
superconductivity,3,prism,21263,13608,3402,4253,77,81,1,9.541284561157228,5.343591213226318,0.9235340356826782,"{""target_critical_temperature"": 9.541284561157227}","{""target_critical_temperature"": 0.9235340356826782}","feature_element_Ar,feature_element_At,feature_element_He,feature_element_Kr,feature_element_Ne,feature_element_Pm,feature_element_Po,feature_element_Rn,feature_element_Xe",,0,0,0,False,91.03611107697725,"{""target_critical_temperature"": 91.03611107697725}"
superconductivity,3,prism_z_acp_random_forest,21263,13608,3402,4253,77,81,1,9.39414672566976,5.18638042727886,0.9258742337204504,"{""target_critical_temperature"": 9.39414672566976}","{""target_critical_temperature"": 0.9258742337204504}","feature_element_Ar,feature_element_At,feature_element_He,feature_element_Kr,feature_element_Ne,feature_element_Pm,feature_element_Po,feature_element_Rn,feature_element_Xe",,0,0,0,False,88.24999270341188,"{""target_critical_temperature"": 88.24999270341188}"
superconductivity,3,prism_z_acp_xgboost,21263,13608,3402,4253,77,81,1,9.651162695298687,5.9150184733831095,0.9217627113307236,"{""target_critical_temperature"": 9.651162695298689}","{""target_critical_temperature"": 0.9217627113307237}","feature_element_Ar,feature_element_At,feature_element_He,feature_element_Kr,feature_element_Ne,feature_element_Pm,feature_element_Po,feature_element_Rn,feature_element_Xe",,0,0,0,False,93.14494137112506,"{""target_critical_temperature"": 93.14494137112506}"
superconductivity,3,prism_z_acp_lightgbm,21263,13608,3402,4253,77,81,1,9.494414047080143,5.459223290956057,0.9242834439165168,"{""target_critical_temperature"": 9.494414047080143}","{""target_critical_temperature"": 0.9242834439165168}","feature_element_Ar,feature_element_At,feature_element_He,feature_element_Kr,feature_element_Ne,feature_element_Pm,feature_element_Po,feature_element_Rn,feature_element_Xe",,0,0,0,False,90.14389809739275,"{""target_critical_temperature"": 90.14389809739275}"
superconductivity,3,prism_z_random_forest,21263,13608,3402,4253,77,81,1,9.409428490216357,5.187690537025103,0.9256328719663288,"{""target_critical_temperature"": 9.409428490216357}","{""target_critical_temperature"": 0.9256328719663288}","feature_element_Ar,feature_element_At,feature_element_He,feature_element_Kr,feature_element_Ne,feature_element_Pm,feature_element_Po,feature_element_Rn,feature_element_Xe",,0,0,0,False,88.53734451249527,"{""target_critical_temperature"": 88.53734451249527}"
superconductivity,3,prism_z_xgboost,21263,13608,3402,4253,77,81,1,9.654979103747364,5.926787845301517,0.921700823557304,"{""target_critical_temperature"": 9.654979103747365}","{""target_critical_temperature"": 0.921700823557304}","feature_element_Ar,feature_element_At,feature_element_He,feature_element_Kr,feature_element_Ne,feature_element_Pm,feature_element_Po,feature_element_Rn,feature_element_Xe",,0,0,0,False,93.21862149379828,"{""target_critical_temperature"": 93.21862149379828}"
superconductivity,3,prism_z_lightgbm,21263,13608,3402,4253,77,81,1,9.44197999965025,5.472463887627023,0.9251174422495764,"{""target_critical_temperature"": 9.44197999965025}","{""target_critical_temperature"": 0.9251174422495763}","feature_element_Ar,feature_element_At,feature_element_He,feature_element_Kr,feature_element_Ne,feature_element_Pm,feature_element_Po,feature_element_Rn,feature_element_Xe",,0,0,0,False,89.15098631379534,"{""target_critical_temperature"": 89.15098631379534}"
superconductivity,4,simple_mlp,21263,13608,3402,4253,77,81,1,10.723528861999512,6.316936016082764,0.90213543176651,"{""target_critical_temperature"": 10.723528861999512}","{""target_critical_temperature"": 0.90213543176651}","feature_element_Ar,feature_element_At,feature_element_He,feature_element_Kr,feature_element_Ne,feature_element_Pm,feature_element_Po,feature_element_Rn,feature_element_Xe",,0,0,0,False,114.99407125413654,"{""target_critical_temperature"": 114.99407125413654}"
superconductivity,4,random_forest,21263,13608,3402,4253,77,81,1,10.46202607937576,5.6290269362868655,0.9068502406880128,"{""target_critical_temperature"": 10.46202607937576}","{""target_critical_temperature"": 0.9068502406880129}","feature_element_Ar,feature_element_At,feature_element_He,feature_element_Kr,feature_element_Ne,feature_element_Pm,feature_element_Po,feature_element_Rn,feature_element_Xe",,0,0,0,False,109.45398968553852,"{""target_critical_temperature"": 109.45398968553852}"
superconductivity,4,xgboost,21263,13608,3402,4253,77,81,1,12.08532023113507,8.042672264682006,0.8757013345657306,"{""target_critical_temperature"": 12.08532023113507}","{""target_critical_temperature"": 0.8757013345657306}","feature_element_Ar,feature_element_At,feature_element_He,feature_element_Kr,feature_element_Ne,feature_element_Pm,feature_element_Po,feature_element_Rn,feature_element_Xe",,0,0,0,False,146.0549650890826,"{""target_critical_temperature"": 146.0549650890826}"
superconductivity,4,lightgbm,21263,13608,3402,4253,77,81,1,11.0147048557761,6.900910147769866,0.8967486189007043,"{""target_critical_temperature"": 11.0147048557761}","{""target_critical_temperature"": 0.8967486189007043}","feature_element_Ar,feature_element_At,feature_element_He,feature_element_Kr,feature_element_Ne,feature_element_Pm,feature_element_Po,feature_element_Rn,feature_element_Xe",,0,0,0,False,121.32372305985761,"{""target_critical_temperature"": 121.32372305985761}"
superconductivity,4,cnn_mlp,21263,13608,3402,4253,77,81,1,11.814945880525388,7.463273346251022,0.8812007732766152,"{""target_critical_temperature"": 11.814945880525388}","{""target_critical_temperature"": 0.8812007732766152}","feature_element_Ar,feature_element_At,feature_element_He,feature_element_Kr,feature_element_Ne,feature_element_Pm,feature_element_Po,feature_element_Rn,feature_element_Xe",,0,0,0,False,139.59294615974383,"{""target_critical_temperature"": 139.59294615974383}"
superconductivity,4,ftt_mlp,21263,13608,3402,4253,77,81,1,11.470552505178391,6.499730494078381,0.8880255817331781,"{""target_critical_temperature"": 11.470552505178391}","{""target_critical_temperature"": 0.8880255817331781}","feature_element_Ar,feature_element_At,feature_element_He,feature_element_Kr,feature_element_Ne,feature_element_Pm,feature_element_Po,feature_element_Rn,feature_element_Xe",,0,0,0,False,131.57357477405426,"{""target_critical_temperature"": 131.57357477405426}"
superconductivity,4,two_stage_mlp,21263,13608,3402,4253,77,81,1,10.888534545898438,6.318688869476318,0.8991004824638367,"{""target_critical_temperature"": 10.888534545898438}","{""target_critical_temperature"": 0.8991004824638367}","feature_element_Ar,feature_element_At,feature_element_He,feature_element_Kr,feature_element_Ne,feature_element_Pm,feature_element_Po,feature_element_Rn,feature_element_Xe",,0,0,0,False,118.56018455722369,"{""target_critical_temperature"": 118.56018455722369}"
superconductivity,4,oracle_mlp,21263,13608,3402,4253,77,81,1,10.51654052734375,5.927116870880127,0.9058769345283508,"{""target_critical_temperature"": 10.51654052734375}","{""target_critical_temperature"": 0.9058769345283508}","feature_element_Ar,feature_element_At,feature_element_He,feature_element_Kr,feature_element_Ne,feature_element_Pm,feature_element_Po,feature_element_Rn,feature_element_Xe",,0,0,0,False,110.59762466326356,"{""target_critical_temperature"": 110.59762466326356}"
superconductivity,4,prism,21263,13608,3402,4253,77,81,1,10.473749160766602,5.761187553405762,0.9066413640975952,"{""target_critical_temperature"": 10.473749160766602}","{""target_critical_temperature"": 0.9066413640975952}","feature_element_Ar,feature_element_At,feature_element_He,feature_element_Kr,feature_element_Ne,feature_element_Pm,feature_element_Po,feature_element_Rn,feature_element_Xe",,0,0,0,False,109.69942148265909,"{""target_critical_temperature"": 109.69942148265909}"
superconductivity,4,prism_z_acp_random_forest,21263,13608,3402,4253,77,81,1,10.388489620672132,5.691453166610427,0.9081551179190612,"{""target_critical_temperature"": 10.388489620672132}","{""target_critical_temperature"": 0.9081551179190613}","feature_element_Ar,feature_element_At,feature_element_He,feature_element_Kr,feature_element_Ne,feature_element_Pm,feature_element_Po,feature_element_Rn,feature_element_Xe",,0,0,0,False,107.92071659881262,"{""target_critical_temperature"": 107.92071659881262}"
superconductivity,4,prism_z_acp_xgboost,21263,13608,3402,4253,77,81,1,10.594026996543583,6.326121626940488,0.9044848436103118,"{""target_critical_temperature"": 10.594026996543585}","{""target_critical_temperature"": 0.9044848436103118}","feature_element_Ar,feature_element_At,feature_element_He,feature_element_Kr,feature_element_Ne,feature_element_Pm,feature_element_Po,feature_element_Rn,feature_element_Xe",,0,0,0,False,112.23340800349429,"{""target_critical_temperature"": 112.23340800349429}"
superconductivity,4,prism_z_acp_lightgbm,21263,13608,3402,4253,77,81,1,10.266660606300938,5.874110215421878,0.9102966729023309,"{""target_critical_temperature"": 10.266660606300938}","{""target_critical_temperature"": 0.9102966729023309}","feature_element_Ar,feature_element_At,feature_element_He,feature_element_Kr,feature_element_Ne,feature_element_Pm,feature_element_Po,feature_element_Rn,feature_element_Xe",,0,0,0,False,105.40432000497155,"{""target_critical_temperature"": 105.40432000497155}"
superconductivity,4,prism_z_random_forest,21263,13608,3402,4253,77,81,1,10.382494658074672,5.7004980651511845,0.9082610905448462,"{""target_critical_temperature"": 10.382494658074673}","{""target_critical_temperature"": 0.9082610905448462}","feature_element_Ar,feature_element_At,feature_element_He,feature_element_Kr,feature_element_Ne,feature_element_Pm,feature_element_Po,feature_element_Rn,feature_element_Xe",,0,0,0,False,107.79619532494912,"{""target_critical_temperature"": 107.79619532494912}"
superconductivity,4,prism_z_xgboost,21263,13608,3402,4253,77,81,1,10.609931539819268,6.307202657171855,0.9041978393860266,"{""target_critical_temperature"": 10.609931539819268}","{""target_critical_temperature"": 0.9041978393860266}","feature_element_Ar,feature_element_At,feature_element_He,feature_element_Kr,feature_element_Ne,feature_element_Pm,feature_element_Po,feature_element_Rn,feature_element_Xe",,0,0,0,False,112.57064727965167,"{""target_critical_temperature"": 112.57064727965167}"
superconductivity,4,prism_z_lightgbm,21263,13608,3402,4253,77,81,1,10.267535438271771,5.86303826242625,0.910281384838388,"{""target_critical_temperature"": 10.267535438271773}","{""target_critical_temperature"": 0.9102813848383879}","feature_element_Ar,feature_element_At,feature_element_He,feature_element_Kr,feature_element_Ne,feature_element_Pm,feature_element_Po,feature_element_Rn,feature_element_Xe",,0,0,0,False,105.42228397616674,"{""target_critical_temperature"": 105.42228397616674}"
superconductivity,5,simple_mlp,21263,13608,3402,4253,77,81,1,10.20291233062744,6.125820159912109,0.9112660884857178,"{""target_critical_temperature"": 10.202912330627441}","{""target_critical_temperature"": 0.9112660884857178}","feature_element_Ar,feature_element_At,feature_element_He,feature_element_Kr,feature_element_Ne,feature_element_Pm,feature_element_Po,feature_element_Rn,feature_element_Xe",,0,0,0,False,104.09942002646949,"{""target_critical_temperature"": 104.09942002646949}"
superconductivity,5,random_forest,21263,13608,3402,4253,77,81,1,9.568246726664906,5.3240067759943885,0.9219620151572964,"{""target_critical_temperature"": 9.568246726664906}","{""target_critical_temperature"": 0.9219620151572964}","feature_element_Ar,feature_element_At,feature_element_He,feature_element_Kr,feature_element_Ne,feature_element_Pm,feature_element_Po,feature_element_Rn,feature_element_Xe",,0,0,0,False,91.5513454223337,"{""target_critical_temperature"": 91.5513454223337}"
superconductivity,5,xgboost,21263,13608,3402,4253,77,81,1,11.644106487059664,7.83858731465374,0.8844277277075179,"{""target_critical_temperature"": 11.644106487059663}","{""target_critical_temperature"": 0.8844277277075179}","feature_element_Ar,feature_element_At,feature_element_He,feature_element_Kr,feature_element_Ne,feature_element_Pm,feature_element_Po,feature_element_Rn,feature_element_Xe",,0,0,0,False,135.5852158819849,"{""target_critical_temperature"": 135.5852158819849}"
superconductivity,5,lightgbm,21263,13608,3402,4253,77,81,1,10.514373155018063,6.682884213429495,0.9057658999558011,"{""target_critical_temperature"": 10.514373155018063}","{""target_critical_temperature"": 0.9057658999558013}","feature_element_Ar,feature_element_At,feature_element_He,feature_element_Kr,feature_element_Ne,feature_element_Pm,feature_element_Po,feature_element_Rn,feature_element_Xe",,0,0,0,False,110.5520428429645,"{""target_critical_temperature"": 110.5520428429645}"
superconductivity,5,cnn_mlp,21263,13608,3402,4253,77,81,1,11.74940711753313,7.632579181527715,0.8823279769698045,"{""target_critical_temperature"": 11.74940711753313}","{""target_critical_temperature"": 0.8823279769698045}","feature_element_Ar,feature_element_At,feature_element_He,feature_element_Kr,feature_element_Ne,feature_element_Pm,feature_element_Po,feature_element_Rn,feature_element_Xe",,0,0,0,False,138.04856761353815,"{""target_critical_temperature"": 138.04856761353815}"
superconductivity,5,ftt_mlp,21263,13608,3402,4253,77,81,1,10.48192654054842,6.182599141519086,0.9063466021497728,"{""target_critical_temperature"": 10.48192654054842}","{""target_critical_temperature"": 0.9063466021497729}","feature_element_Ar,feature_element_At,feature_element_He,feature_element_Kr,feature_element_Ne,feature_element_Pm,feature_element_Po,feature_element_Rn,feature_element_Xe",,0,0,0,False,109.87078400145336,"{""target_critical_temperature"": 109.87078400145336}"
superconductivity,5,two_stage_mlp,21263,13608,3402,4253,77,81,1,10.150399208068848,5.937635898590088,0.9121771454811096,"{""target_critical_temperature"": 10.150399208068848}","{""target_critical_temperature"": 0.9121771454811096}","feature_element_Ar,feature_element_At,feature_element_He,feature_element_Kr,feature_element_Ne,feature_element_Pm,feature_element_Po,feature_element_Rn,feature_element_Xe",,0,0,0,False,103.03060408316469,"{""target_critical_temperature"": 103.03060408316469}"
superconductivity,5,oracle_mlp,21263,13608,3402,4253,77,81,1,9.902153968811035,5.9202189445495605,0.9164203405380248,"{""target_critical_temperature"": 9.902153968811035}","{""target_critical_temperature"": 0.9164203405380249}","feature_element_Ar,feature_element_At,feature_element_He,feature_element_Kr,feature_element_Ne,feature_element_Pm,feature_element_Po,feature_element_Rn,feature_element_Xe",,0,0,0,False,98.05265322204014,"{""target_critical_temperature"": 98.05265322204014}"
superconductivity,5,prism,21263,13608,3402,4253,77,81,1,9.765663146972656,5.572382926940918,0.918708562850952,"{""target_critical_temperature"": 9.765663146972656}","{""target_critical_temperature"": 0.9187085628509521}","feature_element_Ar,feature_element_At,feature_element_He,feature_element_Kr,feature_element_Ne,feature_element_Pm,feature_element_Po,feature_element_Rn,feature_element_Xe",,0,0,0,False,95.36817670013988,"{""target_critical_temperature"": 95.36817670013988}"
superconductivity,5,prism_z_acp_random_forest,21263,13608,3402,4253,77,81,1,9.712227507420584,5.446024790704432,0.9195957492240592,"{""target_critical_temperature"": 9.712227507420584}","{""target_critical_temperature"": 0.9195957492240592}","feature_element_Ar,feature_element_At,feature_element_He,feature_element_Kr,feature_element_Ne,feature_element_Pm,feature_element_Po,feature_element_Rn,feature_element_Xe",,0,0,0,False,94.32736315589705,"{""target_critical_temperature"": 94.32736315589705}"
superconductivity,5,prism_z_acp_xgboost,21263,13608,3402,4253,77,81,1,10.185178547004158,6.238314355413459,0.9115742792450924,"{""target_critical_temperature"": 10.185178547004158}","{""target_critical_temperature"": 0.9115742792450923}","feature_element_Ar,feature_element_At,feature_element_He,feature_element_Kr,feature_element_Ne,feature_element_Pm,feature_element_Po,feature_element_Rn,feature_element_Xe",,0,0,0,False,103.73786203435372,"{""target_critical_temperature"": 103.73786203435372}"
superconductivity,5,prism_z_acp_lightgbm,21263,13608,3402,4253,77,81,1,9.778732497604327,5.726776943870176,0.9184908344537236,"{""target_critical_temperature"": 9.778732497604329}","{""target_critical_temperature"": 0.9184908344537237}","feature_element_Ar,feature_element_At,feature_element_He,feature_element_Kr,feature_element_Ne,feature_element_Pm,feature_element_Po,feature_element_Rn,feature_element_Xe",,0,0,0,False,95.623609259703,"{""target_critical_temperature"": 95.623609259703}"
superconductivity,5,prism_z_random_forest,21263,13608,3402,4253,77,81,1,9.65778750546705,5.4231554613687285,0.9204946037398164,"{""target_critical_temperature"": 9.65778750546705}","{""target_critical_temperature"": 0.9204946037398164}","feature_element_Ar,feature_element_At,feature_element_He,feature_element_Kr,feature_element_Ne,feature_element_Pm,feature_element_Po,feature_element_Rn,feature_element_Xe",,0,0,0,False,93.27285950075547,"{""target_critical_temperature"": 93.27285950075547}"
superconductivity,5,prism_z_xgboost,21263,13608,3402,4253,77,81,1,10.212468492186414,6.26199730836519,0.9110997925369794,"{""target_critical_temperature"": 10.212468492186414}","{""target_critical_temperature"": 0.9110997925369794}","feature_element_Ar,feature_element_At,feature_element_He,feature_element_Kr,feature_element_Ne,feature_element_Pm,feature_element_Po,feature_element_Rn,feature_element_Xe",,0,0,0,False,104.29451270390024,"{""target_critical_temperature"": 104.29451270390024}"
superconductivity,5,prism_z_lightgbm,21263,13608,3402,4253,77,81,1,9.78761524460226,5.746279793723957,0.918342685572744,"{""target_critical_temperature"": 9.78761524460226}","{""target_critical_temperature"": 0.9183426855727439}","feature_element_Ar,feature_element_At,feature_element_He,feature_element_Kr,feature_element_Ne,feature_element_Pm,feature_element_Po,feature_element_Rn,feature_element_Xe",,0,0,0,False,95.79741217637057,"{""target_critical_temperature"": 95.79741217637057}"
auto_mpg,1,simple_mlp,392,250,63,79,5,2,1,3.366249322891236,2.103057861328125,0.8365368843078613,"{""target_mpg"": 3.3662493228912354}","{""target_mpg"": 0.8365368843078613}",,,0,0,0,False,11.3316345038657,"{""target_mpg"": 11.3316345038657}"
auto_mpg,1,random_forest,392,250,63,79,5,2,1,3.5268136139188013,2.212113789591533,0.8205711839167172,"{""target_mpg"": 3.5268136139188013}","{""target_mpg"": 0.8205711839167172}",,,0,0,0,False,12.438414267322996,"{""target_mpg"": 12.438414267322996}"
auto_mpg,1,xgboost,392,250,63,79,5,2,1,3.465860320084964,2.2282429233808125,0.8267196620302935,"{""target_mpg"": 3.4658603200849636}","{""target_mpg"": 0.8267196620302935}",,,0,0,0,False,12.012187758339445,"{""target_mpg"": 12.012187758339445}"
auto_mpg,1,lightgbm,392,250,63,79,5,2,1,3.5246381731861844,2.2444222165210355,0.8207924694238774,"{""target_mpg"": 3.5246381731861844}","{""target_mpg"": 0.8207924694238774}",,,0,0,0,False,12.423074251881243,"{""target_mpg"": 12.423074251881243}"
auto_mpg,1,cnn_mlp,392,250,63,79,5,2,1,3.820222904979559,2.3905178338537656,0.7894745604499336,"{""target_mpg"": 3.820222904979559}","{""target_mpg"": 0.7894745604499336}",,,0,0,0,False,14.594103043730462,"{""target_mpg"": 14.594103043730462}"
auto_mpg,1,ftt_mlp,392,250,63,79,5,2,1,3.429388641874603,2.118833225444135,0.8303473746304146,"{""target_mpg"": 3.429388641874603}","{""target_mpg"": 0.8303473746304146}",,,0,0,0,False,11.760706457018536,"{""target_mpg"": 11.760706457018536}"
auto_mpg,1,two_stage_mlp,392,250,63,79,5,2,1,3.013514518737793,1.8648532629013064,0.8689992427825928,"{""target_mpg"": 3.013514518737793}","{""target_mpg"": 0.8689992427825928}",,,0,0,0,False,9.081269754643472,"{""target_mpg"": 9.081269754643472}"
auto_mpg,1,oracle_mlp,392,250,63,79,5,2,1,3.3140273094177246,2.1276535987854004,0.8415693044662476,"{""target_mpg"": 3.3140273094177246}","{""target_mpg"": 0.8415693044662476}",,,0,0,0,False,10.982777007566483,"{""target_mpg"": 10.982777007566483}"
auto_mpg,1,prism,392,250,63,79,5,2,1,3.766530752182007,2.3781158924102783,0.7953507304191589,"{""target_mpg"": 3.766530752182007}","{""target_mpg"": 0.7953507304191589}",,,0,0,0,False,14.186753907132754,"{""target_mpg"": 14.186753907132754}"
auto_mpg,1,prism_z_acp_random_forest,392,250,63,79,5,2,1,3.1799613632052965,2.027219294372697,0.8541283615428742,"{""target_mpg"": 3.1799613632052965}","{""target_mpg"": 0.8541283615428742}",,,0,0,0,False,10.112154271478488,"{""target_mpg"": 10.112154271478488}"
auto_mpg,1,prism_z_acp_xgboost,392,250,63,79,5,2,1,3.372385363776134,2.1083056325670912,0.8359404310975184,"{""target_mpg"": 3.372385363776134}","{""target_mpg"": 0.8359404310975184}",,,0,0,0,False,11.372983041811489,"{""target_mpg"": 11.372983041811489}"
auto_mpg,1,prism_z_acp_lightgbm,392,250,63,79,5,2,1,3.149931051229435,2.072568317251158,0.8568704619108971,"{""target_mpg"": 3.149931051229435}","{""target_mpg"": 0.8568704619108971}",,,0,0,0,False,9.922065627499373,"{""target_mpg"": 9.922065627499373}"
auto_mpg,1,prism_z_random_forest,392,250,63,79,5,2,1,3.045541813477402,1.9825694952515145,0.8661999402351038,"{""target_mpg"": 3.045541813477402}","{""target_mpg"": 0.8661999402351038}",,,0,0,0,False,9.275324937639223,"{""target_mpg"": 9.275324937639223}"
auto_mpg,1,prism_z_xgboost,392,250,63,79,5,2,1,3.2750716406450144,2.1181144916092336,0.8452720458286409,"{""target_mpg"": 3.2750716406450144}","{""target_mpg"": 0.8452720458286409}",,,0,0,0,False,10.726094251357226,"{""target_mpg"": 10.726094251357226}"
auto_mpg,1,prism_z_lightgbm,392,250,63,79,5,2,1,3.1162495310931515,2.11151569136154,0.8599150024769477,"{""target_mpg"": 3.1162495310931515}","{""target_mpg"": 0.8599150024769477}",,,0,0,0,False,9.711011140038286,"{""target_mpg"": 9.711011140038286}"
auto_mpg,2,simple_mlp,392,250,63,79,5,2,1,3.1329195499420166,2.407644748687744,0.8244214057922363,"{""target_mpg"": 3.1329195499420166}","{""target_mpg"": 0.8244214057922363}",,,0,0,0,False,9.815184906408888,"{""target_mpg"": 9.815184906408888}"
auto_mpg,2,random_forest,392,250,63,79,5,2,1,2.3845985809653607,1.8130928604278624,0.8982806399878247,"{""target_mpg"": 2.3845985809653607}","{""target_mpg"": 0.8982806399878247}",,,0,0,0,False,5.686310392342012,"{""target_mpg"": 5.686310392342012}"
auto_mpg,2,xgboost,392,250,63,79,5,2,1,2.4681453588418414,1.882299386861792,0.8910280999024185,"{""target_mpg"": 2.4681453588418414}","{""target_mpg"": 0.8910280999024185}",,,0,0,0,False,6.091741512372522,"{""target_mpg"": 6.091741512372522}"
auto_mpg,2,lightgbm,392,250,63,79,5,2,1,2.7831560609670563,2.1458051915593077,0.861436713534497,"{""target_mpg"": 2.7831560609670563}","{""target_mpg"": 0.861436713534497}",,,0,0,0,False,7.745957659697661,"{""target_mpg"": 7.745957659697661}"
auto_mpg,2,cnn_mlp,392,250,63,79,5,2,1,2.566749911850745,2.006077315000805,0.8821471285986754,"{""target_mpg"": 2.566749911850745}","{""target_mpg"": 0.8821471285986754}",,,0,0,0,False,6.5882051099858066,"{""target_mpg"": 6.5882051099858066}"
auto_mpg,2,ftt_mlp,392,250,63,79,5,2,1,2.915224335641348,2.1597777681377384,0.8479742977884567,"{""target_mpg"": 2.915224335641348}","{""target_mpg"": 0.8479742977884567}",,,0,0,0,False,8.498532927115537,"{""target_mpg"": 8.498532927115537}"
auto_mpg,2,two_stage_mlp,392,250,63,79,5,2,1,2.90531063079834,2.161848545074463,0.8490065336227417,"{""target_mpg"": 2.90531063079834}","{""target_mpg"": 0.8490065336227417}",,,0,0,0,False,8.440829861429847,"{""target_mpg"": 8.440829861429847}"
auto_mpg,2,oracle_mlp,392,250,63,79,5,2,1,2.5775959491729736,1.977634072303772,0.8811490535736084,"{""target_mpg"": 2.5775959491729736}","{""target_mpg"": 0.8811490535736084}",,,0,0,0,False,6.644000877192923,"{""target_mpg"": 6.644000877192923}"
auto_mpg,2,prism,392,250,63,79,5,2,1,2.879241943359375,2.140998601913452,0.8517040014266968,"{""target_mpg"": 2.879241943359375}","{""target_mpg"": 0.8517040014266968}",,,0,0,0,False,8.29003416839987,"{""target_mpg"": 8.29003416839987}"
auto_mpg,2,prism_z_acp_random_forest,392,250,63,79,5,2,1,2.80636946972462,2.0704219245975017,0.8591156505818051,"{""target_mpg"": 2.8063694697246198}","{""target_mpg"": 0.8591156505818051}",,,0,0,0,False,7.875709600602444,"{""target_mpg"": 7.875709600602444}"
auto_mpg,2,prism_z_acp_xgboost,392,250,63,79,5,2,1,2.7143316838177776,2.096498490872777,0.868205013785854,"{""target_mpg"": 2.7143316838177776}","{""target_mpg"": 0.868205013785854}",,,0,0,0,False,7.367596489777052,"{""target_mpg"": 7.367596489777052}"
auto_mpg,2,prism_z_acp_lightgbm,392,250,63,79,5,2,1,2.944123380288737,2.1874634546256884,0.8449452521691365,"{""target_mpg"": 2.944123380288737}","{""target_mpg"": 0.8449452521691365}",,,0,0,0,False,8.66786247836278,"{""target_mpg"": 8.66786247836278}"
auto_mpg,2,prism_z_random_forest,392,250,63,79,5,2,1,2.784940178818379,2.049189858626925,0.8612590070283261,"{""target_mpg"": 2.784940178818379}","{""target_mpg"": 0.8612590070283261}",,,0,0,0,False,7.755891799596944,"{""target_mpg"": 7.755891799596944}"
auto_mpg,2,prism_z_xgboost,392,250,63,79,5,2,1,2.667253634284364,2.0605936836035568,0.8727371374133956,"{""target_mpg"": 2.6672536342843634}","{""target_mpg"": 0.8727371374133956}",,,0,0,0,False,7.114241949603144,"{""target_mpg"": 7.114241949603144}"
auto_mpg,2,prism_z_lightgbm,392,250,63,79,5,2,1,3.0520492412672366,2.282498341973481,0.8333688739958931,"{""target_mpg"": 3.0520492412672366}","{""target_mpg"": 0.8333688739958931}",,,0,0,0,False,9.315004571119914,"{""target_mpg"": 9.315004571119914}"
auto_mpg,3,simple_mlp,392,250,63,79,5,2,1,2.980259656906128,2.35638689994812,0.8543145060539246,"{""target_mpg"": 2.980259656906128}","{""target_mpg"": 0.8543145060539246}",,,0,0,0,False,8.881947622582231,"{""target_mpg"": 8.881947622582231}"
auto_mpg,3,random_forest,392,250,63,79,5,2,1,2.603194543400676,1.8926171651666928,0.8888469538084257,"{""target_mpg"": 2.6031945434006762}","{""target_mpg"": 0.8888469538084257}",,,0,0,0,False,6.776621830791055,"{""target_mpg"": 6.776621830791055}"
auto_mpg,3,xgboost,392,250,63,79,5,2,1,2.563222013265173,1.849780117725767,0.8922342968201492,"{""target_mpg"": 2.563222013265173}","{""target_mpg"": 0.8922342968201492}",,,0,0,0,False,6.570107089287167,"{""target_mpg"": 6.570107089287167}"
auto_mpg,3,lightgbm,392,250,63,79,5,2,1,2.6547060267469167,2.0717078520124006,0.884404483396545,"{""target_mpg"": 2.6547060267469167}","{""target_mpg"": 0.884404483396545}",,,0,0,0,False,7.047464088446401,"{""target_mpg"": 7.047464088446401}"
auto_mpg,3,cnn_mlp,392,250,63,79,5,2,1,2.9102981041887537,2.283272506971546,0.8610741471727181,"{""target_mpg"": 2.9102981041887537}","{""target_mpg"": 0.8610741471727181}",,,0,0,0,False,8.469835055244653,"{""target_mpg"": 8.469835055244653}"
auto_mpg,3,ftt_mlp,392,250,63,79,5,2,1,3.320160320069964,2.512572607121,0.8191884252921645,"{""target_mpg"": 3.320160320069964}","{""target_mpg"": 0.8191884252921645}",,,0,0,0,False,11.023464550967084,"{""target_mpg"": 11.023464550967084}"
auto_mpg,3,two_stage_mlp,392,250,63,79,5,2,1,3.554309844970703,2.777194023132324,0.792786180973053,"{""target_mpg"": 3.554309844970703}","{""target_mpg"": 0.792786180973053}",,,0,0,0,False,12.633118474055664,"{""target_mpg"": 12.633118474055664}"
auto_mpg,3,oracle_mlp,392,250,63,79,5,2,1,3.3411545753479004,2.611747026443481,0.81689453125,"{""target_mpg"": 3.3411545753479004}","{""target_mpg"": 0.81689453125}",,,0,0,0,False,11.163313896368209,"{""target_mpg"": 11.163313896368209}"
auto_mpg,3,prism,392,250,63,79,5,2,1,3.117744445800781,2.539611577987671,0.8405629992485046,"{""target_mpg"": 3.1177444458007812}","{""target_mpg"": 0.8405629992485046}",,,0,0,0,False,9.72033042932162,"{""target_mpg"": 9.72033042932162}"
auto_mpg,3,prism_z_acp_random_forest,392,250,63,79,5,2,1,3.0902995402514915,2.34724159175692,0.843357619953612,"{""target_mpg"": 3.0902995402514915}","{""target_mpg"": 0.843357619953612}",,,0,0,0,False,9.54995124847858,"{""target_mpg"": 9.54995124847858}"
auto_mpg,3,prism_z_acp_xgboost,392,250,63,79,5,2,1,3.116124749543397,2.3563230140945266,0.8407286027355131,"{""target_mpg"": 3.116124749543397}","{""target_mpg"": 0.8407286027355131}",,,0,0,0,False,9.710233454716898,"{""target_mpg"": 9.710233454716898}"
auto_mpg,3,prism_z_acp_lightgbm,392,250,63,79,5,2,1,2.908756432253137,2.19752804426535,0.8612212945455993,"{""target_mpg"": 2.908756432253137}","{""target_mpg"": 0.8612212945455993}",,,0,0,0,False,8.460863982173999,"{""target_mpg"": 8.460863982173999}"
auto_mpg,3,prism_z_random_forest,392,250,63,79,5,2,1,3.2227343363163525,2.441916692201644,0.8296441188564434,"{""target_mpg"": 3.2227343363163525}","{""target_mpg"": 0.8296441188564434}",,,0,0,0,False,10.3860166024724,"{""target_mpg"": 10.3860166024724}"
auto_mpg,3,prism_z_xgboost,392,250,63,79,5,2,1,3.223303717156655,2.460575373155034,0.8295839178387967,"{""target_mpg"": 3.223303717156655}","{""target_mpg"": 0.8295839178387967}",,,0,0,0,False,10.38968685303591,"{""target_mpg"": 10.38968685303591}"
auto_mpg,3,prism_z_lightgbm,392,250,63,79,5,2,1,3.0037855053200406,2.3094680390835163,0.8520053713662747,"{""target_mpg"": 3.0037855053200406}","{""target_mpg"": 0.8520053713662747}",,,0,0,0,False,9.022727361970771,"{""target_mpg"": 9.022727361970771}"
auto_mpg,4,simple_mlp,392,250,63,79,5,2,1,3.362217426300049,2.252795696258545,0.8267678022384644,"{""target_mpg"": 3.362217426300049}","{""target_mpg"": 0.8267678022384644}",,,0,0,0,False,11.304506021715724,"{""target_mpg"": 11.304506021715724}"
auto_mpg,4,random_forest,392,250,63,79,5,2,1,3.239490680332365,2.173130913733781,0.8391835388430128,"{""target_mpg"": 3.239490680332365}","{""target_mpg"": 0.8391835388430128}",,,0,0,0,False,10.49429986796025,"{""target_mpg"": 10.49429986796025}"
auto_mpg,4,xgboost,392,250,63,79,5,2,1,3.4414986030624,2.2637937496832783,0.8185018400313528,"{""target_mpg"": 3.4414986030623997}","{""target_mpg"": 0.8185018400313528}",,,0,0,0,False,11.843912634880448,"{""target_mpg"": 11.843912634880448}"
auto_mpg,4,lightgbm,392,250,63,79,5,2,1,3.3203294159415715,2.154191480334377,0.831057320776559,"{""target_mpg"": 3.3203294159415715}","{""target_mpg"": 0.831057320776559}",,,0,0,0,False,11.024587430366898,"{""target_mpg"": 11.024587430366898}"
auto_mpg,4,cnn_mlp,392,250,63,79,5,2,1,3.4430740461087948,2.2303365254304603,0.8183356301933744,"{""target_mpg"": 3.4430740461087948}","{""target_mpg"": 0.8183356301933744}",,,0,0,0,False,11.854758886987987,"{""target_mpg"": 11.854758886987987}"
auto_mpg,4,ftt_mlp,392,250,63,79,5,2,1,3.623982182310594,2.412783047106117,0.798743860025824,"{""target_mpg"": 3.623982182310594}","{""target_mpg"": 0.798743860025824}",,,0,0,0,False,13.133246857704655,"{""target_mpg"": 13.133246857704655}"
auto_mpg,4,two_stage_mlp,392,250,63,79,5,2,1,3.5404961109161377,2.402630090713501,0.8079097867012024,"{""target_mpg"": 3.5404961109161377}","{""target_mpg"": 0.8079097867012024}",,,0,0,0,False,12.535112711412296,"{""target_mpg"": 12.535112711412296}"
auto_mpg,4,oracle_mlp,392,250,63,79,5,2,1,3.162086248397827,2.0281822681427,0.8467768430709839,"{""target_mpg"": 3.162086248397827}","{""target_mpg"": 0.8467768430709839}",,,0,0,0,False,9.998789442306645,"{""target_mpg"": 9.998789442306645}"
auto_mpg,4,prism,392,250,63,79,5,2,1,3.3737800121307373,2.269287586212158,0.8255742788314819,"{""target_mpg"": 3.3737800121307373}","{""target_mpg"": 0.8255742788314819}",,,0,0,0,False,11.382391570252878,"{""target_mpg"": 11.382391570252878}"
auto_mpg,4,prism_z_acp_random_forest,392,250,63,79,5,2,1,3.277706794611094,2.2955106863481687,0.8353668703582607,"{""target_mpg"": 3.277706794611094}","{""target_mpg"": 0.8353668703582607}",,,0,0,0,False,10.743361831439733,"{""target_mpg"": 10.743361831439733}"
auto_mpg,4,prism_z_acp_xgboost,392,250,63,79,5,2,1,3.482113071116926,2.408224900906592,0.8141927010419159,"{""target_mpg"": 3.482113071116926}","{""target_mpg"": 0.8141927010419159}",,,0,0,0,False,12.125111440043352,"{""target_mpg"": 12.125111440043352}"
auto_mpg,4,prism_z_acp_lightgbm,392,250,63,79,5,2,1,3.29368707247604,2.3629492281158964,0.833757637632309,"{""target_mpg"": 3.2936870724760396}","{""target_mpg"": 0.833757637632309}",,,0,0,0,False,10.848374531395784,"{""target_mpg"": 10.848374531395784}"
auto_mpg,4,prism_z_random_forest,392,250,63,79,5,2,1,3.2855013183342794,2.290472738746093,0.8345829304206588,"{""target_mpg"": 3.2855013183342794}","{""target_mpg"": 0.8345829304206588}",,,0,0,0,False,10.794518912776288,"{""target_mpg"": 10.794518912776288}"
auto_mpg,4,prism_z_xgboost,392,250,63,79,5,2,1,3.34817191096496,2.318192415715648,0.8282121166891643,"{""target_mpg"": 3.3481719109649597}","{""target_mpg"": 0.8282121166891643}",,,0,0,0,False,11.21025514537475,"{""target_mpg"": 11.21025514537475}"
auto_mpg,4,prism_z_lightgbm,392,250,63,79,5,2,1,3.3143832971578164,2.38242041562545,0.8316618714849902,"{""target_mpg"": 3.3143832971578164}","{""target_mpg"": 0.8316618714849902}",,,0,0,0,False,10.985136640478718,"{""target_mpg"": 10.985136640478718}"
auto_mpg,5,simple_mlp,392,250,63,79,5,2,1,3.3960182666778564,2.541991949081421,0.8448610901832581,"{""target_mpg"": 3.3960182666778564}","{""target_mpg"": 0.8448610901832581}",,,0,0,0,False,11.532940067609672,"{""target_mpg"": 11.532940067609672}"
auto_mpg,5,random_forest,392,250,63,79,5,2,1,2.9539117862762407,2.1433757056599982,0.8826249520864453,"{""target_mpg"": 2.9539117862762407}","{""target_mpg"": 0.8826249520864453}",,,0,0,0,False,8.72559484110169,"{""target_mpg"": 8.72559484110169}"
auto_mpg,5,xgboost,392,250,63,79,5,2,1,2.915194450994665,2.1329126973699277,0.8856816897585659,"{""target_mpg"": 2.9151944509946652}","{""target_mpg"": 0.8856816897585659}",,,0,0,0,False,8.498358687110088,"{""target_mpg"": 8.498358687110088}"
auto_mpg,5,lightgbm,392,250,63,79,5,2,1,2.930349956095688,2.2209505311223525,0.8844899645711994,"{""target_mpg"": 2.9303499560956876}","{""target_mpg"": 0.8844899645711994}",,,0,0,0,False,8.586950865189998,"{""target_mpg"": 8.586950865189998}"
auto_mpg,5,cnn_mlp,392,250,63,79,5,2,1,2.845042086026022,2.1531010101961887,0.8911174885563344,"{""target_mpg"": 2.845042086026022}","{""target_mpg"": 0.8911174885563344}",,,0,0,0,False,8.094264471259299,"{""target_mpg"": 8.094264471259299}"
auto_mpg,5,ftt_mlp,392,250,63,79,5,2,1,2.8111266308395173,2.1139526945135443,0.8936979700266495,"{""target_mpg"": 2.8111266308395173}","{""target_mpg"": 0.8936979700266495}",,,0,0,0,False,7.902432934615136,"{""target_mpg"": 7.902432934615136}"
auto_mpg,5,two_stage_mlp,392,250,63,79,5,2,1,3.0776689052581787,2.3724894523620605,0.8725838661193848,"{""target_mpg"": 3.0776689052581787}","{""target_mpg"": 0.8725838661193848}",,,0,0,0,False,9.472045890393076,"{""target_mpg"": 9.472045890393076}"
auto_mpg,5,oracle_mlp,392,250,63,79,5,2,1,3.197751522064209,2.4207911491394043,0.8624469637870789,"{""target_mpg"": 3.197751522064209}","{""target_mpg"": 0.8624469637870789}",,,0,0,0,False,10.225614796863965,"{""target_mpg"": 10.225614796863965}"
auto_mpg,5,prism,392,250,63,79,5,2,1,3.039560317993164,2.353584289550781,0.8757197260856628,"{""target_mpg"": 3.039560317993164}","{""target_mpg"": 0.8757197260856628}",,,0,0,0,False,9.238926926718705,"{""target_mpg"": 9.238926926718705}"
auto_mpg,5,prism_z_acp_random_forest,392,250,63,79,5,2,1,2.927739579791546,2.194422122485996,0.8846956672099615,"{""target_mpg"": 2.9277395797915466}","{""target_mpg"": 0.8846956672099615}",,,0,0,0,False,8.571659047077983,"{""target_mpg"": 8.571659047077983}"
auto_mpg,5,prism_z_acp_xgboost,392,250,63,79,5,2,1,3.0093449433400994,2.302699763467863,0.8781782927425335,"{""target_mpg"": 3.0093449433400994}","{""target_mpg"": 0.8781782927425335}",,,0,0,0,False,9.056156988006625,"{""target_mpg"": 9.056156988006625}"
auto_mpg,5,prism_z_acp_lightgbm,392,250,63,79,5,2,1,3.065501048117778,2.320507831952086,0.8735893463206645,"{""target_mpg"": 3.065501048117778}","{""target_mpg"": 0.8735893463206645}",,,0,0,0,False,9.397296676011196,"{""target_mpg"": 9.397296676011196}"
auto_mpg,5,prism_z_random_forest,392,250,63,79,5,2,1,2.993468408247656,2.2333419772277203,0.8794603024293184,"{""target_mpg"": 2.993468408247656}","{""target_mpg"": 0.8794603024293184}",,,0,0,0,False,8.960853111176757,"{""target_mpg"": 8.960853111176757}"
auto_mpg,5,prism_z_xgboost,392,250,63,79,5,2,1,3.1167520268642086,2.304349900848101,0.8693271869773633,"{""target_mpg"": 3.1167520268642086}","{""target_mpg"": 0.8693271869773633}",,,0,0,0,False,9.714143196962153,"{""target_mpg"": 9.714143196962153}"
auto_mpg,5,prism_z_lightgbm,392,250,63,79,5,2,1,2.980823798325661,2.2573246975966024,0.8804764870920085,"{""target_mpg"": 2.980823798325661}","{""target_mpg"": 0.8804764870920085}",,,0,0,0,False,8.885310516664621,"{""target_mpg"": 8.885310516664621}"
combined_cycle_power_plant,1,simple_mlp,9568,6123,1531,1914,3,1,1,4.03819751739502,3.1275808811187744,0.945605218410492,"{""target_net_hourly_electrical_energy"": 4.0381975173950195}","{""target_net_hourly_electrical_energy"": 0.9456052184104919}",,,0,0,0,False,16.3070391894953,"{""target_net_hourly_electrical_energy"": 16.3070391894953}"
combined_cycle_power_plant,1,random_forest,9568,6123,1531,1914,3,1,1,3.4936082087247224,2.570397782678923,0.95928723999701,"{""target_net_hourly_electrical_energy"": 3.4936082087247224}","{""target_net_hourly_electrical_energy"": 0.95928723999701}",,,0,0,0,False,12.205298316068763,"{""target_net_hourly_electrical_energy"": 12.205298316068763}"
combined_cycle_power_plant,1,xgboost,9568,6123,1531,1914,3,1,1,3.640013982864168,2.789447640603848,0.955803462124394,"{""target_net_hourly_electrical_energy"": 3.6400139828641676}","{""target_net_hourly_electrical_energy"": 0.9558034621243939}",,,0,0,0,False,13.24970179544666,"{""target_net_hourly_electrical_energy"": 13.24970179544666}"
combined_cycle_power_plant,1,lightgbm,9568,6123,1531,1914,3,1,1,3.586044984212594,2.7194950326232723,0.957104314480304,"{""target_net_hourly_electrical_energy"": 3.586044984212594}","{""target_net_hourly_electrical_energy"": 0.9571043144803039}",,,0,0,0,False,12.859718628796303,"{""target_net_hourly_electrical_energy"": 12.859718628796303}"
combined_cycle_power_plant,1,cnn_mlp,9568,6123,1531,1914,3,1,1,3.944990511317536,3.06582731431592,0.9480872456082816,"{""target_net_hourly_electrical_energy"": 3.944990511317536}","{""target_net_hourly_electrical_energy"": 0.9480872456082816}",,,0,0,0,False,15.562950134385394,"{""target_net_hourly_electrical_energy"": 15.562950134385394}"
combined_cycle_power_plant,1,ftt_mlp,9568,6123,1531,1914,3,1,1,4.07281724093825,3.145280448856065,0.94466855764431,"{""target_net_hourly_electrical_energy"": 4.07281724093825}","{""target_net_hourly_electrical_energy"": 0.9446685576443101}",,,0,0,0,False,16.587840278083863,"{""target_net_hourly_electrical_energy"": 16.587840278083863}"
combined_cycle_power_plant,1,two_stage_mlp,9568,6123,1531,1914,3,1,1,4.102818012237549,3.166843891143799,0.9438503980636596,"{""target_net_hourly_electrical_energy"": 4.102818012237549}","{""target_net_hourly_electrical_energy"": 0.9438503980636597}",,,0,0,0,False,16.83311564154087,"{""target_net_hourly_electrical_energy"": 16.83311564154087}"
combined_cycle_power_plant,1,oracle_mlp,9568,6123,1531,1914,3,1,1,3.786419630050659,2.866588830947876,0.9521766901016236,"{""target_net_hourly_electrical_energy"": 3.786419630050659}","{""target_net_hourly_electrical_energy"": 0.9521766901016235}",,,0,0,0,False,14.33697361483297,"{""target_net_hourly_electrical_energy"": 14.33697361483297}"
combined_cycle_power_plant,1,prism,9568,6123,1531,1914,3,1,1,3.922307014465332,3.017369508743286,0.9486825466156006,"{""target_net_hourly_electrical_energy"": 3.922307014465332}","{""target_net_hourly_electrical_energy"": 0.9486825466156006}",,,0,0,0,False,15.384492315723946,"{""target_net_hourly_electrical_energy"": 15.384492315723946}"
combined_cycle_power_plant,1,prism_z_acp_random_forest,9568,6123,1531,1914,3,1,1,3.7816446610896426,2.8217073595271365,0.9522972316786552,"{""target_net_hourly_electrical_energy"": 3.7816446610896426}","{""target_net_hourly_electrical_energy"": 0.9522972316786553}",,,0,0,0,False,14.300836342747798,"{""target_net_hourly_electrical_energy"": 14.300836342747798}"
combined_cycle_power_plant,1,prism_z_acp_xgboost,9568,6123,1531,1914,3,1,1,3.852568404555552,2.9704968101700926,0.9504911471460452,"{""target_net_hourly_electrical_energy"": 3.852568404555552}","{""target_net_hourly_electrical_energy"": 0.9504911471460453}",,,0,0,0,False,14.842283311779711,"{""target_net_hourly_electrical_energy"": 14.842283311779711}"
combined_cycle_power_plant,1,prism_z_acp_lightgbm,9568,6123,1531,1914,3,1,1,3.778672261281161,2.848926812430592,0.9523721916431568,"{""target_net_hourly_electrical_energy"": 3.778672261281161}","{""target_net_hourly_electrical_energy"": 0.9523721916431568}",,,0,0,0,False,14.278364058175683,"{""target_net_hourly_electrical_energy"": 14.278364058175683}"
combined_cycle_power_plant,1,prism_z_random_forest,9568,6123,1531,1914,3,1,1,3.787879762058223,2.8298742132079173,0.9521397992367976,"{""target_net_hourly_electrical_energy"": 3.787879762058223}","{""target_net_hourly_electrical_energy"": 0.9521397992367975}",,,0,0,0,False,14.34803309181026,"{""target_net_hourly_electrical_energy"": 14.34803309181026}"
combined_cycle_power_plant,1,prism_z_xgboost,9568,6123,1531,1914,3,1,1,3.8751126422843054,2.9780088698368434,0.9499100257170026,"{""target_net_hourly_electrical_energy"": 3.8751126422843063}","{""target_net_hourly_electrical_energy"": 0.9499100257170026}",,,0,0,0,False,15.016497990391658,"{""target_net_hourly_electrical_energy"": 15.016497990391658}"
combined_cycle_power_plant,1,prism_z_lightgbm,9568,6123,1531,1914,3,1,1,3.802369326736113,2.87723190948448,0.951772945022432,"{""target_net_hourly_electrical_energy"": 3.802369326736113}","{""target_net_hourly_electrical_energy"": 0.9517729450224319}",,,0,0,0,False,14.45801249690364,"{""target_net_hourly_electrical_energy"": 14.45801249690364}"
combined_cycle_power_plant,2,simple_mlp,9568,6123,1531,1914,3,1,1,4.072010517120361,3.2214508056640625,0.9423871040344238,"{""target_net_hourly_electrical_energy"": 4.072010517120361}","{""target_net_hourly_electrical_energy"": 0.9423871040344238}",,,0,0,0,False,16.581269651538832,"{""target_net_hourly_electrical_energy"": 16.581269651538832}"
combined_cycle_power_plant,2,random_forest,9568,6123,1531,1914,3,1,1,3.557203643309652,2.703188250895012,0.9560337291701144,"{""target_net_hourly_electrical_energy"": 3.5572036433096517}","{""target_net_hourly_electrical_energy"": 0.9560337291701143}",,,0,0,0,False,12.65369775997546,"{""target_net_hourly_electrical_energy"": 12.65369775997546}"
combined_cycle_power_plant,2,xgboost,9568,6123,1531,1914,3,1,1,3.695543125326117,2.883540287574783,0.9525475409316114,"{""target_net_hourly_electrical_energy"": 3.6955431253261173}","{""target_net_hourly_electrical_energy"": 0.9525475409316114}",,,0,0,0,False,13.657038991145127,"{""target_net_hourly_electrical_energy"": 13.657038991145127}"
combined_cycle_power_plant,2,lightgbm,9568,6123,1531,1914,3,1,1,3.693015366711264,2.86398083984798,0.9526124338773488,"{""target_net_hourly_electrical_energy"": 3.6930153667112635}","{""target_net_hourly_electrical_energy"": 0.9526124338773487}",,,0,0,0,False,13.638362498765527,"{""target_net_hourly_electrical_energy"": 13.638362498765527}"
combined_cycle_power_plant,2,cnn_mlp,9568,6123,1531,1914,3,1,1,3.990136056487561,3.1632277171875387,0.9446805844533456,"{""target_net_hourly_electrical_energy"": 3.990136056487561}","{""target_net_hourly_electrical_energy"": 0.9446805844533455}",,,0,0,0,False,15.921185749282104,"{""target_net_hourly_electrical_energy"": 15.921185749282104}"
combined_cycle_power_plant,2,ftt_mlp,9568,6123,1531,1914,3,1,1,4.039474620267961,3.2224222799051465,0.9433040624249518,"{""target_net_hourly_electrical_energy"": 4.039474620267961}","{""target_net_hourly_electrical_energy"": 0.9433040624249518}",,,0,0,0,False,16.317355207788985,"{""target_net_hourly_electrical_energy"": 16.317355207788985}"
combined_cycle_power_plant,2,two_stage_mlp,9568,6123,1531,1914,3,1,1,3.997882843017578,3.1480095386505127,0.9444655776023864,"{""target_net_hourly_electrical_energy"": 3.997882843017578}","{""target_net_hourly_electrical_energy"": 0.9444655776023865}",,,0,0,0,False,15.983067226494313,"{""target_net_hourly_electrical_energy"": 15.983067226494313}"
combined_cycle_power_plant,2,oracle_mlp,9568,6123,1531,1914,3,1,1,3.7752721309661865,2.9312517642974854,0.9504779577255248,"{""target_net_hourly_electrical_energy"": 3.7752721309661865}","{""target_net_hourly_electrical_energy"": 0.9504779577255249}",,,0,0,0,False,14.252679662849971,"{""target_net_hourly_electrical_energy"": 14.252679662849971}"
combined_cycle_power_plant,2,prism,9568,6123,1531,1914,3,1,1,3.963579416275024,3.1063942909240723,0.9454144835472108,"{""target_net_hourly_electrical_energy"": 3.9635794162750244}","{""target_net_hourly_electrical_energy"": 0.9454144835472107}",,,0,0,0,False,15.709961789119063,"{""target_net_hourly_electrical_energy"": 15.709961789119063}"
combined_cycle_power_plant,2,prism_z_acp_random_forest,9568,6123,1531,1914,3,1,1,3.870582627318756,2.949666540904558,0.9479459098464564,"{""target_net_hourly_electrical_energy"": 3.870582627318756}","{""target_net_hourly_electrical_energy"": 0.9479459098464564}",,,0,0,0,False,14.981409874901763,"{""target_net_hourly_electrical_energy"": 14.981409874901763}"
combined_cycle_power_plant,2,prism_z_acp_xgboost,9568,6123,1531,1914,3,1,1,3.882982319086176,3.036887624789566,0.9476118575262862,"{""target_net_hourly_electrical_energy"": 3.8829823190861754}","{""target_net_hourly_electrical_energy"": 0.9476118575262862}",,,0,0,0,False,15.077551690335852,"{""target_net_hourly_electrical_energy"": 15.077551690335852}"
combined_cycle_power_plant,2,prism_z_acp_lightgbm,9568,6123,1531,1914,3,1,1,3.815095646745728,2.942818965834708,0.9494276616590378,"{""target_net_hourly_electrical_energy"": 3.8150956467457275}","{""target_net_hourly_electrical_energy"": 0.9494276616590378}",,,0,0,0,False,14.554954793818201,"{""target_net_hourly_electrical_energy"": 14.554954793818201}"
combined_cycle_power_plant,2,prism_z_random_forest,9568,6123,1531,1914,3,1,1,3.870473415929247,2.9478803260478013,0.9479488472953423,"{""target_net_hourly_electrical_energy"": 3.8704734159292467}","{""target_net_hourly_electrical_energy"": 0.9479488472953425}",,,0,0,0,False,14.98056446341501,"{""target_net_hourly_electrical_energy"": 14.98056446341501}"
combined_cycle_power_plant,2,prism_z_xgboost,9568,6123,1531,1914,3,1,1,3.885268756458797,3.043901439593472,0.947550143378248,"{""target_net_hourly_electrical_energy"": 3.8852687564587964}","{""target_net_hourly_electrical_energy"": 0.947550143378248}",,,0,0,0,False,15.095313309914882,"{""target_net_hourly_electrical_energy"": 15.095313309914882}"
combined_cycle_power_plant,2,prism_z_lightgbm,9568,6123,1531,1914,3,1,1,3.8078985888238983,2.924270940774579,0.9496182879347816,"{""target_net_hourly_electrical_energy"": 3.8078985888238988}","{""target_net_hourly_electrical_energy"": 0.9496182879347815}",,,0,0,0,False,14.500091662767039,"{""target_net_hourly_electrical_energy"": 14.500091662767039}"
combined_cycle_power_plant,3,simple_mlp,9568,6123,1531,1914,3,1,1,4.128781795501709,3.1380529403686523,0.9420149922370912,"{""target_net_hourly_electrical_energy"": 4.128781795501709}","{""target_net_hourly_electrical_energy"": 0.9420149922370911}",,,0,0,0,False,17.046839114866316,"{""target_net_hourly_electrical_energy"": 17.046839114866316}"
combined_cycle_power_plant,3,random_forest,9568,6123,1531,1914,3,1,1,3.579110316056293,2.538311291062916,0.956426521626614,"{""target_net_hourly_electrical_energy"": 3.579110316056293}","{""target_net_hourly_electrical_energy"": 0.9564265216266141}",,,0,0,0,False,12.81003065450058,"{""target_net_hourly_electrical_energy"": 12.81003065450058}"
combined_cycle_power_plant,3,xgboost,9568,6123,1531,1914,3,1,1,3.7104908282594096,2.7463617608040853,0.9531688539552964,"{""target_net_hourly_electrical_energy"": 3.7104908282594096}","{""target_net_hourly_electrical_energy"": 0.9531688539552964}",,,0,0,0,False,13.7677421865972,"{""target_net_hourly_electrical_energy"": 13.7677421865972}"
combined_cycle_power_plant,3,lightgbm,9568,6123,1531,1914,3,1,1,3.759881936804478,2.75709392260774,0.9519137979444784,"{""target_net_hourly_electrical_energy"": 3.759881936804478}","{""target_net_hourly_electrical_energy"": 0.9519137979444784}",,,0,0,0,False,14.136712178708592,"{""target_net_hourly_electrical_energy"": 14.136712178708592}"
combined_cycle_power_plant,3,cnn_mlp,9568,6123,1531,1914,3,1,1,4.103656464689196,3.116176718068361,0.942718543158044,"{""target_net_hourly_electrical_energy"": 4.103656464689196}","{""target_net_hourly_electrical_energy"": 0.942718543158044}",,,0,0,0,False,16.839996380185433,"{""target_net_hourly_electrical_energy"": 16.839996380185433}"
combined_cycle_power_plant,3,ftt_mlp,9568,6123,1531,1914,3,1,1,4.087564231840614,3.0837150371936914,0.9431669136223416,"{""target_net_hourly_electrical_energy"": 4.087564231840614}","{""target_net_hourly_electrical_energy"": 0.9431669136223417}",,,0,0,0,False,16.70818134942275,"{""target_net_hourly_electrical_energy"": 16.70818134942275}"
combined_cycle_power_plant,3,two_stage_mlp,9568,6123,1531,1914,3,1,1,4.0529327392578125,3.0533246994018555,0.9441258907318116,"{""target_net_hourly_electrical_energy"": 4.0529327392578125}","{""target_net_hourly_electrical_energy"": 0.9441258907318115}",,,0,0,0,False,16.426263788947836,"{""target_net_hourly_electrical_energy"": 16.426263788947836}"
combined_cycle_power_plant,3,oracle_mlp,9568,6123,1531,1914,3,1,1,3.9704203605651855,2.918240785598755,0.9463777542114258,"{""target_net_hourly_electrical_energy"": 3.9704203605651855}","{""target_net_hourly_electrical_energy"": 0.9463777542114258}",,,0,0,0,False,15.764237839590578,"{""target_net_hourly_electrical_energy"": 15.764237839590578}"
combined_cycle_power_plant,3,prism,9568,6123,1531,1914,3,1,1,3.975619792938232,2.9705593585968018,0.9462372064590454,"{""target_net_hourly_electrical_energy"": 3.9756197929382324}","{""target_net_hourly_electrical_energy"": 0.9462372064590454}",,,0,0,0,False,15.805552738002234,"{""target_net_hourly_electrical_energy"": 15.805552738002234}"
combined_cycle_power_plant,3,prism_z_acp_random_forest,9568,6123,1531,1914,3,1,1,3.7854829724947914,2.743549261066033,0.951256730660006,"{""target_net_hourly_electrical_energy"": 3.7854829724947905}","{""target_net_hourly_electrical_energy"": 0.951256730660006}",,,0,0,0,False,14.329881335047995,"{""target_net_hourly_electrical_energy"": 14.329881335047995}"
combined_cycle_power_plant,3,prism_z_acp_xgboost,9568,6123,1531,1914,3,1,1,3.883842612640209,2.901918441281332,0.9486907926066857,"{""target_net_hourly_electrical_energy"": 3.8838426126402092}","{""target_net_hourly_electrical_energy"": 0.9486907926066857}",,,0,0,0,False,15.084233439759926,"{""target_net_hourly_electrical_energy"": 15.084233439759926}"
combined_cycle_power_plant,3,prism_z_acp_lightgbm,9568,6123,1531,1914,3,1,1,3.8003932029467538,2.7901742618681107,0.9508719952438088,"{""target_net_hourly_electrical_energy"": 3.8003932029467538}","{""target_net_hourly_electrical_energy"": 0.9508719952438087}",,,0,0,0,False,14.442988497003887,"{""target_net_hourly_electrical_energy"": 14.442988497003887}"
combined_cycle_power_plant,3,prism_z_random_forest,9568,6123,1531,1914,3,1,1,3.7886685818281904,2.747300512534624,0.9511746579890924,"{""target_net_hourly_electrical_energy"": 3.7886685818281904}","{""target_net_hourly_electrical_energy"": 0.9511746579890923}",,,0,0,0,False,14.354009622932033,"{""target_net_hourly_electrical_energy"": 14.354009622932033}"
combined_cycle_power_plant,3,prism_z_xgboost,9568,6123,1531,1914,3,1,1,3.886020828645538,2.9015316672286997,0.9486332239107368,"{""target_net_hourly_electrical_energy"": 3.886020828645538}","{""target_net_hourly_electrical_energy"": 0.9486332239107369}",,,0,0,0,False,15.101157880666955,"{""target_net_hourly_electrical_energy"": 15.101157880666955}"
combined_cycle_power_plant,3,prism_z_lightgbm,9568,6123,1531,1914,3,1,1,3.779103403289537,2.7739414261923847,0.9514208835753872,"{""target_net_hourly_electrical_energy"": 3.779103403289537}","{""target_net_hourly_electrical_energy"": 0.9514208835753872}",,,0,0,0,False,14.281622532754561,"{""target_net_hourly_electrical_energy"": 14.281622532754561}"
combined_cycle_power_plant,4,simple_mlp,9568,6123,1531,1914,3,1,1,4.215821743011475,3.207485675811768,0.9378527998924256,"{""target_net_hourly_electrical_energy"": 4.215821743011475}","{""target_net_hourly_electrical_energy"": 0.9378527998924255}",,,0,0,0,False,17.773152968848308,"{""target_net_hourly_electrical_energy"": 17.773152968848308}"
combined_cycle_power_plant,4,random_forest,9568,6123,1531,1914,3,1,1,3.736252173012994,2.679552210253847,0.951187692724624,"{""target_net_hourly_electrical_energy"": 3.736252173012994}","{""target_net_hourly_electrical_energy"": 0.9511876927246239}",,,0,0,0,False,13.95958030034432,"{""target_net_hourly_electrical_energy"": 13.95958030034432}"
combined_cycle_power_plant,4,xgboost,9568,6123,1531,1914,3,1,1,3.8697365601468783,2.900058459673547,0.9476375719753184,"{""target_net_hourly_electrical_energy"": 3.8697365601468783}","{""target_net_hourly_electrical_energy"": 0.9476375719753183}",,,0,0,0,False,14.974861044937395,"{""target_net_hourly_electrical_energy"": 14.974861044937395}"
combined_cycle_power_plant,4,lightgbm,9568,6123,1531,1914,3,1,1,3.636216193723191,2.6641067162624257,0.9537665429565746,"{""target_net_hourly_electrical_energy"": 3.636216193723191}","{""target_net_hourly_electrical_energy"": 0.9537665429565746}",,,0,0,0,False,13.22206820749477,"{""target_net_hourly_electrical_energy"": 13.22206820749477}"
combined_cycle_power_plant,4,cnn_mlp,9568,6123,1531,1914,3,1,1,4.22390256341434,3.2163625956745485,0.9376143422991045,"{""target_net_hourly_electrical_energy"": 4.22390256341434}","{""target_net_hourly_electrical_energy"": 0.9376143422991045}",,,0,0,0,False,17.84135286521823,"{""target_net_hourly_electrical_energy"": 17.84135286521823}"
combined_cycle_power_plant,4,ftt_mlp,9568,6123,1531,1914,3,1,1,4.192328966872512,3.210450933914744,0.938543519841718,"{""target_net_hourly_electrical_energy"": 4.192328966872512}","{""target_net_hourly_electrical_energy"": 0.9385435198417181}",,,0,0,0,False,17.57562216647834,"{""target_net_hourly_electrical_energy"": 17.57562216647834}"
combined_cycle_power_plant,4,two_stage_mlp,9568,6123,1531,1914,3,1,1,4.217414379119873,3.167329788208008,0.9378058314323424,"{""target_net_hourly_electrical_energy"": 4.217414379119873}","{""target_net_hourly_electrical_energy"": 0.9378058314323425}",,,0,0,0,False,17.786584045207064,"{""target_net_hourly_electrical_energy"": 17.786584045207064}"
combined_cycle_power_plant,4,oracle_mlp,9568,6123,1531,1914,3,1,1,3.8868157863616943,2.880847930908203,0.9471743702888488,"{""target_net_hourly_electrical_energy"": 3.8868157863616943}","{""target_net_hourly_electrical_energy"": 0.9471743702888489}",,,0,0,0,False,15.107336957110476,"{""target_net_hourly_electrical_energy"": 15.107336957110476}"
combined_cycle_power_plant,4,prism,9568,6123,1531,1914,3,1,1,4.122528553009033,3.10461688041687,0.9405729174613952,"{""target_net_hourly_electrical_energy"": 4.122528553009033}","{""target_net_hourly_electrical_energy"": 0.9405729174613953}",,,0,0,0,False,16.995241670374753,"{""target_net_hourly_electrical_energy"": 16.995241670374753}"
combined_cycle_power_plant,4,prism_z_acp_random_forest,9568,6123,1531,1914,3,1,1,3.919216107912364,2.846990166431373,0.9462899696193748,"{""target_net_hourly_electrical_energy"": 3.919216107912364}","{""target_net_hourly_electrical_energy"": 0.9462899696193747}",,,0,0,0,False,15.360254900519738,"{""target_net_hourly_electrical_energy"": 15.360254900519738}"
combined_cycle_power_plant,4,prism_z_acp_xgboost,9568,6123,1531,1914,3,1,1,4.006890148053566,2.975614398804799,0.9438600725051371,"{""target_net_hourly_electrical_energy"": 4.006890148053566}","{""target_net_hourly_electrical_energy"": 0.9438600725051371}",,,0,0,0,False,16.05516865856873,"{""target_net_hourly_electrical_energy"": 16.05516865856873}"
combined_cycle_power_plant,4,prism_z_acp_lightgbm,9568,6123,1531,1914,3,1,1,3.906782620818333,2.8573778058890444,0.9466302130088656,"{""target_net_hourly_electrical_energy"": 3.9067826208183334}","{""target_net_hourly_electrical_energy"": 0.9466302130088657}",,,0,0,0,False,15.262950446328166,"{""target_net_hourly_electrical_energy"": 15.262950446328166}"
combined_cycle_power_plant,4,prism_z_random_forest,9568,6123,1531,1914,3,1,1,3.923176083054393,2.847235898136685,0.94618137757929,"{""target_net_hourly_electrical_energy"": 3.923176083054393}","{""target_net_hourly_electrical_energy"": 0.94618137757929}",,,0,0,0,False,15.391310578650009,"{""target_net_hourly_electrical_energy"": 15.391310578650009}"
combined_cycle_power_plant,4,prism_z_xgboost,9568,6123,1531,1914,3,1,1,4.025857413417472,3.009617432884768,0.9433273196148813,"{""target_net_hourly_electrical_energy"": 4.025857413417472}","{""target_net_hourly_electrical_energy"": 0.9433273196148813}",,,0,0,0,False,16.20752791316842,"{""target_net_hourly_electrical_energy"": 16.20752791316842}"
combined_cycle_power_plant,4,prism_z_lightgbm,9568,6123,1531,1914,3,1,1,3.906337289909905,2.8590066392031197,0.9466423794708512,"{""target_net_hourly_electrical_energy"": 3.906337289909905}","{""target_net_hourly_electrical_energy"": 0.9466423794708512}",,,0,0,0,False,15.259471022540662,"{""target_net_hourly_electrical_energy"": 15.259471022540662}"
combined_cycle_power_plant,5,simple_mlp,9568,6123,1531,1914,3,1,1,4.058690547943115,3.166173219680786,0.9428135752677916,"{""target_net_hourly_electrical_energy"": 4.058690547943115}","{""target_net_hourly_electrical_energy"": 0.9428135752677917}",,,0,0,0,False,16.472968963962785,"{""target_net_hourly_electrical_energy"": 16.472968963962785}"
combined_cycle_power_plant,5,random_forest,9568,6123,1531,1914,3,1,1,3.528326873917864,2.614843547891724,0.9567825810830108,"{""target_net_hourly_electrical_energy"": 3.5283268739178637}","{""target_net_hourly_electrical_energy"": 0.9567825810830108}",,,0,0,0,False,12.449090529211004,"{""target_net_hourly_electrical_energy"": 12.449090529211004}"
combined_cycle_power_plant,5,xgboost,9568,6123,1531,1914,3,1,1,3.688665096293854,2.8508127385280098,0.9527654640245482,"{""target_net_hourly_electrical_energy"": 3.688665096293854}","{""target_net_hourly_electrical_energy"": 0.9527654640245482}",,,0,0,0,False,13.606250192616548,"{""target_net_hourly_electrical_energy"": 13.606250192616548}"
combined_cycle_power_plant,5,lightgbm,9568,6123,1531,1914,3,1,1,3.644316745333134,2.771373571104243,0.9538944259255552,"{""target_net_hourly_electrical_energy"": 3.644316745333134}","{""target_net_hourly_electrical_energy"": 0.9538944259255553}",,,0,0,0,False,13.281044540315488,"{""target_net_hourly_electrical_energy"": 13.281044540315488}"
combined_cycle_power_plant,5,cnn_mlp,9568,6123,1531,1914,3,1,1,4.034619871522465,3.151135132845277,0.9434898516838968,"{""target_net_hourly_electrical_energy"": 4.034619871522465}","{""target_net_hourly_electrical_energy"": 0.9434898516838968}",,,0,0,0,False,16.278157507683954,"{""target_net_hourly_electrical_energy"": 16.278157507683954}"
combined_cycle_power_plant,5,ftt_mlp,9568,6123,1531,1914,3,1,1,4.097595279163903,3.2504169660601683,0.9417119773997168,"{""target_net_hourly_electrical_energy"": 4.097595279163903}","{""target_net_hourly_electrical_energy"": 0.9417119773997167}",,,0,0,0,False,16.790287071826302,"{""target_net_hourly_electrical_energy"": 16.790287071826302}"
combined_cycle_power_plant,5,two_stage_mlp,9568,6123,1531,1914,3,1,1,4.077775478363037,3.169379472732544,0.9422744512557985,"{""target_net_hourly_electrical_energy"": 4.077775478363037}","{""target_net_hourly_electrical_energy"": 0.9422744512557983}",,,0,0,0,False,16.628252851938896,"{""target_net_hourly_electrical_energy"": 16.628252851938896}"
combined_cycle_power_plant,5,oracle_mlp,9568,6123,1531,1914,3,1,1,3.7669894695281982,2.8995845317840576,0.950738251209259,"{""target_net_hourly_electrical_energy"": 3.7669894695281982}","{""target_net_hourly_electrical_energy"": 0.950738251209259}",,,0,0,0,False,14.190209663536336,"{""target_net_hourly_electrical_energy"": 14.190209663536336}"
combined_cycle_power_plant,5,prism,9568,6123,1531,1914,3,1,1,3.88547945022583,2.9605391025543213,0.947590470314026,"{""target_net_hourly_electrical_energy"": 3.88547945022583}","{""target_net_hourly_electrical_energy"": 0.9475904703140259}",,,0,0,0,False,15.096950558127219,"{""target_net_hourly_electrical_energy"": 15.096950558127219}"
combined_cycle_power_plant,5,prism_z_acp_random_forest,9568,6123,1531,1914,3,1,1,3.80296265193216,2.8585676807638043,0.9497928786752212,"{""target_net_hourly_electrical_energy"": 3.80296265193216}","{""target_net_hourly_electrical_energy"": 0.9497928786752213}",,,0,0,0,False,14.462524931990888,"{""target_net_hourly_electrical_energy"": 14.462524931990888}"
combined_cycle_power_plant,5,prism_z_acp_xgboost,9568,6123,1531,1914,3,1,1,3.9027891445365737,3.0018469638574463,0.94712244356465,"{""target_net_hourly_electrical_energy"": 3.9027891445365737}","{""target_net_hourly_electrical_energy"": 0.94712244356465}",,,0,0,0,False,15.23176310671252,"{""target_net_hourly_electrical_energy"": 15.23176310671252}"
combined_cycle_power_plant,5,prism_z_acp_lightgbm,9568,6123,1531,1914,3,1,1,3.824684370622084,2.8971853556911733,0.9492176957659312,"{""target_net_hourly_electrical_energy"": 3.824684370622084}","{""target_net_hourly_electrical_energy"": 0.9492176957659311}",,,0,0,0,False,14.628210534880848,"{""target_net_hourly_electrical_energy"": 14.628210534880848}"
combined_cycle_power_plant,5,prism_z_random_forest,9568,6123,1531,1914,3,1,1,3.8037618453203503,2.8586276249530567,0.9497717743840488,"{""target_net_hourly_electrical_energy"": 3.8037618453203503}","{""target_net_hourly_electrical_energy"": 0.9497717743840488}",,,0,0,0,False,14.468604175914876,"{""target_net_hourly_electrical_energy"": 14.468604175914876}"
combined_cycle_power_plant,5,prism_z_xgboost,9568,6123,1531,1914,3,1,1,3.907343892391734,3.0063311103153607,0.946998950100758,"{""target_net_hourly_electrical_energy"": 3.907343892391734}","{""target_net_hourly_electrical_energy"": 0.9469989501007579}",,,0,0,0,False,15.267336293410985,"{""target_net_hourly_electrical_energy"": 15.267336293410985}"
combined_cycle_power_plant,5,prism_z_lightgbm,9568,6123,1531,1914,3,1,1,3.8490842688079687,2.9026776517331125,0.9485676889417368,"{""target_net_hourly_electrical_energy"": 3.8490842688079687}","{""target_net_hourly_electrical_energy"": 0.9485676889417368}",,,0,0,0,False,14.815449708384975,"{""target_net_hourly_electrical_energy"": 14.815449708384975}"
air_quality,1,simple_mlp,6941,3700,926,2315,7,5,4,78.13444519042969,58.330833435058594,-0.1188264340162277,"{""target_benzene"": 6.8800129890441895, ""target_co"": 1.2823431491851807, ""target_no2"": 52.60939407348633, ""target_nox"": 251.76602172851562}","{""target_benzene"": -0.04503130912780762, ""target_co"": 0.17929309606552124, ""target_no2"": -0.18465030193328857, ""target_nox"": -0.42491722106933594}",,,0,0,0,False,16550.714256116116,"{""target_benzene"": 47.33457872941676, ""target_co"": 1.6444039522621665, ""target_no2"": 2767.7483447793784, ""target_nox"": 63386.1296970034}"
air_quality,1,random_forest,6941,3700,926,2315,7,5,4,68.8465419578734,51.74600044348155,0.0043649786812051,"{""target_benzene"": 7.341638634033385, ""target_co"": 1.239015492067393, ""target_no2"": 46.8276434327587, ""target_nox"": 219.97787027263414}","{""target_benzene"": -0.1899721370079639, ""target_co"": 0.2338160788920599, ""target_no2"": 0.0614267602948696, ""target_nox"": -0.08781078745414495}",,,0,0,0,False,12659.63160409294,"{""target_benzene"": 53.89965783273158, ""target_co"": 1.535159389583004, ""target_no2"": 2192.828189465589, ""target_nox"": 48390.26340968385}"
air_quality,1,xgboost,6941,3700,926,2315,7,5,4,71.50684692428142,55.90017892030546,-0.0286710705959248,"{""target_benzene"": 7.622449647298697, ""target_co"": 1.183288028819078, ""target_no2"": 46.87093359518098, ""target_nox"": 230.35071642582693}","{""target_benzene"": -0.28274376603188656, ""target_co"": 0.30118776167066663, ""target_no2"": 0.05969061617907323, ""target_nox"": -0.19281889420155274}",,,0,0,0,False,13829.459720790086,"{""target_benzene"": 58.10173862560403, ""target_co"": 1.400170559146539, ""target_no2"": 2196.884416083865, ""target_nox"": 53061.45255789173}"
air_quality,1,lightgbm,6941,3700,926,2315,7,5,4,72.45775965261384,56.0017683505068,0.0120653392561687,"{""target_benzene"": 6.873129883806595, ""target_co"": 1.2034770492488487, ""target_no2"": 47.053140028623844, ""target_nox"": 234.70129164877608}","{""target_benzene"": -0.04294134973372188, ""target_co"": 0.2771383485413307, ""target_no2"": 0.05236567419065463, ""target_nox"": -0.2383013159735885}",,,0,0,0,False,14336.845639891219,"{""target_benzene"": 47.23991439967525, ""target_co"": 1.4483570080687158, ""target_no2"": 2213.997986553283, ""target_nox"": 55084.69630160385}"
air_quality,1,cnn_mlp,6941,3700,926,2315,7,5,4,83.87746197028551,62.8238397840606,-0.2304244379083332,"{""target_benzene"": 7.700978429168161, ""target_co"": 1.2908773887941953, ""target_no2"": 49.72906763623968, ""target_nox"": 276.78892442694}","{""target_benzene"": -0.3093103417186498, ""target_co"": 0.16833284943720084, ""target_no2"": -0.05848375131638761, ""target_nox"": -0.7222365080354962}",,,0,0,0,False,19786.515071647857,"{""target_benzene"": 59.30506876651331, ""target_co"": 1.6663644329001202, ""target_no2"": 2472.9801679697002, ""target_nox"": 76612.10868542231}"
air_quality,1,ftt_mlp,6941,3700,926,2315,7,5,4,74.63640506094718,54.362863832235846,-0.0615953406469969,"{""target_benzene"": 6.492015389737234, ""target_co"": 1.3084884920234938, ""target_no2"": 52.66538583521061, ""target_nox"": 238.0797305268174}","{""target_benzene"": 0.06951395162611251, ""target_co"": 0.1454856202956979, ""target_no2"": -0.18717325062460488, ""target_nox"": -0.27420768388519345}",,,0,0,0,False,14874.864839711985,"{""target_benzene"": 42.14626382058509, ""target_co"": 1.7121421337579168, ""target_no2"": 2773.642865171602, ""target_nox"": 56681.95808772199}"
air_quality,1,two_stage_mlp,6941,3700,926,2315,7,5,4,80.4726333618164,59.91598892211914,-0.183509349822998,"{""target_benzene"": 7.445225238800049, ""target_co"": 1.2803449630737305, ""target_no2"": 52.043907165527344, ""target_nox"": 261.12103271484375}","{""target_benzene"": -0.22378885746002197, ""target_co"": 0.18184876441955566, ""target_no2"": -0.15931999683380127, ""target_nox"": -0.5327773094177246}",,,0,0,0,False,17737.458165300366,"{""target_benzene"": 55.431378856465244, ""target_co"": 1.6392832244682722, ""target_no2"": 2708.5682730540284, ""target_nox"": 68184.1937260665}"
air_quality,1,oracle_mlp,6941,3700,926,2315,7,5,4,33.10231018066406,23.483930587768555,0.7592086791992188,"{""target_benzene"": 0.9642195701599121, ""target_co"": 0.7066725492477417, ""target_no2"": 33.52060317993164, ""target_nox"": 97.21774291992188}","{""target_benzene"": 0.9794740676879883, ""target_co"": 0.7507610321044922, ""target_no2"": 0.5190640687942505, ""target_nox"": 0.7875354886054993}",,,0,0,0,False,2644.0873703654506,"{""target_benzene"": 0.9297193794793657, ""target_co"": 0.4993860918603019, ""target_no2"": 1123.6308375464432, ""target_nox"": 9451.28953844402}"
air_quality,1,prism,6941,3700,926,2315,7,5,4,80.36823272705078,60.30599594116211,-0.1881211251020431,"{""target_benzene"": 7.141946315765381, ""target_co"": 1.3301199674606323, ""target_no2"": 53.630184173583984, ""target_nox"": 259.37066650390625}","{""target_benzene"": -0.12611818313598633, ""target_co"": 0.11699897050857544, ""target_no2"": -0.23106825351715088, ""target_nox"": -0.5122970342636108}",,,0,0,0,False,17550.52897836955,"{""target_benzene"": 51.0073971772747, ""target_co"": 1.7692191278374736, ""target_no2"": 2876.196654492538, ""target_nox"": 67273.14264268056}"
air_quality,1,prism_z_acp_random_forest,6941,3700,926,2315,7,5,4,76.6692432154265,56.55148425521531,-0.213414942641448,"{""target_benzene"": 7.822311517347836, ""target_co"": 1.4464374380829195, ""target_no2"": 50.39280410733998, ""target_nox"": 247.01541979893526}","{""target_benzene"": -0.35089314897409807, ""target_co"": -0.04418841071851798, ""target_no2"": -0.0869275898099029, ""target_nox"": -0.3716506210632733}",,,0,0,0,False,15904.83326574542,"{""target_benzene"": 61.1885574744326, ""target_co"": 2.0921812622878795, ""target_no2"": 2539.4347058007406, ""target_nox"": 61016.617618444216}"
air_quality,1,prism_z_acp_xgboost,6941,3700,926,2315,7,5,4,80.64731179553536,59.22298667992982,-0.2352190665826126,"{""target_benzene"": 7.756563926952252, ""target_co"": 1.3696470829481178, ""target_no2"": 51.45175814863616, ""target_nox"": 262.0112780236049}","{""target_benzene"": -0.3282797039113301, ""target_co"": 0.06373904075790271, ""target_no2"": -0.13308894178712927, ""target_nox"": -0.5432466613898939}",,,0,0,0,False,17839.808361308314,"{""target_benzene"": 60.16428395289694, ""target_co"": 1.8759331318282881, ""target_no2"": 2647.2834165857475, ""target_nox"": 68649.90981156279}"
air_quality,1,prism_z_acp_lightgbm,6941,3700,926,2315,7,5,4,79.76020855758313,58.96106420524858,-0.2313550408279456,"{""target_benzene"": 7.752654451847318, ""target_co"": 1.3822519224702654, ""target_no2"": 51.76462650003584, ""target_nox"": 258.14130135597907}","{""target_benzene"": -0.3269410782458948, ""target_co"": 0.04642695588203338, ""target_no2"": -0.1469110356802259, ""target_nox"": -0.49799500526769513}",,,0,0,0,False,17344.630573468385,"{""target_benzene"": 60.103651049748045, ""target_co"": 1.9106203771727446, ""target_no2"": 2679.5765566882123, ""target_nox"": 66636.9314657584}"
air_quality,1,prism_z_random_forest,6941,3700,926,2315,7,5,4,68.8249399045543,51.71783992911092,0.0460694800831273,"{""target_benzene"": 6.570460618717026, ""target_co"": 1.2375698125746477, ""target_no2"": 48.91832353171691, ""target_nox"": 218.57340565520863}","{""target_benzene"": 0.04689133555123837, ""target_co"": 0.23560299791682127, ""target_no2"": -0.024251696752687346, ""target_nox"": -0.07396471638286295}",,,0,0,0,False,12553.009642163306,"{""target_benzene"": 43.170952742111325, ""target_co"": 1.5315790409960486, ""target_no2"": 2393.002377153728, ""target_nox"": 47774.33365971639}"
air_quality,1,prism_z_xgboost,6941,3700,926,2315,7,5,4,73.29749355497545,54.68275528916938,0.0243334925034607,"{""target_benzene"": 6.272478023137127, ""target_co"": 1.2079563570665386, ""target_no2"": 49.58720099243488, ""target_nox"": 236.12233884726322}","{""target_benzene"": 0.13138148743626166, ""target_co"": 0.2717473931061084, ""target_no2"": -0.05245309955298705, ""target_nox"": -0.2533418109755401}",,,0,0,0,False,14563.36313601931,"{""target_benzene"": 39.343980550738245, ""target_co"": 1.4591585605774628, ""target_no2"": 2458.8905022641347, ""target_nox"": 55753.75890270179}"
air_quality,1,prism_z_lightgbm,6941,3700,926,2315,7,5,4,74.67489641144206,56.17308206178004,-0.0293429951576404,"{""target_benzene"": 6.6049357588154365, ""target_co"": 1.2490202361228997, ""target_no2"": 50.04978993006886, ""target_nox"": 240.79583972076108}","{""target_benzene"": 0.036863192655615995, ""target_co"": 0.2213926306235009, ""target_no2"": -0.07218093369671141, ""target_nox"": -0.3034468702129671}",,,0,0,0,False,15133.200781699701,"{""target_benzene"": 43.62517637807885, ""target_co"": 1.560051550244504, ""target_no2"": 2504.981472044022, ""target_nox"": 57982.63642682646}"
air_quality,2,simple_mlp,6941,3700,926,2315,7,5,4,81.78057098388672,61.09992218017578,-0.2398309707641601,"{""target_benzene"": 7.637556552886963, ""target_co"": 1.3213951587677002, ""target_no2"": 53.508575439453125, ""target_nox"": 264.6547546386719}","{""target_benzene"": -0.28783321380615234, ""target_co"": 0.12854504585266113, ""target_no2"": -0.22549164295196533, ""target_nox"": -0.5745440721511841}",,,0,0,0,False,18241.346288419856,"{""target_benzene"": 58.33227009854659, ""target_co"": 1.7460851656147156, ""target_no2"": 2863.167645559646, ""target_nox"": 70042.13915285561}"
air_quality,2,random_forest,6941,3700,926,2315,7,5,4,68.53450894658964,51.581670366860656,-0.0323408578499554,"{""target_benzene"": 7.84269807057014, ""target_co"": 1.2239637576822118, ""target_no2"": 47.30119868724437, ""target_nox"": 217.77017527086184}","{""target_benzene"": -0.35794363445611066, ""target_co"": 0.25231842749845423, ""target_no2"": 0.042347701852494035, ""target_nox"": -0.06608592629465959}",,,0,0,0,False,12431.064658764573,"{""target_benzene"": 61.507913026124605, ""target_co"": 1.49808728011956, ""target_no2"": 2237.403397250169, ""target_nox"": 47423.84923750188}"
air_quality,2,xgboost,6941,3700,926,2315,7,5,4,71.0434472340628,55.31961343144096,0.0052983315879915,"{""target_benzene"": 7.336643736472462, ""target_co"": 1.1670568647370234, ""target_no2"": 46.654622516973795, ""target_nox"": 229.01546581806792}","{""target_benzene"": -0.18835339974827447, ""target_co"": 0.3202274933913569, ""target_no2"": 0.06834971355121733, ""target_nox"": -0.17903048084233375}",,,0,0,0,False,13669.981437277353,"{""target_benzene"": 53.82634131592061, ""target_co"": 1.362021725529811, ""target_no2"": 2176.6538022013183, ""target_nox"": 52448.08358386664}"
air_quality,2,lightgbm,6941,3700,926,2315,7,5,4,75.40313357921818,58.163749382079054,-0.0518754633549814,"{""target_benzene"": 7.096239790439369, ""target_co"": 1.2146969944307124, ""target_no2"": 48.675379837977275, ""target_nox"": 244.62621769402534}","{""target_benzene"": -0.11175045748416035, ""target_co"": 0.2635971267703421, ""target_no2"": -0.014103450648834892, ""target_nox"": -0.3452450720572726}",,,0,0,0,False,15565.777773401933,"{""target_benzene"": 50.356619163414976, ""target_co"": 1.4754887882790062, ""target_no2"": 2369.2926023713644, ""target_nox"": 59841.986383284675}"
air_quality,2,cnn_mlp,6941,3700,926,2315,7,5,4,89.5248021438663,67.92564371190004,-0.4229103718830205,"{""target_benzene"": 8.38221150650306, ""target_co"": 1.3782623945259627, ""target_no2"": 53.899906142011105, ""target_nox"": 294.4388285324251}","{""target_benzene"": -0.5512006648657188, ""target_co"": 0.05192351718256416, ""target_no2"": -0.24348222010709164, ""target_nox"": -0.9488821197418358}",,,0,0,0,False,22417.896176658083,"{""target_benzene"": 70.2614697397523, ""target_co"": 1.8996072281644403, ""target_no2"": 2905.199882117606, ""target_nox"": 86694.22374754681}"
air_quality,2,ftt_mlp,6941,3700,926,2315,7,5,4,79.72442771703258,58.98953948627886,-0.1479922032476452,"{""target_benzene"": 6.5207117078686565, ""target_co"": 1.3229841773613837, ""target_no2"": 55.3097072771538, ""target_nox"": 255.7443077057465}","{""target_benzene"": 0.06126988296497171, ""target_co"": 0.12644780200230965, ""target_no2"": -0.30938174563928134, ""target_nox"": -0.4703047523185808}",,,0,0,0,False,17127.146152821668,"{""target_benzene"": 42.51968117713537, ""target_co"": 1.7502871335485772, ""target_no2"": 3059.16371908444, ""target_nox"": 65405.15092389155}"
air_quality,2,two_stage_mlp,6941,3700,926,2315,7,5,4,79.1725845336914,58.92426300048828,-0.11936616897583,"{""target_benzene"": 6.8066205978393555, ""target_co"": 1.287331461906433, ""target_no2"": 51.69619369506836, ""target_nox"": 256.9001770019531}","{""target_benzene"": -0.02285444736480713, ""target_co"": 0.17289555072784424, ""target_no2"": -0.14388060569763184, ""target_nox"": -0.4836251735687256}",,,0,0,0,False,17179.546173112154,"{""target_benzene"": 46.330083962930985, ""target_co"": 1.6572222928141542, ""target_no2"": 2672.4964425580256, ""target_nox"": 65997.70094363485}"
air_quality,2,oracle_mlp,6941,3700,926,2315,7,5,4,33.52745819091797,23.226621627807617,0.7653772830963135,"{""target_benzene"": 1.1336408853530884, ""target_co"": 0.6957681179046631, ""target_no2"": 32.1810302734375, ""target_nox"": 100.09940338134766}","{""target_benzene"": 0.9716272354125977, ""target_co"": 0.7583935260772705, ""target_no2"": 0.5567349195480347, ""target_nox"": 0.7747533321380615}",,,0,0,0,False,2764.319625423123,"{""target_benzene"": 1.285141656944134, ""target_co"": 0.48409327389259715, ""target_no2"": 1035.6187094599009, ""target_nox"": 10019.890557301755}"
air_quality,2,prism,6941,3700,926,2315,7,5,4,81.50807189941406,60.65422821044922,-0.1882431209087371,"{""target_benzene"": 7.024134635925293, ""target_co"": 1.3118242025375366, ""target_no2"": 53.8121223449707, ""target_nox"": 263.8841857910156}","{""target_benzene"": -0.089272141456604, ""target_co"": 0.14112317562103271, ""target_no2"": -0.239435076713562, ""target_nox"": -0.5653884410858154}",,,0,0,0,False,18145.41684299483,"{""target_benzene"": 49.33846738360535, ""target_co"": 1.720882738363244, ""target_no2"": 2895.7445112700952, ""target_nox"": 69634.86351058725}"
air_quality,2,prism_z_acp_random_forest,6941,3700,926,2315,7,5,4,74.17824373115744,55.58616413641042,-0.1170025142473789,"{""target_benzene"": 6.961628877814557, ""target_co"": 1.408967096070855, ""target_no2"": 51.828604911591, ""target_nox"": 236.51377403915336}","{""target_benzene"": -0.06997218266151073, ""target_co"": 0.00921080302717081, ""target_no2"": -0.14974783357313903, ""target_nox"": -0.25750084378203675}",,,0,0,0,False,14668.85476555893,"{""target_benzene"": 48.46427663242157, ""target_co"": 1.9851882778103376, ""target_no2"": 2686.204287081795, ""target_nox"": 55938.765310243696}"
air_quality,2,prism_z_acp_xgboost,6941,3700,926,2315,7,5,4,78.72858375373288,58.32784559285314,-0.1380691546893507,"{""target_benzene"": 6.882900577424009, ""target_co"": 1.331618774018228, ""target_no2"": 52.17174711786594, ""target_nox"": 254.52806854562334}","{""target_benzene"": -0.04590862545543284, ""target_co"": 0.1150079293790347, ""target_no2"": -0.16502252728975275, ""target_nox"": -0.4563533953912522}",,,0,0,0,False,16888.894100953527,"{""target_benzene"": 47.37432035870376, ""target_co"": 1.7732085593178084, ""target_no2"": 2721.891197330553, ""target_nox"": 64784.53767756553}"
air_quality,2,prism_z_acp_lightgbm,6941,3700,926,2315,7,5,4,77.571786031953,58.56314993309932,-0.1327303666321235,"{""target_benzene"": 6.904952487887648, ""target_co"": 1.332174327724383, ""target_no2"": 52.88051044262639, ""target_nox"": 249.16950686957352}","{""target_benzene"": -0.05262126951322332, ""target_co"": 0.11426933482752044, ""target_no2"": -0.19689165587848168, ""target_nox"": -0.3956778759643096}",,,0,0,0,False,16232.81114889965,"{""target_benzene"": 47.678368859985824, ""target_co"": 1.7746884394479117, ""target_no2"": 2796.3483846727186, ""target_nox"": 62085.443153626446}"
air_quality,2,prism_z_random_forest,6941,3700,926,2315,7,5,4,66.79919946762709,50.08344400386985,0.084922552257642,"{""target_benzene"": 6.319993748510379, ""target_co"": 1.2264311509958514, ""target_no2"": 49.07971129868397, ""target_nox"": 210.57066167231815}","{""target_benzene"": 0.11817166518396027, ""target_co"": 0.24930088062160105, ""target_no2"": -0.031021118018459193, ""target_nox"": 0.0032387812434658825}",,,0,0,0,False,11697.567018157346,"{""target_benzene"": 39.94232098121027, ""target_co"": 1.504133368133009, ""target_no2"": 2408.818061162167, ""target_nox"": 44340.003557117874}"
air_quality,2,prism_z_xgboost,6941,3700,926,2315,7,5,4,73.37969038013318,54.441557762157416,0.0302817093053118,"{""target_benzene"": 6.140952451443954, ""target_co"": 1.2153326229395562, ""target_no2"": 49.540602476313914, ""target_nox"": 236.6218739698353}","{""target_benzene"": 0.16742719426557906, ""target_co"": 0.26282623307285846, ""target_no2"": -0.05047598818941834, ""target_nox"": -0.2586506019277717}",,,0,0,0,False,14620.842716277013,"{""target_benzene"": 37.71129701089551, ""target_co"": 1.4770333843811416, ""target_no2"": 2454.2712937161605, ""target_nox"": 55989.91124099662}"
air_quality,2,prism_z_lightgbm,6941,3700,926,2315,7,5,4,76.66182404551569,57.29823234772009,-0.0394411577835919,"{""target_benzene"": 6.444866011048091, ""target_co"": 1.2263793086016739, ""target_no2"": 50.8301323430924, ""target_nox"": 248.14591851932062}","{""target_benzene"": 0.08298057017942062, ""target_co"": 0.2493643447909072, ""target_no2"": -0.10587500675729222, ""target_nox"": -0.38423453934740337}",,,0,0,0,False,16050.78488398063,"{""target_benzene"": 41.536297900362925, ""target_co"": 1.5040062085663197, ""target_no2"": 2583.702354016288, ""target_nox"": 61576.396877797306}"
air_quality,3,simple_mlp,6941,3700,926,2315,7,5,4,79.61112213134766,58.69890594482422,-0.1650920212268829,"{""target_benzene"": 7.449948787689209, ""target_co"": 1.2803913354873657, ""target_no2"": 50.96520233154297, ""target_nox"": 258.7489318847656}","{""target_benzene"": -0.22534215450286865, ""target_co"": 0.18178951740264893, ""target_no2"": -0.11176002025604248, ""target_nox"": -0.5050554275512695}",,,0,0,0,False,17401.400684778346,"{""target_benzene"": 55.501736939191915, ""target_co"": 1.63940197199112, ""target_no2"": 2597.451848695113, ""target_nox"": 66951.00975150708}"
air_quality,3,random_forest,6941,3700,926,2315,7,5,4,68.34223986529979,51.1832294644192,0.008289492697829,"{""target_benzene"": 7.3785614659179295, ""target_co"": 1.2363946591110593, ""target_no2"": 46.68655615596466, ""target_nox"": 218.0674471802055}","{""target_benzene"": -0.20197153618285513, ""target_co"": 0.23705399855668008, ""target_no2"": 0.06707390574828231, ""target_nox"": -0.06899839733079105}",,,0,0,0,False,12447.254471613793,"{""target_benzene"": 54.44316930632895, ""target_co"": 1.5286717530783525, ""target_no2"": 2179.6345257040416, ""target_nox"": 47553.41151969172}"
air_quality,3,xgboost,6941,3700,926,2315,7,5,4,70.40990444858477,54.46809911622556,-0.0463701113398649,"{""target_benzene"": 7.924671792778598, ""target_co"": 1.1812308191176495, ""target_no2"": 47.45115379076972, ""target_nox"": 225.08256139167307}","{""target_benzene"": -0.3864791836324437, ""target_co"": 0.30361549457415504, ""target_no2"": 0.03626614439394793, ""target_nox"": -0.13888290069511888}",,,0,0,0,False,13244.491791995712,"{""target_benzene"": 62.80042302326076, ""target_co"": 1.3953062480333531, ""target_no2"": 2251.61199607528, ""target_nox"": 50662.15944263627}"
air_quality,3,lightgbm,6941,3700,926,2315,7,5,4,72.68541291454196,56.01753199898856,-0.0220596009925795,"{""target_benzene"": 7.162638831775427, ""target_co"": 1.2124713403784515, ""target_no2"": 48.03108489300685, ""target_nox"": 234.3354565930071}","{""target_benzene"": -0.1326530274899691, ""target_co"": 0.2662932337343984, ""target_no2"": 0.012565368925410603, ""target_nox"": -0.23444397914015824}",,,0,0,0,False,14318.216203609512,"{""target_benzene"": 51.303395034457246, ""target_co"": 1.4700867512391187, ""target_no2"": 2306.985115999231, ""target_nox"": 54913.10621665312}"
air_quality,3,cnn_mlp,6941,3700,926,2315,7,5,4,93.48865712808424,69.70188200224187,-0.6090287141159726,"{""target_benzene"": 9.188367443896343, ""target_co"": 1.4505940346281077, ""target_no2"": 57.62548831899643, ""target_nox"": 305.6901787148161}","{""target_benzene"": -0.8639209645105952, ""target_co"": -0.05019835777444004, ""target_no2"": -0.42132305040654794, ""target_nox"": -1.1006724837723074}",,,0,0,0,False,24213.42814650909,"{""target_benzene"": 84.42609628405422, ""target_co"": 2.1042230532986514, ""target_no2"": 3320.6969040027943, ""target_nox"": 93446.48536269621}"
air_quality,3,ftt_mlp,6941,3700,926,2315,7,5,4,77.64282454376277,56.557674620795446,-0.0606864952302066,"{""target_benzene"": 6.118546507266906, ""target_co"": 1.2727494919167972, ""target_no2"": 52.954164505249096, ""target_nox"": 250.22583767061832}","{""target_benzene"": 0.17349151709767208, ""target_co"": 0.19152717769472827, ""target_no2"": -0.2002281337516394, ""target_nox"": -0.40753654196158773}",,,0,0,0,False,16364.042469760594,"{""target_benzene"": 37.43661136158806, ""target_co"": 1.6198912691744654, ""target_no2"": 2804.1435384489832, ""target_nox"": 62612.96983796263}"
air_quality,3,two_stage_mlp,6941,3700,926,2315,7,5,4,78.31649780273438,58.45877456665039,-0.1144745796918869,"{""target_benzene"": 6.623173713684082, ""target_co"": 1.3274188041687012, ""target_no2"": 52.30495071411133, ""target_nox"": 253.0104217529297}","{""target_benzene"": 0.031536877155303955, ""target_co"": 0.1205817461013794, ""target_no2"": -0.17097914218902588, ""target_nox"": -0.4390377998352051}",,,0,0,0,False,16698.927463881068,"{""target_benzene"": 43.866430041635795, ""target_co"": 1.7620406816606646, ""target_no2"": 2735.807869205615, ""target_nox"": 64014.273515595356}"
air_quality,3,oracle_mlp,6941,3700,926,2315,7,5,4,31.65125274658203,23.10668563842773,0.7935217618942261,"{""target_benzene"": 1.2312026023864746, ""target_co"": 0.6716784834861755, ""target_no2"": 29.06930923461914, ""target_nox"": 95.63282012939453}","{""target_benzene"": 0.9665335416793823, ""target_co"": 0.774834156036377, ""target_no2"": 0.6383129358291626, ""target_nox"": 0.794406533241272}",,,0,0,0,False,2498.1570092780858,"{""target_benzene"": 1.5158598481232275, ""target_co"": 0.4511519851782886, ""target_no2"": 845.0247393779136, ""target_nox"": 9145.636285901128}"
air_quality,3,prism,6941,3700,926,2315,7,5,4,82.06948852539062,61.06267929077149,-0.206542506814003,"{""target_benzene"": 7.348580360412598, ""target_co"": 1.31607186794281, ""target_no2"": 52.06735610961914, ""target_nox"": 267.54595947265625}","{""target_benzene"": -0.19222354888916016, ""target_co"": 0.13555222749710083, ""target_no2"": -0.16036498546600342, ""target_nox"": -0.6091337203979492}",,,0,0,0,False,18586.895920216288,"{""target_benzene"": 54.001633313441744, ""target_co"": 1.7320451615904773, ""target_no2"": 2711.0095722458937, ""target_nox"": 71580.84043014422}"
air_quality,3,prism_z_acp_random_forest,6941,3700,926,2315,7,5,4,75.51885565438486,56.24332414730683,-0.1423100802201269,"{""target_benzene"": 7.375374377461475, ""target_co"": 1.3838223033525903, ""target_no2"": 50.36349552140273, ""target_nox"": 242.95273041532266}","{""target_benzene"": -0.20093340367100132, ""target_co"": 0.04425901023346135, ""target_no2"": -0.08566363764922946, ""target_nox"": -0.32690228979373814}",,,0,0,0,False,15404.705502192444,"{""target_benzene"": 54.396147207715245, ""target_co"": 1.9149641672560684, ""target_no2"": 2536.481681134353, ""target_nox"": 59026.02921626045}"
air_quality,3,prism_z_acp_xgboost,6941,3700,926,2315,7,5,4,82.8979557070031,60.40337474019401,-0.2416334623655665,"{""target_benzene"": 7.441579895957838, ""target_co"": 1.3588788142529116, ""target_no2"": 52.508848193405875, ""target_nox"": 270.2825159243958}","{""target_benzene"": -0.22259068390596726, ""target_co"": 0.07840307697003923, ""target_no2"": -0.18012645449989995, ""target_nox"": -0.6422197880264382}",,,0,0,0,False,18966.76030399979,"{""target_benzene"": 55.377111347923865, ""target_co"": 1.846551631825399, ""target_no2"": 2757.1791385981433, ""target_nox"": 73052.63841442126}"
air_quality,3,prism_z_acp_lightgbm,6941,3700,926,2315,7,5,4,81.8468435758473,60.36370933738744,-0.2221638805492999,"{""target_benzene"": 7.481020646058432, ""target_co"": 1.3444706390541667, ""target_no2"": 51.88393938395141, ""target_nox"": 266.6779436343252}","{""target_benzene"": -0.23558461214531023, ""target_co"": 0.09784282942934519, ""target_no2"": -0.15220418569507288, ""target_nox"": -0.5987095537861618}",,,0,0,0,False,18466.710514558974,"{""target_benzene"": 55.96566990675252, ""target_co"": 1.8076012992787196, ""target_no2"": 2691.943165997544, ""target_nox"": 71117.12562103232}"
air_quality,3,prism_z_random_forest,6941,3700,926,2315,7,5,4,67.38238186346646,50.66461942892578,0.0780101491406465,"{""target_benzene"": 6.429217069260028, ""target_co"": 1.227546271568784, ""target_no2"": 48.28157048844863, ""target_nox"": 213.5911936245884}","{""target_benzene"": 0.08742837166597783, ""target_co"": 0.24793512828721698, ""target_no2"": 0.0022394270780773384, ""target_nox"": -0.025562330468685834}",,,0,0,0,False,11998.78743619499,"{""target_benzene"": 41.334832123664505, ""target_co"": 1.5068698488424226, ""target_no2"": 2331.1100488310335, ""target_nox"": 45621.19799397642}"
air_quality,3,prism_z_xgboost,6941,3700,926,2315,7,5,4,74.94683763319361,56.34463526180039,-0.0318842461790109,"{""target_benzene"": 6.501757115235212, ""target_co"": 1.2432045567760261, ""target_no2"": 51.106077476064186, ""target_nox"": 240.93631138469902}","{""target_benzene"": 0.0667193369778446, ""target_co"": 0.22862644276068111, ""target_no2"": -0.11791468227097646, ""target_nox"": -0.30496808218359295}",,,0,0,0,False,15176.488925452406,"{""target_benzene"": 42.2728455855117, ""target_co"": 1.5455575699886757, ""target_no2"": 2611.831154989475, ""target_nox"": 58050.306143664646}"
air_quality,3,prism_z_lightgbm,6941,3700,926,2315,7,5,4,76.69393561926981,57.88273405977422,-0.0878087808724596,"{""target_benzene"": 7.010466921421652, ""target_co"": 1.2424746161045157, ""target_no2"": 51.15827240757152, ""target_nox"": 247.36452853198156}","{""target_benzene"": -0.08503731307398632, ""target_co"": 0.2295319922640331, ""target_no2"": -0.1201993137467452, ""target_nox"": -0.37553048893314034}",,,0,0,0,False,15964.267300301208,"{""target_benzene"": 49.14664645634718, ""target_co"": 1.5437431716640637, ""target_no2"": 2617.1688357272938, ""target_nox"": 61189.209975849524}"
air_quality,4,simple_mlp,6941,3700,926,2315,7,5,4,78.47980499267578,58.45156097412109,-0.1258201599121093,"{""target_benzene"": 6.861238479614258, ""target_co"": 1.3141849040985107, ""target_no2"": 51.91584014892578, ""target_nox"": 253.82797241210938}","{""target_benzene"": -0.03933572769165039, ""target_co"": 0.1380293369293213, ""target_no2"": -0.15362143516540527, ""target_nox"": -0.4483528137207031}",,,0,0,0,False,16793.174428161918,"{""target_benzene"": 47.07659347413937, ""target_co"": 1.7270819621604119, ""target_no2"": 2695.254458368814, ""target_nox"": 64428.63957884256}"
air_quality,4,random_forest,6941,3700,926,2315,7,5,4,67.42626213825844,50.63433235723412,0.046743166584461,"{""target_benzene"": 7.020734070101098, ""target_co"": 1.22450010187105, ""target_no2"": 46.90365007905132, ""target_nox"": 214.55616430201025}","{""target_benzene"": -0.08821781366988168, ""target_co"": 0.25166301180196127, ""target_no2"": 0.058377463181321976, ""target_nox"": -0.034849994975557186}",,,0,0,0,False,12071.272534527967,"{""target_benzene"": 49.290706883078336, ""target_co"": 1.4994004994822117, ""target_no2"": 2199.952390738091, ""target_nox"": 46034.34763999122}"
air_quality,4,xgboost,6941,3700,926,2315,7,5,4,69.89465727346531,54.039588537406445,0.0442305862669585,"{""target_benzene"": 6.901042447161162, ""target_co"": 1.1628716162672927, ""target_no2"": 47.59535525355159, ""target_nox"": 223.9193597768812}","{""target_benzene"": -0.05142955783519376, ""target_co"": 0.32509429224434727, ""target_no2"": 0.03039977510712999, ""target_nox"": -0.1271421644484494}",,,0,0,0,False,13113.543545463397,"{""target_benzene"": 47.624386857520115, ""target_co"": 1.3522703959201057, ""target_no2"": 2265.3178417117806, ""target_nox"": 50139.879682888364}"
air_quality,4,lightgbm,6941,3700,926,2315,7,5,4,71.7878009511128,55.585583886656906,0.0389027535420717,"{""target_benzene"": 6.532293470659376, ""target_co"": 1.1985951560639598, ""target_no2"": 47.84429918541413, ""target_nox"": 231.57601599231376}","{""target_benzene"": 0.057932200161331826, ""target_co"": 0.2829910165747994, ""target_no2"": 0.02023040707557544, ""target_nox"": -0.20554260964341964}",,,0,0,0,False,13990.158908937683,"{""target_benzene"": 42.67085798681911, ""target_co"": 1.4366303481399882, ""target_no2"": 2289.0769645434193, ""target_nox"": 53627.451182872355}"
air_quality,4,cnn_mlp,6941,3700,926,2315,7,5,4,83.27797120816318,63.10563566836576,-0.2191374221458233,"{""target_benzene"": 7.253144122125424, ""target_co"": 1.3175947589637824, ""target_no2"": 52.66025171069504, ""target_nox"": 271.8808942408685}","{""target_benzene"": -0.16145770287145988, ""target_co"": 0.13355045529632847, ""target_no2"": -0.18694179696292057, ""target_nox"": -0.6617006440452413}",,,0,0,0,False,19186.666729763314,"{""target_benzene"": 52.608099656322594, ""target_co"": 1.7360559488488279, ""target_no2"": 2773.1021102337604, ""target_nox"": 73919.22065321432}"
air_quality,4,ftt_mlp,6941,3700,926,2315,7,5,4,78.60482735548301,57.63957744636177,-0.1300875945799642,"{""target_benzene"": 6.299623413671734, ""target_co"": 1.3012835894714516, ""target_no2"": 57.14551414154933, ""target_nox"": 249.67288827723957}","{""target_benzene"": 0.12384698192406096, ""target_co"": 0.15487010115073474, ""target_no2"": -0.3977446895540613, ""target_nox"": -0.4013227718405914}",,,0,0,0,False,16410.88488033382,"{""target_benzene"": 39.685255154081105, ""target_co"": 1.6933389802277055, ""target_no2"": 3265.6097865020142, ""target_nox"": 62336.551140698946}"
air_quality,4,two_stage_mlp,6941,3700,926,2315,7,5,4,80.4455795288086,59.99134826660156,-0.1634151339530944,"{""target_benzene"": 6.829630374908447, ""target_co"": 1.321556806564331, ""target_no2"": 53.673606872558594, ""target_nox"": 259.95751953125}","{""target_benzene"": -0.029781699180603027, ""target_co"": 0.12833178043365479, ""target_no2"": -0.2330625057220459, ""target_nox"": -0.5191481113433838}",,,0,0,0,False,17626.78959975026,"{""target_benzene"": 46.6438510578721, ""target_co"": 1.7465123929765127, ""target_no2"": 2880.856074709969, ""target_nox"": 67577.91196084023}"
air_quality,4,oracle_mlp,6941,3700,926,2315,7,5,4,32.373817443847656,22.53330612182617,0.776033878326416,"{""target_benzene"": 1.1001042127609253, ""target_co"": 0.6915215849876404, ""target_no2"": 31.399181365966797, ""target_nox"": 96.3044662475586}","{""target_benzene"": 0.9732810854911804, ""target_co"": 0.761333703994751, ""target_no2"": 0.5780118703842163, ""target_nox"": 0.7915085554122925}",,,0,0,0,False,2565.536810265367,"{""target_benzene"": 1.2102292789343352, ""target_co"": 0.47820210250381834, ""target_no2"": 985.9085904528765, ""target_nox"": 9274.550219227152}"
air_quality,4,prism,6941,3700,926,2315,7,5,4,82.91947937011719,62.48267364501953,-0.198414072394371,"{""target_benzene"": 6.9079766273498535, ""target_co"": 1.3227040767669678, ""target_no2"": 53.609275817871094, ""target_nox"": 269.83795166015625}","{""target_benzene"": -0.0535435676574707, ""target_co"": 0.1268177628517151, ""target_no2"": -0.23010849952697754, ""target_nox"": -0.636821985244751}",,,0,0,0,False,18933.986074256027,"{""target_benzene"": 47.72014108401186, ""target_co"": 1.7495460746959566, ""target_no2"": 2873.9544537165784, ""target_nox"": 72812.52015614882}"
air_quality,4,prism_z_acp_random_forest,6941,3700,926,2315,7,5,4,69.55521618360396,52.0087404255887,0.0161456510719986,"{""target_benzene"": 6.487682132158187, ""target_co"": 1.3083988675226523, ""target_no2"": 49.67910375645036, ""target_nox"": 220.74567997828467}","{""target_benzene"": 0.07075568931092635, ""target_co"": 0.14560267566509955, ""target_no2"": -0.05635785635854518, ""target_nox"": -0.09541790432948605}",,,0,0,0,False,12810.117626540972,"{""target_benzene"": 42.0900194479246, ""target_co"": 1.7119075965345592, ""target_no2"": 2468.0133500441602, ""target_nox"": 48728.655229075266}"
air_quality,4,prism_z_acp_xgboost,6941,3700,926,2315,7,5,4,72.18529141900675,54.09697695225694,-0.0066775473608372,"{""target_benzene"": 6.467767347960098, ""target_co"": 1.3074835831977627, ""target_no2"": 49.40001592794937, ""target_nox"": 231.56589881691974}","{""target_benzene"": 0.07645180595528722, ""target_co"": 0.14679763688007152, ""target_no2"": -0.04452235668335769, ""target_nox"": -0.20543727559534997}",,,0,0,0,False,14026.66714908931,"{""target_benzene"": 41.8320144673388, ""target_co"": 1.7095133203316608, ""target_no2"": 2440.3615736816514, ""target_nox"": 53622.76549488791}"
air_quality,4,prism_z_acp_lightgbm,6941,3700,926,2315,7,5,4,73.62916843599206,55.187045373134026,-0.0432698951466462,"{""target_benzene"": 6.544625302415183, ""target_co"": 1.3192662626941751, ""target_no2"": 50.914046275047745, ""target_nox"": 235.73873590381115}","{""target_benzene"": 0.054371923056153015, ""target_co"": 0.13135070111858416, ""target_no2"": -0.1095293320466586, ""target_nox"": -0.24927287271466358}",,,0,0,0,False,14552.391074361354,"{""target_benzene"": 42.83212034901302, ""target_co"": 1.7404634718830563, ""target_no2"": 2592.2401080977033, ""target_nox"": 55572.75160552682}"
air_quality,4,prism_z_random_forest,6941,3700,926,2315,7,5,4,66.95332155528736,50.08582728019708,0.0959706215365333,"{""target_benzene"": 6.137403317908687, ""target_co"": 1.2401459466756763, ""target_no2"": 48.512145222894624, ""target_nox"": 211.92359173367046}","{""target_benzene"": 0.16838921699875653, ""target_co"": 0.2324173372731173, ""target_no2"": -0.007313191580516021, ""target_nox"": -0.009610876545224523}",,,0,0,0,False,11826.060662220598,"{""target_benzene"": 37.66771948667656, ""target_co"": 1.5379619690561095, ""target_no2"": 2353.428234127218, ""target_nox"": 44911.60873329944}"
air_quality,4,prism_z_xgboost,6941,3700,926,2315,7,5,4,72.19977239465123,54.535622199042834,0.0754017262527523,"{""target_benzene"": 5.8523786260589885, ""target_co"": 1.1984975411887544, ""target_no2"": 48.355094791983795, ""target_nox"": 233.39311861937338}","{""target_benzene"": 0.24383666491669276, ""target_co"": 0.28310779978057743, ""target_no2"": -0.000801712941668864, ""target_nox"": -0.22453584674459193}",,,0,0,0,False,14211.562435789405,"{""target_benzene"": 34.25033558275209, ""target_co"": 1.43639635623549, ""target_no2"": 2338.215192341738, ""target_nox"": 54472.34781887689}"
air_quality,4,prism_z_lightgbm,6941,3700,926,2315,7,5,4,74.56843304594604,55.86700339346595,0.00674808914925,"{""target_benzene"": 6.200524700198848, ""target_co"": 1.2473055261232124, ""target_no2"": 49.17446223519002, ""target_nox"": 241.65143972227207}","{""target_benzene"": 0.15119551016398658, ""target_co"": 0.22352897617049405, ""target_no2"": -0.0350058405005369, ""target_nox"": -0.31272628923694357}",,,0,0,0,False,15213.387083400075,"{""target_benzene"": 38.44650655777601, ""target_co"": 1.5557710754975038, ""target_no2"": 2418.1277361201296, ""target_nox"": 58395.418319846896}"
air_quality,5,simple_mlp,6941,3700,926,2315,7,5,4,80.12765502929688,59.537879943847656,-0.1929236501455307,"{""target_benzene"": 7.333975315093994, ""target_co"": 1.3085639476776123, ""target_no2"": 53.6129150390625, ""target_nox"": 258.2551574707031}","{""target_benzene"": -0.18748927116394043, ""target_co"": 0.14538699388504028, ""target_no2"": -0.23027551174163818, ""target_nox"": -0.4993168115615845}",,,0,0,0,False,17406.392638182744,"{""target_benzene"": 53.78719392240805, ""target_co"": 1.7123396051616169, ""target_no2"": 2874.344658985734, ""target_nox"": 66695.72636021767}"
air_quality,5,random_forest,6941,3700,926,2315,7,5,4,68.63085525287339,51.31857929974272,-0.0905729435339534,"{""target_benzene"": 8.505734599806601, ""target_co"": 1.2362428413486308, ""target_no2"": 46.68933553343279, ""target_nox"": 218.09210803690553}","{""target_benzene"": -0.5972556734359946, ""target_co"": 0.23724135239647948, ""target_no2"": 0.06696282319424163, ""target_nox"": -0.06924027629054019}",,,0,0,0,False,12454.484364494969,"{""target_benzene"": 72.34752108234716, ""target_co"": 1.528296362785736, ""target_no2"": 2179.8940525534695, ""target_nox"": 47564.167587981276}"
air_quality,5,xgboost,6941,3700,926,2315,7,5,4,70.94180299169653,55.2194802457505,-0.0180510048973145,"{""target_benzene"": 7.46313076540603, ""target_co"": 1.185092197798534, ""target_no2"": 47.86487692675892, ""target_nox"": 227.25411207682265}","{""target_benzene"": -0.22968220060806321, ""target_co"": 0.299055167594828, ""target_no2"": 0.019387431786836884, ""target_nox"": -0.1609644183628598}",,,0,0,0,False,13498.14516584442,"{""target_benzene"": 55.69832082154999, ""target_co"": 1.4044435172829597, ""target_no2"": 2291.0464432137783, ""target_nox"": 51644.43145582507}"
air_quality,5,lightgbm,6941,3700,926,2315,7,5,4,71.91390671098279,55.54167617935149,-0.029073724539831,"{""target_benzene"": 7.444989858968783, ""target_co"": 1.2059078980940063, ""target_no2"": 47.376787037996166, ""target_nox"": 231.62794204887217}","{""target_benzene"": -0.22371139865957157, ""target_co"": 0.27421524830733257, ""target_no2"": 0.03928455765690286, ""target_nox"": -0.20608330546398812}",,,0,0,0,False,13988.23639392454,"{""target_benzene"": 55.427874000148016, ""target_co"": 1.4542138586855045, ""target_no2"": 2244.5599500436415, ""target_nox"": 53651.50353779569}"
air_quality,5,cnn_mlp,6941,3700,926,2315,7,5,4,88.14750418671792,66.60513125015912,-0.3614833544126931,"{""target_benzene"": 8.212918189146563, ""target_co"": 1.3130806875451841, ""target_no2"": 53.0781669644599, ""target_nox"": 289.98585090572004}","{""target_benzene"": -0.48917514096235526, ""target_co"": 0.1394771868646505, ""target_no2"": -0.2058558497288956, ""target_nox"": -0.890379613824172}",,,0,0,0,False,21744.5654349738,"{""target_benzene"": 67.45202518161447, ""target_co"": 1.7241808920041335, ""target_no2"": 2817.2918083070826, ""target_nox"": 84091.7937255145}"
air_quality,5,ftt_mlp,6941,3700,926,2315,7,5,4,76.8165687994316,55.61041830007216,-0.1007839426812364,"{""target_benzene"": 6.466772429080799, ""target_co"": 1.2953478545086636, ""target_no2"": 55.10439122838546, ""target_nox"": 244.39976368575142}","{""target_benzene"": 0.07673591786354139, ""target_co"": 0.1625625456832822, ""target_no2"": -0.2996786348353859, ""target_nox"": -0.34275559943638334}",,,0,0,0,False,15702.808873503951,"{""target_benzene"": 41.81914564951958, ""target_co"": 1.677926064180198, ""target_no2"": 3036.4939326509643, ""target_nox"": 59731.24448965114}"
air_quality,5,two_stage_mlp,6941,3700,926,2315,7,5,4,78.33499145507812,58.92467880249024,-0.1123596727848053,"{""target_benzene"": 6.988365650177002, ""target_co"": 1.2561904191970825, ""target_no2"": 51.58388900756836, ""target_nox"": 253.5115203857422}","{""target_benzene"": -0.07820665836334229, ""target_co"": 0.21242761611938477, ""target_no2"": -0.138916015625, ""target_nox"": -0.44474363327026367}",,,0,0,0,False,16744.850960566393,"{""target_benzene"": 48.83725446057383, ""target_co"": 1.578014369282542, ""target_no2"": 2660.897605145132, ""target_nox"": 64268.09096829058}"
air_quality,5,oracle_mlp,6941,3700,926,2315,7,5,4,32.119407653808594,22.50019836425781,0.7766992449760437,"{""target_benzene"": 1.0722850561141968, ""target_co"": 0.6903525590896606, ""target_no2"": 31.564064025878906, ""target_nox"": 95.15093994140625}","{""target_benzene"": 0.9746153354644775, ""target_co"": 0.7621399760246277, ""target_no2"": 0.5735683441162109, ""target_nox"": 0.7964732050895691}",,,0,0,0,False,2512.9044728650724,"{""target_benzene"": 1.1497952415658261, ""target_co"": 0.4765866558416434, ""target_no2"": 996.2901378297829, ""target_nox"": 9053.7013717331}"
air_quality,5,prism,6941,3700,926,2315,7,5,4,79.10664367675781,58.62885665893555,-0.1939176619052887,"{""target_benzene"": 7.579209327697754, ""target_co"": 1.3398191928863525, ""target_no2"": 51.59092330932617, ""target_nox"": 255.9166259765625}","{""target_benzene"": -0.2682316303253174, ""target_co"": 0.10407435894012451, ""target_no2"": -0.13922667503356934, ""target_nox"": -0.4722867012023926}",,,0,0,0,False,17053.54558715981,"{""target_benzene"": 57.44441403306064, ""target_co"": 1.7951154696266372, ""target_no2"": 2661.6233679087745, ""target_nox"": 65493.319451227784}"
air_quality,5,prism_z_acp_random_forest,6941,3700,926,2315,7,5,4,73.56490444276149,54.59307871568737,-0.1147038510238109,"{""target_benzene"": 7.256872657057569, ""target_co"": 1.3797578030268138, ""target_no2"": 50.8569934539337, ""target_nox"": 234.7659938570279}","{""target_benzene"": -0.162652122454781, ""target_co"": 0.049865083650612374, ""target_no2"": -0.10704411171744477, ""target_nox"": -0.23898425357363018}",,,0,0,0,False,14439.017896801819,"{""target_benzene"": 52.662200760749776, ""target_co"": 1.90373159501338, ""target_no2"": 2586.4337831734547, ""target_nox"": 55115.07187167806}"
air_quality,5,prism_z_acp_xgboost,6941,3700,926,2315,7,5,4,77.81299849715555,58.08086562731266,-0.1394359809063633,"{""target_benzene"": 7.114802488670626, ""target_co"": 1.3411968296271137, ""target_no2"": 51.11932834467902, ""target_nox"": 251.6766663256454}","{""target_benzene"": -0.11757449276495757, ""target_co"": 0.10223101711216698, ""target_no2"": -0.1184944669745891, ""target_nox"": -0.42390598099807364}",,,0,0,0,False,16501.68733164749,"{""target_benzene"": 50.62041445279373, ""target_co"": 1.798808935801821, ""target_no2"": 2613.1857304111036, ""target_nox"": 63341.14437279026}"
air_quality,5,prism_z_acp_lightgbm,6941,3700,926,2315,7,5,4,77.84801435369131,58.41297841724193,-0.1442200237179803,"{""target_benzene"": 7.1694509026705555, ""target_co"": 1.3332200068318423, ""target_no2"": 51.471865490147934, ""target_nox"": 251.41752101511494}","{""target_benzene"": -0.13480848498035036, ""target_co"": 0.11287829532961824, ""target_no2"": -0.13397473690908668, ""target_nox"": -0.4209751683121026}",,,0,0,0,False,16478.325328063514,"{""target_benzene"": 51.40102624580364, ""target_co"": 1.7774755866166976, ""target_no2"": 2649.352937035882, ""target_nox"": 63210.76987338576}"
air_quality,5,prism_z_random_forest,6941,3700,926,2315,7,5,4,67.93621567181079,51.80650439266381,0.0539233250141152,"{""target_benzene"": 6.650220979785748, ""target_co"": 1.2411467075190572, ""target_no2"": 48.175951104219, ""target_nox"": 215.67754389571934}","{""target_benzene"": 0.023610865667433978, ""target_co"": 0.2311780047271561, ""target_no2"": 0.00659999737401773, ""target_nox"": -0.04569556771214667}",,,0,0,0,False,12220.872772478904,"{""target_benzene"": 44.22543907998251, ""target_co"": 1.5404451495853961, ""target_no2"": 2320.9222647961, ""target_nox"": 46516.802940889946}"
air_quality,5,prism_z_xgboost,6941,3700,926,2315,7,5,4,73.69508495275528,56.09716464055691,-0.0070535074362172,"{""target_benzene"": 6.710728187948886, ""target_co"": 1.197178244726017, ""target_no2"": 49.60265255013946, ""target_nox"": 237.26978082820673}","{""target_benzene"": 0.005762633321759525, ""target_co"": 0.28468522943824615, ""target_no2"": -0.05310909840470157, ""target_nox"": -0.2655527941001732}",,,0,0,0,False,14700.959785709323,"{""target_benzene"": 45.03387281253174, ""target_co"": 1.4332357496452672, ""target_no2"": 2460.4231400098565, ""target_nox"": 56296.94889426526}"
air_quality,5,prism_z_lightgbm,6941,3700,926,2315,7,5,4,75.25226201232421,57.48692894829446,-0.06150819620757,"{""target_benzene"": 6.974694895124689, ""target_co"": 1.2453792359960068, ""target_no2"": 50.08779037352412, ""target_nox"": 242.70118354465203}","{""target_benzene"": -0.0739924122255029, ""target_co"": 0.22592542752740707, ""target_no2"": -0.07380966453667992, ""target_nox"": -0.3241561355955045}",,,0,0,0,False,15365.712144199624,"{""target_benzene"": 48.646368880078406, ""target_co"": 1.5509694414499975, ""target_no2"": 2508.7867445020956, ""target_nox"": 58903.86449397487}"
parkinsons_telemonitoring,1,simple_mlp,5875,3667,960,1248,19,1,1,12.533767700195312,10.282916069030762,-0.4280663728713989,"{""target_total_updrs"": 12.533767700195312}","{""target_total_updrs"": -0.4280663728713989}",,ID_subject,0,0,0,False,157.0953327624593,"{""target_total_updrs"": 157.0953327624593}"
parkinsons_telemonitoring,1,random_forest,5875,3667,960,1248,19,1,1,11.199107433659464,9.24601200192259,-0.1401236192010568,"{""target_total_updrs"": 11.199107433659465}","{""target_total_updrs"": -0.14012361920105687}",,ID_subject,0,0,0,False,125.4200073106467,"{""target_total_updrs"": 125.4200073106467}"
parkinsons_telemonitoring,1,xgboost,5875,3667,960,1248,19,1,1,11.152163736400963,9.331363697936148,-0.1305854583971248,"{""target_total_updrs"": 11.152163736400963}","{""target_total_updrs"": -0.13058545839712488}",,ID_subject,0,0,0,False,124.3707560034967,"{""target_total_updrs"": 124.3707560034967}"
parkinsons_telemonitoring,1,lightgbm,5875,3667,960,1248,19,1,1,10.836058343751166,8.88632180419479,-0.0674014548898875,"{""target_total_updrs"": 10.836058343751166}","{""target_total_updrs"": -0.06740145488988758}",,ID_subject,0,0,0,False,117.42016042917926,"{""target_total_updrs"": 117.42016042917926}"
parkinsons_telemonitoring,1,cnn_mlp,5875,3667,960,1248,19,1,1,10.591387450466286,8.15497204068501,-0.0197432331366305,"{""target_total_updrs"": 10.591387450466286}","{""target_total_updrs"": -0.01974323313663051}",,ID_subject,0,0,0,False,112.17748812589473,"{""target_total_updrs"": 112.17748812589473}"
parkinsons_telemonitoring,1,ftt_mlp,5875,3667,960,1248,19,1,1,11.58182451624021,8.552777611163556,-0.2193800398811642,"{""target_total_updrs"": 11.58182451624021}","{""target_total_updrs"": -0.21938003988116428}",,ID_subject,0,0,0,False,134.13865912498278,"{""target_total_updrs"": 134.13865912498278}"
parkinsons_telemonitoring,1,two_stage_mlp,5875,3667,960,1248,19,1,1,11.050506591796877,9.508254051208496,-0.1100677251815795,"{""target_total_updrs"": 11.050506591796875}","{""target_total_updrs"": -0.11006772518157959}",,ID_subject,0,0,0,False,122.11369593534619,"{""target_total_updrs"": 122.11369593534619}"
parkinsons_telemonitoring,1,oracle_mlp,5875,3667,960,1248,19,1,1,4.766788959503174,3.4703497886657715,0.7934443950653076,"{""target_total_updrs"": 4.766788959503174}","{""target_total_updrs"": 0.7934443950653076}",,ID_subject,0,0,0,False,22.72227698444135,"{""target_total_updrs"": 22.72227698444135}"
parkinsons_telemonitoring,1,prism,5875,3667,960,1248,19,1,1,10.664263725280762,8.516316413879395,-0.0338246822357177,"{""target_total_updrs"": 10.664263725280762}","{""target_total_updrs"": -0.03382468223571777}",,ID_subject,0,0,0,False,113.72652080233911,"{""target_total_updrs"": 113.72652080233911}"
parkinsons_telemonitoring,1,prism_z_acp_random_forest,5875,3667,960,1248,19,1,1,11.07078902138458,9.67411461920958,-0.1141464217104448,"{""target_total_updrs"": 11.07078902138458}","{""target_total_updrs"": -0.11414642171044487}",,ID_subject,0,0,0,False,122.56236955600936,"{""target_total_updrs"": 122.56236955600936}"
parkinsons_telemonitoring,1,prism_z_acp_xgboost,5875,3667,960,1248,19,1,1,11.57514121173763,9.947544840970211,-0.217973156749071,"{""target_total_updrs"": 11.57514121173763}","{""target_total_updrs"": -0.21797315674907103}",,ID_subject,0,0,0,False,133.9838940716669,"{""target_total_updrs"": 133.9838940716669}"
parkinsons_telemonitoring,1,prism_z_acp_lightgbm,5875,3667,960,1248,19,1,1,11.61288463398776,9.949402949437014,-0.2259290724445863,"{""target_total_updrs"": 11.612884633987761}","{""target_total_updrs"": -0.22592907244458638}",,ID_subject,0,0,0,False,134.85908952230906,"{""target_total_updrs"": 134.85908952230906}"
parkinsons_telemonitoring,1,prism_z_random_forest,5875,3667,960,1248,19,1,1,11.081408568489694,9.768721046796903,-0.1162849152037017,"{""target_total_updrs"": 11.081408568489694}","{""target_total_updrs"": -0.11628491520370177}",,ID_subject,0,0,0,False,122.79761586179681,"{""target_total_updrs"": 122.79761586179681}"
parkinsons_telemonitoring,1,prism_z_xgboost,5875,3667,960,1248,19,1,1,11.576971481218466,10.12099622756138,-0.2183583607477679,"{""target_total_updrs"": 11.576971481218466}","{""target_total_updrs"": -0.21835836074776793}",,ID_subject,0,0,0,False,134.02626867694568,"{""target_total_updrs"": 134.02626867694568}"
parkinsons_telemonitoring,1,prism_z_lightgbm,5875,3667,960,1248,19,1,1,11.690842447124767,10.12952897496889,-0.2424437521173683,"{""target_total_updrs"": 11.690842447124767}","{""target_total_updrs"": -0.24244375211736835}",,ID_subject,0,0,0,False,136.67579712349422,"{""target_total_updrs"": 136.67579712349422}"
parkinsons_telemonitoring,2,simple_mlp,5875,3587,1039,1249,19,1,1,16.313936233520508,14.04328155517578,-0.4131978750228882,"{""target_total_updrs"": 16.313936233520508}","{""target_total_updrs"": -0.4131978750228882}",,ID_subject,0,0,0,False,266.1445154313733,"{""target_total_updrs"": 266.1445154313733}"
parkinsons_telemonitoring,2,random_forest,5875,3587,1039,1249,19,1,1,17.963061683802586,16.3274861158689,-0.7133503378992299,"{""target_total_updrs"": 17.963061683802586}","{""target_total_updrs"": -0.7133503378992299}",,ID_subject,0,0,0,False,322.6715850560966,"{""target_total_updrs"": 322.6715850560966}"
parkinsons_telemonitoring,2,xgboost,5875,3587,1039,1249,19,1,1,16.103870513362068,14.686519812242969,-0.3770382118965583,"{""target_total_updrs"": 16.103870513362068}","{""target_total_updrs"": -0.3770382118965583}",,ID_subject,0,0,0,False,259.3346455111323,"{""target_total_updrs"": 259.3346455111323}"
parkinsons_telemonitoring,2,lightgbm,5875,3587,1039,1249,19,1,1,16.360236535573225,15.006873928279871,-0.4212307941328173,"{""target_total_updrs"": 16.360236535573225}","{""target_total_updrs"": -0.4212307941328173}",,ID_subject,0,0,0,False,267.657339499905,"{""target_total_updrs"": 267.657339499905}"
parkinsons_telemonitoring,2,cnn_mlp,5875,3587,1039,1249,19,1,1,14.487820568464777,13.035973861964877,-0.1145295030417636,"{""target_total_updrs"": 14.487820568464775}","{""target_total_updrs"": -0.11452950304176368}",,ID_subject,0,0,0,False,209.89694482403098,"{""target_total_updrs"": 209.89694482403098}"
parkinsons_telemonitoring,2,ftt_mlp,5875,3587,1039,1249,19,1,1,15.2005195962252,13.788502221551848,-0.226880656606849,"{""target_total_updrs"": 15.200519596225199}","{""target_total_updrs"": -0.22688065660684908}",,ID_subject,0,0,0,False,231.05579599522628,"{""target_total_updrs"": 231.05579599522628}"
parkinsons_telemonitoring,2,two_stage_mlp,5875,3587,1039,1249,19,1,1,17.265098571777344,14.409829139709473,-0.5827909708023071,"{""target_total_updrs"": 17.265098571777344}","{""target_total_updrs"": -0.5827909708023071}",,ID_subject,0,0,0,False,298.0836286931881,"{""target_total_updrs"": 298.0836286931881}"
parkinsons_telemonitoring,2,oracle_mlp,5875,3587,1039,1249,19,1,1,5.967029571533203,4.976833820343018,0.8109390735626221,"{""target_total_updrs"": 5.967029571533203}","{""target_total_updrs"": 0.8109390735626221}",,ID_subject,0,0,0,False,35.60544190755172,"{""target_total_updrs"": 35.60544190755172}"
parkinsons_telemonitoring,2,prism,5875,3587,1039,1249,19,1,1,14.337315559387209,12.497550010681152,-0.0914933681488037,"{""target_total_updrs"": 14.337315559387207}","{""target_total_updrs"": -0.09149336814880371}",,ID_subject,0,0,0,False,205.5586174494465,"{""target_total_updrs"": 205.5586174494465}"
parkinsons_telemonitoring,2,prism_z_acp_random_forest,5875,3587,1039,1249,19,1,1,16.442179767491226,14.114374868734014,-0.4355034362817895,"{""target_total_updrs"": 16.442179767491226}","{""target_total_updrs"": -0.43550343628178956}",,ID_subject,0,0,0,False,270.3452755064978,"{""target_total_updrs"": 270.3452755064978}"
parkinsons_telemonitoring,2,prism_z_acp_xgboost,5875,3587,1039,1249,19,1,1,16.499799170211176,14.135164197810717,-0.4455821216861135,"{""target_total_updrs"": 16.499799170211176}","{""target_total_updrs"": -0.44558212168611355}",,ID_subject,0,0,0,False,272.2433726573014,"{""target_total_updrs"": 272.2433726573014}"
parkinsons_telemonitoring,2,prism_z_acp_lightgbm,5875,3587,1039,1249,19,1,1,16.707063351221937,14.26956594584432,-0.4821279282276749,"{""target_total_updrs"": 16.707063351221937}","{""target_total_updrs"": -0.4821279282276749}",,ID_subject,0,0,0,False,279.1259658217432,"{""target_total_updrs"": 279.1259658217432}"
parkinsons_telemonitoring,2,prism_z_random_forest,5875,3587,1039,1249,19,1,1,16.15901758251976,14.103834302393429,-0.3864855863721366,"{""target_total_updrs"": 16.15901758251976}","{""target_total_updrs"": -0.3864855863721366}",,ID_subject,0,0,0,False,261.1138492321827,"{""target_total_updrs"": 261.1138492321827}"
parkinsons_telemonitoring,2,prism_z_xgboost,5875,3587,1039,1249,19,1,1,16.307268064591863,14.092922409032848,-0.4120428393429642,"{""target_total_updrs"": 16.307268064591863}","{""target_total_updrs"": -0.41204283934296426}",,ID_subject,0,0,0,False,265.92699173045764,"{""target_total_updrs"": 265.92699173045764}"
parkinsons_telemonitoring,2,prism_z_lightgbm,5875,3587,1039,1249,19,1,1,16.697450297199936,14.469027493059167,-0.4804228198506806,"{""target_total_updrs"": 16.697450297199936}","{""target_total_updrs"": -0.4804228198506806}",,ID_subject,0,0,0,False,278.8048464274622,"{""target_total_updrs"": 278.8048464274622}"
parkinsons_telemonitoring,3,simple_mlp,5875,3625,1038,1212,19,1,1,14.613630294799805,12.293795585632324,-0.7483669519424438,"{""target_total_updrs"": 14.613630294799805}","{""target_total_updrs"": -0.7483669519424438}",,ID_subject,0,0,0,False,213.55819039309063,"{""target_total_updrs"": 213.55819039309063}"
parkinsons_telemonitoring,3,random_forest,5875,3625,1038,1212,19,1,1,14.732159814023564,13.424841710432766,-0.776843548481615,"{""target_total_updrs"": 14.732159814023564}","{""target_total_updrs"": -0.776843548481615}",,ID_subject,0,0,0,False,217.03653278593083,"{""target_total_updrs"": 217.03653278593083}"
parkinsons_telemonitoring,3,xgboost,5875,3625,1038,1212,19,1,1,14.259335674759914,12.734609063798912,-0.6646193257897806,"{""target_total_updrs"": 14.259335674759914}","{""target_total_updrs"": -0.6646193257897806}",,ID_subject,0,0,0,False,203.32865388548078,"{""target_total_updrs"": 203.32865388548078}"
parkinsons_telemonitoring,3,lightgbm,5875,3625,1038,1212,19,1,1,13.709690902810904,11.936453460316203,-0.5387627823500152,"{""target_total_updrs"": 13.709690902810905}","{""target_total_updrs"": -0.5387627823500152}",,ID_subject,0,0,0,False,187.9556246506161,"{""target_total_updrs"": 187.9556246506161}"
parkinsons_telemonitoring,3,cnn_mlp,5875,3625,1038,1212,19,1,1,11.633627520724,9.385349829856583,-0.1080175933191633,"{""target_total_updrs"": 11.633627520724}","{""target_total_updrs"": -0.10801759331916339}",,ID_subject,0,0,0,False,135.34128929094683,"{""target_total_updrs"": 135.34128929094683}"
parkinsons_telemonitoring,3,ftt_mlp,5875,3625,1038,1212,19,1,1,14.554372878771224,12.682968395688132,-0.7342166094419436,"{""target_total_updrs"": 14.554372878771224}","{""target_total_updrs"": -0.7342166094419436}",,ID_subject,0,0,0,False,211.82976989431137,"{""target_total_updrs"": 211.82976989431137}"
parkinsons_telemonitoring,3,two_stage_mlp,5875,3625,1038,1212,19,1,1,18.77935218811035,15.710394859313965,-1.887204647064209,"{""target_total_updrs"": 18.77935218811035}","{""target_total_updrs"": -1.887204647064209}",,ID_subject,0,0,0,False,352.66406860508505,"{""target_total_updrs"": 352.66406860508505}"
parkinsons_telemonitoring,3,oracle_mlp,5875,3625,1038,1212,19,1,1,7.364559650421143,5.781182765960693,0.5559724569320679,"{""target_total_updrs"": 7.364559650421143}","{""target_total_updrs"": 0.5559724569320679}",,ID_subject,0,0,0,False,54.23673884461118,"{""target_total_updrs"": 54.23673884461118}"
parkinsons_telemonitoring,3,prism,5875,3625,1038,1212,19,1,1,12.869847297668455,10.115411758422852,-0.3560107946395874,"{""target_total_updrs"": 12.869847297668457}","{""target_total_updrs"": -0.3560107946395874}",,ID_subject,0,0,0,False,165.6329694653041,"{""target_total_updrs"": 165.6329694653041}"
parkinsons_telemonitoring,3,prism_z_acp_random_forest,5875,3625,1038,1212,19,1,1,14.376450168120597,11.40990013031765,-0.6920752518568019,"{""target_total_updrs"": 14.376450168120597}","{""target_total_updrs"": -0.6920752518568019}",,ID_subject,0,0,0,False,206.68231943645475,"{""target_total_updrs"": 206.68231943645475}"
parkinsons_telemonitoring,3,prism_z_acp_xgboost,5875,3625,1038,1212,19,1,1,14.115915165737944,11.206962612107525,-0.631302216312611,"{""target_total_updrs"": 14.115915165737944}","{""target_total_updrs"": -0.631302216312611}",,ID_subject,0,0,0,False,199.25906096631047,"{""target_total_updrs"": 199.25906096631047}"
parkinsons_telemonitoring,3,prism_z_acp_lightgbm,5875,3625,1038,1212,19,1,1,14.576678492030409,11.563735229768149,-0.7395363037175866,"{""target_total_updrs"": 14.576678492030409}","{""target_total_updrs"": -0.7395363037175866}",,ID_subject,0,0,0,False,212.47955586002192,"{""target_total_updrs"": 212.47955586002192}"
parkinsons_telemonitoring,3,prism_z_random_forest,5875,3625,1038,1212,19,1,1,14.118581025135164,11.509344337137971,-0.631918433247914,"{""target_total_updrs"": 14.118581025135164}","{""target_total_updrs"": -0.631918433247914}",,ID_subject,0,0,0,False,199.3343301633067,"{""target_total_updrs"": 199.3343301633067}"
parkinsons_telemonitoring,3,prism_z_xgboost,5875,3625,1038,1212,19,1,1,13.881865720130747,11.25371105756793,-0.5776549527948136,"{""target_total_updrs"": 13.881865720130747}","{""target_total_updrs"": -0.5776549527948136}",,ID_subject,0,0,0,False,192.70619587174116,"{""target_total_updrs"": 192.70619587174116}"
parkinsons_telemonitoring,3,prism_z_lightgbm,5875,3625,1038,1212,19,1,1,14.338279176265564,11.56524565885594,-0.6831019036835835,"{""target_total_updrs"": 14.338279176265564}","{""target_total_updrs"": -0.6831019036835835}",,ID_subject,0,0,0,False,205.5862497365307,"{""target_total_updrs"": 205.5862497365307}"
parkinsons_telemonitoring,4,simple_mlp,5875,3583,1023,1269,19,1,1,12.412559509277344,9.216659545898438,-0.1502332687377929,"{""target_total_updrs"": 12.412559509277344}","{""target_total_updrs"": -0.15023326873779297}",,ID_subject,0,0,0,False,154.0716335713514,"{""target_total_updrs"": 154.0716335713514}"
parkinsons_telemonitoring,4,random_forest,5875,3583,1023,1269,19,1,1,11.105241166140928,9.741003458207343,0.079297702436368,"{""target_total_updrs"": 11.105241166140928}","{""target_total_updrs"": 0.07929770243636802}",,ID_subject,0,0,0,False,123.32638135815112,"{""target_total_updrs"": 123.32638135815112}"
parkinsons_telemonitoring,4,xgboost,5875,3583,1023,1269,19,1,1,9.61780168522299,8.187140145752778,0.3094186046503306,"{""target_total_updrs"": 9.61780168522299}","{""target_total_updrs"": 0.30941860465033066}",,ID_subject,0,0,0,False,92.50210925627817,"{""target_total_updrs"": 92.50210925627817}"
parkinsons_telemonitoring,4,lightgbm,5875,3583,1023,1269,19,1,1,10.924183055351405,9.496514288183084,0.1090749374821407,"{""target_total_updrs"": 10.924183055351405}","{""target_total_updrs"": 0.1090749374821407}",,ID_subject,0,0,0,False,119.33777542682675,"{""target_total_updrs"": 119.33777542682675}"
parkinsons_telemonitoring,4,cnn_mlp,5875,3583,1023,1269,19,1,1,11.613543778426212,8.95515154297482,-0.0069148852036806,"{""target_total_updrs"": 11.613543778426212}","{""target_total_updrs"": -0.006914885203680665}",,ID_subject,0,0,0,False,134.8743990934222,"{""target_total_updrs"": 134.8743990934222}"
parkinsons_telemonitoring,4,ftt_mlp,5875,3583,1023,1269,19,1,1,11.218024596332787,8.623738412183993,0.0605016664861547,"{""target_total_updrs"": 11.218024596332787}","{""target_total_updrs"": 0.06050166648615474}",,ID_subject,0,0,0,False,125.8440758439274,"{""target_total_updrs"": 125.8440758439274}"
parkinsons_telemonitoring,4,two_stage_mlp,5875,3583,1023,1269,19,1,1,12.995477676391602,9.596229553222656,-0.2608044147491455,"{""target_total_updrs"": 12.995477676391602}","{""target_total_updrs"": -0.2608044147491455}",,ID_subject,0,0,0,False,168.88244003759246,"{""target_total_updrs"": 168.88244003759246}"
parkinsons_telemonitoring,4,oracle_mlp,5875,3583,1023,1269,19,1,1,7.385523796081543,5.542255878448486,0.5927830338478088,"{""target_total_updrs"": 7.385523796081543}","{""target_total_updrs"": 0.5927830338478088}",,ID_subject,0,0,0,False,54.545961742486725,"{""target_total_updrs"": 54.545961742486725}"
parkinsons_telemonitoring,4,prism,5875,3583,1023,1269,19,1,1,12.817395210266112,10.011115074157717,-0.2264865636825561,"{""target_total_updrs"": 12.817395210266113}","{""target_total_updrs"": -0.22648656368255615}",,ID_subject,0,0,0,False,164.2856199761527,"{""target_total_updrs"": 164.2856199761527}"
parkinsons_telemonitoring,4,prism_z_acp_random_forest,5875,3583,1023,1269,19,1,1,12.714136042839566,10.145010400521969,-0.2068045711689083,"{""target_total_updrs"": 12.714136042839566}","{""target_total_updrs"": -0.20680457116890838}",,ID_subject,0,0,0,False,161.64925531583214,"{""target_total_updrs"": 161.64925531583214}"
parkinsons_telemonitoring,4,prism_z_acp_xgboost,5875,3583,1023,1269,19,1,1,12.92350629646197,10.151252513436472,-0.2468779813725494,"{""target_total_updrs"": 12.92350629646197}","{""target_total_updrs"": -0.24687798137254946}",,ID_subject,0,0,0,False,167.01701499469218,"{""target_total_updrs"": 167.01701499469218}"
parkinsons_telemonitoring,4,prism_z_acp_lightgbm,5875,3583,1023,1269,19,1,1,13.006589987506198,10.315810071038598,-0.2629615771560443,"{""target_total_updrs"": 13.006589987506198}","{""target_total_updrs"": -0.2629615771560443}",,ID_subject,0,0,0,False,169.17138310309647,"{""target_total_updrs"": 169.17138310309647}"
parkinsons_telemonitoring,4,prism_z_random_forest,5875,3583,1023,1269,19,1,1,12.245457764141712,9.41851568414219,-0.1194721344476292,"{""target_total_updrs"": 12.245457764141713}","{""target_total_updrs"": -0.11947213444762927}",,ID_subject,0,0,0,False,149.95123585337856,"{""target_total_updrs"": 149.95123585337856}"
parkinsons_telemonitoring,4,prism_z_xgboost,5875,3583,1023,1269,19,1,1,12.523147960361625,9.643300568856844,-0.170820348813629,"{""target_total_updrs"": 12.523147960361625}","{""target_total_updrs"": -0.17082034881362906}",,ID_subject,0,0,0,False,156.8292348371095,"{""target_total_updrs"": 156.8292348371095}"
parkinsons_telemonitoring,4,prism_z_lightgbm,5875,3583,1023,1269,19,1,1,12.683070671929864,9.713239621737433,-0.2009144295690206,"{""target_total_updrs"": 12.683070671929865}","{""target_total_updrs"": -0.20091442956902061}",,ID_subject,0,0,0,False,160.86028166916748,"{""target_total_updrs"": 160.86028166916748}"
parkinsons_telemonitoring,5,simple_mlp,5875,3716,996,1163,19,1,1,14.586236953735352,12.350926399230955,-0.5377777814865112,"{""target_total_updrs"": 14.586236953735352}","{""target_total_updrs"": -0.5377777814865112}",,ID_subject,0,0,0,False,212.75830847051475,"{""target_total_updrs"": 212.75830847051475}"
parkinsons_telemonitoring,5,random_forest,5875,3716,996,1163,19,1,1,13.35884503496931,11.212479318582908,-0.2898668406123277,"{""target_total_updrs"": 13.35884503496931}","{""target_total_updrs"": -0.2898668406123277}",,ID_subject,0,0,0,False,178.45874066832417,"{""target_total_updrs"": 178.45874066832417}"
parkinsons_telemonitoring,5,xgboost,5875,3716,996,1163,19,1,1,13.248356422731948,10.874793533784745,-0.2686185610878573,"{""target_total_updrs"": 13.248356422731948}","{""target_total_updrs"": -0.2686185610878573}",,ID_subject,0,0,0,False,175.51894790374286,"{""target_total_updrs"": 175.51894790374286}"
parkinsons_telemonitoring,5,lightgbm,5875,3716,996,1163,19,1,1,12.949958396823536,10.558070622576324,-0.212114930149619,"{""target_total_updrs"": 12.949958396823536}","{""target_total_updrs"": -0.21211493014961902}",,ID_subject,0,0,0,False,167.7014224794604,"{""target_total_updrs"": 167.7014224794604}"
parkinsons_telemonitoring,5,cnn_mlp,5875,3716,996,1163,19,1,1,11.460589203586569,8.54743965334564,0.0506618233198676,"{""target_total_updrs"": 11.460589203586567}","{""target_total_updrs"": 0.05066182331986768}",,ID_subject,0,0,0,False,131.34510489336498,"{""target_total_updrs"": 131.34510489336498}"
parkinsons_telemonitoring,5,ftt_mlp,5875,3716,996,1163,19,1,1,12.32771695968806,9.75220599850848,-0.098429943538,"{""target_total_updrs"": 12.327716959688061}","{""target_total_updrs"": -0.09842994353800005}",,ID_subject,0,0,0,False,151.97260543818066,"{""target_total_updrs"": 151.97260543818066}"
parkinsons_telemonitoring,5,two_stage_mlp,5875,3716,996,1163,19,1,1,14.827584266662598,11.065109252929688,-0.589087724685669,"{""target_total_updrs"": 14.827584266662598}","{""target_total_updrs"": -0.589087724685669}",,ID_subject,0,0,0,False,219.8572551849802,"{""target_total_updrs"": 219.8572551849802}"
parkinsons_telemonitoring,5,oracle_mlp,5875,3716,996,1163,19,1,1,6.136288166046143,4.675076961517334,0.7278435826301575,"{""target_total_updrs"": 6.136288166046143}","{""target_total_updrs"": 0.7278435826301575}",,ID_subject,0,0,0,False,37.65403245675793,"{""target_total_updrs"": 37.65403245675793}"
parkinsons_telemonitoring,5,prism,5875,3716,996,1163,19,1,1,15.13560962677002,11.788128852844238,-0.6557962894439697,"{""target_total_updrs"": 15.13560962677002}","{""target_total_updrs"": -0.6557962894439697}",,ID_subject,0,0,0,False,229.0866787739733,"{""target_total_updrs"": 229.0866787739733}"
parkinsons_telemonitoring,5,prism_z_acp_random_forest,5875,3716,996,1163,19,1,1,14.394522634999149,11.016229764712907,-0.4976198515555039,"{""target_total_updrs"": 14.394522634999147}","{""target_total_updrs"": -0.4976198515555039}",,ID_subject,0,0,0,False,207.20228188950279,"{""target_total_updrs"": 207.20228188950279}"
parkinsons_telemonitoring,5,prism_z_acp_xgboost,5875,3716,996,1163,19,1,1,14.50227598331262,11.060164952291322,-0.5201252942342971,"{""target_total_updrs"": 14.50227598331262}","{""target_total_updrs"": -0.5201252942342971}",,ID_subject,0,0,0,False,210.31600869616602,"{""target_total_updrs"": 210.31600869616602}"
parkinsons_telemonitoring,5,prism_z_acp_lightgbm,5875,3716,996,1163,19,1,1,14.754092322385183,11.314114563654268,-0.5733742842386258,"{""target_total_updrs"": 14.754092322385183}","{""target_total_updrs"": -0.5733742842386258}",,ID_subject,0,0,0,False,217.68324025746543,"{""target_total_updrs"": 217.68324025746543}"
parkinsons_telemonitoring,5,prism_z_random_forest,5875,3716,996,1163,19,1,1,13.666621323229744,10.48309701160207,-0.3499863474026952,"{""target_total_updrs"": 13.666621323229744}","{""target_total_updrs"": -0.3499863474026952}",,ID_subject,0,0,0,False,186.77653839255794,"{""target_total_updrs"": 186.77653839255794}"
parkinsons_telemonitoring,5,prism_z_xgboost,5875,3716,996,1163,19,1,1,13.934151349423733,10.699509516289677,-0.4033567927126262,"{""target_total_updrs"": 13.934151349423733}","{""target_total_updrs"": -0.40335679271262626}",,ID_subject,0,0,0,False,194.16057382864722,"{""target_total_updrs"": 194.16057382864722}"
parkinsons_telemonitoring,5,prism_z_lightgbm,5875,3716,996,1163,19,1,1,14.017417237570694,10.759298664933915,-0.420178898420013,"{""target_total_updrs"": 14.017417237570694}","{""target_total_updrs"": -0.420178898420013}",,ID_subject,0,0,0,False,196.48798601214403,"{""target_total_updrs"": 196.48798601214403}"
real_estate_valuation,1,simple_mlp,414,264,67,83,2,4,1,11.79469394683838,9.590339660644531,0.0834808945655822,"{""target_house_price_unit_area"": 11.794693946838379}","{""target_house_price_unit_area"": 0.08348089456558228}",,,0,0,0,False,139.1148052995859,"{""target_house_price_unit_area"": 139.1148052995859}"
real_estate_valuation,1,random_forest,414,264,67,83,2,4,1,12.250181956356082,10.353414541186378,0.0113257607194999,"{""target_house_price_unit_area"": 12.250181956356082}","{""target_house_price_unit_area"": 0.011325760719499978}",,,0,0,0,False,150.06695796383212,"{""target_house_price_unit_area"": 150.06695796383212}"
real_estate_valuation,1,xgboost,414,264,67,83,2,4,1,12.780803779843383,10.721932016482368,-0.0761789029534241,"{""target_house_price_unit_area"": 12.780803779843385}","{""target_house_price_unit_area"": -0.07617890295342411}",,,0,0,0,False,163.34894525885895,"{""target_house_price_unit_area"": 163.34894525885895}"
real_estate_valuation,1,lightgbm,414,264,67,83,2,4,1,11.900871820370671,10.03290343484011,0.0669053601216062,"{""target_house_price_unit_area"": 11.900871820370673}","{""target_house_price_unit_area"": 0.0669053601216062}",,,0,0,0,False,141.63075008489278,"{""target_house_price_unit_area"": 141.63075008489278}"
real_estate_valuation,1,cnn_mlp,414,264,67,83,2,4,1,11.499562674139575,9.616674256713804,0.1287740783633407,"{""target_house_price_unit_area"": 11.499562674139577}","{""target_house_price_unit_area"": 0.12877407836334076}",,,0,0,0,False,132.23994169646417,"{""target_house_price_unit_area"": 132.23994169646417}"
real_estate_valuation,1,ftt_mlp,414,264,67,83,2,4,1,11.197676183323326,9.456425177484206,0.1739164993532939,"{""target_house_price_unit_area"": 11.197676183323326}","{""target_house_price_unit_area"": 0.1739164993532939}",,,0,0,0,False,125.38795190656644,"{""target_house_price_unit_area"": 125.38795190656644}"
real_estate_valuation,1,two_stage_mlp,414,264,67,83,2,4,1,12.322070121765137,9.992185592651367,-0.0003120899200439,"{""target_house_price_unit_area"": 12.322070121765137}","{""target_house_price_unit_area"": -0.0003120899200439453}",,,0,0,0,False,151.8334120856971,"{""target_house_price_unit_area"": 151.8334120856971}"
real_estate_valuation,1,oracle_mlp,414,264,67,83,2,4,1,6.550554275512695,5.368688583374023,0.7173010110855103,"{""target_house_price_unit_area"": 6.550554275512695}","{""target_house_price_unit_area"": 0.7173010110855103}",,,0,0,0,False,42.90976131643765,"{""target_house_price_unit_area"": 42.90976131643765}"
real_estate_valuation,1,prism,414,264,67,83,2,4,1,11.98072624206543,9.738482475280762,0.0543412566184997,"{""target_house_price_unit_area"": 11.98072624206543}","{""target_house_price_unit_area"": 0.054341256618499756}",,,0,0,0,False,143.53780128731523,"{""target_house_price_unit_area"": 143.53780128731523}"
real_estate_valuation,1,prism_z_acp_random_forest,414,264,67,83,2,4,1,13.639324489666626,10.794587564755885,-0.2256144222784522,"{""target_house_price_unit_area"": 13.639324489666626}","{""target_house_price_unit_area"": -0.2256144222784522}",,,0,0,0,False,186.03117253441977,"{""target_house_price_unit_area"": 186.03117253441977}"
real_estate_valuation,1,prism_z_acp_xgboost,414,264,67,83,2,4,1,12.836391349961293,10.445956475786112,-0.0855605136235972,"{""target_house_price_unit_area"": 12.836391349961293}","{""target_house_price_unit_area"": -0.08556051362359729}",,,0,0,0,False,164.7729428893611,"{""target_house_price_unit_area"": 164.7729428893611}"
real_estate_valuation,1,prism_z_acp_lightgbm,414,264,67,83,2,4,1,13.560588199163773,10.67049468417311,-0.2115049555603634,"{""target_house_price_unit_area"": 13.560588199163773}","{""target_house_price_unit_area"": -0.21150495556036342}",,,0,0,0,False,183.88955230729977,"{""target_house_price_unit_area"": 183.88955230729977}"
real_estate_valuation,1,prism_z_random_forest,414,264,67,83,2,4,1,13.635647493113352,10.811525524159157,-0.2249536897692872,"{""target_house_price_unit_area"": 13.635647493113352}","{""target_house_price_unit_area"": -0.2249536897692872}",,,0,0,0,False,185.93088255644844,"{""target_house_price_unit_area"": 185.93088255644844}"
real_estate_valuation,1,prism_z_xgboost,414,264,67,83,2,4,1,12.811123153026006,10.389465523031074,-0.0812909088382227,"{""target_house_price_unit_area"": 12.811123153026006}","{""target_house_price_unit_area"": -0.08129090883822276}",,,0,0,0,False,164.124876441999,"{""target_house_price_unit_area"": 164.124876441999}"
real_estate_valuation,1,prism_z_lightgbm,414,264,67,83,2,4,1,12.977535154961002,10.367508370125304,-0.1095645363782731,"{""target_house_price_unit_area"": 12.977535154961002}","{""target_house_price_unit_area"": -0.10956453637827313}",,,0,0,0,False,168.41641869824866,"{""target_house_price_unit_area"": 168.41641869824866}"
real_estate_valuation,2,simple_mlp,414,264,67,83,2,4,1,14.596659660339355,10.864582061767578,0.038927674293518,"{""target_house_price_unit_area"": 14.596659660339355}","{""target_house_price_unit_area"": 0.038927674293518066}",,,0,0,0,False,213.06247323977823,"{""target_house_price_unit_area"": 213.06247323977823}"
real_estate_valuation,2,random_forest,414,264,67,83,2,4,1,14.675581946153718,10.016026223077258,0.0285067733319979,"{""target_house_price_unit_area"": 14.675581946153718}","{""target_house_price_unit_area"": 0.028506773331997914}",,,0,0,0,False,215.37270545827295,"{""target_house_price_unit_area"": 215.37270545827295}"
real_estate_valuation,2,xgboost,414,264,67,83,2,4,1,14.984482301100844,10.685711792492189,-0.0128207717385042,"{""target_house_price_unit_area"": 14.984482301100845}","{""target_house_price_unit_area"": -0.012820771738504266}",,,0,0,0,False,224.5347098320045,"{""target_house_price_unit_area"": 224.5347098320045}"
real_estate_valuation,2,lightgbm,414,264,67,83,2,4,1,14.549091314962125,10.09917508842642,0.0451814390977499,"{""target_house_price_unit_area"": 14.549091314962125}","{""target_house_price_unit_area"": 0.045181439097749965}",,,0,0,0,False,211.6760580911063,"{""target_house_price_unit_area"": 211.6760580911063}"
real_estate_valuation,2,cnn_mlp,414,264,67,83,2,4,1,14.294764148161692,10.646430480375209,0.0782713179642473,"{""target_house_price_unit_area"": 14.294764148161693}","{""target_house_price_unit_area"": 0.07827131796424736}",,,0,0,0,False,204.3402820515689,"{""target_house_price_unit_area"": 204.3402820515689}"
real_estate_valuation,2,ftt_mlp,414,264,67,83,2,4,1,14.851802373061252,10.598299851214694,0.0050358411176842,"{""target_house_price_unit_area"": 14.851802373061252}","{""target_house_price_unit_area"": 0.005035841117684292}",,,0,0,0,False,220.57603372846785,"{""target_house_price_unit_area"": 220.57603372846785}"
real_estate_valuation,2,two_stage_mlp,414,264,67,83,2,4,1,14.614108085632324,10.73663330078125,0.0366286635398864,"{""target_house_price_unit_area"": 14.614108085632324}","{""target_house_price_unit_area"": 0.036628663539886475}",,,0,0,0,False,213.57215513854408,"{""target_house_price_unit_area"": 213.57215513854408}"
real_estate_valuation,2,oracle_mlp,414,264,67,83,2,4,1,9.958147048950195,5.283906936645508,0.5526924729347229,"{""target_house_price_unit_area"": 9.958147048950195}","{""target_house_price_unit_area"": 0.5526924729347229}",,,0,0,0,False,99.16469264851548,"{""target_house_price_unit_area"": 99.16469264851548}"
real_estate_valuation,2,prism,414,264,67,83,2,4,1,15.3137845993042,11.22019863128662,-0.0578259229660034,"{""target_house_price_unit_area"": 15.3137845993042}","{""target_house_price_unit_area"": -0.05782592296600342}",,,0,0,0,False,234.51199875388647,"{""target_house_price_unit_area"": 234.51199875388647}"
real_estate_valuation,2,prism_z_acp_random_forest,414,264,67,83,2,4,1,14.425351350625276,10.706689621167673,0.0613538285376957,"{""target_house_price_unit_area"": 14.425351350625276}","{""target_house_price_unit_area"": 0.061353828537695776}",,,0,0,0,False,208.09076158898645,"{""target_house_price_unit_area"": 208.09076158898645}"
real_estate_valuation,2,prism_z_acp_xgboost,414,264,67,83,2,4,1,14.631799884457696,10.8048110369232,0.0342946909982719,"{""target_house_price_unit_area"": 14.631799884457697}","{""target_house_price_unit_area"": 0.03429469099827198}",,,0,0,0,False,214.08956785881628,"{""target_house_price_unit_area"": 214.08956785881628}"
real_estate_valuation,2,prism_z_acp_lightgbm,414,264,67,83,2,4,1,15.44869753176819,11.335168428772722,-0.0765466502188252,"{""target_house_price_unit_area"": 15.44869753176819}","{""target_house_price_unit_area"": -0.07654665021882523}",,,0,0,0,False,238.66225542806055,"{""target_house_price_unit_area"": 238.66225542806055}"
real_estate_valuation,2,prism_z_random_forest,414,264,67,83,2,4,1,14.484771697642332,10.692009158275493,0.0536050323626269,"{""target_house_price_unit_area"": 14.484771697642332}","{""target_house_price_unit_area"": 0.053605032362626925}",,,0,0,0,False,209.80861113282032,"{""target_house_price_unit_area"": 209.80861113282032}"
real_estate_valuation,2,prism_z_xgboost,414,264,67,83,2,4,1,14.663664320189628,10.76533460480062,0.0300839771395864,"{""target_house_price_unit_area"": 14.663664320189627}","{""target_house_price_unit_area"": 0.030083977139586437}",,,0,0,0,False,215.0230512952023,"{""target_house_price_unit_area"": 215.0230512952023}"
real_estate_valuation,2,prism_z_lightgbm,414,264,67,83,2,4,1,15.274967099570404,11.33958525873032,-0.0524698910132397,"{""target_house_price_unit_area"": 15.274967099570404}","{""target_house_price_unit_area"": -0.05246989101323973}",,,0,0,0,False,233.32461989295828,"{""target_house_price_unit_area"": 233.32461989295828}"
real_estate_valuation,3,simple_mlp,414,264,67,83,2,4,1,13.144037246704102,10.559643745422363,0.1099464893341064,"{""target_house_price_unit_area"": 13.144037246704102}","{""target_house_price_unit_area"": 0.10994648933410645}",,,0,0,0,False,172.76571514274474,"{""target_house_price_unit_area"": 172.76571514274474}"
real_estate_valuation,3,random_forest,414,264,67,83,2,4,1,11.476837482505152,9.151907807559928,0.3214169509150696,"{""target_house_price_unit_area"": 11.476837482505152}","{""target_house_price_unit_area"": 0.3214169509150696}",,,0,0,0,False,131.7177985998352,"{""target_house_price_unit_area"": 131.7177985998352}"
real_estate_valuation,3,xgboost,414,264,67,83,2,4,1,12.830537223577918,10.44015225512493,0.1518977311667807,"{""target_house_price_unit_area"": 12.830537223577918}","{""target_house_price_unit_area"": 0.15189773116678074}",,,0,0,0,False,164.62268544561857,"{""target_house_price_unit_area"": 164.62268544561857}"
real_estate_valuation,3,lightgbm,414,264,67,83,2,4,1,11.542046599959653,9.410665577673893,0.3136838953372179,"{""target_house_price_unit_area"": 11.542046599959653}","{""target_house_price_unit_area"": 0.31368389533721797}",,,0,0,0,False,133.21883971564017,"{""target_house_price_unit_area"": 133.21883971564017}"
real_estate_valuation,3,cnn_mlp,414,264,67,83,2,4,1,13.3267898180546,10.78204820679452,0.0850241323060244,"{""target_house_price_unit_area"": 13.3267898180546}","{""target_house_price_unit_area"": 0.08502413230602446}",,,0,0,0,False,177.60332685460375,"{""target_house_price_unit_area"": 177.60332685460375}"
real_estate_valuation,3,ftt_mlp,414,264,67,83,2,4,1,12.113506805276112,9.813154365702912,0.244040866854183,"{""target_house_price_unit_area"": 12.113506805276113}","{""target_house_price_unit_area"": 0.24404086685418303}",,,0,0,0,False,146.7370471214707,"{""target_house_price_unit_area"": 146.7370471214707}"
real_estate_valuation,3,two_stage_mlp,414,264,67,83,2,4,1,12.716927528381348,10.14577293395996,0.1668505072593689,"{""target_house_price_unit_area"": 12.716927528381348}","{""target_house_price_unit_area"": 0.1668505072593689}",,,0,0,0,False,161.72024576210333,"{""target_house_price_unit_area"": 161.72024576210333}"
real_estate_valuation,3,oracle_mlp,414,264,67,83,2,4,1,8.129487037658691,6.217126369476318,0.6595253348350525,"{""target_house_price_unit_area"": 8.129487037658691}","{""target_house_price_unit_area"": 0.6595253348350525}",,,0,0,0,False,66.08855949546069,"{""target_house_price_unit_area"": 66.08855949546069}"
real_estate_valuation,3,prism,414,264,67,83,2,4,1,13.344736099243164,10.790275573730469,0.0825582146644592,"{""target_house_price_unit_area"": 13.344736099243164}","{""target_house_price_unit_area"": 0.08255821466445923}",,,0,0,0,False,178.08198155844366,"{""target_house_price_unit_area"": 178.08198155844366}"
real_estate_valuation,3,prism_z_acp_random_forest,414,264,67,83,2,4,1,13.060546401435577,10.513589737009433,0.1212178314172935,"{""target_house_price_unit_area"": 13.060546401435575}","{""target_house_price_unit_area"": 0.12121783141729359}",,,0,0,0,False,170.57787230405174,"{""target_house_price_unit_area"": 170.57787230405174}"
real_estate_valuation,3,prism_z_acp_xgboost,414,264,67,83,2,4,1,12.974799278029888,10.535997324815122,0.1327189862708979,"{""target_house_price_unit_area"": 12.974799278029888}","{""target_house_price_unit_area"": 0.13271898627089795}",,,0,0,0,False,168.3454163051649,"{""target_house_price_unit_area"": 168.3454163051649}"
real_estate_valuation,3,prism_z_acp_lightgbm,414,264,67,83,2,4,1,13.231293328929572,10.777966121791046,0.0980901329306476,"{""target_house_price_unit_area"": 13.231293328929572}","{""target_house_price_unit_area"": 0.09809013293064761}",,,0,0,0,False,175.0671231561762,"{""target_house_price_unit_area"": 175.0671231561762}"
real_estate_valuation,3,prism_z_random_forest,414,264,67,83,2,4,1,13.008461777628671,10.504163586471485,0.1282129097650574,"{""target_house_price_unit_area"": 13.008461777628671}","{""target_house_price_unit_area"": 0.1282129097650574}",,,0,0,0,False,169.2200778200261,"{""target_house_price_unit_area"": 169.2200778200261}"
real_estate_valuation,3,prism_z_xgboost,414,264,67,83,2,4,1,12.784603073012365,10.317882966355668,0.1579593827723842,"{""target_house_price_unit_area"": 12.784603073012365}","{""target_house_price_unit_area"": 0.1579593827723842}",,,0,0,0,False,163.4460757344772,"{""target_house_price_unit_area"": 163.4460757344772}"
real_estate_valuation,3,prism_z_lightgbm,414,264,67,83,2,4,1,13.143867436648764,10.738139596264029,0.1099695117598597,"{""target_house_price_unit_area"": 13.143867436648765}","{""target_house_price_unit_area"": 0.1099695117598597}",,,0,0,0,False,172.76125119219577,"{""target_house_price_unit_area"": 172.76125119219577}"
real_estate_valuation,4,simple_mlp,414,264,67,83,2,4,1,13.58253002166748,10.391100883483888,0.1639984846115112,"{""target_house_price_unit_area"": 13.58253002166748}","{""target_house_price_unit_area"": 0.16399848461151123}",,,0,0,0,False,184.4851217894984,"{""target_house_price_unit_area"": 184.4851217894984}"
real_estate_valuation,4,random_forest,414,264,67,83,2,4,1,12.427225676436354,9.608694053054808,0.3001675630925485,"{""target_house_price_unit_area"": 12.427225676436354}","{""target_house_price_unit_area"": 0.30016756309254855}",,,0,0,0,False,154.435938013079,"{""target_house_price_unit_area"": 154.435938013079}"
real_estate_valuation,4,xgboost,414,264,67,83,2,4,1,13.057638425766813,10.006154821844794,0.2273639375225822,"{""target_house_price_unit_area"": 13.057638425766813}","{""target_house_price_unit_area"": 0.22736393752258222}",,,0,0,0,False,170.501921258062,"{""target_house_price_unit_area"": 170.501921258062}"
real_estate_valuation,4,lightgbm,414,264,67,83,2,4,1,13.086412528697664,10.110093752146447,0.223954989559753,"{""target_house_price_unit_area"": 13.086412528697664}","{""target_house_price_unit_area"": 0.22395498955975301}",,,0,0,0,False,171.2541928712552,"{""target_house_price_unit_area"": 171.2541928712552}"
real_estate_valuation,4,cnn_mlp,414,264,67,83,2,4,1,13.67885371266864,10.24287076948528,0.1520990774220213,"{""target_house_price_unit_area"": 13.678853712668639}","{""target_house_price_unit_area"": 0.15209907742202133}",,,0,0,0,False,187.1110388925886,"{""target_house_price_unit_area"": 187.1110388925886}"
real_estate_valuation,4,ftt_mlp,414,264,67,83,2,4,1,14.373109456584803,11.352463221865555,0.0638462883668914,"{""target_house_price_unit_area"": 14.373109456584803}","{""target_house_price_unit_area"": 0.06384628836689143}",,,0,0,0,False,206.5862754509675,"{""target_house_price_unit_area"": 206.5862754509675}"
real_estate_valuation,4,two_stage_mlp,414,264,67,83,2,4,1,13.500868797302246,10.373196601867676,0.174020767211914,"{""target_house_price_unit_area"": 13.500868797302246}","{""target_house_price_unit_area"": 0.17402076721191406}",,,0,0,0,False,182.2734582819694,"{""target_house_price_unit_area"": 182.2734582819694}"
real_estate_valuation,4,oracle_mlp,414,264,67,83,2,4,1,9.93890380859375,6.597196102142334,0.5523663759231567,"{""target_house_price_unit_area"": 9.93890380859375}","{""target_house_price_unit_area"": 0.5523663759231567}",,,0,0,0,False,98.78180891647935,"{""target_house_price_unit_area"": 98.78180891647935}"
real_estate_valuation,4,prism,414,264,67,83,2,4,1,13.509692192077637,10.470744132995604,0.1729407906532287,"{""target_house_price_unit_area"": 13.509692192077637}","{""target_house_price_unit_area"": 0.17294079065322876}",,,0,0,0,False,182.51178312468346,"{""target_house_price_unit_area"": 182.51178312468346}"
real_estate_valuation,4,prism_z_acp_random_forest,414,264,67,83,2,4,1,13.802223529843271,10.44238626006779,0.1367356408537692,"{""target_house_price_unit_area"": 13.802223529843271}","{""target_house_price_unit_area"": 0.1367356408537692}",,,0,0,0,False,190.50137436775924,"{""target_house_price_unit_area"": 190.50137436775924}"
real_estate_valuation,4,prism_z_acp_xgboost,414,264,67,83,2,4,1,13.636303077526696,10.36552436599868,0.1573659819067435,"{""target_house_price_unit_area"": 13.636303077526696}","{""target_house_price_unit_area"": 0.15736598190674356}",,,0,0,0,False,185.94876162216403,"{""target_house_price_unit_area"": 185.94876162216403}"
real_estate_valuation,4,prism_z_acp_lightgbm,414,264,67,83,2,4,1,13.823464533061768,10.357231963129877,0.1340765460209964,"{""target_house_price_unit_area"": 13.823464533061768}","{""target_house_price_unit_area"": 0.1340765460209964}",,,0,0,0,False,191.08817169681663,"{""target_house_price_unit_area"": 191.08817169681663}"
real_estate_valuation,4,prism_z_random_forest,414,264,67,83,2,4,1,13.686416879076518,10.424217941734833,0.1511611934790299,"{""target_house_price_unit_area"": 13.686416879076518}","{""target_house_price_unit_area"": 0.1511611934790299}",,,0,0,0,False,187.3180069878706,"{""target_house_price_unit_area"": 187.3180069878706}"
real_estate_valuation,4,prism_z_xgboost,414,264,67,83,2,4,1,13.848351251655338,10.5652290126584,0.1309558534103879,"{""target_house_price_unit_area"": 13.848351251655338}","{""target_house_price_unit_area"": 0.13095585341038796}",,,0,0,0,False,191.77683238922396,"{""target_house_price_unit_area"": 191.77683238922396}"
real_estate_valuation,4,prism_z_lightgbm,414,264,67,83,2,4,1,14.164042724265029,10.746834563107171,0.0908822150642488,"{""target_house_price_unit_area"": 14.164042724265027}","{""target_house_price_unit_area"": 0.09088221506424887}",,,0,0,0,False,200.62010629480505,"{""target_house_price_unit_area"": 200.62010629480505}"
real_estate_valuation,5,simple_mlp,414,264,67,83,2,4,1,12.2063627243042,9.304245948791504,-0.0602480173110961,"{""target_house_price_unit_area"": 12.2063627243042}","{""target_house_price_unit_area"": -0.06024801731109619}",,,0,0,0,False,148.99529095728303,"{""target_house_price_unit_area"": 148.99529095728303}"
real_estate_valuation,5,random_forest,414,264,67,83,2,4,1,12.823992515479985,10.182885137517976,-0.1702574650030277,"{""target_house_price_unit_area"": 12.823992515479985}","{""target_house_price_unit_area"": -0.17025746500302774}",,,0,0,0,False,164.45478403708665,"{""target_house_price_unit_area"": 164.45478403708665}"
real_estate_valuation,5,xgboost,414,264,67,83,2,4,1,12.945923625291051,10.308229444151593,-0.192616983163822,"{""target_house_price_unit_area"": 12.945923625291051}","{""target_house_price_unit_area"": -0.19261698316382203}",,,0,0,0,False,167.596938511869,"{""target_house_price_unit_area"": 167.596938511869}"
real_estate_valuation,5,lightgbm,414,264,67,83,2,4,1,12.559930562173856,9.617599698119662,-0.12255954038124,"{""target_house_price_unit_area"": 12.559930562173857}","{""target_house_price_unit_area"": -0.12255954038124006}",,,0,0,0,False,157.75185572662892,"{""target_house_price_unit_area"": 157.75185572662892}"
real_estate_valuation,5,cnn_mlp,414,264,67,83,2,4,1,12.1986002192251,9.415520714516289,-0.0588998956064228,"{""target_house_price_unit_area"": 12.1986002192251}","{""target_house_price_unit_area"": -0.058899895606422836}",,,0,0,0,False,148.80584730847863,"{""target_house_price_unit_area"": 148.80584730847863}"
real_estate_valuation,5,ftt_mlp,414,264,67,83,2,4,1,12.091756532353344,9.556861368382522,-0.0404319890866569,"{""target_house_price_unit_area"": 12.091756532353344}","{""target_house_price_unit_area"": -0.040431989086656905}",,,0,0,0,False,146.21057603770976,"{""target_house_price_unit_area"": 146.21057603770976}"
real_estate_valuation,5,two_stage_mlp,414,264,67,83,2,4,1,12.620574951171877,9.481192588806152,-0.1334260702133178,"{""target_house_price_unit_area"": 12.620574951171875}","{""target_house_price_unit_area"": -0.13342607021331787}",,,0,0,0,False,159.27891209814698,"{""target_house_price_unit_area"": 159.27891209814698}"
real_estate_valuation,5,oracle_mlp,414,264,67,83,2,4,1,7.486709594726562,5.186670780181885,0.6011433005332947,"{""target_house_price_unit_area"": 7.4867095947265625}","{""target_house_price_unit_area"": 0.6011433005332947}",,,0,0,0,False,56.05082055577077,"{""target_house_price_unit_area"": 56.05082055577077}"
real_estate_valuation,5,prism,414,264,67,83,2,4,1,12.681015014648438,9.571734428405762,-0.1443080902099609,"{""target_house_price_unit_area"": 12.681015014648438}","{""target_house_price_unit_area"": -0.14430809020996094}",,,0,0,0,False,160.8081418017391,"{""target_house_price_unit_area"": 160.8081418017391}"
real_estate_valuation,5,prism_z_acp_random_forest,414,264,67,83,2,4,1,14.546271165808196,11.458520797284418,-0.5056993638168867,"{""target_house_price_unit_area"": 14.546271165808196}","{""target_house_price_unit_area"": -0.5056993638168867}",,,0,0,0,False,211.59400482922294,"{""target_house_price_unit_area"": 211.59400482922294}"
real_estate_valuation,5,prism_z_acp_xgboost,414,264,67,83,2,4,1,14.570373642629525,11.569730441333688,-0.5106932416154009,"{""target_house_price_unit_area"": 14.570373642629525}","{""target_house_price_unit_area"": -0.5106932416154009}",,,0,0,0,False,212.29578808583315,"{""target_house_price_unit_area"": 212.29578808583315}"
real_estate_valuation,5,prism_z_acp_lightgbm,414,264,67,83,2,4,1,14.552117597449367,11.557749087591144,-0.5069099472502854,"{""target_house_price_unit_area"": 14.552117597449367}","{""target_house_price_unit_area"": -0.5069099472502854}",,,0,0,0,False,211.76412656999554,"{""target_house_price_unit_area"": 211.76412656999554}"
real_estate_valuation,5,prism_z_random_forest,414,264,67,83,2,4,1,14.642148531753238,11.537700567464276,-0.5256135051378037,"{""target_house_price_unit_area"": 14.642148531753238}","{""target_house_price_unit_area"": -0.5256135051378037}",,,0,0,0,False,214.3925136259235,"{""target_house_price_unit_area"": 214.3925136259235}"
real_estate_valuation,5,prism_z_xgboost,414,264,67,83,2,4,1,14.396770672981496,11.444075892408586,-0.4749085118969269,"{""target_house_price_unit_area"": 14.396770672981495}","{""target_house_price_unit_area"": -0.47490851189692695}",,,0,0,0,False,207.26700581042005,"{""target_house_price_unit_area"": 207.26700581042005}"
real_estate_valuation,5,prism_z_lightgbm,414,264,67,83,2,4,1,14.541074209803774,11.570662680122918,-0.5046236715752879,"{""target_house_price_unit_area"": 14.541074209803774}","{""target_house_price_unit_area"": -0.5046236715752879}",,,0,0,0,False,211.44283917502045,"{""target_house_price_unit_area"": 211.44283917502045}"
student_performance,1,simple_mlp,1044,668,167,209,58,2,1,3.25426721572876,2.342158555984497,0.3239001035690307,"{""target_final_grade"": 3.2542672157287598}","{""target_final_grade"": 0.32390010356903076}",,ID_row,0,0,0,True,10.590255111367014,"{""target_final_grade"": 10.590255111367014}"
student_performance,1,random_forest,1044,668,167,209,58,2,1,3.1898796633332163,2.359569356409968,0.3503895512809483,"{""target_final_grade"": 3.1898796633332163}","{""target_final_grade"": 0.3503895512809483}",,ID_row,0,0,0,True,10.175332266546834,"{""target_final_grade"": 10.175332266546834}"
student_performance,1,xgboost,1044,668,167,209,58,2,1,3.128839189701796,2.3348099708549594,0.3750131388889299,"{""target_final_grade"": 3.1288391897017958}","{""target_final_grade"": 0.37501313888892995}",,ID_row,0,0,0,True,9.78963467501379,"{""target_final_grade"": 9.78963467501379}"
student_performance,1,lightgbm,1044,668,167,209,58,2,1,3.0161241699306003,2.2863106723944315,0.4192317901047405,"{""target_final_grade"": 3.0161241699306003}","{""target_final_grade"": 0.41923179010474054}",,ID_row,0,0,0,True,9.097005008439552,"{""target_final_grade"": 9.097005008439552}"
student_performance,1,cnn_mlp,1044,668,167,209,58,2,1,3.6221280767509887,2.6179278611286003,0.1624089896918696,"{""target_final_grade"": 3.6221280767509887}","{""target_final_grade"": 0.16240898969186968}",,ID_row,0,0,0,True,13.119811804387815,"{""target_final_grade"": 13.119811804387815}"
student_performance,1,ftt_mlp,1044,668,167,209,58,2,1,3.71456915459612,2.8255153355448823,0.119110773972156,"{""target_final_grade"": 3.7145691545961204}","{""target_final_grade"": 0.11911077397215608}",,ID_row,0,0,0,True,13.798024004276936,"{""target_final_grade"": 13.798024004276936}"
student_performance,1,two_stage_mlp,1044,668,167,209,58,2,1,3.2459185123443604,2.3036646842956543,0.3273647427558899,"{""target_final_grade"": 3.2459185123443604}","{""target_final_grade"": 0.3273647427558899}",,ID_row,0,0,0,True,10.535986988779825,"{""target_final_grade"": 10.535986988779825}"
student_performance,1,oracle_mlp,1044,668,167,209,58,2,1,1.6048033237457275,1.0778613090515137,0.8355824947357178,"{""target_final_grade"": 1.6048033237457275}","{""target_final_grade"": 0.8355824947357178}",,ID_row,0,0,0,True,2.5753937079053344,"{""target_final_grade"": 2.5753937079053344}"
student_performance,1,prism,1044,668,167,209,58,2,1,3.271347761154175,2.3101494312286377,0.3167843222618103,"{""target_final_grade"": 3.271347761154175}","{""target_final_grade"": 0.3167843222618103}",,ID_row,0,0,0,True,10.701716174408432,"{""target_final_grade"": 10.701716174408432}"
student_performance,1,prism_z_acp_random_forest,1044,668,167,209,58,2,1,3.3136789852697164,2.3347049486031843,0.2989882955237312,"{""target_final_grade"": 3.3136789852697164}","{""target_final_grade"": 0.2989882955237312}",,ID_row,0,0,0,True,10.980468417418138,"{""target_final_grade"": 10.980468417418138}"
student_performance,1,prism_z_acp_xgboost,1044,668,167,209,58,2,1,3.2995248391009406,2.345512704168315,0.3049641496357548,"{""target_final_grade"": 3.2995248391009406}","{""target_final_grade"": 0.3049641496357548}",,ID_row,0,0,0,True,10.886864163844088,"{""target_final_grade"": 10.886864163844088}"
student_performance,1,prism_z_acp_lightgbm,1044,668,167,209,58,2,1,3.308333909789936,2.3384859984074025,0.3012479824172077,"{""target_final_grade"": 3.3083339097899356}","{""target_final_grade"": 0.30124798241720774}",,ID_row,0,0,0,True,10.945073258665962,"{""target_final_grade"": 10.945073258665962}"
student_performance,1,prism_z_random_forest,1044,668,167,209,58,2,1,3.4425426193126345,2.424242412974021,0.2434057205181632,"{""target_final_grade"": 3.4425426193126345}","{""target_final_grade"": 0.24340572051816323}",,ID_row,0,0,0,True,11.851099685783895,"{""target_final_grade"": 11.851099685783895}"
student_performance,1,prism_z_xgboost,1044,668,167,209,58,2,1,3.3600345047455025,2.4047025476604857,0.2792380084583428,"{""target_final_grade"": 3.3600345047455025}","{""target_final_grade"": 0.2792380084583428}",,ID_row,0,0,0,True,11.289831873080354,"{""target_final_grade"": 11.289831873080354}"
student_performance,1,prism_z_lightgbm,1044,668,167,209,58,2,1,3.4201299113734005,2.421036190529907,0.2532252801064555,"{""target_final_grade"": 3.4201299113734005}","{""target_final_grade"": 0.2532252801064555}",,ID_row,0,0,0,True,11.697288610671025,"{""target_final_grade"": 11.697288610671025}"
student_performance,2,simple_mlp,1044,668,167,209,58,2,1,3.2154762744903564,2.3354194164276123,0.1697695255279541,"{""target_final_grade"": 3.2154762744903564}","{""target_final_grade"": 0.1697695255279541}",,ID_row,0,0,0,True,10.339287671810382,"{""target_final_grade"": 10.339287671810382}"
student_performance,2,random_forest,1044,668,167,209,58,2,1,3.39250307027637,2.401451353815113,0.0758370680043089,"{""target_final_grade"": 3.39250307027637}","{""target_final_grade"": 0.0758370680043089}",,ID_row,0,0,0,True,11.509077081834597,"{""target_final_grade"": 11.509077081834597}"
student_performance,2,xgboost,1044,668,167,209,58,2,1,3.0968397187608283,2.25040916396018,0.2299028730269721,"{""target_final_grade"": 3.0968397187608283}","{""target_final_grade"": 0.2299028730269721}",,ID_row,0,0,0,True,9.590416243694646,"{""target_final_grade"": 9.590416243694646}"
student_performance,2,lightgbm,1044,668,167,209,58,2,1,3.3367771952217136,2.4876306754866238,0.1059486490746297,"{""target_final_grade"": 3.3367771952217136}","{""target_final_grade"": 0.10594864907462975}",,ID_row,0,0,0,True,11.134082050551685,"{""target_final_grade"": 11.134082050551685}"
student_performance,2,cnn_mlp,1044,668,167,209,58,2,1,3.523753462350095,2.554510704524722,0.00294508770065,"{""target_final_grade"": 3.523753462350095}","{""target_final_grade"": 0.002945087700650051}",,ID_row,0,0,0,True,12.41683846342428,"{""target_final_grade"": 12.41683846342428}"
student_performance,2,ftt_mlp,1044,668,167,209,58,2,1,3.431568310479116,2.531498783767625,0.0544307434226024,"{""target_final_grade"": 3.431568310479116}","{""target_final_grade"": 0.05443074342260246}",,ID_row,0,0,0,True,11.775661069484496,"{""target_final_grade"": 11.775661069484496}"
student_performance,2,two_stage_mlp,1044,668,167,209,58,2,1,3.153163433074951,2.2288832664489746,0.2016359567642212,"{""target_final_grade"": 3.153163433074951}","{""target_final_grade"": 0.2016359567642212}",,ID_row,0,0,0,True,9.942439635681012,"{""target_final_grade"": 9.942439635681012}"
student_performance,2,oracle_mlp,1044,668,167,209,58,2,1,1.6655224561691284,1.0343161821365356,0.7772544622421265,"{""target_final_grade"": 1.6655224561691284}","{""target_final_grade"": 0.7772544622421265}",,ID_row,0,0,0,True,2.7739650520036463,"{""target_final_grade"": 2.7739650520036463}"
student_performance,2,prism,1044,668,167,209,58,2,1,3.2509286403656006,2.3816018104553223,0.1513610482215881,"{""target_final_grade"": 3.2509286403656006}","{""target_final_grade"": 0.15136104822158813}",,ID_row,0,0,0,True,10.568537024749332,"{""target_final_grade"": 10.568537024749332}"
student_performance,2,prism_z_acp_random_forest,1044,668,167,209,58,2,1,3.3470243760735285,2.403349279250371,0.1004489871228706,"{""target_final_grade"": 3.3470243760735285}","{""target_final_grade"": 0.10044898712287065}",,ID_row,0,0,0,True,11.202572174030394,"{""target_final_grade"": 11.202572174030394}"
student_performance,2,prism_z_acp_xgboost,1044,668,167,209,58,2,1,3.395861108724616,2.425217921344028,0.0740066139015889,"{""target_final_grade"": 3.395861108724616}","{""target_final_grade"": 0.07400661390158891}",,ID_row,0,0,0,True,11.531872669748378,"{""target_final_grade"": 11.531872669748378}"
student_performance,2,prism_z_acp_lightgbm,1044,668,167,209,58,2,1,3.4139955855719637,2.488692179454675,0.0640902820874612,"{""target_final_grade"": 3.4139955855719633}","{""target_final_grade"": 0.06409028208746126}",,ID_row,0,0,0,True,11.655365858304853,"{""target_final_grade"": 11.655365858304853}"
student_performance,2,prism_z_random_forest,1044,668,167,209,58,2,1,3.1037916621268526,2.27178626149146,0.2264414858083828,"{""target_final_grade"": 3.1037916621268526}","{""target_final_grade"": 0.22644148580838286}",,ID_row,0,0,0,True,9.63352268188817,"{""target_final_grade"": 9.63352268188817}"
student_performance,2,prism_z_xgboost,1044,668,167,209,58,2,1,3.126157610731358,2.294912743056051,0.2152527793684375,"{""target_final_grade"": 3.126157610731358}","{""target_final_grade"": 0.21525277936843756}",,ID_row,0,0,0,True,9.772861407133593,"{""target_final_grade"": 9.772861407133593}"
student_performance,2,prism_z_lightgbm,1044,668,167,209,58,2,1,3.157645759761975,2.352885971205368,0.1993644671527391,"{""target_final_grade"": 3.157645759761975}","{""target_final_grade"": 0.19936446715273914}",,ID_row,0,0,0,True,9.970726744142782,"{""target_final_grade"": 9.970726744142782}"
student_performance,3,simple_mlp,1044,668,167,209,58,2,1,3.052785873413086,2.2348430156707764,0.3719005584716797,"{""target_final_grade"": 3.052785873413086}","{""target_final_grade"": 0.3719005584716797}",,ID_row,0,0,0,True,9.319501588910498,"{""target_final_grade"": 9.319501588910498}"
student_performance,3,random_forest,1044,668,167,209,58,2,1,3.026826943024832,2.321483236552558,0.3825369850844993,"{""target_final_grade"": 3.0268269430248322}","{""target_final_grade"": 0.3825369850844993}",,ID_row,0,0,0,True,9.161681343021051,"{""target_final_grade"": 9.161681343021051}"
student_performance,3,xgboost,1044,668,167,209,58,2,1,2.9776654250296053,2.2788751006732806,0.4024316829686281,"{""target_final_grade"": 2.9776654250296053}","{""target_final_grade"": 0.4024316829686281}",,ID_row,0,0,0,True,8.86649138341674,"{""target_final_grade"": 8.86649138341674}"
student_performance,3,lightgbm,1044,668,167,209,58,2,1,3.0667826842710832,2.4007074594257136,0.3661277027464314,"{""target_final_grade"": 3.0667826842710832}","{""target_final_grade"": 0.36612770274643147}",,ID_row,0,0,0,True,9.405156032544951,"{""target_final_grade"": 9.405156032544951}"
student_performance,3,cnn_mlp,1044,668,167,209,58,2,1,3.4515340699573955,2.6190688506754505,0.1971025175597002,"{""target_final_grade"": 3.4515340699573955}","{""target_final_grade"": 0.1971025175597002}",,ID_row,0,0,0,True,11.913087436076664,"{""target_final_grade"": 11.913087436076664}"
student_performance,3,ftt_mlp,1044,668,167,209,58,2,1,3.415636037738759,2.486426004160746,0.2137169004685835,"{""target_final_grade"": 3.415636037738759}","{""target_final_grade"": 0.2137169004685835}",,ID_row,0,0,0,True,11.666569542299728,"{""target_final_grade"": 11.666569542299728}"
student_performance,3,two_stage_mlp,1044,668,167,209,58,2,1,3.083279609680176,2.252147912979126,0.3592898845672607,"{""target_final_grade"": 3.083279609680176}","{""target_final_grade"": 0.35928988456726074}",,ID_row,0,0,0,True,9.506613151469537,"{""target_final_grade"": 9.506613151469537}"
student_performance,3,oracle_mlp,1044,668,167,209,58,2,1,1.9296952486038208,1.2434180974960327,0.7490349411964417,"{""target_final_grade"": 1.9296952486038208}","{""target_final_grade"": 0.7490349411964417}",,ID_row,0,0,0,True,3.7237237524841618,"{""target_final_grade"": 3.7237237524841618}"
student_performance,3,prism,1044,668,167,209,58,2,1,3.0928258895874023,2.221782684326172,0.3553162813186645,"{""target_final_grade"": 3.0928258895874023}","{""target_final_grade"": 0.35531628131866455}",,ID_row,0,0,0,True,9.565571983302107,"{""target_final_grade"": 9.565571983302107}"
student_performance,3,prism_z_acp_random_forest,1044,668,167,209,58,2,1,3.091856570960825,2.266842098259736,0.3557203040644071,"{""target_final_grade"": 3.0918565709608252}","{""target_final_grade"": 0.35572030406440713}",,ID_row,0,0,0,True,9.559577055393632,"{""target_final_grade"": 9.559577055393632}"
student_performance,3,prism_z_acp_xgboost,1044,668,167,209,58,2,1,3.0490897537887687,2.2361590724746407,0.373420496919405,"{""target_final_grade"": 3.0490897537887687}","{""target_final_grade"": 0.37342049691940504}",,ID_row,0,0,0,True,9.296948326659654,"{""target_final_grade"": 9.296948326659654}"
student_performance,3,prism_z_acp_lightgbm,1044,668,167,209,58,2,1,3.048819095158529,2.236051609618409,0.3735317311806249,"{""target_final_grade"": 3.048819095158529}","{""target_final_grade"": 0.3735317311806249}",,ID_row,0,0,0,True,9.295297875003271,"{""target_final_grade"": 9.295297875003271}"
student_performance,3,prism_z_random_forest,1044,668,167,209,58,2,1,3.0384546232468512,2.292743213998736,0.3777838537650226,"{""target_final_grade"": 3.0384546232468512}","{""target_final_grade"": 0.37778385376502266}",,ID_row,0,0,0,True,9.232206497530164,"{""target_final_grade"": 9.232206497530164}"
student_performance,3,prism_z_xgboost,1044,668,167,209,58,2,1,3.021835861861024,2.285032756133691,0.3845716353700915,"{""target_final_grade"": 3.0218358618610237}","{""target_final_grade"": 0.38457163537009154}",,ID_row,0,0,0,True,9.131491976029356,"{""target_final_grade"": 9.131491976029356}"
student_performance,3,prism_z_lightgbm,1044,668,167,209,58,2,1,3.023073802409187,2.272729987055725,0.3840672930984581,"{""target_final_grade"": 3.023073802409187}","{""target_final_grade"": 0.3840672930984581}",,ID_row,0,0,0,True,9.138975214812742,"{""target_final_grade"": 9.138975214812742}"
student_performance,4,simple_mlp,1044,668,167,209,58,2,1,3.932141065597534,2.863490343093872,0.1189602017402648,"{""target_final_grade"": 3.932141065597534}","{""target_final_grade"": 0.11896020174026489}",,ID_row,0,0,0,True,15.461733359758512,"{""target_final_grade"": 15.461733359758512}"
student_performance,4,random_forest,1044,668,167,209,58,2,1,3.7960646672868577,2.6896650755064586,0.1788839465490123,"{""target_final_grade"": 3.7960646672868577}","{""target_final_grade"": 0.1788839465490123}",,ID_row,0,0,0,True,14.41010695822368,"{""target_final_grade"": 14.41010695822368}"
student_performance,4,xgboost,1044,668,167,209,58,2,1,3.526383448627169,2.523698430249369,0.2914077345466528,"{""target_final_grade"": 3.5263834486271692}","{""target_final_grade"": 0.2914077345466528}",,ID_row,0,0,0,True,12.435380226751647,"{""target_final_grade"": 12.435380226751647}"
student_performance,4,lightgbm,1044,668,167,209,58,2,1,3.5938768090505424,2.673812067033921,0.2640239002268929,"{""target_final_grade"": 3.5938768090505424}","{""target_final_grade"": 0.2640239002268929}",,ID_row,0,0,0,True,12.915950518631309,"{""target_final_grade"": 12.915950518631309}"
student_performance,4,cnn_mlp,1044,668,167,209,58,2,1,4.249358884123909,3.01429950307763,-0.0289260472787153,"{""target_final_grade"": 4.249358884123909}","{""target_final_grade"": -0.028926047278715394}",,ID_row,0,0,0,True,18.057050926082795,"{""target_final_grade"": 18.057050926082795}"
student_performance,4,ftt_mlp,1044,668,167,209,58,2,1,4.3934473031250425,3.179782572640084,-0.0998872861422699,"{""target_final_grade"": 4.3934473031250425}","{""target_final_grade"": -0.09988728614226994}",,ID_row,0,0,0,True,19.30237920533671,"{""target_final_grade"": 19.30237920533671}"
student_performance,4,two_stage_mlp,1044,668,167,209,58,2,1,4.054465293884277,2.909064531326294,0.0632913708686828,"{""target_final_grade"": 4.054465293884277}","{""target_final_grade"": 0.06329137086868286}",,ID_row,0,0,0,True,16.43868881931212,"{""target_final_grade"": 16.43868881931212}"
student_performance,4,oracle_mlp,1044,668,167,209,58,2,1,2.0537004470825195,1.2769768238067627,0.7596680521965027,"{""target_final_grade"": 2.0537004470825195}","{""target_final_grade"": 0.7596680521965027}",,ID_row,0,0,0,True,4.217685526346941,"{""target_final_grade"": 4.217685526346941}"
student_performance,4,prism,1044,668,167,209,58,2,1,3.985415935516357,2.7961456775665283,0.0949247479438781,"{""target_final_grade"": 3.9854159355163574}","{""target_final_grade"": 0.09492474794387817}",,ID_row,0,0,0,True,15.883540179067722,"{""target_final_grade"": 15.883540179067722}"
student_performance,4,prism_z_acp_random_forest,1044,668,167,209,58,2,1,4.220162233017264,3.049968104882013,-0.0148354554690266,"{""target_final_grade"": 4.2201622330172635}","{""target_final_grade"": -0.014835455469026648}",,ID_row,0,0,0,True,17.809769272985257,"{""target_final_grade"": 17.809769272985257}"
student_performance,4,prism_z_acp_xgboost,1044,668,167,209,58,2,1,4.229885538554046,3.025181573004409,-0.0195172293638272,"{""target_final_grade"": 4.229885538554046}","{""target_final_grade"": -0.01951722936382727}",,ID_row,0,0,0,True,17.891931669268654,"{""target_final_grade"": 17.891931669268654}"
student_performance,4,prism_z_acp_lightgbm,1044,668,167,209,58,2,1,4.294745172134814,3.1200305987285644,-0.0510228038983153,"{""target_final_grade"": 4.294745172134814}","{""target_final_grade"": -0.05102280389831537}",,ID_row,0,0,0,True,18.44483609357529,"{""target_final_grade"": 18.44483609357529}"
student_performance,4,prism_z_random_forest,1044,668,167,209,58,2,1,3.957942242964174,2.805677835000365,0.1073602068402659,"{""target_final_grade"": 3.957942242964174}","{""target_final_grade"": 0.10736020684026593}",,ID_row,0,0,0,True,15.665306798640279,"{""target_final_grade"": 15.665306798640279}"
student_performance,4,prism_z_xgboost,1044,668,167,209,58,2,1,4.178987820003959,2.9975511650286326,0.0048706178953052,"{""target_final_grade"": 4.178987820003959}","{""target_final_grade"": 0.004870617895305296}",,ID_row,0,0,0,True,17.463939199741443,"{""target_final_grade"": 17.463939199741443}"
student_performance,4,prism_z_lightgbm,1044,668,167,209,58,2,1,4.095818355349503,2.9228977249399284,0.0440862368977209,"{""target_final_grade"": 4.095818355349503}","{""target_final_grade"": 0.044086236897720954}",,ID_row,0,0,0,True,16.77572800001791,"{""target_final_grade"": 16.77572800001791}"
student_performance,5,simple_mlp,1044,668,167,209,58,2,1,3.271569013595581,2.3203282356262207,0.3084647059440613,"{""target_final_grade"": 3.271569013595581}","{""target_final_grade"": 0.3084647059440613}",,ID_row,0,0,0,True,10.703163810718763,"{""target_final_grade"": 10.703163810718763}"
student_performance,5,random_forest,1044,668,167,209,58,2,1,3.067224951452311,2.215598103777689,0.3921541647725997,"{""target_final_grade"": 3.067224951452311}","{""target_final_grade"": 0.3921541647725997}",,ID_row,0,0,0,True,9.407868902811632,"{""target_final_grade"": 9.407868902811632}"
student_performance,5,xgboost,1044,668,167,209,58,2,1,3.0180801371035293,2.2282477559015503,0.4114766170716352,"{""target_final_grade"": 3.0180801371035293}","{""target_final_grade"": 0.4114766170716352}",,ID_row,0,0,0,True,9.108807713978859,"{""target_final_grade"": 9.108807713978859}"
student_performance,5,lightgbm,1044,668,167,209,58,2,1,2.983399097196126,2.2103633948659294,0.424924459367682,"{""target_final_grade"": 2.983399097196126}","{""target_final_grade"": 0.424924459367682}",,ID_row,0,0,0,True,8.90067017315066,"{""target_final_grade"": 8.90067017315066}"
student_performance,5,cnn_mlp,1044,668,167,209,58,2,1,3.592622446385473,2.577293946602454,0.1660781628773306,"{""target_final_grade"": 3.5926224463854726}","{""target_final_grade"": 0.16607816287733068}",,ID_row,0,0,0,True,12.906936042272738,"{""target_final_grade"": 12.906936042272738}"
student_performance,5,ftt_mlp,1044,668,167,209,58,2,1,3.4973316888019697,2.553338293828078,0.2097293836477417,"{""target_final_grade"": 3.4973316888019697}","{""target_final_grade"": 0.20972938364774174}",,ID_row,0,0,0,True,12.231328941498438,"{""target_final_grade"": 12.231328941498438}"
student_performance,5,two_stage_mlp,1044,668,167,209,58,2,1,3.1019601821899414,2.24265456199646,0.3783089518547058,"{""target_final_grade"": 3.1019601821899414}","{""target_final_grade"": 0.3783089518547058}",,ID_row,0,0,0,True,9.622156971891854,"{""target_final_grade"": 9.622156971891854}"
student_performance,5,oracle_mlp,1044,668,167,209,58,2,1,1.8851277828216555,1.178743600845337,0.7703937292098999,"{""target_final_grade"": 1.8851277828216553}","{""target_final_grade"": 0.7703937292098999}",,ID_row,0,0,0,True,3.55370675756609,"{""target_final_grade"": 3.55370675756609}"
student_performance,5,prism,1044,668,167,209,58,2,1,3.065551280975342,2.2010958194732666,0.3928173184394836,"{""target_final_grade"": 3.065551280975342}","{""target_final_grade"": 0.39281731843948364}",,ID_row,0,0,0,True,9.397604656289559,"{""target_final_grade"": 9.397604656289559}"
student_performance,5,prism_z_acp_random_forest,1044,668,167,209,58,2,1,3.159841829228724,2.257368428327609,0.3548913336717212,"{""target_final_grade"": 3.159841829228724}","{""target_final_grade"": 0.3548913336717212}",,ID_row,0,0,0,True,9.984600385743528,"{""target_final_grade"": 9.984600385743528}"
student_performance,5,prism_z_acp_xgboost,1044,668,167,209,58,2,1,3.120642551405886,2.2255493024864754,0.3707977884200538,"{""target_final_grade"": 3.120642551405886}","{""target_final_grade"": 0.37079778842005384}",,ID_row,0,0,0,True,9.738409933645038,"{""target_final_grade"": 9.738409933645038}"
student_performance,5,prism_z_acp_lightgbm,1044,668,167,209,58,2,1,3.1534490320623183,2.2459439134762875,0.3574989813427742,"{""target_final_grade"": 3.1534490320623183}","{""target_final_grade"": 0.35749898134277425}",,ID_row,0,0,0,True,9.944240797814771,"{""target_final_grade"": 9.944240797814771}"
student_performance,5,prism_z_random_forest,1044,668,167,209,58,2,1,3.215974786049838,2.2367464133772863,0.3317677082836842,"{""target_final_grade"": 3.215974786049838}","{""target_final_grade"": 0.3317677082836842}",,ID_row,0,0,0,True,10.342493824508303,"{""target_final_grade"": 10.342493824508303}"
student_performance,5,prism_z_xgboost,1044,668,167,209,58,2,1,3.0897970052812727,2.173474703012153,0.3831748340399621,"{""target_final_grade"": 3.0897970052812727}","{""target_final_grade"": 0.3831748340399621}",,ID_row,0,0,0,True,9.54684553384512,"{""target_final_grade"": 9.54684553384512}"
student_performance,5,prism_z_lightgbm,1044,668,167,209,58,2,1,3.1523372920590744,2.2351413294201774,0.3579519255103016,"{""target_final_grade"": 3.1523372920590744}","{""target_final_grade"": 0.35795192551030164}",,ID_row,0,0,0,True,9.937230402906339,"{""target_final_grade"": 9.937230402906339}"
