dataset,seed,recoverability_model,n_rows,n_train,n_val,n_test,n_features,n_intermediates,n_targets,oracle_gain_pct,dropped_all_nan_cols,split_group_col,train_val_group_overlap,train_test_group_overlap,val_test_group_overlap,target_constant_within_group,macro_r2,macro_std_rmse,macro_std_mae,acp_r2_json,acp_std_rmse_json
airfoil_self_noise,1,random_forest,1503,961,241,301,4,1,1,22.49853450018157,,,0,0,0,False,-0.999925361380388,1.2679899983861462,0.9333841837125909,"{""intermediate_suction_side_displacement_thickness"": -0.31715281572824083}","{""intermediate_suction_side_displacement_thickness"": 1.0958083643982455}"
airfoil_self_noise,1,ridge,1503,961,241,301,4,1,1,22.49853450018157,,,0,0,0,False,-0.61007159948349,1.182996392250061,0.9228670001029968,"{""intermediate_suction_side_displacement_thickness"": -0.11885511875152588}","{""intermediate_suction_side_displacement_thickness"": 1.0099583864212036}"
airfoil_self_noise,2,random_forest,1503,961,241,301,4,1,1,22.49853450018157,,,0,0,0,False,-0.9999960334173318,1.3003742836534997,0.9487389850329607,"{""intermediate_suction_side_displacement_thickness"": -13.900590438623066}","{""intermediate_suction_side_displacement_thickness"": 3.79918615628945}"
airfoil_self_noise,2,ridge,1503,961,241,301,4,1,1,22.49853450018157,,,0,0,0,False,-0.6879398822784424,1.2459299564361572,0.9700466394424438,"{""intermediate_suction_side_displacement_thickness"": -0.9919955730438232}","{""intermediate_suction_side_displacement_thickness"": 1.3890984058380127}"
airfoil_self_noise,3,random_forest,1503,961,241,301,4,1,1,22.49853450018157,,,0,0,0,False,-1.000007265342636,1.2189485437693115,0.8837602088222942,"{""intermediate_suction_side_displacement_thickness"": -0.07887000431744906}","{""intermediate_suction_side_displacement_thickness"": 0.9560645770479219}"
airfoil_self_noise,3,ridge,1503,961,241,301,4,1,1,22.49853450018157,,,0,0,0,False,-0.6724624633789062,1.1570271253585815,0.8996143937110901,"{""intermediate_suction_side_displacement_thickness"": -0.1924295425415039}","{""intermediate_suction_side_displacement_thickness"": 1.0051225423812866}"
airfoil_self_noise,4,random_forest,1503,961,241,301,4,1,1,22.49853450018157,,,0,0,0,False,-1.0000199798770208,1.2812595929969286,0.941144287482935,"{""intermediate_suction_side_displacement_thickness"": -1.5180760829518554}","{""intermediate_suction_side_displacement_thickness"": 1.5329162571632053}"
airfoil_self_noise,4,ridge,1503,961,241,301,4,1,1,22.49853450018157,,,0,0,0,False,-0.6441903114318848,1.207574725151062,0.9421169757843018,"{""intermediate_suction_side_displacement_thickness"": -1.1106359958648682}","{""intermediate_suction_side_displacement_thickness"": 1.4034297466278076}"
airfoil_self_noise,5,random_forest,1503,961,241,301,4,1,1,22.49853450018157,,,0,0,0,False,-1.0000661648794724,1.425107196740351,1.0802372754349252,"{""intermediate_suction_side_displacement_thickness"": -0.7291277974846984}","{""intermediate_suction_side_displacement_thickness"": 1.3966616667811202}"
airfoil_self_noise,5,ridge,1503,961,241,301,4,1,1,22.49853450018157,,,0,0,0,False,-0.5714855790138245,1.3066877126693726,1.029188632965088,"{""intermediate_suction_side_displacement_thickness"": -0.3268563747406006}","{""intermediate_suction_side_displacement_thickness"": 1.2234596014022827}"
energy_efficiency,1,random_forest,768,491,123,154,8,1,1,5.435513482409016,,,0,0,0,False,-1.0074475561220786,1.3841257431507576,1.1353344501712297,"{""intermediate_heating_load"": -1.101099354012042}","{""intermediate_heating_load"": 1.4452882669493219}"
energy_efficiency,1,ridge,768,491,123,154,8,1,1,5.435513482409016,,,0,0,0,False,-0.9011739492416382,1.3558744192123413,1.1146184206008911,"{""intermediate_heating_load"": -0.9867106676101685}","{""intermediate_heating_load"": 1.405395269393921}"
energy_efficiency,2,random_forest,768,491,123,154,8,1,1,5.435513482409016,,,0,0,0,False,-0.99942476958689,1.3262100898590867,1.0851158840020318,"{""intermediate_heating_load"": -0.0012201419601465258}","{""intermediate_heating_load"": 0.9580177763019204}"
energy_efficiency,2,ridge,768,491,123,154,8,1,1,5.435513482409016,,,0,0,0,False,-0.9656134247779846,1.3232150077819824,1.0831407308578491,"{""intermediate_heating_load"": -0.35149991512298584}","{""intermediate_heating_load"": 1.1130554676055908}"
energy_efficiency,3,random_forest,768,491,123,154,8,1,1,5.435513482409016,,,0,0,0,False,-0.99500534943108,1.3795254204972542,1.1304476716926901,"{""intermediate_heating_load"": -0.05229702588917551}","{""intermediate_heating_load"": 1.0232581799856928}"
energy_efficiency,3,ridge,768,491,123,154,8,1,1,5.435513482409016,,,0,0,0,False,-0.9626166820526123,1.3740763664245605,1.1295928955078125,"{""intermediate_heating_load"": -0.05612766742706299}","{""intermediate_heating_load"": 1.0251189470291138}"
energy_efficiency,4,random_forest,768,491,123,154,8,1,1,5.435513482409016,,,0,0,0,False,-0.9900319760301999,1.3660358856018446,1.1030082807483956,"{""intermediate_heating_load"": -1.076892837944361}","{""intermediate_heating_load"": 1.4238352117754773}"
energy_efficiency,4,ridge,768,491,123,154,8,1,1,5.435513482409016,,,0,0,0,False,-0.9046398997306824,1.3449934720993042,1.089684247970581,"{""intermediate_heating_load"": -0.7692981958389282}","{""intermediate_heating_load"": 1.314175009727478}"
energy_efficiency,5,random_forest,768,491,123,154,8,1,1,5.435513482409016,,,0,0,0,False,-0.9910711338060186,1.3577780329365876,1.1114200630509403,"{""intermediate_heating_load"": -0.49655130262244684}","{""intermediate_heating_load"": 1.204471202923299}"
energy_efficiency,5,ridge,768,491,123,154,8,1,1,5.435513482409016,,,0,0,0,False,-0.8825944066047668,1.3340256214141846,1.0898234844207764,"{""intermediate_heating_load"": -0.289667010307312}","{""intermediate_heating_load"": 1.1181225776672363}"
hydraulic_systems,1,random_forest,2205,1411,353,441,23,44,4,23.939301246492413,feature_ps2_min,,0,0,0,False,0.8869452906953715,0.18747787753200057,0.09253034140000219,"{""intermediate_ce_max"": 0.9900164298783147, ""intermediate_ce_mean"": 0.9903987261656738, ""intermediate_ce_min"": 0.9904123479973751, ""intermediate_ce_std"": 0.10177854769144734, ""intermediate_cp_max"": 0.9463459236963376, ""intermediate_cp_mean"": 0.9494936556301949, ""intermediate_cp_min"": 0.950322890449424, ""intermediate_cp_std"": 0.24138785860868528, ""intermediate_fs2_max"": 0.9984013693317908, ""intermediate_fs2_mean"": 0.9985660776118123, ""intermediate_fs2_min"": 0.9984383690152668, ""intermediate_fs2_std"": 0.9575870644876311, ""intermediate_ps3_max"": 0.9129635426522571, ""intermediate_ps3_mean"": 0.9898217437952651, ""intermediate_ps3_min"": 0.9934674120370655, ""intermediate_ps3_std"": 0.9571804571525665, ""intermediate_ps4_max"": 0.9382788048804664, ""intermediate_ps4_mean"": 0.9871294768660878, ""intermediate_ps4_min"": 0.9884121308334992, ""intermediate_ps4_std"": 0.31995613616333796, ""intermediate_ps5_max"": 0.9987320735134285, ""intermediate_ps5_mean"": 0.9987535863630778, ""intermediate_ps5_min"": 0.998801379042197, ""intermediate_ps5_std"": 0.777672129295903, ""intermediate_ps6_max"": 0.9987152130014051, ""intermediate_ps6_mean"": 0.998707900871426, ""intermediate_ps6_min"": 0.9987223136734205, ""intermediate_ps6_std"": 0.8571695123310801, ""intermediate_se_max"": 0.41526113098421824, ""intermediate_se_mean"": 0.9857326277769137, ""intermediate_se_min"": 0.9982941834233924, ""intermediate_se_std"": 0.9527896539976182, ""intermediate_ts2_max"": 0.9996773230953566, ""intermediate_ts2_mean"": 0.9996831301125734, ""intermediate_ts2_min"": 0.9996698917768958, ""intermediate_ts2_std"": 0.8912760970976901, ""intermediate_ts3_max"": 0.999707893581815, ""intermediate_ts3_mean"": 0.9997223278644732, ""intermediate_ts3_min"": 0.999712537441749, ""intermediate_ts3_std"": 0.5420087651945034, ""intermediate_ts4_max"": 0.9989305669412458, ""intermediate_ts4_mean"": 0.9989428334554729, ""intermediate_ts4_min"": 0.9989128888240528, ""intermediate_ts4_std"": 0.4176378659919391}","{""intermediate_ce_max"": 0.09772855428174584, ""intermediate_ce_mean"": 0.09582824024013685, ""intermediate_ce_min"": 0.09572951891380453, ""intermediate_ce_std"": 0.5782425006990165, ""intermediate_cp_max"": 0.22751047602372323, ""intermediate_cp_mean"": 0.22051550405576134, ""intermediate_cp_min"": 0.21869555230681711, ""intermediate_cp_std"": 0.6655188362200462, ""intermediate_fs2_max"": 0.03987847464975655, ""intermediate_fs2_mean"": 0.03786118998455449, ""intermediate_fs2_min"": 0.0395564236931234, ""intermediate_fs2_std"": 0.2165516607366378, ""intermediate_ps3_max"": 0.2949918460424978, ""intermediate_ps3_mean"": 0.09661019270432683, ""intermediate_ps3_min"": 0.07861401439068795, ""intermediate_ps3_std"": 0.20778588156931377, ""intermediate_ps4_max"": 0.24556275051967472, ""intermediate_ps4_mean"": 0.11112487070127283, ""intermediate_ps4_min"": 0.1055853701919017, ""intermediate_ps4_std"": 0.9106251158885716, ""intermediate_ps5_max"": 0.03493478931174435, ""intermediate_ps5_mean"": 0.034630029038780916, ""intermediate_ps5_min"": 0.03394534409188802, ""intermediate_ps5_std"": 0.35030892302082073, ""intermediate_ps6_max"": 0.03515732212556792, ""intermediate_ps6_mean"": 0.035252168650061755, ""intermediate_ps6_min"": 0.03503692700926456, ""intermediate_ps6_std"": 0.30800084603929045, ""intermediate_se_max"": 0.6353630413110728, ""intermediate_se_mean"": 0.11400090320657012, ""intermediate_se_min"": 0.040603149805350264, ""intermediate_se_std"": 0.21842303395655854, ""intermediate_ts2_max"": 0.01776429629273616, ""intermediate_ts2_mean"": 0.01760814608353433, ""intermediate_ts2_min"": 0.017971702991177972, ""intermediate_ts2_std"": 0.3133936496662849, ""intermediate_ts3_max"": 0.016912952272910554, ""intermediate_ts3_mean"": 0.016492486467795577, ""intermediate_ts3_min"": 0.01678373758418039, ""intermediate_ts3_std"": 0.6970404419811723, ""intermediate_ts4_max"": 0.03230480822538191, ""intermediate_ts4_mean"": 0.032121041367872534, ""intermediate_ts4_min"": 0.03258478436781565, ""intermediate_ts4_std"": 0.5778751127268215}"
hydraulic_systems,1,ridge,2205,1411,353,441,23,44,4,23.939301246492413,feature_ps2_min,,0,0,0,False,0.8287654519081116,0.24806652963161469,0.1606764793395996,"{""intermediate_ce_max"": 0.9737443923950195, ""intermediate_ce_mean"": 0.9732568860054016, ""intermediate_ce_min"": 0.9726598262786865, ""intermediate_ce_std"": -0.1471325159072876, ""intermediate_cp_max"": 0.927310585975647, ""intermediate_cp_mean"": 0.9293853044509888, ""intermediate_cp_min"": 0.9302676916122437, ""intermediate_cp_std"": 0.07580828666687012, ""intermediate_fs2_max"": 0.9966614842414856, ""intermediate_fs2_mean"": 0.996718168258667, ""intermediate_fs2_min"": 0.9963025450706482, ""intermediate_fs2_std"": 0.8970211744308472, ""intermediate_ps3_max"": 0.9260876178741455, ""intermediate_ps3_mean"": 0.982042133808136, ""intermediate_ps3_min"": 0.980115532875061, ""intermediate_ps3_std"": 0.9564334750175476, ""intermediate_ps4_max"": 0.7835706472396851, ""intermediate_ps4_mean"": 0.8232507109642029, ""intermediate_ps4_min"": 0.8141459226608276, ""intermediate_ps4_std"": 0.09200125932693481, ""intermediate_ps5_max"": 0.9970991015434265, ""intermediate_ps5_mean"": 0.9970042705535889, ""intermediate_ps5_min"": 0.9968894124031067, ""intermediate_ps5_std"": 0.4373207688331604, ""intermediate_ps6_max"": 0.9970540404319763, ""intermediate_ps6_mean"": 0.9968757629394531, ""intermediate_ps6_min"": 0.9967643618583679, ""intermediate_ps6_std"": 0.41196781396865845, ""intermediate_se_max"": 0.5670672655105591, ""intermediate_se_mean"": 0.9765917062759399, ""intermediate_se_min"": 0.9853256940841675, ""intermediate_se_std"": 0.9552627801895142, ""intermediate_ts2_max"": 0.999853253364563, ""intermediate_ts2_mean"": 0.9998463988304138, ""intermediate_ts2_min"": 0.9998375177383423, ""intermediate_ts2_std"": 0.82451331615448, ""intermediate_ts3_max"": 0.9997928142547607, ""intermediate_ts3_mean"": 0.9998406767845154, ""intermediate_ts3_min"": 0.9998506307601929, ""intermediate_ts3_std"": 0.2621491551399231, ""intermediate_ts4_max"": 0.9992450475692749, ""intermediate_ts4_mean"": 0.9992344379425049, ""intermediate_ts4_min"": 0.9991997480392456, ""intermediate_ts4_std"": 0.18744391202926636}","{""intermediate_ce_max"": 0.1584855169057846, ""intermediate_ce_mean"": 0.15993188321590424, ""intermediate_ce_min"": 0.1616554707288742, ""intermediate_ce_std"": 0.6534691452980042, ""intermediate_cp_max"": 0.2648107707500458, ""intermediate_cp_mean"": 0.2607436776161194, ""intermediate_cp_min"": 0.2591068148612976, ""intermediate_cp_std"": 0.7345671057701111, ""intermediate_fs2_max"": 0.057629238814115524, ""intermediate_fs2_mean"": 0.05727831646800041, ""intermediate_fs2_min"": 0.060866765677928925, ""intermediate_fs2_std"": 0.33743205666542053, ""intermediate_ps3_max"": 0.27184292674064636, ""intermediate_ps3_mean"": 0.12832564115524292, ""intermediate_ps3_min"": 0.13715583086013794, ""intermediate_ps3_std"": 0.20959042012691498, ""intermediate_ps4_max"": 0.459836483001709, ""intermediate_ps4_mean"": 0.4118053913116455, ""intermediate_ps4_min"": 0.4228516221046448, ""intermediate_ps4_std"": 1.0522375106811523, ""intermediate_ps5_max"": 0.052841879427433014, ""intermediate_ps5_mean"": 0.05368749052286148, ""intermediate_ps5_min"": 0.054683804512023926, ""intermediate_ps5_std"": 0.5572943687438965, ""intermediate_ps6_max"": 0.05323696881532669, ""intermediate_ps6_mean"": 0.0548163466155529, ""intermediate_ps6_min"": 0.055756356567144394, ""intermediate_ps6_std"": 0.6249452829360962, ""intermediate_se_max"": 0.5467026829719543, ""intermediate_se_mean"": 0.1460230052471161, ""intermediate_se_min"": 0.11908922344446182, ""intermediate_se_std"": 0.21262502670288086, ""intermediate_ts2_max"": 0.011979824863374233, ""intermediate_ts2_mean"": 0.012259650975465775, ""intermediate_ts2_min"": 0.012608394958078861, ""intermediate_ts2_std"": 0.39815279841423035, ""intermediate_ts3_max"": 0.014242907986044884, ""intermediate_ts3_mean"": 0.012493926100432873, ""intermediate_ts3_min"": 0.012098542414605618, ""intermediate_ts3_std"": 0.8847360014915466, ""intermediate_ts4_max"": 0.027142329141497612, ""intermediate_ts4_mean"": 0.02733483724296093, ""intermediate_ts4_min"": 0.02795705758035183, ""intermediate_ts4_std"": 0.6825965642929077}"
hydraulic_systems,2,random_forest,2205,1411,353,441,23,44,4,23.939301246492413,feature_ps2_min,,0,0,0,False,0.8824384532283367,0.20355260687397692,0.09911293920641828,"{""intermediate_ce_max"": 0.987590352162262, ""intermediate_ce_mean"": 0.9887948726409683, ""intermediate_ce_min"": 0.9899520631174343, ""intermediate_ce_std"": 0.0979865064663773, ""intermediate_cp_max"": 0.9293667087687006, ""intermediate_cp_mean"": 0.9371444328756859, ""intermediate_cp_min"": 0.9456741078406743, ""intermediate_cp_std"": 0.229477752648236, ""intermediate_fs2_max"": 0.9981184376064293, ""intermediate_fs2_mean"": 0.9983549535364638, ""intermediate_fs2_min"": 0.9982152124766066, ""intermediate_fs2_std"": 0.9503123080614897, ""intermediate_ps3_max"": 0.9612578041675184, ""intermediate_ps3_mean"": 0.9937587102939284, ""intermediate_ps3_min"": 0.9931610996664807, ""intermediate_ps3_std"": 0.9822753898312021, ""intermediate_ps4_max"": 0.9277252798209932, ""intermediate_ps4_mean"": 0.9794159544498054, ""intermediate_ps4_min"": 0.9808654333034503, ""intermediate_ps4_std"": 0.26105287984845826, ""intermediate_ps5_max"": 0.9986016985633006, ""intermediate_ps5_mean"": 0.9986836731780767, ""intermediate_ps5_min"": 0.9987531623838944, ""intermediate_ps5_std"": 0.6565217262719828, ""intermediate_ps6_max"": 0.9985928103027766, ""intermediate_ps6_mean"": 0.9986687609828956, ""intermediate_ps6_min"": 0.9987065695383677, ""intermediate_ps6_std"": 0.7457610399515404, ""intermediate_se_max"": 0.690612173711888, ""intermediate_se_mean"": 0.9917671137850549, ""intermediate_se_min"": 0.996809642813786, ""intermediate_se_std"": 0.9798549363744348, ""intermediate_ts2_max"": 0.999481063453856, ""intermediate_ts2_mean"": 0.9994608771930729, ""intermediate_ts2_min"": 0.9994308766749467, ""intermediate_ts2_std"": 0.902683623956255, ""intermediate_ts3_max"": 0.9994993127272528, ""intermediate_ts3_mean"": 0.999523221988043, ""intermediate_ts3_min"": 0.9995181248513999, ""intermediate_ts3_std"": 0.48997912789024, ""intermediate_ts4_max"": 0.9985605461330713, ""intermediate_ts4_mean"": 0.9983356724549772, ""intermediate_ts4_min"": 0.9981478095142164, ""intermediate_ts4_std"": 0.25883811776831167}","{""intermediate_ce_max"": 0.11264200500673983, ""intermediate_ce_mean"": 0.10707076575607338, ""intermediate_ce_min"": 0.10139444508418069, ""intermediate_ce_std"": 0.8527438957428053, ""intermediate_cp_max"": 0.27325256448273316, ""intermediate_cp_mean"": 0.25702834713143, ""intermediate_cp_min"": 0.2373168331214491, ""intermediate_cp_std"": 0.8667345666211921, ""intermediate_fs2_max"": 0.04311759692858603, ""intermediate_fs2_mean"": 0.04027481517538406, ""intermediate_fs2_min"": 0.04193424182323898, ""intermediate_fs2_std"": 0.21729068896425657, ""intermediate_ps3_max"": 0.17953751779721464, ""intermediate_ps3_mean"": 0.07047823934761517, ""intermediate_ps3_min"": 0.07493224830285697, ""intermediate_ps3_std"": 0.122049170823601, ""intermediate_ps4_max"": 0.277796745521997, ""intermediate_ps4_mean"": 0.1490296325826718, ""intermediate_ps4_min"": 0.14389207775192095, ""intermediate_ps4_std"": 0.8326129456844868, ""intermediate_ps5_max"": 0.03732704951446537, ""intermediate_ps5_mean"": 0.03622232016912156, ""intermediate_ps5_min"": 0.03524608470750638, ""intermediate_ps5_std"": 0.5085495014039549, ""intermediate_ps6_max"": 0.037447409667726986, ""intermediate_ps6_mean"": 0.036423703987672064, ""intermediate_ps6_min"": 0.03591351259186494, ""intermediate_ps6_std"": 0.44924492949692246, ""intermediate_se_max"": 0.3395944309117534, ""intermediate_se_mean"": 0.07739791962289123, ""intermediate_se_min"": 0.05086294139926664, ""intermediate_se_std"": 0.13040492292636552, ""intermediate_ts2_max"": 0.02267870325856203, ""intermediate_ts2_mean"": 0.02311859284958292, ""intermediate_ts2_min"": 0.023749102943504338, ""intermediate_ts2_std"": 0.31475696533593994, ""intermediate_ts3_max"": 0.022249909313680098, ""intermediate_ts3_mean"": 0.021705401466003693, ""intermediate_ts3_min"": 0.02182639007447176, ""intermediate_ts3_std"": 0.7172561574450993, ""intermediate_ts4_max"": 0.037816309421067514, ""intermediate_ts4_mean"": 0.04066799688366036, ""intermediate_ts4_min"": 0.042903728064259426, ""intermediate_ts4_std"": 0.8918213753492082}"
hydraulic_systems,2,ridge,2205,1411,353,441,23,44,4,23.939301246492413,feature_ps2_min,,0,0,0,False,0.8265026211738586,0.26596707105636597,0.1682795137166977,"{""intermediate_ce_max"": 0.9696077108383179, ""intermediate_ce_mean"": 0.9703273177146912, ""intermediate_ce_min"": 0.9709274172782898, ""intermediate_ce_std"": -0.14613795280456543, ""intermediate_cp_max"": 0.8985258340835571, ""intermediate_cp_mean"": 0.9056369066238403, ""intermediate_cp_min"": 0.9129840731620789, ""intermediate_cp_std"": -0.004337191581726074, ""intermediate_fs2_max"": 0.9958499073982239, ""intermediate_fs2_mean"": 0.996062159538269, ""intermediate_fs2_min"": 0.9955336451530457, ""intermediate_fs2_std"": 0.8919410705566406, ""intermediate_ps3_max"": 0.9590410590171814, ""intermediate_ps3_mean"": 0.9811321496963501, ""intermediate_ps3_min"": 0.9743416905403137, ""intermediate_ps3_std"": 0.9674856066703796, ""intermediate_ps4_max"": 0.7825257182121277, ""intermediate_ps4_mean"": 0.8366876840591431, ""intermediate_ps4_min"": 0.8304966688156128, ""intermediate_ps4_std"": 0.10065603256225586, ""intermediate_ps5_max"": 0.996943473815918, ""intermediate_ps5_mean"": 0.9969042539596558, ""intermediate_ps5_min"": 0.996846079826355, ""intermediate_ps5_std"": 0.34795081615448, ""intermediate_ps6_max"": 0.9969601035118103, ""intermediate_ps6_mean"": 0.9968113303184509, ""intermediate_ps6_min"": 0.9967239499092102, ""intermediate_ps6_std"": 0.3773103952407837, ""intermediate_se_max"": 0.8550657033920288, ""intermediate_se_mean"": 0.9739401936531067, ""intermediate_se_min"": 0.9761607646942139, ""intermediate_se_std"": 0.9683353304862976, ""intermediate_ts2_max"": 0.9998576045036316, ""intermediate_ts2_mean"": 0.999834418296814, ""intermediate_ts2_min"": 0.9998186230659485, ""intermediate_ts2_std"": 0.83222496509552, ""intermediate_ts3_max"": 0.9997913837432861, ""intermediate_ts3_mean"": 0.9998407363891602, ""intermediate_ts3_min"": 0.9998517632484436, ""intermediate_ts3_std"": 0.19472718238830566, ""intermediate_ts4_max"": 0.9989174604415894, ""intermediate_ts4_mean"": 0.9987169504165649, ""intermediate_ts4_min"": 0.9985120892524719, ""intermediate_ts4_std"": 0.07478255033493042}","{""intermediate_ce_max"": 0.1762797236442566, ""intermediate_ce_mean"": 0.17423714697360992, ""intermediate_ce_min"": 0.17247161269187927, ""intermediate_ce_std"": 0.9612371921539307, ""intermediate_cp_max"": 0.3275195360183716, ""intermediate_cp_mean"": 0.31492719054222107, ""intermediate_cp_min"": 0.30034780502319336, ""intermediate_cp_std"": 0.9895398616790771, ""intermediate_fs2_max"": 0.06403622031211853, ""intermediate_fs2_mean"": 0.0623122863471508, ""intermediate_fs2_min"": 0.06633656471967697, ""intermediate_fs2_std"": 0.32044026255607605, ""intermediate_ps3_max"": 0.18460246920585632, ""intermediate_ps3_mean"": 0.12254025787115097, ""intermediate_ps3_min"": 0.14514081180095673, ""intermediate_ps3_std"": 0.16530440747737885, ""intermediate_ps4_max"": 0.4818788766860962, ""intermediate_ps4_mean"": 0.4197751581668854, ""intermediate_ps4_min"": 0.42826902866363525, ""intermediate_ps4_std"": 0.9185428023338318, ""intermediate_ps5_max"": 0.055187053978443146, ""intermediate_ps5_mean"": 0.055549319833517075, ""intermediate_ps5_min"": 0.05605738237500191, ""intermediate_ps5_std"": 0.7006865739822388, ""intermediate_ps6_max"": 0.055039290338754654, ""intermediate_ps6_mean"": 0.0563717857003212, ""intermediate_ps6_min"": 0.05715582147240639, ""intermediate_ps6_std"": 0.7030690312385559, ""intermediate_se_max"": 0.23243127763271332, ""intermediate_se_mean"": 0.1377016007900238, ""intermediate_se_min"": 0.13903623819351196, ""intermediate_se_std"": 0.16349220275878906, ""intermediate_ts2_max"": 0.011880946345627308, ""intermediate_ts2_mean"": 0.012811806984245777, ""intermediate_ts2_min"": 0.013406130485236645, ""intermediate_ts2_std"": 0.4132815897464752, ""intermediate_ts3_max"": 0.014361805282533169, ""intermediate_ts3_mean"": 0.012545300647616386, ""intermediate_ts3_min"": 0.012106247246265411, ""intermediate_ts3_std"": 0.9012635946273804, ""intermediate_ts4_max"": 0.03279435634613037, ""intermediate_ts4_mean"": 0.03570711985230446, ""intermediate_ts4_min"": 0.03845361992716789, ""intermediate_ts4_std"": 0.9964218735694885}"
hydraulic_systems,3,random_forest,2205,1411,353,441,23,44,4,23.939301246492413,feature_ps2_min,,0,0,0,False,0.8810469080007258,0.22102730081567493,0.09932598125144239,"{""intermediate_ce_max"": 0.9911640158759019, ""intermediate_ce_mean"": 0.9926604900534918, ""intermediate_ce_min"": 0.9940391041640387, ""intermediate_ce_std"": 0.1569437140626604, ""intermediate_cp_max"": 0.9499085492196792, ""intermediate_cp_mean"": 0.9588381750966608, ""intermediate_cp_min"": 0.9669621720886128, ""intermediate_cp_std"": 0.3000838475908203, ""intermediate_fs2_max"": 0.9984739248628698, ""intermediate_fs2_mean"": 0.9986979013619848, ""intermediate_fs2_min"": 0.99856083092887, ""intermediate_fs2_std"": 0.9548970374464433, ""intermediate_ps3_max"": 0.859145768644448, ""intermediate_ps3_mean"": 0.9831590985657138, ""intermediate_ps3_min"": 0.9873072591702413, ""intermediate_ps3_std"": 0.9294670038147347, ""intermediate_ps4_max"": 0.9346052655544915, ""intermediate_ps4_mean"": 0.9648230044674304, ""intermediate_ps4_min"": 0.965395523911466, ""intermediate_ps4_std"": 0.4591834107159418, ""intermediate_ps5_max"": 0.9991795095801648, ""intermediate_ps5_mean"": 0.9992281948956567, ""intermediate_ps5_min"": 0.9992533784884315, ""intermediate_ps5_std"": 0.6985308402553393, ""intermediate_ps6_max"": 0.9991807626561282, ""intermediate_ps6_mean"": 0.9992133602787803, ""intermediate_ps6_min"": 0.9992314102080699, ""intermediate_ps6_std"": 0.7790215753296814, ""intermediate_se_max"": 0.35056135095745833, ""intermediate_se_mean"": 0.9784676729863808, ""intermediate_se_min"": 0.9987358499037334, ""intermediate_se_std"": 0.9201678350865213, ""intermediate_ts2_max"": 0.9995919753503332, ""intermediate_ts2_mean"": 0.9995883344827454, ""intermediate_ts2_min"": 0.9995927801740495, ""intermediate_ts2_std"": 0.8952442637692413, ""intermediate_ts3_max"": 0.9995661615407659, ""intermediate_ts3_mean"": 0.9995872530246417, ""intermediate_ts3_min"": 0.9995702177515611, ""intermediate_ts3_std"": 0.4899707766934408, ""intermediate_ts4_max"": 0.999125325391349, ""intermediate_ts4_mean"": 0.9989481853042351, ""intermediate_ts4_min"": 0.9987623522629318, ""intermediate_ts4_std"": 0.32142848806379576}","{""intermediate_ce_max"": 0.0931887803760265, ""intermediate_ce_mean"": 0.08493448994232071, ""intermediate_ce_min"": 0.07649327952170422, ""intermediate_ce_std"": 0.8751765641050157, ""intermediate_cp_max"": 0.22045109591951703, ""intermediate_cp_mean"": 0.19939865357752898, ""intermediate_cp_min"": 0.17801704940674026, ""intermediate_cp_std"": 0.900626647047192, ""intermediate_fs2_max"": 0.03831158043891728, ""intermediate_fs2_mean"": 0.03545860067598158, ""intermediate_fs2_min"": 0.037309391233619864, ""intermediate_fs2_std"": 0.2106300093887564, ""intermediate_ps3_max"": 0.3750551468457591, ""intermediate_ps3_mean"": 0.13086627816641913, ""intermediate_ps3_min"": 0.11279057989623249, ""intermediate_ps3_std"": 0.26246938465013075, ""intermediate_ps4_max"": 0.2520672390106333, ""intermediate_ps4_mean"": 0.18563339503969753, ""intermediate_ps4_min"": 0.18416923084522485, ""intermediate_ps4_std"": 0.6914791279532372, ""intermediate_ps5_max"": 0.028304017985402843, ""intermediate_ps5_mean"": 0.027456150609493652, ""intermediate_ps5_min"": 0.027013556572701547, ""intermediate_ps5_std"": 0.49865580866122716, ""intermediate_ps6_max"": 0.028288092583844723, ""intermediate_ps6_mean"": 0.027722379778638527, ""intermediate_ps6_min"": 0.027399083695560742, ""intermediate_ps6_std"": 0.4258359935230222, ""intermediate_se_max"": 0.892673299003152, ""intermediate_se_mean"": 0.1493465493956239, ""intermediate_se_min"": 0.035484115180682126, ""intermediate_se_std"": 0.2792156816313316, ""intermediate_ts2_max"": 0.019923540426941503, ""intermediate_ts2_mean"": 0.020010133653445224, ""intermediate_ts2_min"": 0.019902093725110127, ""intermediate_ts2_std"": 0.31913249631297175, ""intermediate_ts3_max"": 0.020525657743302863, ""intermediate_ts3_mean"": 0.02001931350185249, ""intermediate_ts3_min"": 0.02043234619071918, ""intermediate_ts3_std"": 0.7080913107440353, ""intermediate_ts4_max"": 0.029203748079606306, ""intermediate_ts4_mean"": 0.03202570601607694, ""intermediate_ts4_min"": 0.03473037605451894, ""intermediate_ts4_std"": 0.8892832607797829}"
hydraulic_systems,3,ridge,2205,1411,353,441,23,44,4,23.939301246492413,feature_ps2_min,,0,0,0,False,0.8227815628051758,0.2880462110042572,0.16768382489681244,"{""intermediate_ce_max"": 0.9730886220932007, ""intermediate_ce_mean"": 0.9741570353507996, ""intermediate_ce_min"": 0.9752500653266907, ""intermediate_ce_std"": 0.008482515811920166, ""intermediate_cp_max"": 0.9296252131462097, ""intermediate_cp_mean"": 0.9390770792961121, ""intermediate_cp_min"": 0.9477658867835999, ""intermediate_cp_std"": 0.10631287097930908, ""intermediate_fs2_max"": 0.9969264268875122, ""intermediate_fs2_mean"": 0.9971424341201782, ""intermediate_fs2_min"": 0.9966871738433838, ""intermediate_fs2_std"": 0.8958178758621216, ""intermediate_ps3_max"": 0.8626208305358887, ""intermediate_ps3_mean"": 0.9533196687698364, ""intermediate_ps3_min"": 0.9582139253616333, ""intermediate_ps3_std"": 0.9229075908660889, ""intermediate_ps4_max"": 0.7631601095199585, ""intermediate_ps4_mean"": 0.7735222578048706, ""intermediate_ps4_min"": 0.7619498372077942, ""intermediate_ps4_std"": 0.09469175338745117, ""intermediate_ps5_max"": 0.9968055486679077, ""intermediate_ps5_mean"": 0.9967564344406128, ""intermediate_ps5_min"": 0.9966422915458679, ""intermediate_ps5_std"": 0.5209838151931763, ""intermediate_ps6_max"": 0.9968306422233582, ""intermediate_ps6_mean"": 0.996671736240387, ""intermediate_ps6_min"": 0.9965036511421204, ""intermediate_ps6_std"": 0.4875258803367615, ""intermediate_se_max"": 0.310108482837677, ""intermediate_se_mean"": 0.937864363193512, ""intermediate_se_min"": 0.9768259525299072, ""intermediate_se_std"": 0.9199564456939697, ""intermediate_ts2_max"": 0.9998760223388672, ""intermediate_ts2_mean"": 0.9998555183410645, ""intermediate_ts2_min"": 0.9998326897621155, ""intermediate_ts2_std"": 0.8427945375442505, ""intermediate_ts3_max"": 0.9998525977134705, ""intermediate_ts3_mean"": 0.999883234500885, ""intermediate_ts3_min"": 0.999885082244873, ""intermediate_ts3_std"": 0.2617506980895996, ""intermediate_ts4_max"": 0.9993535280227661, ""intermediate_ts4_mean"": 0.9991812109947205, ""intermediate_ts4_min"": 0.9989806413650513, ""intermediate_ts4_std"": 0.13694608211517334}","{""intermediate_ce_max"": 0.16263121366500854, ""intermediate_ce_mean"": 0.15937548875808716, ""intermediate_ce_min"": 0.15586714446544647, ""intermediate_ce_std"": 0.9491122364997864, ""intermediate_cp_max"": 0.2612997591495514, ""intermediate_cp_mean"": 0.24258576333522797, ""intermediate_cp_min"": 0.22383758425712585, ""intermediate_cp_std"": 1.0176876783370972, ""intermediate_fs2_max"": 0.05437049642205238, ""intermediate_fs2_mean"": 0.05252862349152565, ""intermediate_fs2_min"": 0.056605905294418335, ""intermediate_fs2_std"": 0.3201211094856262, ""intermediate_ps3_max"": 0.37039974331855774, ""intermediate_ps3_mean"": 0.2178773134946823, ""intermediate_ps3_min"": 0.2046496570110321, ""intermediate_ps3_std"": 0.2744026184082031, ""intermediate_ps4_max"": 0.47970297932624817, ""intermediate_ps4_mean"": 0.4710201621055603, ""intermediate_ps4_min"": 0.48304229974746704, ""intermediate_ps4_std"": 0.8946481943130493, ""intermediate_ps5_max"": 0.055848103016614914, ""intermediate_ps5_mean"": 0.05628537759184837, ""intermediate_ps5_min"": 0.05728641524910927, ""intermediate_ps5_std"": 0.6285712718963623, ""intermediate_ps6_max"": 0.05563971400260925, ""intermediate_ps6_mean"": 0.0570230670273304, ""intermediate_ps6_min"": 0.058438338339328766, ""intermediate_ps6_std"": 0.6484901905059814, ""intermediate_se_max"": 0.9200552105903625, ""intermediate_se_mean"": 0.25369980931282043, ""intermediate_se_min"": 0.151927188038826, ""intermediate_se_std"": 0.279585063457489, ""intermediate_ts2_max"": 0.010981759987771511, ""intermediate_ts2_mean"": 0.011853417381644249, ""intermediate_ts2_min"": 0.01275608316063881, ""intermediate_ts2_std"": 0.3909452259540558, ""intermediate_ts3_max"": 0.011965400539338589, ""intermediate_ts3_mean"": 0.010649241507053375, ""intermediate_ts3_min"": 0.010565281845629215, ""intermediate_ts3_std"": 0.8519091010093689, ""intermediate_ts4_max"": 0.025107167661190033, ""intermediate_ts4_mean"": 0.02825639396905899, ""intermediate_ts4_min"": 0.03151945769786835, ""intermediate_ts4_std"": 1.00290846824646}"
hydraulic_systems,4,random_forest,2205,1411,353,441,23,44,4,23.939301246492413,feature_ps2_min,,0,0,0,False,0.8963954395464117,0.17384271007814417,0.09121311960382257,"{""intermediate_ce_max"": 0.9874862895998214, ""intermediate_ce_mean"": 0.987535696858578, ""intermediate_ce_min"": 0.9876052984654345, ""intermediate_ce_std"": 0.12364447585474936, ""intermediate_cp_max"": 0.9271778451310689, ""intermediate_cp_mean"": 0.9276389285180968, ""intermediate_cp_min"": 0.9281109512763444, ""intermediate_cp_std"": 0.29514479604119603, ""intermediate_fs2_max"": 0.9977352061539279, ""intermediate_fs2_mean"": 0.9980929414976564, ""intermediate_fs2_min"": 0.9980439350780653, ""intermediate_fs2_std"": 0.9493885448011443, ""intermediate_ps3_max"": 0.9475518611318118, ""intermediate_ps3_mean"": 0.9926794185331309, ""intermediate_ps3_min"": 0.9880241360393274, ""intermediate_ps3_std"": 0.9729718190268732, ""intermediate_ps4_max"": 0.9607230147074249, ""intermediate_ps4_mean"": 0.9775807860392843, ""intermediate_ps4_min"": 0.9778070377022399, ""intermediate_ps4_std"": 0.5300142361740163, ""intermediate_ps5_max"": 0.9985517878964366, ""intermediate_ps5_mean"": 0.9985797658154394, ""intermediate_ps5_min"": 0.9985740076952571, ""intermediate_ps5_std"": 0.7767645072941978, ""intermediate_ps6_max"": 0.9986054668241761, ""intermediate_ps6_mean"": 0.9985779715102667, ""intermediate_ps6_min"": 0.9985335539662885, ""intermediate_ps6_std"": 0.8493020597800669, ""intermediate_se_max"": 0.5487682435801856, ""intermediate_se_mean"": 0.9912883178325704, ""intermediate_se_min"": 0.9986655208363208, ""intermediate_se_std"": 0.9714821320957906, ""intermediate_ts2_max"": 0.9993295036931299, ""intermediate_ts2_mean"": 0.9992924896969011, ""intermediate_ts2_min"": 0.9992798278703239, ""intermediate_ts2_std"": 0.9093966629132674, ""intermediate_ts3_max"": 0.9993919289894134, ""intermediate_ts3_mean"": 0.9994131519320254, ""intermediate_ts3_min"": 0.999417630022672, ""intermediate_ts3_std"": 0.485457504569653, ""intermediate_ts4_max"": 0.9982187110981519, ""intermediate_ts4_mean"": 0.9981392144831006, ""intermediate_ts4_min"": 0.9980857382940869, ""intermediate_ts4_std"": 0.4733264227221954}","{""intermediate_ce_max"": 0.10951227305922535, ""intermediate_ce_mean"": 0.10918824623616578, ""intermediate_ce_min"": 0.10884324411483483, ""intermediate_ce_std"": 0.5680461418778492, ""intermediate_cp_max"": 0.2627654888483048, ""intermediate_cp_mean"": 0.26206804587516713, ""intermediate_cp_min"": 0.26139100571751706, ""intermediate_cp_std"": 0.6300010600522502, ""intermediate_fs2_max"": 0.046216444024192574, ""intermediate_fs2_mean"": 0.04237348823091828, ""intermediate_fs2_min"": 0.0428829013245411, ""intermediate_fs2_std"": 0.21249127721954497, ""intermediate_ps3_max"": 0.22687800661111562, ""intermediate_ps3_mean"": 0.07994388248967957, ""intermediate_ps3_min"": 0.10793918157175507, ""intermediate_ps3_std"": 0.1673201085607972, ""intermediate_ps4_max"": 0.1991209712150734, ""intermediate_ps4_mean"": 0.15140821003968602, ""intermediate_ps4_min"": 0.15042742088188554, ""intermediate_ps4_std"": 0.4748782775685883, ""intermediate_ps5_max"": 0.03727307873383492, ""intermediate_ps5_mean"": 0.036918369307420644, ""intermediate_ps5_min"": 0.0370063673803519, ""intermediate_ps5_std"": 0.36099716607600274, ""intermediate_ps6_max"": 0.036562262873906244, ""intermediate_ps6_mean"": 0.0369523793458096, ""intermediate_ps6_min"": 0.03751914522497561, ""intermediate_ps6_std"": 0.31741061638222723, ""intermediate_se_max"": 0.4655059890231599, ""intermediate_se_mean"": 0.08602781717991842, ""intermediate_se_min"": 0.035669343200641905, ""intermediate_se_std"": 0.171480408857545, ""intermediate_ts2_max"": 0.025415945823399996, ""intermediate_ts2_mean"": 0.026114985703210285, ""intermediate_ts2_min"": 0.02634519218525193, ""intermediate_ts2_std"": 0.2860351325431026, ""intermediate_ts3_max"": 0.02410960167220081, ""intermediate_ts3_mean"": 0.023686913945538006, ""intermediate_ts3_min"": 0.023601929289556126, ""intermediate_ts3_std"": 0.6460444561100679, ""intermediate_ts4_max"": 0.0412372643871605, ""intermediate_ts4_mean"": 0.04215900545515599, ""intermediate_ts4_min"": 0.04276113980633705, ""intermediate_ts4_std"": 0.5685490574124781}"
hydraulic_systems,4,ridge,2205,1411,353,441,23,44,4,23.939301246492413,feature_ps2_min,,0,0,0,False,0.8320727944374084,0.23228998482227325,0.15599578619003296,"{""intermediate_ce_max"": 0.9720708131790161, ""intermediate_ce_mean"": 0.9716545343399048, ""intermediate_ce_min"": 0.9715923070907593, ""intermediate_ce_std"": -0.1862093210220337, ""intermediate_cp_max"": 0.8994435667991638, ""intermediate_cp_mean"": 0.8993610739707947, ""intermediate_cp_min"": 0.9010745882987976, ""intermediate_cp_std"": 0.03468799591064453, ""intermediate_fs2_max"": 0.9961026310920715, ""intermediate_fs2_mean"": 0.9964494705200195, ""intermediate_fs2_min"": 0.9959923028945923, ""intermediate_fs2_std"": 0.8930625915527344, ""intermediate_ps3_max"": 0.9648181200027466, ""intermediate_ps3_mean"": 0.9829546213150024, ""intermediate_ps3_min"": 0.9678390026092529, ""intermediate_ps3_std"": 0.970007598400116, ""intermediate_ps4_max"": 0.8000635504722595, ""intermediate_ps4_mean"": 0.8233349323272705, ""intermediate_ps4_min"": 0.8192675709724426, ""intermediate_ps4_std"": 0.14533567428588867, ""intermediate_ps5_max"": 0.997412919998169, ""intermediate_ps5_mean"": 0.99739009141922, ""intermediate_ps5_min"": 0.9973415732383728, ""intermediate_ps5_std"": 0.4352107048034668, ""intermediate_ps6_max"": 0.9974359273910522, ""intermediate_ps6_mean"": 0.9972904920578003, ""intermediate_ps6_min"": 0.9972034096717834, ""intermediate_ps6_std"": 0.43641388416290283, ""intermediate_se_max"": 0.8499730825424194, ""intermediate_se_mean"": 0.9774386286735535, ""intermediate_se_min"": 0.9808538556098938, ""intermediate_se_std"": 0.9735605716705322, ""intermediate_ts2_max"": 0.9998698234558105, ""intermediate_ts2_mean"": 0.9998353719711304, ""intermediate_ts2_min"": 0.999816358089447, ""intermediate_ts2_std"": 0.8207970857620239, ""intermediate_ts3_max"": 0.9998182654380798, ""intermediate_ts3_mean"": 0.9998497366905212, ""intermediate_ts3_min"": 0.9998579621315002, ""intermediate_ts3_std"": 0.20129650831222534, ""intermediate_ts4_max"": 0.9988043308258057, ""intermediate_ts4_mean"": 0.9987116456031799, ""intermediate_ts4_min"": 0.9986381530761719, ""intermediate_ts4_std"": 0.13747864961624146}","{""intermediate_ce_max"": 0.16360582411289215, ""intermediate_ce_mean"": 0.1646583378314972, ""intermediate_ce_min"": 0.16477888822555542, ""intermediate_ce_std"": 0.660882294178009, ""intermediate_cp_max"": 0.30877456068992615, ""intermediate_cp_mean"": 0.3090612292289734, ""intermediate_cp_min"": 0.306628942489624, ""intermediate_cp_std"": 0.7372676730155945, ""intermediate_fs2_max"": 0.060627251863479614, ""intermediate_fs2_mean"": 0.05781719461083412, ""intermediate_fs2_min"": 0.06138173118233681, ""intermediate_fs2_std"": 0.30887410044670105, ""intermediate_ps3_max"": 0.1858176290988922, ""intermediate_ps3_mean"": 0.12198764085769653, ""intermediate_ps3_min"": 0.1768847554922104, ""intermediate_ps3_std"": 0.17625665664672852, ""intermediate_ps4_max"": 0.4492560029029846, ""intermediate_ps4_mean"": 0.425025075674057, ""intermediate_ps4_min"": 0.42927679419517517, ""intermediate_ps4_std"": 0.6403799653053284, ""intermediate_ps5_max"": 0.04981754347681999, ""intermediate_ps5_mean"": 0.05004662647843361, ""intermediate_ps5_min"": 0.0505276657640934, ""intermediate_ps5_std"": 0.5742028951644897, ""intermediate_ps6_max"": 0.049577269703149796, ""intermediate_ps6_mean"": 0.051007382571697235, ""intermediate_ps6_min"": 0.05181272327899933, ""intermediate_ps6_std"": 0.6138297915458679, ""intermediate_se_max"": 0.26841700077056885, ""intermediate_se_mean"": 0.13844284415245056, ""intermediate_se_min"": 0.13510754704475403, ""intermediate_se_std"": 0.16511324048042297, ""intermediate_ts2_max"": 0.011198040097951889, ""intermediate_ts2_mean"": 0.01259670965373516, ""intermediate_ts2_min"": 0.013303383253514767, ""intermediate_ts2_std"": 0.4022720158100128, ""intermediate_ts3_max"": 0.013181176967918873, ""intermediate_ts3_mean"": 0.01198618020862341, ""intermediate_ts3_min"": 0.01165562029927969, ""intermediate_ts3_std"": 0.8049049377441406, ""intermediate_ts4_max"": 0.033785510808229446, ""intermediate_ts4_mean"": 0.0350797064602375, ""intermediate_ts4_min"": 0.03606696426868439, ""intermediate_ts4_std"": 0.7275822758674622}"
hydraulic_systems,5,random_forest,2205,1411,353,441,23,44,4,23.939301246492413,feature_ps2_min,,0,0,0,False,0.8574777023311164,0.22377586037751998,0.10027258953124982,"{""intermediate_ce_max"": 0.9945820486563474, ""intermediate_ce_mean"": 0.9950389551333897, ""intermediate_ce_min"": 0.9952548511571627, ""intermediate_ce_std"": -0.06309425888365872, ""intermediate_cp_max"": 0.9715568421792309, ""intermediate_cp_mean"": 0.9750932183385516, ""intermediate_cp_min"": 0.9765843742930658, ""intermediate_cp_std"": 0.06801381185995126, ""intermediate_fs2_max"": 0.9986301781929576, ""intermediate_fs2_mean"": 0.9988530171965445, ""intermediate_fs2_min"": 0.9987208278061906, ""intermediate_fs2_std"": 0.9588914560592713, ""intermediate_ps3_max"": 0.6659400590675231, ""intermediate_ps3_mean"": 0.9628650444162529, ""intermediate_ps3_min"": 0.9788800435555064, ""intermediate_ps3_std"": 0.8070905769723347, ""intermediate_ps4_max"": 0.9295339252627599, ""intermediate_ps4_mean"": 0.9656799569560989, ""intermediate_ps4_min"": 0.9641029123481795, ""intermediate_ps4_std"": 0.504687203890265, ""intermediate_ps5_max"": 0.9995391819284545, ""intermediate_ps5_mean"": 0.9995625532729252, ""intermediate_ps5_min"": 0.9995369668482448, ""intermediate_ps5_std"": 0.757649740122849, ""intermediate_ps6_max"": 0.9995247271550576, ""intermediate_ps6_mean"": 0.9995619191154038, ""intermediate_ps6_min"": 0.9995522248564036, ""intermediate_ps6_std"": 0.8205950278820529, ""intermediate_se_max"": 0.05056427476896841, ""intermediate_se_mean"": 0.9441267928125902, ""intermediate_se_min"": 0.9806082190630051, ""intermediate_se_std"": 0.7963156772784233, ""intermediate_ts2_max"": 0.9997161153935742, ""intermediate_ts2_mean"": 0.9997199111530829, ""intermediate_ts2_min"": 0.9996999417722586, ""intermediate_ts2_std"": 0.8223652290803185, ""intermediate_ts3_max"": 0.99974721285868, ""intermediate_ts3_mean"": 0.9997599533137344, ""intermediate_ts3_min"": 0.999745943837282, ""intermediate_ts3_std"": 0.46699049302488094, ""intermediate_ts4_max"": 0.9995123302387653, ""intermediate_ts4_mean"": 0.9995055099793179, ""intermediate_ts4_min"": 0.9994816954371729, ""intermediate_ts4_std"": 0.4487322169177521}","{""intermediate_ce_max"": 0.0756755664727137, ""intermediate_ce_mean"": 0.07239364828396147, ""intermediate_ce_min"": 0.07073285914065072, ""intermediate_ce_std"": 0.585845674177892, ""intermediate_cp_max"": 0.1715713193128204, ""intermediate_cp_mean"": 0.1601162612383751, ""intermediate_cp_min"": 0.15512176074899142, ""intermediate_cp_std"": 0.6534135834727374, ""intermediate_fs2_max"": 0.038570097741150396, ""intermediate_fs2_mean"": 0.03533755729969949, ""intermediate_fs2_min"": 0.037298810641745374, ""intermediate_fs2_std"": 0.21227592621033262, ""intermediate_ps3_max"": 0.5935197060195426, ""intermediate_ps3_mean"": 0.2129219869350118, ""intermediate_ps3_min"": 0.1522353556587566, ""intermediate_ps3_std"": 0.4415478736972777, ""intermediate_ps4_max"": 0.2645047655313616, ""intermediate_ps4_mean"": 0.1849117615577392, ""intermediate_ps4_min"": 0.18944149564364077, ""intermediate_ps4_std"": 0.6773802856881176, ""intermediate_ps5_max"": 0.022350996400909148, ""intermediate_ps5_mean"": 0.021770647758656676, ""intermediate_ps5_min"": 0.022393996485003488, ""intermediate_ps5_std"": 0.3814987864532636, ""intermediate_ps6_max"": 0.02270046142805274, ""intermediate_ps6_mean"": 0.021785876803208294, ""intermediate_ps6_min"": 0.022018202816983332, ""intermediate_ps6_std"": 0.3507735237773079, ""intermediate_se_max"": 1.3888841300781043, ""intermediate_se_mean"": 0.2653317862936412, ""intermediate_se_min"": 0.14657164795131575, ""intermediate_se_std"": 0.4558194850290267, ""intermediate_ts2_max"": 0.01754258621841558, ""intermediate_ts2_mean"": 0.017432431382705782, ""intermediate_ts2_min"": 0.018056289057805878, ""intermediate_ts2_std"": 0.4105069753897706, ""intermediate_ts3_max"": 0.016539986402950745, ""intermediate_ts3_mean"": 0.016120842267735837, ""intermediate_ts3_min"": 0.016585726844179575, ""intermediate_ts3_std"": 0.6371679331452421, ""intermediate_ts4_max"": 0.022966329048243552, ""intermediate_ts4_mean"": 0.02312984952749981, ""intermediate_ts4_min"": 0.02368736001192635, ""intermediate_ts4_std"": 0.5196857105664121}"
hydraulic_systems,5,ridge,2205,1411,353,441,23,44,4,23.939301246492413,feature_ps2_min,,0,0,0,False,0.8006777167320251,0.28867265582084656,0.16651035845279694,"{""intermediate_ce_max"": 0.9780086278915405, ""intermediate_ce_mean"": 0.9774730801582336, ""intermediate_ce_min"": 0.977094292640686, ""intermediate_ce_std"": -0.07050645351409912, ""intermediate_cp_max"": 0.9532834887504578, ""intermediate_cp_mean"": 0.9537659883499146, ""intermediate_cp_min"": 0.9543940424919128, ""intermediate_cp_std"": 0.058383822441101074, ""intermediate_fs2_max"": 0.996996283531189, ""intermediate_fs2_mean"": 0.9971738457679749, ""intermediate_fs2_min"": 0.9966006278991699, ""intermediate_fs2_std"": 0.8931663632392883, ""intermediate_ps3_max"": 0.6615844368934631, ""intermediate_ps3_mean"": 0.9453080296516418, ""intermediate_ps3_min"": 0.9623900055885315, ""intermediate_ps3_std"": 0.8067891001701355, ""intermediate_ps4_max"": 0.7041249871253967, ""intermediate_ps4_mean"": 0.7487707138061523, ""intermediate_ps4_min"": 0.7383421063423157, ""intermediate_ps4_std"": 0.11823123693466187, ""intermediate_ps5_max"": 0.9973817467689514, ""intermediate_ps5_mean"": 0.9972867965698242, ""intermediate_ps5_min"": 0.997174084186554, ""intermediate_ps5_std"": 0.539409875869751, ""intermediate_ps6_max"": 0.9974064230918884, ""intermediate_ps6_mean"": 0.9971868991851807, ""intermediate_ps6_min"": 0.9970661401748657, ""intermediate_ps6_std"": 0.4790618419647217, ""intermediate_se_max"": -0.005977272987365723, ""intermediate_se_mean"": 0.9126793146133423, ""intermediate_se_min"": 0.9652815461158752, ""intermediate_se_std"": 0.7946832180023193, ""intermediate_ts2_max"": 0.9998358488082886, ""intermediate_ts2_mean"": 0.9998167157173157, ""intermediate_ts2_min"": 0.9997835159301758, ""intermediate_ts2_std"": 0.7731518745422363, ""intermediate_ts3_max"": 0.9998712539672852, ""intermediate_ts3_mean"": 0.9998824596405029, ""intermediate_ts3_min"": 0.9998770356178284, ""intermediate_ts3_std"": 0.23791807889938354, ""intermediate_ts4_max"": 0.99947190284729, ""intermediate_ts4_mean"": 0.9994805455207825, ""intermediate_ts4_min"": 0.9994770288467407, ""intermediate_ts4_std"": 0.20123839378356934}","{""intermediate_ce_max"": 0.15246297419071198, ""intermediate_ce_mean"": 0.15426400303840637, ""intermediate_ce_min"": 0.1554061621427536, ""intermediate_ce_std"": 0.5878844857215881, ""intermediate_cp_max"": 0.21988262236118317, ""intermediate_cp_mean"": 0.21815112233161926, ""intermediate_cp_min"": 0.2164863497018814, ""intermediate_cp_std"": 0.6567806601524353, ""intermediate_fs2_max"": 0.05711481720209122, ""intermediate_fs2_mean"": 0.055469561368227005, ""intermediate_fs2_min"": 0.06080371513962746, ""intermediate_fs2_std"": 0.34220683574676514, ""intermediate_ps3_max"": 0.5973764657974243, ""intermediate_ps3_mean"": 0.25839897990226746, ""intermediate_ps3_min"": 0.2031518518924713, ""intermediate_ps3_std"": 0.44189274311065674, ""intermediate_ps4_max"": 0.5419979095458984, ""intermediate_ps4_mean"": 0.5002945065498352, ""intermediate_ps4_min"": 0.5114609003067017, ""intermediate_ps4_std"": 0.9037954211235046, ""intermediate_ps5_max"": 0.05327682942152023, ""intermediate_ps5_mean"": 0.05421869829297066, ""intermediate_ps5_min"": 0.05532269552350044, ""intermediate_ps5_std"": 0.5259310007095337, ""intermediate_ps6_max"": 0.05302894115447998, ""intermediate_ps6_mean"": 0.05520651862025261, ""intermediate_ps6_min"": 0.05635981261730194, ""intermediate_ps6_std"": 0.5977267026901245, ""intermediate_se_max"": 1.4296420812606812, ""intermediate_se_mean"": 0.33170047402381897, ""intermediate_se_min"": 0.1961197853088379, ""intermediate_se_std"": 0.45764249563217163, ""intermediate_ts2_max"": 0.013338987715542316, ""intermediate_ts2_mean"": 0.014101929031312466, ""intermediate_ts2_min"": 0.015336493030190468, ""intermediate_ts2_std"": 0.46389973163604736, ""intermediate_ts3_max"": 0.011804424226284027, ""intermediate_ts3_mean"": 0.011280843988060951, ""intermediate_ts3_min"": 0.011539345607161522, ""intermediate_ts3_std"": 0.7618812322616577, ""intermediate_ts4_max"": 0.023898763582110405, ""intermediate_ts4_mean"": 0.02370632067322731, ""intermediate_ts4_min"": 0.023793095722794533, ""intermediate_ts4_std"": 0.6255586743354797}"
household_power_consumption,1,random_forest,34168,19133,4784,10251,9,3,1,11.408630046870389,,,0,0,0,False,0.48314937223313636,0.6481038075443554,0.31121938984192843,"{""intermediate_sub_metering_1"": 0.34036625672157594, ""intermediate_sub_metering_2"": 0.3490491897559971, ""intermediate_sub_metering_3"": 0.7600326702218362}","{""intermediate_sub_metering_1"": 0.7604749065923012, ""intermediate_sub_metering_2"": 0.6721569399566655, ""intermediate_sub_metering_3"": 0.5116795760840996}"
household_power_consumption,1,ridge,34168,19133,4784,10251,9,3,1,11.408630046870389,,,0,0,0,False,0.4207015335559845,0.6893797516822815,0.41905948519706726,"{""intermediate_sub_metering_1"": 0.36483293771743774, ""intermediate_sub_metering_2"": 0.2042645812034607, ""intermediate_sub_metering_3"": 0.6930071115493774}","{""intermediate_sub_metering_1"": 0.746238112449646, ""intermediate_sub_metering_2"": 0.7431576251983643, ""intermediate_sub_metering_3"": 0.578743577003479}"
household_power_consumption,2,random_forest,34168,19133,4784,10251,9,3,1,11.408630046870389,,,0,0,0,False,0.48267933173633587,0.6439360923010379,0.3085846315115998,"{""intermediate_sub_metering_1"": 0.34076662590746887, ""intermediate_sub_metering_2"": 0.34656798407972, ""intermediate_sub_metering_3"": 0.7607033852218188}","{""intermediate_sub_metering_1"": 0.7529572901897608, ""intermediate_sub_metering_2"": 0.6675886924575577, ""intermediate_sub_metering_3"": 0.5112622942557952}"
household_power_consumption,2,ridge,34168,19133,4784,10251,9,3,1,11.408630046870389,,,0,0,0,False,0.4207010269165039,0.6849573254585266,0.41669654846191406,"{""intermediate_sub_metering_1"": 0.3648320436477661, ""intermediate_sub_metering_2"": 0.2042643427848816, ""intermediate_sub_metering_3"": 0.693006694316864}","{""intermediate_sub_metering_1"": 0.7390860915184021, ""intermediate_sub_metering_2"": 0.7367042303085327, ""intermediate_sub_metering_3"": 0.5790818333625793}"
household_power_consumption,3,random_forest,34168,19133,4784,10251,9,3,1,11.408630046870389,,,0,0,0,False,0.48424367519525324,0.6481321793286011,0.31129491438474477,"{""intermediate_sub_metering_1"": 0.34539156661731496, ""intermediate_sub_metering_2"": 0.34497905927029526, ""intermediate_sub_metering_3"": 0.7623603996981494}","{""intermediate_sub_metering_1"": 0.7566940455972276, ""intermediate_sub_metering_2"": 0.6762237393454268, ""intermediate_sub_metering_3"": 0.511478753043149}"
household_power_consumption,3,ridge,34168,19133,4784,10251,9,3,1,11.408630046870389,,,0,0,0,False,0.4207008183002472,0.6906814575195312,0.4199526607990265,"{""intermediate_sub_metering_1"": 0.36483168601989746, ""intermediate_sub_metering_2"": 0.2042641043663025, ""intermediate_sub_metering_3"": 0.693006694316864}","{""intermediate_sub_metering_1"": 0.7453734874725342, ""intermediate_sub_metering_2"": 0.7453277707099915, ""intermediate_sub_metering_3"": 0.5813432335853577}"
household_power_consumption,4,random_forest,34168,19133,4784,10251,9,3,1,11.408630046870389,,,0,0,0,False,0.4811510751473955,0.6439689128561824,0.3097173267642828,"{""intermediate_sub_metering_1"": 0.33807067304888727, ""intermediate_sub_metering_2"": 0.34560465906405125, ""intermediate_sub_metering_3"": 0.7597778933292479}","{""intermediate_sub_metering_1"": 0.751366567128846, ""intermediate_sub_metering_2"": 0.6680157995327038, ""intermediate_sub_metering_3"": 0.5125243719069975}"
household_power_consumption,4,ridge,34168,19133,4784,10251,9,3,1,11.408630046870389,,,0,0,0,False,0.4207007884979248,0.6840155124664307,0.4161944091320038,"{""intermediate_sub_metering_1"": 0.3648327589035034, ""intermediate_sub_metering_2"": 0.2042636275291443, ""intermediate_sub_metering_3"": 0.6930059194564819}","{""intermediate_sub_metering_1"": 0.7360208034515381, ""intermediate_sub_metering_2"": 0.7366331219673157, ""intermediate_sub_metering_3"": 0.579392671585083}"
household_power_consumption,5,random_forest,34168,19133,4784,10251,9,3,1,11.408630046870389,,,0,0,0,False,0.48156963346106263,0.6476104666143131,0.311127161083332,"{""intermediate_sub_metering_1"": 0.3382163455263809, ""intermediate_sub_metering_2"": 0.34757130450410323, ""intermediate_sub_metering_3"": 0.7589212503527039}","{""intermediate_sub_metering_1"": 0.7615627016463145, ""intermediate_sub_metering_2"": 0.6669774054680215, ""intermediate_sub_metering_3"": 0.5142912927286032}"
household_power_consumption,5,ridge,34168,19133,4784,10251,9,3,1,11.408630046870389,,,0,0,0,False,0.42070093750953674,0.687680721282959,0.41831597685813904,"{""intermediate_sub_metering_1"": 0.3648309111595154, ""intermediate_sub_metering_2"": 0.20426464080810547, ""intermediate_sub_metering_3"": 0.6930073499679565}","{""intermediate_sub_metering_1"": 0.746091902256012, ""intermediate_sub_metering_2"": 0.7365952730178833, ""intermediate_sub_metering_3"": 0.5803549289703369}"
concrete_slump_test,1,random_forest,103,65,17,21,7,2,1,-13.522703969088184,,,0,0,0,False,0.18036564943858174,0.8937442429067277,0.7432047918617111,"{""intermediate_flow"": 0.20058866281502252, ""intermediate_slump"": 0.16014263606214096}","{""intermediate_flow"": 0.9217776583459106, ""intermediate_slump"": 0.8657108274675447}"
concrete_slump_test,1,ridge,103,65,17,21,7,2,1,-13.522703969088184,,,0,0,0,False,0.3820700943470001,0.7724543809890747,0.6417503356933594,"{""intermediate_flow"": 0.46504729986190796, ""intermediate_slump"": 0.2990928888320923}","{""intermediate_flow"": 0.7540475130081177, ""intermediate_slump"": 0.7908613085746765}"
concrete_slump_test,2,random_forest,103,65,17,21,7,2,1,-13.522703969088184,,,0,0,0,False,0.4666029763539277,0.8964395295965881,0.6550943145992938,"{""intermediate_flow"": 0.4641837426684754, ""intermediate_slump"": 0.46902221003938005}","{""intermediate_flow"": 0.8728822124912406, ""intermediate_slump"": 0.9199968467019355}"
concrete_slump_test,2,ridge,103,65,17,21,7,2,1,-13.522703969088184,,,0,0,0,False,0.2974768579006195,1.0285447835922241,0.8322182893753052,"{""intermediate_flow"": 0.39028722047805786, ""intermediate_slump"": 0.20466649532318115}","{""intermediate_flow"": 0.931130051612854, ""intermediate_slump"": 1.1259595155715942}"
concrete_slump_test,3,random_forest,103,65,17,21,7,2,1,-13.522703969088184,,,0,0,0,False,0.17551580384935916,0.8722230707575372,0.6471185443461461,"{""intermediate_flow"": 0.20170159706091562, ""intermediate_slump"": 0.1493300106378027}","{""intermediate_flow"": 0.8496114323106932, ""intermediate_slump"": 0.8948347092043812}"
concrete_slump_test,3,ridge,103,65,17,21,7,2,1,-13.522703969088184,,,0,0,0,False,0.23316451907157898,0.8407307863235474,0.6899060606956482,"{""intermediate_flow"": 0.29925018548965454, ""intermediate_slump"": 0.16707885265350342}","{""intermediate_flow"": 0.7960112690925598, ""intermediate_slump"": 0.8854503035545349}"
concrete_slump_test,4,random_forest,103,65,17,21,7,2,1,-13.522703969088184,,,0,0,0,False,0.20259151304771306,0.8981378528657493,0.6419356478574272,"{""intermediate_flow"": 0.2238369775254594, ""intermediate_slump"": 0.18134604856996672}","{""intermediate_flow"": 0.8302203641392794, ""intermediate_slump"": 0.9660553415922194}"
concrete_slump_test,4,ridge,103,65,17,21,7,2,1,-13.522703969088184,,,0,0,0,False,0.18141576647758484,0.9102845191955566,0.6971626281738281,"{""intermediate_flow"": 0.21509534120559692, ""intermediate_slump"": 0.14773619174957275}","{""intermediate_flow"": 0.8348824977874756, ""intermediate_slump"": 0.9856866002082825}"
concrete_slump_test,5,random_forest,103,65,17,21,7,2,1,-13.522703969088184,,,0,0,0,False,0.7093011309638574,0.48955470163114334,0.3751775000656315,"{""intermediate_flow"": 0.723309390073807, ""intermediate_slump"": 0.6952928718539078}","{""intermediate_flow"": 0.4841853868122635, ""intermediate_slump"": 0.49492401645002326}"
concrete_slump_test,5,ridge,103,65,17,21,7,2,1,-13.522703969088184,,,0,0,0,False,0.47266146540641785,0.6566803455352783,0.5645651817321777,"{""intermediate_flow"": 0.5613095164299011, ""intermediate_slump"": 0.38401341438293457}","{""intermediate_flow"": 0.6096682548522949, ""intermediate_slump"": 0.7036923766136169}"
wine_quality,1,random_forest,6497,4157,1040,1300,10,3,1,6.462011903270877,,ID_row,0,0,0,True,0.7096683876380928,0.5240197316178626,0.37529222597214384,"{""intermediate_alcohol"": 0.6614725181302235, ""intermediate_density"": 0.8879923277188816, ""intermediate_ph"": 0.5795403170651732}","{""intermediate_alcohol"": 0.5866608042744613, ""intermediate_density"": 0.325546313840496, ""intermediate_ph"": 0.6598520767386306}"
wine_quality,1,ridge,6497,4157,1040,1300,10,3,1,6.462011903270877,,ID_row,0,0,0,True,0.5027194619178772,0.6858642101287842,0.5377654433250427,"{""intermediate_alcohol"": 0.3295629620552063, ""intermediate_density"": 0.8112863302230835, ""intermediate_ph"": 0.36730921268463135}","{""intermediate_alcohol"": 0.8255988955497742, ""intermediate_density"": 0.4225621223449707, ""intermediate_ph"": 0.8094316124916077}"
wine_quality,2,random_forest,6497,4157,1040,1300,10,3,1,6.462011903270877,,ID_row,0,0,0,True,0.7143130881093196,0.5274918350600994,0.38113131077446155,"{""intermediate_alcohol"": 0.6752670304606514, ""intermediate_density"": 0.8867465628006661, ""intermediate_ph"": 0.5809256710666416}","{""intermediate_alcohol"": 0.5674993248955003, ""intermediate_density"": 0.33949559378985433, ""intermediate_ph"": 0.6754805864949438}"
wine_quality,2,ridge,6497,4157,1040,1300,10,3,1,6.462011903270877,,ID_row,0,0,0,True,0.49923601746559143,0.6972057223320007,0.5474637150764465,"{""intermediate_alcohol"": 0.3068588376045227, ""intermediate_density"": 0.8064455986022949, ""intermediate_ph"": 0.38440364599227905}","{""intermediate_alcohol"": 0.829111635684967, ""intermediate_density"": 0.4438231885433197, ""intermediate_ph"": 0.8186822533607483}"
wine_quality,3,random_forest,6497,4157,1040,1300,10,3,1,6.462011903270877,,ID_row,0,0,0,True,0.7191810347399858,0.515729542552373,0.37534703078698994,"{""intermediate_alcohol"": 0.6588735183192461, ""intermediate_density"": 0.8873898601269551, ""intermediate_ph"": 0.6112797257737566}","{""intermediate_alcohol"": 0.5941533582351262, ""intermediate_density"": 0.33176528783071807, ""intermediate_ph"": 0.6212699815912748}"
wine_quality,3,ridge,6497,4157,1040,1300,10,3,1,6.462011903270877,,ID_row,0,0,0,True,0.5041453242301941,0.6858330368995667,0.539732813835144,"{""intermediate_alcohol"": 0.31360405683517456, ""intermediate_density"": 0.8001173138618469, ""intermediate_ph"": 0.3987146019935608}","{""intermediate_alcohol"": 0.8428071141242981, ""intermediate_density"": 0.4420076310634613, ""intermediate_ph"": 0.7726843357086182}"
wine_quality,4,random_forest,6497,4157,1040,1300,10,3,1,6.462011903270877,,ID_row,0,0,0,True,0.715718779610493,0.504286960319539,0.36447632283641956,"{""intermediate_alcohol"": 0.6564891066945207, ""intermediate_density"": 0.887179068880562, ""intermediate_ph"": 0.6034881632563964}","{""intermediate_alcohol"": 0.5677731434673895, ""intermediate_density"": 0.31760606804118696, ""intermediate_ph"": 0.6274816694500406}"
wine_quality,4,ridge,6497,4157,1040,1300,10,3,1,6.462011903270877,,ID_row,0,0,0,True,0.4834219217300415,0.6795333027839661,0.5376594066619873,"{""intermediate_alcohol"": 0.28963494300842285, ""intermediate_density"": 0.7942397594451904, ""intermediate_ph"": 0.36639106273651123}","{""intermediate_alcohol"": 0.8164796829223633, ""intermediate_density"": 0.4289184510707855, ""intermediate_ph"": 0.7932016849517822}"
wine_quality,5,random_forest,6497,4157,1040,1300,10,3,1,6.462011903270877,,ID_row,0,0,0,True,0.709531788851686,0.5187409465608758,0.37721521715813083,"{""intermediate_alcohol"": 0.6426882851922433, ""intermediate_density"": 0.8940063608825956, ""intermediate_ph"": 0.5919007204802192}","{""intermediate_alcohol"": 0.6022554154290823, ""intermediate_density"": 0.32866283424928167, ""intermediate_ph"": 0.6253045900042632}"
wine_quality,5,ridge,6497,4157,1040,1300,10,3,1,6.462011903270877,,ID_row,0,0,0,True,0.49281761050224304,0.6865213513374329,0.5418428778648376,"{""intermediate_alcohol"": 0.29734885692596436, ""intermediate_density"": 0.8123266696929932, ""intermediate_ph"": 0.368777334690094}","{""intermediate_alcohol"": 0.8445531129837036, ""intermediate_density"": 0.4373326897621155, ""intermediate_ph"": 0.7776783108711243}"
superconductivity,1,random_forest,21263,13608,3402,4253,77,81,1,2.1374606386524024,"feature_element_Ar,feature_element_At,feature_element_He,feature_element_Kr,feature_element_Ne,feature_element_Pm,feature_element_Po,feature_element_Rn,feature_element_Xe",,0,0,0,False,0.9300965867414689,0.2520508429431499,0.09548900255686385,"{""intermediate_descriptor_entropy_Density"": 0.8982982013967397, ""intermediate_descriptor_entropy_ElectronAffinity"": 0.9063549786462555, ""intermediate_descriptor_entropy_FusionHeat"": 0.9225972465451332, ""intermediate_descriptor_entropy_ThermalConductivity"": 0.895465008594869, ""intermediate_descriptor_entropy_Valence"": 0.9300172634161696, ""intermediate_descriptor_entropy_atomic_mass"": 0.9164937954912553, ""intermediate_descriptor_entropy_atomic_radius"": 0.9198922980461648, ""intermediate_descriptor_entropy_fie"": 0.923498705177968, ""intermediate_descriptor_gmean_Density"": 0.9634894905806061, ""intermediate_descriptor_gmean_ElectronAffinity"": 0.8768503735765487, ""intermediate_descriptor_gmean_FusionHeat"": 0.9345754251874627, ""intermediate_descriptor_gmean_ThermalConductivity"": 0.9255788569798454, ""intermediate_descriptor_gmean_Valence"": 0.9512662151909951, ""intermediate_descriptor_gmean_atomic_mass"": 0.9234419055937784, ""intermediate_descriptor_gmean_atomic_radius"": 0.9327142627759963, ""intermediate_descriptor_gmean_fie"": 0.8900950519385822, ""intermediate_descriptor_mean_Density"": 0.942787323845587, ""intermediate_descriptor_mean_ElectronAffinity"": 0.9073646026114869, ""intermediate_descriptor_mean_FusionHeat"": 0.9622483860728882, ""intermediate_descriptor_mean_ThermalConductivity"": 0.9201144567776116, ""intermediate_descriptor_mean_Valence"": 0.9617130612665175, ""intermediate_descriptor_mean_atomic_mass"": 0.915264211291087, ""intermediate_descriptor_mean_atomic_radius"": 0.9064460045273158, ""intermediate_descriptor_mean_fie"": 0.9199497745149299, ""intermediate_descriptor_number_of_elements"": 0.9580729970953064, ""intermediate_descriptor_range_Density"": 0.8888339749283578, ""intermediate_descriptor_range_ElectronAffinity"": 0.9423577577109415, ""intermediate_descriptor_range_FusionHeat"": 0.9452014202029208, ""intermediate_descriptor_range_ThermalConductivity"": 0.9824687492243188, ""intermediate_descriptor_range_Valence"": 0.8810440560309574, ""intermediate_descriptor_range_atomic_mass"": 0.9076246160880519, ""intermediate_descriptor_range_atomic_radius"": 0.9730901022437553, ""intermediate_descriptor_range_fie"": 0.9839203700868921, ""intermediate_descriptor_std_Density"": 0.8677818889968762, ""intermediate_descriptor_std_ElectronAffinity"": 0.9227848492358158, ""intermediate_descriptor_std_FusionHeat"": 0.9494881190289765, ""intermediate_descriptor_std_ThermalConductivity"": 0.975305328874841, ""intermediate_descriptor_std_Valence"": 0.8548187532755, ""intermediate_descriptor_std_atomic_mass"": 0.8655893734713042, ""intermediate_descriptor_std_atomic_radius"": 0.9556889164264245, ""intermediate_descriptor_std_fie"": 0.9750176767955552, ""intermediate_descriptor_wtd_entropy_Density"": 0.9082343177197161, ""intermediate_descriptor_wtd_entropy_ElectronAffinity"": 0.8916123718136204, ""intermediate_descriptor_wtd_entropy_FusionHeat"": 0.9365778483674507, ""intermediate_descriptor_wtd_entropy_ThermalConductivity"": 0.909221262643215, ""intermediate_descriptor_wtd_entropy_Valence"": 0.9383275715603032, ""intermediate_descriptor_wtd_entropy_atomic_mass"": 0.9426634412714588, ""intermediate_descriptor_wtd_entropy_atomic_radius"": 0.9458090713401142, ""intermediate_descriptor_wtd_entropy_fie"": 0.9204375210464941, ""intermediate_descriptor_wtd_gmean_Density"": 0.9648337973589347, ""intermediate_descriptor_wtd_gmean_ElectronAffinity"": 0.904620041399955, ""intermediate_descriptor_wtd_gmean_FusionHeat"": 0.9625169446992459, ""intermediate_descriptor_wtd_gmean_ThermalConductivity"": 0.94496599324703, ""intermediate_descriptor_wtd_gmean_Valence"": 0.9697568916217614, ""intermediate_descriptor_wtd_gmean_atomic_mass"": 0.9486610875216461, ""intermediate_descriptor_wtd_gmean_atomic_radius"": 0.9751192533365335, ""intermediate_descriptor_wtd_gmean_fie"": 0.9600475274158431, ""intermediate_descriptor_wtd_mean_Density"": 0.94777517642042, ""intermediate_descriptor_wtd_mean_ElectronAffinity"": 0.928597895435218, ""intermediate_descriptor_wtd_mean_FusionHeat"": 0.9735087100091776, ""intermediate_descriptor_wtd_mean_ThermalConductivity"": 0.9473210980888087, ""intermediate_descriptor_wtd_mean_Valence"": 0.974616799237196, ""intermediate_descriptor_wtd_mean_atomic_mass"": 0.9408420605677902, ""intermediate_descriptor_wtd_mean_atomic_radius"": 0.9573532905405293, ""intermediate_descriptor_wtd_mean_fie"": 0.973867818983255, ""intermediate_descriptor_wtd_range_Density"": 0.865794646652418, ""intermediate_descriptor_wtd_range_ElectronAffinity"": 0.9163708887649893, ""intermediate_descriptor_wtd_range_FusionHeat"": 0.9490951525841458, ""intermediate_descriptor_wtd_range_ThermalConductivity"": 0.9332931880084488, ""intermediate_descriptor_wtd_range_Valence"": 0.8670230399404102, ""intermediate_descriptor_wtd_range_atomic_mass"": 0.8590880891607838, ""intermediate_descriptor_wtd_range_atomic_radius"": 0.859708158659455, ""intermediate_descriptor_wtd_range_fie"": 0.9256744621591823, ""intermediate_descriptor_wtd_std_Density"": 0.8922286275425909, ""intermediate_descriptor_wtd_std_ElectronAffinity"": 0.9353805019652315, ""intermediate_descriptor_wtd_std_FusionHeat"": 0.943011313517345, ""intermediate_descriptor_wtd_std_ThermalConductivity"": 0.985324114006706, ""intermediate_descriptor_wtd_std_Valence"": 0.9025402277567129, ""intermediate_descriptor_wtd_std_atomic_mass"": 0.9028924346928179, ""intermediate_descriptor_wtd_std_atomic_radius"": 0.9715606317915767, ""intermediate_descriptor_wtd_std_fie"": 0.9859444074478642}","{""intermediate_descriptor_entropy_Density"": 0.31397828045733767, ""intermediate_descriptor_entropy_ElectronAffinity"": 0.3011268380661358, ""intermediate_descriptor_entropy_FusionHeat"": 0.2718210325956823, ""intermediate_descriptor_entropy_ThermalConductivity"": 0.3222522304799644, ""intermediate_descriptor_entropy_Valence"": 0.2596822148268432, ""intermediate_descriptor_entropy_atomic_mass"": 0.2824263987045024, ""intermediate_descriptor_entropy_atomic_radius"": 0.27795629890342044, ""intermediate_descriptor_entropy_fie"": 0.27215207041917755, ""intermediate_descriptor_gmean_Density"": 0.18525649668260544, ""intermediate_descriptor_gmean_ElectronAffinity"": 0.3510729502900082, ""intermediate_descriptor_gmean_FusionHeat"": 0.2525861114077173, ""intermediate_descriptor_gmean_ThermalConductivity"": 0.26456498651601534, ""intermediate_descriptor_gmean_Valence"": 0.2164490490226474, ""intermediate_descriptor_gmean_atomic_mass"": 0.26286758526066173, ""intermediate_descriptor_gmean_atomic_radius"": 0.25524454685196524, ""intermediate_descriptor_gmean_fie"": 0.3303568545982558, ""intermediate_descriptor_mean_Density"": 0.2298629745168765, ""intermediate_descriptor_mean_ElectronAffinity"": 0.3035233285718654, ""intermediate_descriptor_mean_FusionHeat"": 0.19101682700208153, ""intermediate_descriptor_mean_ThermalConductivity"": 0.27716584499423697, ""intermediate_descriptor_mean_Valence"": 0.19216551684735678, ""intermediate_descriptor_mean_atomic_mass"": 0.27840381604167524, ""intermediate_descriptor_mean_atomic_radius"": 0.3013891528559049, ""intermediate_descriptor_mean_fie"": 0.2832923038122994, ""intermediate_descriptor_number_of_elements"": 0.20223242837466693, ""intermediate_descriptor_range_Density"": 0.33208811881524514, ""intermediate_descriptor_range_ElectronAffinity"": 0.24038295092201342, ""intermediate_descriptor_range_FusionHeat"": 0.23118890762313118, ""intermediate_descriptor_range_ThermalConductivity"": 0.13199124711277985, ""intermediate_descriptor_range_Valence"": 0.3437702581959842, ""intermediate_descriptor_range_atomic_mass"": 0.3010847612959818, ""intermediate_descriptor_range_atomic_radius"": 0.16199833611316203, ""intermediate_descriptor_range_fie"": 0.12704306897270953, ""intermediate_descriptor_std_Density"": 0.36331163986585385, ""intermediate_descriptor_std_ElectronAffinity"": 0.2776816763761525, ""intermediate_descriptor_std_FusionHeat"": 0.21930812221732252, ""intermediate_descriptor_std_ThermalConductivity"": 0.1570708885374408, ""intermediate_descriptor_std_Valence"": 0.37617372552773504, ""intermediate_descriptor_std_atomic_mass"": 0.36252139267045624, ""intermediate_descriptor_std_atomic_radius"": 0.20715031484844967, ""intermediate_descriptor_std_fie"": 0.15832674826901183, ""intermediate_descriptor_wtd_entropy_Density"": 0.298352989288622, ""intermediate_descriptor_wtd_entropy_ElectronAffinity"": 0.3250512207737407, ""intermediate_descriptor_wtd_entropy_FusionHeat"": 0.24883895657489305, ""intermediate_descriptor_wtd_entropy_ThermalConductivity"": 0.2985543852568947, ""intermediate_descriptor_wtd_entropy_Valence"": 0.24394974742165756, ""intermediate_descriptor_wtd_entropy_atomic_mass"": 0.23558631277136985, ""intermediate_descriptor_wtd_entropy_atomic_radius"": 0.23061303495661084, ""intermediate_descriptor_wtd_entropy_fie"": 0.2775216996997042, ""intermediate_descriptor_wtd_gmean_Density"": 0.1826124760128762, ""intermediate_descriptor_wtd_gmean_ElectronAffinity"": 0.30847650179004804, ""intermediate_descriptor_wtd_gmean_FusionHeat"": 0.188522604193346, ""intermediate_descriptor_wtd_gmean_ThermalConductivity"": 0.22934396266415133, ""intermediate_descriptor_wtd_gmean_Valence"": 0.17120742757558566, ""intermediate_descriptor_wtd_gmean_atomic_mass"": 0.21581864433149164, ""intermediate_descriptor_wtd_gmean_atomic_radius"": 0.15647587947458955, ""intermediate_descriptor_wtd_gmean_fie"": 0.19836994711509595, ""intermediate_descriptor_wtd_mean_Density"": 0.2205295810032898, ""intermediate_descriptor_wtd_mean_ElectronAffinity"": 0.26476155518687783, ""intermediate_descriptor_wtd_mean_FusionHeat"": 0.15750239379837813, ""intermediate_descriptor_wtd_mean_ThermalConductivity"": 0.22338150802767986, ""intermediate_descriptor_wtd_mean_Valence"": 0.15704565608840163, ""intermediate_descriptor_wtd_mean_atomic_mass"": 0.23067306633974416, ""intermediate_descriptor_wtd_mean_atomic_radius"": 0.20357836547578292, ""intermediate_descriptor_wtd_mean_fie"": 0.16094081398818078, ""intermediate_descriptor_wtd_range_Density"": 0.35688891684580065, ""intermediate_descriptor_wtd_range_ElectronAffinity"": 0.28089497016466786, ""intermediate_descriptor_wtd_range_FusionHeat"": 0.21371716757247114, ""intermediate_descriptor_wtd_range_ThermalConductivity"": 0.2523765736119477, ""intermediate_descriptor_wtd_range_Valence"": 0.3624257282057957, ""intermediate_descriptor_wtd_range_atomic_mass"": 0.35853933118012954, ""intermediate_descriptor_wtd_range_atomic_radius"": 0.3742841257132768, ""intermediate_descriptor_wtd_range_fie"": 0.2683183260522478, ""intermediate_descriptor_wtd_std_Density"": 0.3330868521643241, ""intermediate_descriptor_wtd_std_ElectronAffinity"": 0.2550493362434793, ""intermediate_descriptor_wtd_std_FusionHeat"": 0.23525433019013775, ""intermediate_descriptor_wtd_std_ThermalConductivity"": 0.12099206844037083, ""intermediate_descriptor_wtd_std_Valence"": 0.31002689151982543, ""intermediate_descriptor_wtd_std_atomic_mass"": 0.310377577549883, ""intermediate_descriptor_wtd_std_atomic_radius"": 0.16740267085320087, ""intermediate_descriptor_wtd_std_fie"": 0.1188363868152378}"
superconductivity,1,ridge,21263,13608,3402,4253,77,81,1,2.1374606386524024,"feature_element_Ar,feature_element_At,feature_element_He,feature_element_Kr,feature_element_Ne,feature_element_Pm,feature_element_Po,feature_element_Rn,feature_element_Xe",,0,0,0,False,0.40768203139305115,0.7532742619514465,0.5144571661949158,"{""intermediate_descriptor_entropy_Density"": 0.3722623586654663, ""intermediate_descriptor_entropy_ElectronAffinity"": 0.3937379717826843, ""intermediate_descriptor_entropy_FusionHeat"": 0.477435827255249, ""intermediate_descriptor_entropy_ThermalConductivity"": 0.19670414924621582, ""intermediate_descriptor_entropy_Valence"": 0.47307348251342773, ""intermediate_descriptor_entropy_atomic_mass"": 0.4477725625038147, ""intermediate_descriptor_entropy_atomic_radius"": 0.4461425542831421, ""intermediate_descriptor_entropy_fie"": 0.44823968410491943, ""intermediate_descriptor_gmean_Density"": 0.44552022218704224, ""intermediate_descriptor_gmean_ElectronAffinity"": 0.3630649447441101, ""intermediate_descriptor_gmean_FusionHeat"": 0.30430829524993896, ""intermediate_descriptor_gmean_ThermalConductivity"": 0.36036109924316406, ""intermediate_descriptor_gmean_Valence"": 0.5103826522827148, ""intermediate_descriptor_gmean_atomic_mass"": 0.18820327520370483, ""intermediate_descriptor_gmean_atomic_radius"": 0.2365012764930725, ""intermediate_descriptor_gmean_fie"": 0.28544479608535767, ""intermediate_descriptor_mean_Density"": 0.3344193696975708, ""intermediate_descriptor_mean_ElectronAffinity"": 0.32365715503692627, ""intermediate_descriptor_mean_FusionHeat"": 0.26533061265945435, ""intermediate_descriptor_mean_ThermalConductivity"": 0.2638651728630066, ""intermediate_descriptor_mean_Valence"": 0.5316139459609985, ""intermediate_descriptor_mean_atomic_mass"": 0.2613687515258789, ""intermediate_descriptor_mean_atomic_radius"": 0.28822654485702515, ""intermediate_descriptor_mean_fie"": 0.29475778341293335, ""intermediate_descriptor_number_of_elements"": 0.504967451095581, ""intermediate_descriptor_range_Density"": 0.33110493421554565, ""intermediate_descriptor_range_ElectronAffinity"": 0.39122438430786133, ""intermediate_descriptor_range_FusionHeat"": 0.09041488170623779, ""intermediate_descriptor_range_ThermalConductivity"": 0.6038072109222412, ""intermediate_descriptor_range_Valence"": 0.36771178245544434, ""intermediate_descriptor_range_atomic_mass"": 0.4539567828178406, ""intermediate_descriptor_range_atomic_radius"": 0.5826734304428101, ""intermediate_descriptor_range_fie"": 0.5408283472061157, ""intermediate_descriptor_std_Density"": 0.27769380807876587, ""intermediate_descriptor_std_ElectronAffinity"": 0.3572753071784973, ""intermediate_descriptor_std_FusionHeat"": 0.15317124128341675, ""intermediate_descriptor_std_ThermalConductivity"": 0.5553459525108337, ""intermediate_descriptor_std_Valence"": 0.3509647250175476, ""intermediate_descriptor_std_atomic_mass"": 0.3485954999923706, ""intermediate_descriptor_std_atomic_radius"": 0.5062968730926514, ""intermediate_descriptor_std_fie"": 0.507756233215332, ""intermediate_descriptor_wtd_entropy_Density"": 0.4245942234992981, ""intermediate_descriptor_wtd_entropy_ElectronAffinity"": 0.26084351539611816, ""intermediate_descriptor_wtd_entropy_FusionHeat"": 0.546703577041626, ""intermediate_descriptor_wtd_entropy_ThermalConductivity"": 0.3233262300491333, ""intermediate_descriptor_wtd_entropy_Valence"": 0.4968714118003845, ""intermediate_descriptor_wtd_entropy_atomic_mass"": 0.5739502310752869, ""intermediate_descriptor_wtd_entropy_atomic_radius"": 0.5503477454185486, ""intermediate_descriptor_wtd_entropy_fie"": 0.36681944131851196, ""intermediate_descriptor_wtd_gmean_Density"": 0.4856846332550049, ""intermediate_descriptor_wtd_gmean_ElectronAffinity"": 0.40641021728515625, ""intermediate_descriptor_wtd_gmean_FusionHeat"": 0.4416184425354004, ""intermediate_descriptor_wtd_gmean_ThermalConductivity"": 0.443617045879364, ""intermediate_descriptor_wtd_gmean_Valence"": 0.5918123722076416, ""intermediate_descriptor_wtd_gmean_atomic_mass"": 0.30764782428741455, ""intermediate_descriptor_wtd_gmean_atomic_radius"": 0.5614391565322876, ""intermediate_descriptor_wtd_gmean_fie"": 0.6214029788970947, ""intermediate_descriptor_wtd_mean_Density"": 0.4296513795852661, ""intermediate_descriptor_wtd_mean_ElectronAffinity"": 0.396136999130249, ""intermediate_descriptor_wtd_mean_FusionHeat"": 0.39943307638168335, ""intermediate_descriptor_wtd_mean_ThermalConductivity"": 0.41274458169937134, ""intermediate_descriptor_wtd_mean_Valence"": 0.6112686395645142, ""intermediate_descriptor_wtd_mean_atomic_mass"": 0.3351249694824219, ""intermediate_descriptor_wtd_mean_atomic_radius"": 0.49503564834594727, ""intermediate_descriptor_wtd_mean_fie"": 0.645986795425415, ""intermediate_descriptor_wtd_range_Density"": 0.23037302494049072, ""intermediate_descriptor_wtd_range_ElectronAffinity"": 0.3747227191925049, ""intermediate_descriptor_wtd_range_FusionHeat"": 0.41383278369903564, ""intermediate_descriptor_wtd_range_ThermalConductivity"": 0.4381129741668701, ""intermediate_descriptor_wtd_range_Valence"": 0.31639695167541504, ""intermediate_descriptor_wtd_range_atomic_mass"": 0.2732911705970764, ""intermediate_descriptor_wtd_range_atomic_radius"": 0.30214357376098633, ""intermediate_descriptor_wtd_range_fie"": 0.5440447330474854, ""intermediate_descriptor_wtd_std_Density"": 0.3336449861526489, ""intermediate_descriptor_wtd_std_ElectronAffinity"": 0.44098299741744995, ""intermediate_descriptor_wtd_std_FusionHeat"": 0.0820305347442627, ""intermediate_descriptor_wtd_std_ThermalConductivity"": 0.636039674282074, ""intermediate_descriptor_wtd_std_Valence"": 0.4590197205543518, ""intermediate_descriptor_wtd_std_atomic_mass"": 0.4046631455421448, ""intermediate_descriptor_wtd_std_atomic_radius"": 0.5959111452102661, ""intermediate_descriptor_wtd_std_fie"": 0.6123777627944946}","{""intermediate_descriptor_entropy_Density"": 0.780053436756134, ""intermediate_descriptor_entropy_ElectronAffinity"": 0.7661914825439453, ""intermediate_descriptor_entropy_FusionHeat"": 0.7062763571739197, ""intermediate_descriptor_entropy_ThermalConductivity"": 0.8933113217353821, ""intermediate_descriptor_entropy_Valence"": 0.7125605344772339, ""intermediate_descriptor_entropy_atomic_mass"": 0.7262813448905945, ""intermediate_descriptor_entropy_atomic_radius"": 0.7308670282363892, ""intermediate_descriptor_entropy_fie"": 0.7308907508850098, ""intermediate_descriptor_gmean_Density"": 0.7219504117965698, ""intermediate_descriptor_gmean_ElectronAffinity"": 0.7984144687652588, ""intermediate_descriptor_gmean_FusionHeat"": 0.8236590027809143, ""intermediate_descriptor_gmean_ThermalConductivity"": 0.775624692440033, ""intermediate_descriptor_gmean_Valence"": 0.6860709190368652, ""intermediate_descriptor_gmean_atomic_mass"": 0.8559829592704773, ""intermediate_descriptor_gmean_atomic_radius"": 0.859803318977356, ""intermediate_descriptor_gmean_fie"": 0.8423500061035156, ""intermediate_descriptor_mean_Density"": 0.7840129733085632, ""intermediate_descriptor_mean_ElectronAffinity"": 0.8201382160186768, ""intermediate_descriptor_mean_FusionHeat"": 0.8426550626754761, ""intermediate_descriptor_mean_ThermalConductivity"": 0.8413647413253784, ""intermediate_descriptor_mean_Valence"": 0.6721282005310059, ""intermediate_descriptor_mean_atomic_mass"": 0.8219692707061768, ""intermediate_descriptor_mean_atomic_radius"": 0.8313183188438416, ""intermediate_descriptor_mean_fie"": 0.840857982635498, ""intermediate_descriptor_number_of_elements"": 0.6948975324630737, ""intermediate_descriptor_range_Density"": 0.8146035671234131, ""intermediate_descriptor_range_ElectronAffinity"": 0.7811992764472961, ""intermediate_descriptor_range_FusionHeat"": 0.9418982863426208, ""intermediate_descriptor_range_ThermalConductivity"": 0.6274685859680176, ""intermediate_descriptor_range_Valence"": 0.7925611138343811, ""intermediate_descriptor_range_atomic_mass"": 0.7320220470428467, ""intermediate_descriptor_range_atomic_radius"": 0.6379587054252625, ""intermediate_descriptor_range_fie"": 0.678891658782959, ""intermediate_descriptor_std_Density"": 0.8491697311401367, ""intermediate_descriptor_std_ElectronAffinity"": 0.8011400699615479, ""intermediate_descriptor_std_FusionHeat"": 0.897957444190979, ""intermediate_descriptor_std_ThermalConductivity"": 0.6665077805519104, ""intermediate_descriptor_std_Valence"": 0.7953665852546692, ""intermediate_descriptor_std_atomic_mass"": 0.7980722784996033, ""intermediate_descriptor_std_atomic_radius"": 0.6914525032043457, ""intermediate_descriptor_std_fie"": 0.7027939558029175, ""intermediate_descriptor_wtd_entropy_Density"": 0.7470976114273071, ""intermediate_descriptor_wtd_entropy_ElectronAffinity"": 0.8488484025001526, ""intermediate_descriptor_wtd_entropy_FusionHeat"": 0.6652563810348511, ""intermediate_descriptor_wtd_entropy_ThermalConductivity"": 0.8151190876960754, ""intermediate_descriptor_wtd_entropy_Valence"": 0.696777880191803, ""intermediate_descriptor_wtd_entropy_atomic_mass"": 0.6421912908554077, ""intermediate_descriptor_wtd_entropy_atomic_radius"": 0.6642918586730957, ""intermediate_descriptor_wtd_entropy_fie"": 0.7829005122184753, ""intermediate_descriptor_wtd_gmean_Density"": 0.6983649730682373, ""intermediate_descriptor_wtd_gmean_ElectronAffinity"": 0.7695497870445251, ""intermediate_descriptor_wtd_gmean_FusionHeat"": 0.7276314496994019, ""intermediate_descriptor_wtd_gmean_ThermalConductivity"": 0.7292201519012451, ""intermediate_descriptor_wtd_gmean_Valence"": 0.6289835572242737, ""intermediate_descriptor_wtd_gmean_atomic_mass"": 0.7925545573234558, ""intermediate_descriptor_wtd_gmean_atomic_radius"": 0.6569474935531616, ""intermediate_descriptor_wtd_gmean_fie"": 0.610650360584259, ""intermediate_descriptor_wtd_mean_Density"": 0.7287835478782654, ""intermediate_descriptor_wtd_mean_ElectronAffinity"": 0.7699608206748962, ""intermediate_descriptor_wtd_mean_FusionHeat"": 0.7499223947525024, ""intermediate_descriptor_wtd_mean_ThermalConductivity"": 0.7458343505859375, ""intermediate_descriptor_wtd_mean_Valence"": 0.6145787239074707, ""intermediate_descriptor_wtd_mean_atomic_mass"": 0.7733220458030701, ""intermediate_descriptor_wtd_mean_atomic_radius"": 0.7005178928375244, ""intermediate_descriptor_wtd_mean_fie"": 0.5923632383346558, ""intermediate_descriptor_wtd_range_Density"": 0.8546499609947205, ""intermediate_descriptor_wtd_range_ElectronAffinity"": 0.7680712938308716, ""intermediate_descriptor_wtd_range_FusionHeat"": 0.7252213954925537, ""intermediate_descriptor_wtd_range_ThermalConductivity"": 0.7324676513671875, ""intermediate_descriptor_wtd_range_Valence"": 0.8217369914054871, ""intermediate_descriptor_wtd_range_atomic_mass"": 0.8142226338386536, ""intermediate_descriptor_wtd_range_atomic_radius"": 0.8347727060317993, ""intermediate_descriptor_wtd_range_fie"": 0.6645725965499878, ""intermediate_descriptor_wtd_std_Density"": 0.8282446265220642, ""intermediate_descriptor_wtd_std_ElectronAffinity"": 0.7501617670059204, ""intermediate_descriptor_wtd_std_FusionHeat"": 0.944185733795166, ""intermediate_descriptor_wtd_std_ThermalConductivity"": 0.602534294128418, ""intermediate_descriptor_wtd_std_Valence"": 0.7304279208183289, ""intermediate_descriptor_wtd_std_atomic_mass"": 0.7685023546218872, ""intermediate_descriptor_wtd_std_atomic_radius"": 0.631016731262207, ""intermediate_descriptor_wtd_std_fie"": 0.6240640878677368}"
superconductivity,2,random_forest,21263,13608,3402,4253,77,81,1,2.1374606386524024,"feature_element_Ar,feature_element_At,feature_element_He,feature_element_Kr,feature_element_Ne,feature_element_Pm,feature_element_Po,feature_element_Rn,feature_element_Xe",,0,0,0,False,0.9307514910331383,0.2573841634747679,0.09756123478835783,"{""intermediate_descriptor_entropy_Density"": 0.9054172454319995, ""intermediate_descriptor_entropy_ElectronAffinity"": 0.9111772250345447, ""intermediate_descriptor_entropy_FusionHeat"": 0.9272180573509862, ""intermediate_descriptor_entropy_ThermalConductivity"": 0.8946108021710697, ""intermediate_descriptor_entropy_Valence"": 0.933841864718823, ""intermediate_descriptor_entropy_atomic_mass"": 0.9215915704249424, ""intermediate_descriptor_entropy_atomic_radius"": 0.9222242040473653, ""intermediate_descriptor_entropy_fie"": 0.9253702868051398, ""intermediate_descriptor_gmean_Density"": 0.9617949615634895, ""intermediate_descriptor_gmean_ElectronAffinity"": 0.8880669902098149, ""intermediate_descriptor_gmean_FusionHeat"": 0.9241969085232311, ""intermediate_descriptor_gmean_ThermalConductivity"": 0.912478283550118, ""intermediate_descriptor_gmean_Valence"": 0.9531609331365337, ""intermediate_descriptor_gmean_atomic_mass"": 0.9227507396335266, ""intermediate_descriptor_gmean_atomic_radius"": 0.9451497805869282, ""intermediate_descriptor_gmean_fie"": 0.9122034861599855, ""intermediate_descriptor_mean_Density"": 0.9465417091579695, ""intermediate_descriptor_mean_ElectronAffinity"": 0.9194451739712731, ""intermediate_descriptor_mean_FusionHeat"": 0.962722115611523, ""intermediate_descriptor_mean_ThermalConductivity"": 0.9112114401359007, ""intermediate_descriptor_mean_Valence"": 0.9609942315222811, ""intermediate_descriptor_mean_atomic_mass"": 0.9242944430443756, ""intermediate_descriptor_mean_atomic_radius"": 0.9211925949668535, ""intermediate_descriptor_mean_fie"": 0.9345145439500095, ""intermediate_descriptor_number_of_elements"": 0.9607947594207334, ""intermediate_descriptor_range_Density"": 0.9006302511989034, ""intermediate_descriptor_range_ElectronAffinity"": 0.9366508177813717, ""intermediate_descriptor_range_FusionHeat"": 0.9495382618524407, ""intermediate_descriptor_range_ThermalConductivity"": 0.9810408041689376, ""intermediate_descriptor_range_Valence"": 0.8646062269202731, ""intermediate_descriptor_range_atomic_mass"": 0.9176074273636543, ""intermediate_descriptor_range_atomic_radius"": 0.9737042712557338, ""intermediate_descriptor_range_fie"": 0.9828359641437269, ""intermediate_descriptor_std_Density"": 0.878167712858272, ""intermediate_descriptor_std_ElectronAffinity"": 0.9212556299617353, ""intermediate_descriptor_std_FusionHeat"": 0.9490257940669857, ""intermediate_descriptor_std_ThermalConductivity"": 0.972793510991776, ""intermediate_descriptor_std_Valence"": 0.8385276753724743, ""intermediate_descriptor_std_atomic_mass"": 0.8746333813320655, ""intermediate_descriptor_std_atomic_radius"": 0.9571859467479225, ""intermediate_descriptor_std_fie"": 0.9727765623541804, ""intermediate_descriptor_wtd_entropy_Density"": 0.912454992306654, ""intermediate_descriptor_wtd_entropy_ElectronAffinity"": 0.9003037830374767, ""intermediate_descriptor_wtd_entropy_FusionHeat"": 0.9385096086489837, ""intermediate_descriptor_wtd_entropy_ThermalConductivity"": 0.9083349806121365, ""intermediate_descriptor_wtd_entropy_Valence"": 0.9421127569313098, ""intermediate_descriptor_wtd_entropy_atomic_mass"": 0.9437570725268378, ""intermediate_descriptor_wtd_entropy_atomic_radius"": 0.9464617994201974, ""intermediate_descriptor_wtd_entropy_fie"": 0.9251229641983282, ""intermediate_descriptor_wtd_gmean_Density"": 0.9664086316780364, ""intermediate_descriptor_wtd_gmean_ElectronAffinity"": 0.9210850023639262, ""intermediate_descriptor_wtd_gmean_FusionHeat"": 0.9587167303578565, ""intermediate_descriptor_wtd_gmean_ThermalConductivity"": 0.9311917284260238, ""intermediate_descriptor_wtd_gmean_Valence"": 0.9726913549958089, ""intermediate_descriptor_wtd_gmean_atomic_mass"": 0.947847388989145, ""intermediate_descriptor_wtd_gmean_atomic_radius"": 0.9771978306475565, ""intermediate_descriptor_wtd_gmean_fie"": 0.9664630586734492, ""intermediate_descriptor_wtd_mean_Density"": 0.9531481165431142, ""intermediate_descriptor_wtd_mean_ElectronAffinity"": 0.9438737977579222, ""intermediate_descriptor_wtd_mean_FusionHeat"": 0.9732786694849991, ""intermediate_descriptor_wtd_mean_ThermalConductivity"": 0.93861091195244, ""intermediate_descriptor_wtd_mean_Valence"": 0.9763644781368108, ""intermediate_descriptor_wtd_mean_atomic_mass"": 0.9459318227255239, ""intermediate_descriptor_wtd_mean_atomic_radius"": 0.9620721959693131, ""intermediate_descriptor_wtd_mean_fie"": 0.9771344084287928, ""intermediate_descriptor_wtd_range_Density"": 0.8361412983712244, ""intermediate_descriptor_wtd_range_ElectronAffinity"": 0.8928606279449699, ""intermediate_descriptor_wtd_range_FusionHeat"": 0.9372022127525441, ""intermediate_descriptor_wtd_range_ThermalConductivity"": 0.9016123547006724, ""intermediate_descriptor_wtd_range_Valence"": 0.8622679652927322, ""intermediate_descriptor_wtd_range_atomic_mass"": 0.8424497692171322, ""intermediate_descriptor_wtd_range_atomic_radius"": 0.8750079944987325, ""intermediate_descriptor_wtd_range_fie"": 0.9206502498482015, ""intermediate_descriptor_wtd_std_Density"": 0.9049645486200528, ""intermediate_descriptor_wtd_std_ElectronAffinity"": 0.9300850195621346, ""intermediate_descriptor_wtd_std_FusionHeat"": 0.9411871727117754, ""intermediate_descriptor_wtd_std_ThermalConductivity"": 0.985945826995881, ""intermediate_descriptor_wtd_std_Valence"": 0.8947809782967838, ""intermediate_descriptor_wtd_std_atomic_mass"": 0.9088157470596102, ""intermediate_descriptor_wtd_std_atomic_radius"": 0.9701802518637761, ""intermediate_descriptor_wtd_std_fie"": 0.9837000816354584}","{""intermediate_descriptor_entropy_Density"": 0.31007331666386145, ""intermediate_descriptor_entropy_ElectronAffinity"": 0.30142680500122226, ""intermediate_descriptor_entropy_FusionHeat"": 0.2737116699009526, ""intermediate_descriptor_entropy_ThermalConductivity"": 0.3240728643960651, ""intermediate_descriptor_entropy_Valence"": 0.25964913088104363, ""intermediate_descriptor_entropy_atomic_mass"": 0.2813396702565011, ""intermediate_descriptor_entropy_atomic_radius"": 0.28156874901463697, ""intermediate_descriptor_entropy_fie"": 0.2761950205209141, ""intermediate_descriptor_gmean_Density"": 0.19467489665383128, ""intermediate_descriptor_gmean_ElectronAffinity"": 0.34116410424636334, ""intermediate_descriptor_gmean_FusionHeat"": 0.2826192825949983, ""intermediate_descriptor_gmean_ThermalConductivity"": 0.29776327291429366, ""intermediate_descriptor_gmean_Valence"": 0.2152635404952543, ""intermediate_descriptor_gmean_atomic_mass"": 0.28093333236741114, ""intermediate_descriptor_gmean_atomic_radius"": 0.23455817648139674, ""intermediate_descriptor_gmean_fie"": 0.300692989857394, ""intermediate_descriptor_mean_Density"": 0.2308347329798836, ""intermediate_descriptor_mean_ElectronAffinity"": 0.288796444321891, ""intermediate_descriptor_mean_FusionHeat"": 0.20142281184622426, ""intermediate_descriptor_mean_ThermalConductivity"": 0.30187774703460646, ""intermediate_descriptor_mean_Valence"": 0.19599071960457773, ""intermediate_descriptor_mean_atomic_mass"": 0.2787359335148536, ""intermediate_descriptor_mean_atomic_radius"": 0.2816532401832121, ""intermediate_descriptor_mean_fie"": 0.2598669930234666, ""intermediate_descriptor_number_of_elements"": 0.1988674219317708, ""intermediate_descriptor_range_Density"": 0.3143854379411177, ""intermediate_descriptor_range_ElectronAffinity"": 0.2590866829662109, ""intermediate_descriptor_range_FusionHeat"": 0.23593300912453752, ""intermediate_descriptor_range_ThermalConductivity"": 0.1371348867083164, ""intermediate_descriptor_range_Valence"": 0.3647693460360465, ""intermediate_descriptor_range_atomic_mass"": 0.29134638646596683, ""intermediate_descriptor_range_atomic_radius"": 0.16235138127946977, ""intermediate_descriptor_range_fie"": 0.13195445493526178, ""intermediate_descriptor_std_Density"": 0.34930167704612763, ""intermediate_descriptor_std_ElectronAffinity"": 0.2866289899918596, ""intermediate_descriptor_std_FusionHeat"": 0.23991765141342963, ""intermediate_descriptor_std_ThermalConductivity"": 0.16410048344521297, ""intermediate_descriptor_std_Valence"": 0.3982288613638013, ""intermediate_descriptor_std_atomic_mass"": 0.3605430878703244, ""intermediate_descriptor_std_atomic_radius"": 0.20747980661733678, ""intermediate_descriptor_std_fie"": 0.16629170003713326, ""intermediate_descriptor_wtd_entropy_Density"": 0.30010326637103535, ""intermediate_descriptor_wtd_entropy_ElectronAffinity"": 0.3267972444299544, ""intermediate_descriptor_wtd_entropy_FusionHeat"": 0.25036596372177167, ""intermediate_descriptor_wtd_entropy_ThermalConductivity"": 0.3055711162450582, ""intermediate_descriptor_wtd_entropy_Valence"": 0.24322720239317328, ""intermediate_descriptor_wtd_entropy_atomic_mass"": 0.23740831509581078, ""intermediate_descriptor_wtd_entropy_atomic_radius"": 0.2323380210440614, ""intermediate_descriptor_wtd_entropy_fie"": 0.27881981491919183, ""intermediate_descriptor_wtd_gmean_Density"": 0.18310333779040533, ""intermediate_descriptor_wtd_gmean_ElectronAffinity"": 0.28700664216675387, ""intermediate_descriptor_wtd_gmean_FusionHeat"": 0.2139850751652991, ""intermediate_descriptor_wtd_gmean_ThermalConductivity"": 0.2686778297970955, ""intermediate_descriptor_wtd_gmean_Valence"": 0.16353584818140723, ""intermediate_descriptor_wtd_gmean_atomic_mass"": 0.23104410933517394, ""intermediate_descriptor_wtd_gmean_atomic_radius"": 0.15119706829045712, ""intermediate_descriptor_wtd_gmean_fie"": 0.1846517776124755, ""intermediate_descriptor_wtd_mean_Density"": 0.2153387192007026, ""intermediate_descriptor_wtd_mean_ElectronAffinity"": 0.23778962766468134, ""intermediate_descriptor_wtd_mean_FusionHeat"": 0.17537775409278702, ""intermediate_descriptor_wtd_mean_ThermalConductivity"": 0.24938251075370174, ""intermediate_descriptor_wtd_mean_Valence"": 0.15222878485737398, ""intermediate_descriptor_wtd_mean_atomic_mass"": 0.23496532765886655, ""intermediate_descriptor_wtd_mean_atomic_radius"": 0.19566292405063224, ""intermediate_descriptor_wtd_mean_fie"": 0.15173656022694343, ""intermediate_descriptor_wtd_range_Density"": 0.3981188000211475, ""intermediate_descriptor_wtd_range_ElectronAffinity"": 0.3341967500778352, ""intermediate_descriptor_wtd_range_FusionHeat"": 0.27459535470282626, ""intermediate_descriptor_wtd_range_ThermalConductivity"": 0.31736861714383474, ""intermediate_descriptor_wtd_range_Valence"": 0.365085442046004, ""intermediate_descriptor_wtd_range_atomic_mass"": 0.39582154168476247, ""intermediate_descriptor_wtd_range_atomic_radius"": 0.3582394560860624, ""intermediate_descriptor_wtd_range_fie"": 0.28596214880506243, ""intermediate_descriptor_wtd_std_Density"": 0.31082663862133886, ""intermediate_descriptor_wtd_std_ElectronAffinity"": 0.2676429664474863, ""intermediate_descriptor_wtd_std_FusionHeat"": 0.2564880186127993, ""intermediate_descriptor_wtd_std_ThermalConductivity"": 0.11826333119298348, ""intermediate_descriptor_wtd_std_Valence"": 0.32499529207306066, ""intermediate_descriptor_wtd_std_atomic_mass"": 0.30787831957497064, ""intermediate_descriptor_wtd_std_atomic_radius"": 0.17186116431131196, ""intermediate_descriptor_wtd_std_fie"": 0.12725184906112397}"
superconductivity,2,ridge,21263,13608,3402,4253,77,81,1,2.1374606386524024,"feature_element_Ar,feature_element_At,feature_element_He,feature_element_Kr,feature_element_Ne,feature_element_Pm,feature_element_Po,feature_element_Rn,feature_element_Xe",,0,0,0,False,0.24767671525478363,0.8641071915626526,0.5649568438529968,"{""intermediate_descriptor_entropy_Density"": 0.3362354636192322, ""intermediate_descriptor_entropy_ElectronAffinity"": -0.13660597801208496, ""intermediate_descriptor_entropy_FusionHeat"": 0.43198877573013306, ""intermediate_descriptor_entropy_ThermalConductivity"": 0.034753262996673584, ""intermediate_descriptor_entropy_Valence"": 0.42244571447372437, ""intermediate_descriptor_entropy_atomic_mass"": 0.4015620946884155, ""intermediate_descriptor_entropy_atomic_radius"": 0.4040786623954773, ""intermediate_descriptor_entropy_fie"": 0.4076380133628845, ""intermediate_descriptor_gmean_Density"": 0.3959781527519226, ""intermediate_descriptor_gmean_ElectronAffinity"": -1.4656846523284912, ""intermediate_descriptor_gmean_FusionHeat"": 0.15326941013336182, ""intermediate_descriptor_gmean_ThermalConductivity"": 0.278179407119751, ""intermediate_descriptor_gmean_Valence"": 0.12897950410842896, ""intermediate_descriptor_gmean_atomic_mass"": 0.2104317545890808, ""intermediate_descriptor_gmean_atomic_radius"": 0.20080316066741943, ""intermediate_descriptor_gmean_fie"": -0.5248534679412842, ""intermediate_descriptor_mean_Density"": 0.23163241147994995, ""intermediate_descriptor_mean_ElectronAffinity"": -0.8849016427993774, ""intermediate_descriptor_mean_FusionHeat"": 0.17627567052841187, ""intermediate_descriptor_mean_ThermalConductivity"": 0.23498576879501343, ""intermediate_descriptor_mean_Valence"": 0.20904362201690674, ""intermediate_descriptor_mean_atomic_mass"": 0.19696080684661865, ""intermediate_descriptor_mean_atomic_radius"": 0.21165615320205688, ""intermediate_descriptor_mean_fie"": -0.24812066555023193, ""intermediate_descriptor_number_of_elements"": 0.439155638217926, ""intermediate_descriptor_range_Density"": 0.16475540399551392, ""intermediate_descriptor_range_ElectronAffinity"": 0.3469342589378357, ""intermediate_descriptor_range_FusionHeat"": 0.2248503565788269, ""intermediate_descriptor_range_ThermalConductivity"": 0.540406346321106, ""intermediate_descriptor_range_Valence"": 0.32223111391067505, ""intermediate_descriptor_range_atomic_mass"": 0.4053952097892761, ""intermediate_descriptor_range_atomic_radius"": 0.5221890211105347, ""intermediate_descriptor_range_fie"": 0.49105924367904663, ""intermediate_descriptor_std_Density"": 0.11757111549377441, ""intermediate_descriptor_std_ElectronAffinity"": 0.31567561626434326, ""intermediate_descriptor_std_FusionHeat"": 0.2729077935218811, ""intermediate_descriptor_std_ThermalConductivity"": 0.43100762367248535, ""intermediate_descriptor_std_Valence"": 0.28661829233169556, ""intermediate_descriptor_std_atomic_mass"": 0.3256221413612366, ""intermediate_descriptor_std_atomic_radius"": 0.4108860492706299, ""intermediate_descriptor_std_fie"": 0.4407970905303955, ""intermediate_descriptor_wtd_entropy_Density"": 0.36883723735809326, ""intermediate_descriptor_wtd_entropy_ElectronAffinity"": -0.07008397579193115, ""intermediate_descriptor_wtd_entropy_FusionHeat"": 0.49233388900756836, ""intermediate_descriptor_wtd_entropy_ThermalConductivity"": 0.2872382402420044, ""intermediate_descriptor_wtd_entropy_Valence"": 0.4331773519515991, ""intermediate_descriptor_wtd_entropy_atomic_mass"": 0.48683905601501465, ""intermediate_descriptor_wtd_entropy_atomic_radius"": 0.48762786388397217, ""intermediate_descriptor_wtd_entropy_fie"": 0.288265585899353, ""intermediate_descriptor_wtd_gmean_Density"": 0.4272514581680298, ""intermediate_descriptor_wtd_gmean_ElectronAffinity"": -0.7263792753219604, ""intermediate_descriptor_wtd_gmean_FusionHeat"": 0.38990873098373413, ""intermediate_descriptor_wtd_gmean_ThermalConductivity"": 0.35891884565353394, ""intermediate_descriptor_wtd_gmean_Valence"": 0.24002999067306519, ""intermediate_descriptor_wtd_gmean_atomic_mass"": 0.319707453250885, ""intermediate_descriptor_wtd_gmean_atomic_radius"": 0.4802349805831909, ""intermediate_descriptor_wtd_gmean_fie"": 0.351256787776947, ""intermediate_descriptor_wtd_mean_Density"": 0.35157716274261475, ""intermediate_descriptor_wtd_mean_ElectronAffinity"": -0.0613480806350708, ""intermediate_descriptor_wtd_mean_FusionHeat"": 0.3803824782371521, ""intermediate_descriptor_wtd_mean_ThermalConductivity"": 0.2627735733985901, ""intermediate_descriptor_wtd_mean_Valence"": 0.2896600365638733, ""intermediate_descriptor_wtd_mean_atomic_mass"": 0.3094247579574585, ""intermediate_descriptor_wtd_mean_atomic_radius"": 0.42442697286605835, ""intermediate_descriptor_wtd_mean_fie"": 0.46279269456863403, ""intermediate_descriptor_wtd_range_Density"": 0.18068861961364746, ""intermediate_descriptor_wtd_range_ElectronAffinity"": 0.3139219284057617, ""intermediate_descriptor_wtd_range_FusionHeat"": 0.46754252910614014, ""intermediate_descriptor_wtd_range_ThermalConductivity"": 0.3820417523384094, ""intermediate_descriptor_wtd_range_Valence"": -0.001593947410583496, ""intermediate_descriptor_wtd_range_atomic_mass"": 0.197687566280365, ""intermediate_descriptor_wtd_range_atomic_radius"": 0.0837470293045044, ""intermediate_descriptor_wtd_range_fie"": 0.3919350504875183, ""intermediate_descriptor_wtd_std_Density"": 0.18214505910873413, ""intermediate_descriptor_wtd_std_ElectronAffinity"": 0.3814404010772705, ""intermediate_descriptor_wtd_std_FusionHeat"": 0.19600629806518555, ""intermediate_descriptor_wtd_std_ThermalConductivity"": 0.5795751810073853, ""intermediate_descriptor_wtd_std_Valence"": 0.3994408845901489, ""intermediate_descriptor_wtd_std_atomic_mass"": 0.35753291845321655, ""intermediate_descriptor_wtd_std_atomic_radius"": 0.5028998851776123, ""intermediate_descriptor_wtd_std_fie"": 0.5471539497375488}","{""intermediate_descriptor_entropy_Density"": 0.8214203119277954, ""intermediate_descriptor_entropy_ElectronAffinity"": 1.0782629251480103, ""intermediate_descriptor_entropy_FusionHeat"": 0.7646451592445374, ""intermediate_descriptor_entropy_ThermalConductivity"": 0.9807623624801636, ""intermediate_descriptor_entropy_Valence"": 0.7671700716018677, ""intermediate_descriptor_entropy_atomic_mass"": 0.7772471904754639, ""intermediate_descriptor_entropy_atomic_radius"": 0.7793933153152466, ""intermediate_descriptor_entropy_fie"": 0.7781324982643127, ""intermediate_descriptor_gmean_Density"": 0.7740623354911804, ""intermediate_descriptor_gmean_ElectronAffinity"": 1.6012274026870728, ""intermediate_descriptor_gmean_FusionHeat"": 0.944563090801239, ""intermediate_descriptor_gmean_ThermalConductivity"": 0.8551215529441833, ""intermediate_descriptor_gmean_Valence"": 0.9282833337783813, ""intermediate_descriptor_gmean_atomic_mass"": 0.8981542587280273, ""intermediate_descriptor_gmean_atomic_radius"": 0.8953405618667603, ""intermediate_descriptor_gmean_fie"": 1.253137469291687, ""intermediate_descriptor_mean_Density"": 0.8751412034034729, ""intermediate_descriptor_mean_ElectronAffinity"": 1.3969807624816895, ""intermediate_descriptor_mean_FusionHeat"": 0.9468342661857605, ""intermediate_descriptor_mean_ThermalConductivity"": 0.8861094117164612, ""intermediate_descriptor_mean_Valence"": 0.8825663328170776, ""intermediate_descriptor_mean_atomic_mass"": 0.9078152179718018, ""intermediate_descriptor_mean_atomic_radius"": 0.890818178653717, ""intermediate_descriptor_mean_fie"": 1.1345064640045166, ""intermediate_descriptor_number_of_elements"": 0.752164363861084, ""intermediate_descriptor_range_Density"": 0.911469578742981, ""intermediate_descriptor_range_ElectronAffinity"": 0.8318653702735901, ""intermediate_descriptor_range_FusionHeat"": 0.9246990084648132, ""intermediate_descriptor_range_ThermalConductivity"": 0.6751884818077087, ""intermediate_descriptor_range_Valence"": 0.8161308765411377, ""intermediate_descriptor_range_atomic_mass"": 0.7826719880104065, ""intermediate_descriptor_range_atomic_radius"": 0.6920563578605652, ""intermediate_descriptor_range_fie"": 0.7185350656509399, ""intermediate_descriptor_std_Density"": 0.9400681257247925, ""intermediate_descriptor_std_ElectronAffinity"": 0.844970166683197, ""intermediate_descriptor_std_FusionHeat"": 0.9061116576194763, ""intermediate_descriptor_std_ThermalConductivity"": 0.7504587173461914, ""intermediate_descriptor_std_Valence"": 0.8370370268821716, ""intermediate_descriptor_std_atomic_mass"": 0.8362148404121399, ""intermediate_descriptor_std_atomic_radius"": 0.7696305513381958, ""intermediate_descriptor_std_fie"": 0.7536745071411133, ""intermediate_descriptor_wtd_entropy_Density"": 0.8057971596717834, ""intermediate_descriptor_wtd_entropy_ElectronAffinity"": 1.0706510543823242, ""intermediate_descriptor_wtd_entropy_FusionHeat"": 0.719383955001831, ""intermediate_descriptor_wtd_entropy_ThermalConductivity"": 0.8520845174789429, ""intermediate_descriptor_wtd_entropy_Valence"": 0.7611045241355896, ""intermediate_descriptor_wtd_entropy_atomic_mass"": 0.7171149253845215, ""intermediate_descriptor_wtd_entropy_atomic_radius"": 0.7187554836273193, ""intermediate_descriptor_wtd_entropy_fie"": 0.8596234917640686, ""intermediate_descriptor_wtd_gmean_Density"": 0.7560741901397705, ""intermediate_descriptor_wtd_gmean_ElectronAffinity"": 1.3423948287963867, ""intermediate_descriptor_wtd_gmean_FusionHeat"": 0.8226097822189331, ""intermediate_descriptor_wtd_gmean_ThermalConductivity"": 0.8201022744178772, ""intermediate_descriptor_wtd_gmean_Valence"": 0.8627026081085205, ""intermediate_descriptor_wtd_gmean_atomic_mass"": 0.8344584703445435, ""intermediate_descriptor_wtd_gmean_atomic_radius"": 0.721869707107544, ""intermediate_descriptor_wtd_gmean_fie"": 0.812134861946106, ""intermediate_descriptor_wtd_mean_Density"": 0.8011018633842468, ""intermediate_descriptor_wtd_mean_ElectronAffinity"": 1.0340439081192017, ""intermediate_descriptor_wtd_mean_FusionHeat"": 0.8445149064064026, ""intermediate_descriptor_wtd_mean_ThermalConductivity"": 0.8642131090164185, ""intermediate_descriptor_wtd_mean_Valence"": 0.8345403075218201, ""intermediate_descriptor_wtd_mean_atomic_mass"": 0.8397275805473328, ""intermediate_descriptor_wtd_mean_atomic_radius"": 0.762219250202179, ""intermediate_descriptor_wtd_mean_fie"": 0.7354784607887268, ""intermediate_descriptor_wtd_range_Density"": 0.8902304172515869, ""intermediate_descriptor_wtd_range_ElectronAffinity"": 0.8456963300704956, ""intermediate_descriptor_wtd_range_FusionHeat"": 0.7995828986167908, ""intermediate_descriptor_wtd_range_ThermalConductivity"": 0.7953774333000183, ""intermediate_descriptor_wtd_range_Valence"": 0.9845162034034729, ""intermediate_descriptor_wtd_range_atomic_mass"": 0.8932266235351562, ""intermediate_descriptor_wtd_range_atomic_radius"": 0.9699290990829468, ""intermediate_descriptor_wtd_range_fie"": 0.7916090488433838, ""intermediate_descriptor_wtd_std_Density"": 0.9118292927742004, ""intermediate_descriptor_wtd_std_ElectronAffinity"": 0.7960887551307678, ""intermediate_descriptor_wtd_std_FusionHeat"": 0.9483253955841064, ""intermediate_descriptor_wtd_std_ThermalConductivity"": 0.6468322277069092, ""intermediate_descriptor_wtd_std_Valence"": 0.7764398455619812, ""intermediate_descriptor_wtd_std_atomic_mass"": 0.8172305822372437, ""intermediate_descriptor_wtd_std_atomic_radius"": 0.7016938924789429, ""intermediate_descriptor_wtd_std_fie"": 0.6707283854484558}"
superconductivity,3,random_forest,21263,13608,3402,4253,77,81,1,2.1374606386524024,"feature_element_Ar,feature_element_At,feature_element_He,feature_element_Kr,feature_element_Ne,feature_element_Pm,feature_element_Po,feature_element_Rn,feature_element_Xe",,0,0,0,False,0.9346211286542996,0.24948064559479619,0.09388924165906334,"{""intermediate_descriptor_entropy_Density"": 0.9121494456498115, ""intermediate_descriptor_entropy_ElectronAffinity"": 0.9158715109791737, ""intermediate_descriptor_entropy_FusionHeat"": 0.9296956807354843, ""intermediate_descriptor_entropy_ThermalConductivity"": 0.905932534389065, ""intermediate_descriptor_entropy_Valence"": 0.9381550214596284, ""intermediate_descriptor_entropy_atomic_mass"": 0.9289073389364919, ""intermediate_descriptor_entropy_atomic_radius"": 0.9297061371906012, ""intermediate_descriptor_entropy_fie"": 0.9326141745210461, ""intermediate_descriptor_gmean_Density"": 0.9649540254090219, ""intermediate_descriptor_gmean_ElectronAffinity"": 0.8830087189564589, ""intermediate_descriptor_gmean_FusionHeat"": 0.9338591567403047, ""intermediate_descriptor_gmean_ThermalConductivity"": 0.9322286353885645, ""intermediate_descriptor_gmean_Valence"": 0.9547015104900706, ""intermediate_descriptor_gmean_atomic_mass"": 0.9251988101475755, ""intermediate_descriptor_gmean_atomic_radius"": 0.9349270368239786, ""intermediate_descriptor_gmean_fie"": 0.8967378685219443, ""intermediate_descriptor_mean_Density"": 0.9473251585103232, ""intermediate_descriptor_mean_ElectronAffinity"": 0.9078227529840697, ""intermediate_descriptor_mean_FusionHeat"": 0.9635880791243551, ""intermediate_descriptor_mean_ThermalConductivity"": 0.9219886591872112, ""intermediate_descriptor_mean_Valence"": 0.9631857969742643, ""intermediate_descriptor_mean_atomic_mass"": 0.9269826614574332, ""intermediate_descriptor_mean_atomic_radius"": 0.9078971740644262, ""intermediate_descriptor_mean_fie"": 0.9213961480448772, ""intermediate_descriptor_number_of_elements"": 0.9609678127657881, ""intermediate_descriptor_range_Density"": 0.8949037770333512, ""intermediate_descriptor_range_ElectronAffinity"": 0.9443088552052155, ""intermediate_descriptor_range_FusionHeat"": 0.9425279415431089, ""intermediate_descriptor_range_ThermalConductivity"": 0.9802865401074339, ""intermediate_descriptor_range_Valence"": 0.89039455632162, ""intermediate_descriptor_range_atomic_mass"": 0.9149131878465833, ""intermediate_descriptor_range_atomic_radius"": 0.9755789976924265, ""intermediate_descriptor_range_fie"": 0.984885320358002, ""intermediate_descriptor_std_Density"": 0.8728659713303516, ""intermediate_descriptor_std_ElectronAffinity"": 0.9273402675344574, ""intermediate_descriptor_std_FusionHeat"": 0.9426490896404336, ""intermediate_descriptor_std_ThermalConductivity"": 0.9717065355353535, ""intermediate_descriptor_std_Valence"": 0.8656760640836212, ""intermediate_descriptor_std_atomic_mass"": 0.8707147549638846, ""intermediate_descriptor_std_atomic_radius"": 0.9609295753174684, ""intermediate_descriptor_std_fie"": 0.9763428411955392, ""intermediate_descriptor_wtd_entropy_Density"": 0.9205267313978351, ""intermediate_descriptor_wtd_entropy_ElectronAffinity"": 0.9077222206338526, ""intermediate_descriptor_wtd_entropy_FusionHeat"": 0.9430907911222236, ""intermediate_descriptor_wtd_entropy_ThermalConductivity"": 0.9254106107946177, ""intermediate_descriptor_wtd_entropy_Valence"": 0.9482420250532069, ""intermediate_descriptor_wtd_entropy_atomic_mass"": 0.9506668831208247, ""intermediate_descriptor_wtd_entropy_atomic_radius"": 0.954804112868631, ""intermediate_descriptor_wtd_entropy_fie"": 0.9351508938893104, ""intermediate_descriptor_wtd_gmean_Density"": 0.9673200016942192, ""intermediate_descriptor_wtd_gmean_ElectronAffinity"": 0.9139204104080785, ""intermediate_descriptor_wtd_gmean_FusionHeat"": 0.968653515900997, ""intermediate_descriptor_wtd_gmean_ThermalConductivity"": 0.945626974551434, ""intermediate_descriptor_wtd_gmean_Valence"": 0.9705460571563896, ""intermediate_descriptor_wtd_gmean_atomic_mass"": 0.9518637071303097, ""intermediate_descriptor_wtd_gmean_atomic_radius"": 0.9783317546352182, ""intermediate_descriptor_wtd_gmean_fie"": 0.9627257304942043, ""intermediate_descriptor_wtd_mean_Density"": 0.9526577994029294, ""intermediate_descriptor_wtd_mean_ElectronAffinity"": 0.9334795323972107, ""intermediate_descriptor_wtd_mean_FusionHeat"": 0.9745011666153516, ""intermediate_descriptor_wtd_mean_ThermalConductivity"": 0.9503451890619944, ""intermediate_descriptor_wtd_mean_Valence"": 0.9748454219486149, ""intermediate_descriptor_wtd_mean_atomic_mass"": 0.9487790389851287, ""intermediate_descriptor_wtd_mean_atomic_radius"": 0.9634288257321532, ""intermediate_descriptor_wtd_mean_fie"": 0.9749680079556549, ""intermediate_descriptor_wtd_range_Density"": 0.872285779568983, ""intermediate_descriptor_wtd_range_ElectronAffinity"": 0.898468549757671, ""intermediate_descriptor_wtd_range_FusionHeat"": 0.928545704105671, ""intermediate_descriptor_wtd_range_ThermalConductivity"": 0.9294410704369674, ""intermediate_descriptor_wtd_range_Valence"": 0.8729472203331484, ""intermediate_descriptor_wtd_range_atomic_mass"": 0.8614352323111032, ""intermediate_descriptor_wtd_range_atomic_radius"": 0.8822925676024393, ""intermediate_descriptor_wtd_range_fie"": 0.9226332367139195, ""intermediate_descriptor_wtd_std_Density"": 0.8958641412256543, ""intermediate_descriptor_wtd_std_ElectronAffinity"": 0.9423912587778072, ""intermediate_descriptor_wtd_std_FusionHeat"": 0.953272896344488, ""intermediate_descriptor_wtd_std_ThermalConductivity"": 0.9846242781808239, ""intermediate_descriptor_wtd_std_Valence"": 0.9157002653786905, ""intermediate_descriptor_wtd_std_atomic_mass"": 0.9057069751302291, ""intermediate_descriptor_wtd_std_atomic_radius"": 0.9774223905579154, ""intermediate_descriptor_wtd_std_fie"": 0.9878463264615476}","{""intermediate_descriptor_entropy_Density"": 0.29891804457313625, ""intermediate_descriptor_entropy_ElectronAffinity"": 0.29579077419321603, ""intermediate_descriptor_entropy_FusionHeat"": 0.266733716580844, ""intermediate_descriptor_entropy_ThermalConductivity"": 0.3080990960076372, ""intermediate_descriptor_entropy_Valence"": 0.2527468966382499, ""intermediate_descriptor_entropy_atomic_mass"": 0.2683874278389003, ""intermediate_descriptor_entropy_atomic_radius"": 0.2688529551184566, ""intermediate_descriptor_entropy_fie"": 0.2639350218413594, ""intermediate_descriptor_gmean_Density"": 0.19151086209865983, ""intermediate_descriptor_gmean_ElectronAffinity"": 0.3462086577518546, ""intermediate_descriptor_gmean_FusionHeat"": 0.26452579485498073, ""intermediate_descriptor_gmean_ThermalConductivity"": 0.26104834927253234, ""intermediate_descriptor_gmean_Valence"": 0.2135160104945847, ""intermediate_descriptor_gmean_atomic_mass"": 0.2843444371286579, ""intermediate_descriptor_gmean_atomic_radius"": 0.25269098627881253, ""intermediate_descriptor_gmean_fie"": 0.3240176631098746, ""intermediate_descriptor_mean_Density"": 0.23855867194780853, ""intermediate_descriptor_mean_ElectronAffinity"": 0.30533466343078425, ""intermediate_descriptor_mean_FusionHeat"": 0.19545147762196394, ""intermediate_descriptor_mean_ThermalConductivity"": 0.27623053020632893, ""intermediate_descriptor_mean_Valence"": 0.19216656067382595, ""intermediate_descriptor_mean_atomic_mass"": 0.28299346292953714, ""intermediate_descriptor_mean_atomic_radius"": 0.30363220567105187, ""intermediate_descriptor_mean_fie"": 0.2791813691028255, ""intermediate_descriptor_number_of_elements"": 0.19965471216455408, ""intermediate_descriptor_range_Density"": 0.3240982223959788, ""intermediate_descriptor_range_ElectronAffinity"": 0.23673314393743186, ""intermediate_descriptor_range_FusionHeat"": 0.24933423386327908, ""intermediate_descriptor_range_ThermalConductivity"": 0.13949299585563663, ""intermediate_descriptor_range_Valence"": 0.32598457491727895, ""intermediate_descriptor_range_atomic_mass"": 0.29356757801998407, ""intermediate_descriptor_range_atomic_radius"": 0.15834615031039673, ""intermediate_descriptor_range_fie"": 0.12277227917405058, ""intermediate_descriptor_std_Density"": 0.35694645326560787, ""intermediate_descriptor_std_ElectronAffinity"": 0.2678220843433343, ""intermediate_descriptor_std_FusionHeat"": 0.24439493867222772, ""intermediate_descriptor_std_ThermalConductivity"": 0.1671736897489046, ""intermediate_descriptor_std_Valence"": 0.35900907383149827, ""intermediate_descriptor_std_atomic_mass"": 0.36105502225056846, ""intermediate_descriptor_std_atomic_radius"": 0.20011602768865597, ""intermediate_descriptor_std_fie"": 0.15312527427133507, ""intermediate_descriptor_wtd_entropy_Density"": 0.2833658416906008, ""intermediate_descriptor_wtd_entropy_ElectronAffinity"": 0.3037131094338687, ""intermediate_descriptor_wtd_entropy_FusionHeat"": 0.24048969063450726, ""intermediate_descriptor_wtd_entropy_ThermalConductivity"": 0.27502257548124903, ""intermediate_descriptor_wtd_entropy_Valence"": 0.22805760586051835, ""intermediate_descriptor_wtd_entropy_atomic_mass"": 0.22343819890417385, ""intermediate_descriptor_wtd_entropy_atomic_radius"": 0.2142373244488342, ""intermediate_descriptor_wtd_entropy_fie"": 0.2557206004811059, ""intermediate_descriptor_wtd_gmean_Density"": 0.1866957474462227, ""intermediate_descriptor_wtd_gmean_ElectronAffinity"": 0.29427483642133095, ""intermediate_descriptor_wtd_gmean_FusionHeat"": 0.1802127163409721, ""intermediate_descriptor_wtd_gmean_ThermalConductivity"": 0.23320774810162317, ""intermediate_descriptor_wtd_gmean_Valence"": 0.17260397864307817, ""intermediate_descriptor_wtd_gmean_atomic_mass"": 0.22892452134459332, ""intermediate_descriptor_wtd_gmean_atomic_radius"": 0.14787559600576403, ""intermediate_descriptor_wtd_gmean_fie"": 0.19442079916898092, ""intermediate_descriptor_wtd_mean_Density"": 0.2283539895912219, ""intermediate_descriptor_wtd_mean_ElectronAffinity"": 0.26031978093463887, ""intermediate_descriptor_wtd_mean_FusionHeat"": 0.16180763490555725, ""intermediate_descriptor_wtd_mean_ThermalConductivity"": 0.22070555150467341, ""intermediate_descriptor_wtd_mean_Valence"": 0.15920178904400448, ""intermediate_descriptor_wtd_mean_atomic_mass"": 0.23853876503729438, ""intermediate_descriptor_wtd_mean_atomic_radius"": 0.19232405106376838, ""intermediate_descriptor_wtd_mean_fie"": 0.15882523899809287, ""intermediate_descriptor_wtd_range_Density"": 0.3649267868047847, ""intermediate_descriptor_wtd_range_ElectronAffinity"": 0.31853733359985115, ""intermediate_descriptor_wtd_range_FusionHeat"": 0.265970930524981, ""intermediate_descriptor_wtd_range_ThermalConductivity"": 0.26527641207774394, ""intermediate_descriptor_wtd_range_Valence"": 0.3556761973583401, ""intermediate_descriptor_wtd_range_atomic_mass"": 0.37626883882633216, ""intermediate_descriptor_wtd_range_atomic_radius"": 0.34005779274377046, ""intermediate_descriptor_wtd_range_fie"": 0.280152697501799, ""intermediate_descriptor_wtd_std_Density"": 0.325424647810097, ""intermediate_descriptor_wtd_std_ElectronAffinity"": 0.23917365707438065, ""intermediate_descriptor_wtd_std_FusionHeat"": 0.21860606617365855, ""intermediate_descriptor_wtd_std_ThermalConductivity"": 0.12365067153399882, ""intermediate_descriptor_wtd_std_Valence"": 0.28599567914913454, ""intermediate_descriptor_wtd_std_atomic_mass"": 0.3092840865335292, ""intermediate_descriptor_wtd_std_atomic_radius"": 0.151891599959039, ""intermediate_descriptor_wtd_std_fie"": 0.11019911394376805}"
superconductivity,3,ridge,21263,13608,3402,4253,77,81,1,2.1374606386524024,"feature_element_Ar,feature_element_At,feature_element_He,feature_element_Kr,feature_element_Ne,feature_element_Pm,feature_element_Po,feature_element_Rn,feature_element_Xe",,0,0,0,False,0.38544410467147827,0.7876937985420227,0.5594038963317871,"{""intermediate_descriptor_entropy_Density"": 0.3318193554878235, ""intermediate_descriptor_entropy_ElectronAffinity"": 0.3366730809211731, ""intermediate_descriptor_entropy_FusionHeat"": 0.43030595779418945, ""intermediate_descriptor_entropy_ThermalConductivity"": 0.21781766414642334, ""intermediate_descriptor_entropy_Valence"": 0.4256046414375305, ""intermediate_descriptor_entropy_atomic_mass"": 0.3994387984275818, ""intermediate_descriptor_entropy_atomic_radius"": 0.40095120668411255, ""intermediate_descriptor_entropy_fie"": 0.4045226573944092, ""intermediate_descriptor_gmean_Density"": 0.39314138889312744, ""intermediate_descriptor_gmean_ElectronAffinity"": 0.31769371032714844, ""intermediate_descriptor_gmean_FusionHeat"": 0.3461344838142395, ""intermediate_descriptor_gmean_ThermalConductivity"": 0.32509613037109375, ""intermediate_descriptor_gmean_Valence"": 0.4664868116378784, ""intermediate_descriptor_gmean_atomic_mass"": 0.25311166048049927, ""intermediate_descriptor_gmean_atomic_radius"": 0.21091687679290771, ""intermediate_descriptor_gmean_fie"": 0.2323409914970398, ""intermediate_descriptor_mean_Density"": 0.29750901460647583, ""intermediate_descriptor_mean_ElectronAffinity"": 0.31206953525543213, ""intermediate_descriptor_mean_FusionHeat"": 0.34930115938186646, ""intermediate_descriptor_mean_ThermalConductivity"": 0.25473445653915405, ""intermediate_descriptor_mean_Valence"": 0.48933708667755127, ""intermediate_descriptor_mean_atomic_mass"": 0.2705841660499573, ""intermediate_descriptor_mean_atomic_radius"": 0.2509561777114868, ""intermediate_descriptor_mean_fie"": 0.2444242238998413, ""intermediate_descriptor_number_of_elements"": 0.4572378396987915, ""intermediate_descriptor_range_Density"": 0.30817997455596924, ""intermediate_descriptor_range_ElectronAffinity"": 0.3551798462867737, ""intermediate_descriptor_range_FusionHeat"": 0.2452513575553894, ""intermediate_descriptor_range_ThermalConductivity"": 0.5702446699142456, ""intermediate_descriptor_range_Valence"": 0.32580631971359253, ""intermediate_descriptor_range_atomic_mass"": 0.4240473508834839, ""intermediate_descriptor_range_atomic_radius"": 0.5398330688476562, ""intermediate_descriptor_range_fie"": 0.5064170360565186, ""intermediate_descriptor_std_Density"": 0.25514572858810425, ""intermediate_descriptor_std_ElectronAffinity"": 0.31998616456985474, ""intermediate_descriptor_std_FusionHeat"": 0.2903698682785034, ""intermediate_descriptor_std_ThermalConductivity"": 0.5277766585350037, ""intermediate_descriptor_std_Valence"": 0.3057866096496582, ""intermediate_descriptor_std_atomic_mass"": 0.33660948276519775, ""intermediate_descriptor_std_atomic_radius"": 0.48747146129608154, ""intermediate_descriptor_std_fie"": 0.4744794964790344, ""intermediate_descriptor_wtd_entropy_Density"": 0.3846163749694824, ""intermediate_descriptor_wtd_entropy_ElectronAffinity"": 0.22029012441635132, ""intermediate_descriptor_wtd_entropy_FusionHeat"": 0.49484580755233765, ""intermediate_descriptor_wtd_entropy_ThermalConductivity"": 0.3376922011375427, ""intermediate_descriptor_wtd_entropy_Valence"": 0.46025824546813965, ""intermediate_descriptor_wtd_entropy_atomic_mass"": 0.5258321762084961, ""intermediate_descriptor_wtd_entropy_atomic_radius"": 0.5098083019256592, ""intermediate_descriptor_wtd_entropy_fie"": 0.3150007128715515, ""intermediate_descriptor_wtd_gmean_Density"": 0.42869120836257935, ""intermediate_descriptor_wtd_gmean_ElectronAffinity"": 0.369560182094574, ""intermediate_descriptor_wtd_gmean_FusionHeat"": 0.5324029922485352, ""intermediate_descriptor_wtd_gmean_ThermalConductivity"": 0.391246497631073, ""intermediate_descriptor_wtd_gmean_Valence"": 0.5438507795333862, ""intermediate_descriptor_wtd_gmean_atomic_mass"": 0.35312896966934204, ""intermediate_descriptor_wtd_gmean_atomic_radius"": 0.48898226022720337, ""intermediate_descriptor_wtd_gmean_fie"": 0.5044090747833252, ""intermediate_descriptor_wtd_mean_Density"": 0.36967116594314575, ""intermediate_descriptor_wtd_mean_ElectronAffinity"": 0.3928213119506836, ""intermediate_descriptor_wtd_mean_FusionHeat"": 0.509915828704834, ""intermediate_descriptor_wtd_mean_ThermalConductivity"": 0.342279314994812, ""intermediate_descriptor_wtd_mean_Valence"": 0.5637853145599365, ""intermediate_descriptor_wtd_mean_atomic_mass"": 0.3540974259376526, ""intermediate_descriptor_wtd_mean_atomic_radius"": 0.4300690293312073, ""intermediate_descriptor_wtd_mean_fie"": 0.5371073484420776, ""intermediate_descriptor_wtd_range_Density"": 0.2096431851387024, ""intermediate_descriptor_wtd_range_ElectronAffinity"": 0.34625524282455444, ""intermediate_descriptor_wtd_range_FusionHeat"": 0.5269801616668701, ""intermediate_descriptor_wtd_range_ThermalConductivity"": 0.3874216675758362, ""intermediate_descriptor_wtd_range_Valence"": 0.30694180727005005, ""intermediate_descriptor_wtd_range_atomic_mass"": 0.2600625157356262, ""intermediate_descriptor_wtd_range_atomic_radius"": 0.2712180018424988, ""intermediate_descriptor_wtd_range_fie"": 0.4465715289115906, ""intermediate_descriptor_wtd_std_Density"": 0.2950528860092163, ""intermediate_descriptor_wtd_std_ElectronAffinity"": 0.39755678176879883, ""intermediate_descriptor_wtd_std_FusionHeat"": 0.2233515977859497, ""intermediate_descriptor_wtd_std_ThermalConductivity"": 0.6022003293037415, ""intermediate_descriptor_wtd_std_Valence"": 0.4108477830886841, ""intermediate_descriptor_wtd_std_atomic_mass"": 0.36571478843688965, ""intermediate_descriptor_wtd_std_atomic_radius"": 0.5479810833930969, ""intermediate_descriptor_wtd_std_fie"": 0.5720154643058777}","{""intermediate_descriptor_entropy_Density"": 0.8243787884712219, ""intermediate_descriptor_entropy_ElectronAffinity"": 0.8305712342262268, ""intermediate_descriptor_entropy_FusionHeat"": 0.7592900991439819, ""intermediate_descriptor_entropy_ThermalConductivity"": 0.888433039188385, ""intermediate_descriptor_entropy_Valence"": 0.7702630758285522, ""intermediate_descriptor_entropy_atomic_mass"": 0.7800607681274414, ""intermediate_descriptor_entropy_atomic_radius"": 0.7848509550094604, ""intermediate_descriptor_entropy_fie"": 0.784594714641571, ""intermediate_descriptor_gmean_Density"": 0.7969262003898621, ""intermediate_descriptor_gmean_ElectronAffinity"": 0.836085855960846, ""intermediate_descriptor_gmean_FusionHeat"": 0.8317204713821411, ""intermediate_descriptor_gmean_ThermalConductivity"": 0.8237943053245544, ""intermediate_descriptor_gmean_Valence"": 0.7327590584754944, ""intermediate_descriptor_gmean_atomic_mass"": 0.8985005021095276, ""intermediate_descriptor_gmean_atomic_radius"": 0.8799355030059814, ""intermediate_descriptor_gmean_fie"": 0.8834506869316101, ""intermediate_descriptor_mean_Density"": 0.8711921572685242, ""intermediate_descriptor_mean_ElectronAffinity"": 0.8341352939605713, ""intermediate_descriptor_mean_FusionHeat"": 0.8262417912483215, ""intermediate_descriptor_mean_ThermalConductivity"": 0.8537846207618713, ""intermediate_descriptor_mean_Valence"": 0.7157102823257446, ""intermediate_descriptor_mean_atomic_mass"": 0.8944395780563354, ""intermediate_descriptor_mean_atomic_radius"": 0.8658944964408875, ""intermediate_descriptor_mean_fie"": 0.8655726313591003, ""intermediate_descriptor_number_of_elements"": 0.7445140480995178, ""intermediate_descriptor_range_Density"": 0.8315333127975464, ""intermediate_descriptor_range_ElectronAffinity"": 0.8055366277694702, ""intermediate_descriptor_range_FusionHeat"": 0.9035552144050598, ""intermediate_descriptor_range_ThermalConductivity"": 0.6513007879257202, ""intermediate_descriptor_range_Valence"": 0.8084875345230103, ""intermediate_descriptor_range_atomic_mass"": 0.7637836337089539, ""intermediate_descriptor_range_atomic_radius"": 0.6873587369918823, ""intermediate_descriptor_range_fie"": 0.7015860080718994, ""intermediate_descriptor_std_Density"": 0.8639882206916809, ""intermediate_descriptor_std_ElectronAffinity"": 0.8193290829658508, ""intermediate_descriptor_std_FusionHeat"": 0.8596825003623962, ""intermediate_descriptor_std_ThermalConductivity"": 0.6829652190208435, ""intermediate_descriptor_std_Valence"": 0.8161598443984985, ""intermediate_descriptor_std_atomic_mass"": 0.8178685903549194, ""intermediate_descriptor_std_atomic_radius"": 0.724797785282135, ""intermediate_descriptor_std_fie"": 0.721706211566925, ""intermediate_descriptor_wtd_entropy_Density"": 0.7885149121284485, ""intermediate_descriptor_wtd_entropy_ElectronAffinity"": 0.8828389644622803, ""intermediate_descriptor_wtd_entropy_FusionHeat"": 0.7165015935897827, ""intermediate_descriptor_wtd_entropy_ThermalConductivity"": 0.8195203542709351, ""intermediate_descriptor_wtd_entropy_Valence"": 0.7364595532417297, ""intermediate_descriptor_wtd_entropy_atomic_mass"": 0.6927143335342407, ""intermediate_descriptor_wtd_entropy_atomic_radius"": 0.7055513858795166, ""intermediate_descriptor_wtd_entropy_fie"": 0.8311105370521545, ""intermediate_descriptor_wtd_gmean_Density"": 0.7806006073951721, ""intermediate_descriptor_wtd_gmean_ElectronAffinity"": 0.7963882684707642, ""intermediate_descriptor_wtd_gmean_FusionHeat"": 0.6960282921791077, ""intermediate_descriptor_wtd_gmean_ThermalConductivity"": 0.780318558216095, ""intermediate_descriptor_wtd_gmean_Valence"": 0.6792545318603516, ""intermediate_descriptor_wtd_gmean_atomic_mass"": 0.8391988277435303, ""intermediate_descriptor_wtd_gmean_atomic_radius"": 0.7181292772293091, ""intermediate_descriptor_wtd_gmean_fie"": 0.7089242339134216, ""intermediate_descriptor_wtd_mean_Density"": 0.8332359194755554, ""intermediate_descriptor_wtd_mean_ElectronAffinity"": 0.786480188369751, ""intermediate_descriptor_wtd_mean_FusionHeat"": 0.7093722224235535, ""intermediate_descriptor_wtd_mean_ThermalConductivity"": 0.8032548427581787, ""intermediate_descriptor_wtd_mean_Valence"": 0.6629633903503418, ""intermediate_descriptor_wtd_mean_atomic_mass"": 0.8470686674118042, ""intermediate_descriptor_wtd_mean_atomic_radius"": 0.7592333555221558, ""intermediate_descriptor_wtd_mean_fie"": 0.6829862594604492, ""intermediate_descriptor_wtd_range_Density"": 0.9078157544136047, ""intermediate_descriptor_wtd_range_ElectronAffinity"": 0.808284342288971, ""intermediate_descriptor_wtd_range_FusionHeat"": 0.6843206882476807, ""intermediate_descriptor_wtd_range_ThermalConductivity"": 0.7816340327262878, ""intermediate_descriptor_wtd_range_Valence"": 0.8307064175605774, ""intermediate_descriptor_wtd_range_atomic_mass"": 0.8694995641708374, ""intermediate_descriptor_wtd_range_atomic_radius"": 0.8461543917655945, ""intermediate_descriptor_wtd_range_fie"": 0.7492872476577759, ""intermediate_descriptor_wtd_std_Density"": 0.8466980457305908, ""intermediate_descriptor_wtd_std_ElectronAffinity"": 0.7734410166740417, ""intermediate_descriptor_wtd_std_FusionHeat"": 0.8912304043769836, ""intermediate_descriptor_wtd_std_ThermalConductivity"": 0.6289424896240234, ""intermediate_descriptor_wtd_std_Valence"": 0.7560666799545288, ""intermediate_descriptor_wtd_std_atomic_mass"": 0.8021582961082458, ""intermediate_descriptor_wtd_std_atomic_radius"": 0.6796308755874634, ""intermediate_descriptor_wtd_std_fie"": 0.6539406776428223}"
superconductivity,4,random_forest,21263,13608,3402,4253,77,81,1,2.1374606386524024,"feature_element_Ar,feature_element_At,feature_element_He,feature_element_Kr,feature_element_Ne,feature_element_Pm,feature_element_Po,feature_element_Rn,feature_element_Xe",,0,0,0,False,0.9348337677929458,0.2461042562647532,0.09317179981655066,"{""intermediate_descriptor_entropy_Density"": 0.9100282071212246, ""intermediate_descriptor_entropy_ElectronAffinity"": 0.9158947435183806, ""intermediate_descriptor_entropy_FusionHeat"": 0.935616074655355, ""intermediate_descriptor_entropy_ThermalConductivity"": 0.9075630606158391, ""intermediate_descriptor_entropy_Valence"": 0.9390558433861895, ""intermediate_descriptor_entropy_atomic_mass"": 0.9271465187320784, ""intermediate_descriptor_entropy_atomic_radius"": 0.9310175649025634, ""intermediate_descriptor_entropy_fie"": 0.934139634911127, ""intermediate_descriptor_gmean_Density"": 0.9632407256756634, ""intermediate_descriptor_gmean_ElectronAffinity"": 0.8924788519660557, ""intermediate_descriptor_gmean_FusionHeat"": 0.9165887872871072, ""intermediate_descriptor_gmean_ThermalConductivity"": 0.9228662099886825, ""intermediate_descriptor_gmean_Valence"": 0.9594941065256318, ""intermediate_descriptor_gmean_atomic_mass"": 0.9426735199902402, ""intermediate_descriptor_gmean_atomic_radius"": 0.9386075823614468, ""intermediate_descriptor_gmean_fie"": 0.8944205111531719, ""intermediate_descriptor_mean_Density"": 0.9445312688274461, ""intermediate_descriptor_mean_ElectronAffinity"": 0.919076006566719, ""intermediate_descriptor_mean_FusionHeat"": 0.9572531209343323, ""intermediate_descriptor_mean_ThermalConductivity"": 0.9300233982404831, ""intermediate_descriptor_mean_Valence"": 0.9661801883118574, ""intermediate_descriptor_mean_atomic_mass"": 0.9304135477283882, ""intermediate_descriptor_mean_atomic_radius"": 0.9110214745450942, ""intermediate_descriptor_mean_fie"": 0.9238825638546212, ""intermediate_descriptor_number_of_elements"": 0.9631049871301687, ""intermediate_descriptor_range_Density"": 0.8963534031972911, ""intermediate_descriptor_range_ElectronAffinity"": 0.9361991537623856, ""intermediate_descriptor_range_FusionHeat"": 0.9535484543128143, ""intermediate_descriptor_range_ThermalConductivity"": 0.9864153384080793, ""intermediate_descriptor_range_Valence"": 0.8824847411177981, ""intermediate_descriptor_range_atomic_mass"": 0.9255086483464541, ""intermediate_descriptor_range_atomic_radius"": 0.970331580997719, ""intermediate_descriptor_range_fie"": 0.9820359462071666, ""intermediate_descriptor_std_Density"": 0.8688883498293378, ""intermediate_descriptor_std_ElectronAffinity"": 0.9181589184560076, ""intermediate_descriptor_std_FusionHeat"": 0.9518698465928959, ""intermediate_descriptor_std_ThermalConductivity"": 0.9809579439942756, ""intermediate_descriptor_std_Valence"": 0.8572764900276424, ""intermediate_descriptor_std_atomic_mass"": 0.8871011535367439, ""intermediate_descriptor_std_atomic_radius"": 0.9512463097290842, ""intermediate_descriptor_std_fie"": 0.9723422918738935, ""intermediate_descriptor_wtd_entropy_Density"": 0.9186798629199643, ""intermediate_descriptor_wtd_entropy_ElectronAffinity"": 0.9049616509113056, ""intermediate_descriptor_wtd_entropy_FusionHeat"": 0.9465507670344436, ""intermediate_descriptor_wtd_entropy_ThermalConductivity"": 0.9158822833022731, ""intermediate_descriptor_wtd_entropy_Valence"": 0.9489235189228341, ""intermediate_descriptor_wtd_entropy_atomic_mass"": 0.9508485602363802, ""intermediate_descriptor_wtd_entropy_atomic_radius"": 0.9547811152021998, ""intermediate_descriptor_wtd_entropy_fie"": 0.9339677967553593, ""intermediate_descriptor_wtd_gmean_Density"": 0.9678883572135362, ""intermediate_descriptor_wtd_gmean_ElectronAffinity"": 0.9282234374047265, ""intermediate_descriptor_wtd_gmean_FusionHeat"": 0.9583433803863446, ""intermediate_descriptor_wtd_gmean_ThermalConductivity"": 0.9504458720392495, ""intermediate_descriptor_wtd_gmean_Valence"": 0.9751215284554026, ""intermediate_descriptor_wtd_gmean_atomic_mass"": 0.9627749258544458, ""intermediate_descriptor_wtd_gmean_atomic_radius"": 0.9786075223717828, ""intermediate_descriptor_wtd_gmean_fie"": 0.9664579393980025, ""intermediate_descriptor_wtd_mean_Density"": 0.9470279527288288, ""intermediate_descriptor_wtd_mean_ElectronAffinity"": 0.9475828007843589, ""intermediate_descriptor_wtd_mean_FusionHeat"": 0.9715156215522001, ""intermediate_descriptor_wtd_mean_ThermalConductivity"": 0.9539398932230332, ""intermediate_descriptor_wtd_mean_Valence"": 0.9775473879063167, ""intermediate_descriptor_wtd_mean_atomic_mass"": 0.9496572134754367, ""intermediate_descriptor_wtd_mean_atomic_radius"": 0.9620209894387706, ""intermediate_descriptor_wtd_mean_fie"": 0.9785728978627151, ""intermediate_descriptor_wtd_range_Density"": 0.8488087469460324, ""intermediate_descriptor_wtd_range_ElectronAffinity"": 0.8968981001811289, ""intermediate_descriptor_wtd_range_FusionHeat"": 0.92688751758877, ""intermediate_descriptor_wtd_range_ThermalConductivity"": 0.9344771484714541, ""intermediate_descriptor_wtd_range_Valence"": 0.8715300505731304, ""intermediate_descriptor_wtd_range_atomic_mass"": 0.870946925716366, ""intermediate_descriptor_wtd_range_atomic_radius"": 0.8830170375050828, ""intermediate_descriptor_wtd_range_fie"": 0.9272594240623947, ""intermediate_descriptor_wtd_std_Density"": 0.8878268049466631, ""intermediate_descriptor_wtd_std_ElectronAffinity"": 0.9337440799209871, ""intermediate_descriptor_wtd_std_FusionHeat"": 0.9409005894064788, ""intermediate_descriptor_wtd_std_ThermalConductivity"": 0.9873194204596094, ""intermediate_descriptor_wtd_std_Valence"": 0.897035256042973, ""intermediate_descriptor_wtd_std_atomic_mass"": 0.9152356967060737, ""intermediate_descriptor_wtd_std_atomic_radius"": 0.9684743742422304, ""intermediate_descriptor_wtd_std_fie"": 0.98381367375988}","{""intermediate_descriptor_entropy_Density"": 0.2962679869412315, ""intermediate_descriptor_entropy_ElectronAffinity"": 0.2876867893639302, ""intermediate_descriptor_entropy_FusionHeat"": 0.2542818878655004, ""intermediate_descriptor_entropy_ThermalConductivity"": 0.2983448148496256, ""intermediate_descriptor_entropy_Valence"": 0.24395385414935228, ""intermediate_descriptor_entropy_atomic_mass"": 0.26770777518151273, ""intermediate_descriptor_entropy_atomic_radius"": 0.2597144219745481, ""intermediate_descriptor_entropy_fie"": 0.25342821537058646, ""intermediate_descriptor_gmean_Density"": 0.19115339715797658, ""intermediate_descriptor_gmean_ElectronAffinity"": 0.3266408370523522, ""intermediate_descriptor_gmean_FusionHeat"": 0.2824515230750944, ""intermediate_descriptor_gmean_ThermalConductivity"": 0.26790072771194606, ""intermediate_descriptor_gmean_Valence"": 0.1997989573950088, ""intermediate_descriptor_gmean_atomic_mass"": 0.23890123507548983, ""intermediate_descriptor_gmean_atomic_radius"": 0.24388527965183274, ""intermediate_descriptor_gmean_fie"": 0.32168915125895103, ""intermediate_descriptor_mean_Density"": 0.23643510406659565, ""intermediate_descriptor_mean_ElectronAffinity"": 0.28506971413944887, ""intermediate_descriptor_mean_FusionHeat"": 0.20669257434099098, ""intermediate_descriptor_mean_ThermalConductivity"": 0.25431705978613345, ""intermediate_descriptor_mean_Valence"": 0.18249756985454801, ""intermediate_descriptor_mean_atomic_mass"": 0.26543060945730845, ""intermediate_descriptor_mean_atomic_radius"": 0.2959354242345154, ""intermediate_descriptor_mean_fie"": 0.2718940328810008, ""intermediate_descriptor_number_of_elements"": 0.1909618380603742, ""intermediate_descriptor_range_Density"": 0.3191138236003856, ""intermediate_descriptor_range_ElectronAffinity"": 0.2446070653261027, ""intermediate_descriptor_range_FusionHeat"": 0.22629163190706564, ""intermediate_descriptor_range_ThermalConductivity"": 0.11606796266457733, ""intermediate_descriptor_range_Valence"": 0.34141060596231976, ""intermediate_descriptor_range_atomic_mass"": 0.27177816008193584, ""intermediate_descriptor_range_atomic_radius"": 0.17040645151513334, ""intermediate_descriptor_range_fie"": 0.1324991972490295, ""intermediate_descriptor_std_Density"": 0.36124554084995975, ""intermediate_descriptor_std_ElectronAffinity"": 0.2781264703874815, ""intermediate_descriptor_std_FusionHeat"": 0.23022920328094745, ""intermediate_descriptor_std_ThermalConductivity"": 0.13691436245544764, ""intermediate_descriptor_std_Valence"": 0.37673033626282315, ""intermediate_descriptor_std_atomic_mass"": 0.3328912984156079, ""intermediate_descriptor_std_atomic_radius"": 0.2172056123552723, ""intermediate_descriptor_std_fie"": 0.16381303253661486, ""intermediate_descriptor_wtd_entropy_Density"": 0.2845373990783829, ""intermediate_descriptor_wtd_entropy_ElectronAffinity"": 0.30504076031294886, ""intermediate_descriptor_wtd_entropy_FusionHeat"": 0.23295251902022795, ""intermediate_descriptor_wtd_entropy_ThermalConductivity"": 0.2883568852481168, ""intermediate_descriptor_wtd_entropy_Valence"": 0.22505849842249076, ""intermediate_descriptor_wtd_entropy_atomic_mass"": 0.22115292299800113, ""intermediate_descriptor_wtd_entropy_atomic_radius"": 0.21079654493367497, ""intermediate_descriptor_wtd_entropy_fie"": 0.2540053515502591, ""intermediate_descriptor_wtd_gmean_Density"": 0.18203522773319278, ""intermediate_descriptor_wtd_gmean_ElectronAffinity"": 0.2699148181392169, ""intermediate_descriptor_wtd_gmean_FusionHeat"": 0.20228643611953553, ""intermediate_descriptor_wtd_gmean_ThermalConductivity"": 0.21991580143991038, ""intermediate_descriptor_wtd_gmean_Valence"": 0.15863114728842978, ""intermediate_descriptor_wtd_gmean_atomic_mass"": 0.19337081533999784, ""intermediate_descriptor_wtd_gmean_atomic_radius"": 0.14502230503664076, ""intermediate_descriptor_wtd_gmean_fie"": 0.18077581063339135, ""intermediate_descriptor_wtd_mean_Density"": 0.23643434821239842, ""intermediate_descriptor_wtd_mean_ElectronAffinity"": 0.23120208627774136, ""intermediate_descriptor_wtd_mean_FusionHeat"": 0.168218937706598, ""intermediate_descriptor_wtd_mean_ThermalConductivity"": 0.21278736390269148, ""intermediate_descriptor_wtd_mean_Valence"": 0.15071195820292851, ""intermediate_descriptor_wtd_mean_atomic_mass"": 0.2254113292285704, ""intermediate_descriptor_wtd_mean_atomic_radius"": 0.19336587876624295, ""intermediate_descriptor_wtd_mean_fie"": 0.14467658841426953, ""intermediate_descriptor_wtd_range_Density"": 0.4083075736761045, ""intermediate_descriptor_wtd_range_ElectronAffinity"": 0.32342682888369895, ""intermediate_descriptor_wtd_range_FusionHeat"": 0.2744320292683015, ""intermediate_descriptor_wtd_range_ThermalConductivity"": 0.25861783434377505, ""intermediate_descriptor_wtd_range_Valence"": 0.36399038611974577, ""intermediate_descriptor_wtd_range_atomic_mass"": 0.3567507804287238, ""intermediate_descriptor_wtd_range_atomic_radius"": 0.33673981025593247, ""intermediate_descriptor_wtd_range_fie"": 0.27036910721101504, ""intermediate_descriptor_wtd_std_Density"": 0.33734763541741103, ""intermediate_descriptor_wtd_std_ElectronAffinity"": 0.2512006912113073, ""intermediate_descriptor_wtd_std_FusionHeat"": 0.2518909322137124, ""intermediate_descriptor_wtd_std_ThermalConductivity"": 0.11272456849699825, ""intermediate_descriptor_wtd_std_Valence"": 0.31814462682864697, ""intermediate_descriptor_wtd_std_atomic_mass"": 0.28960191863760754, ""intermediate_descriptor_wtd_std_atomic_radius"": 0.17545157391149754, ""intermediate_descriptor_wtd_std_fie"": 0.12641519078811372}"
superconductivity,4,ridge,21263,13608,3402,4253,77,81,1,2.1374606386524024,"feature_element_Ar,feature_element_At,feature_element_He,feature_element_Kr,feature_element_Ne,feature_element_Pm,feature_element_Po,feature_element_Rn,feature_element_Xe",,0,0,0,False,0.4411197304725647,0.7414024472236633,0.5152842402458191,"{""intermediate_descriptor_entropy_Density"": 0.39533042907714844, ""intermediate_descriptor_entropy_ElectronAffinity"": 0.4070201516151428, ""intermediate_descriptor_entropy_FusionHeat"": 0.4844370484352112, ""intermediate_descriptor_entropy_ThermalConductivity"": 0.2459622025489807, ""intermediate_descriptor_entropy_Valence"": 0.4855067729949951, ""intermediate_descriptor_entropy_atomic_mass"": 0.46380162239074707, ""intermediate_descriptor_entropy_atomic_radius"": 0.45965737104415894, ""intermediate_descriptor_entropy_fie"": 0.46392273902893066, ""intermediate_descriptor_gmean_Density"": 0.43220287561416626, ""intermediate_descriptor_gmean_ElectronAffinity"": 0.3691421151161194, ""intermediate_descriptor_gmean_FusionHeat"": 0.4031316637992859, ""intermediate_descriptor_gmean_ThermalConductivity"": 0.35845643281936646, ""intermediate_descriptor_gmean_Valence"": 0.5103906989097595, ""intermediate_descriptor_gmean_atomic_mass"": 0.2933698296546936, ""intermediate_descriptor_gmean_atomic_radius"": 0.2600668668746948, ""intermediate_descriptor_gmean_fie"": 0.31243348121643066, ""intermediate_descriptor_mean_Density"": 0.3338947892189026, ""intermediate_descriptor_mean_ElectronAffinity"": 0.356173038482666, ""intermediate_descriptor_mean_FusionHeat"": 0.39818376302719116, ""intermediate_descriptor_mean_ThermalConductivity"": 0.30160683393478394, ""intermediate_descriptor_mean_Valence"": 0.5306699275970459, ""intermediate_descriptor_mean_atomic_mass"": 0.3274744749069214, ""intermediate_descriptor_mean_atomic_radius"": 0.30746471881866455, ""intermediate_descriptor_mean_fie"": 0.323997437953949, ""intermediate_descriptor_number_of_elements"": 0.5167192220687866, ""intermediate_descriptor_range_Density"": 0.34987086057662964, ""intermediate_descriptor_range_ElectronAffinity"": 0.39978933334350586, ""intermediate_descriptor_range_FusionHeat"": 0.2907298803329468, ""intermediate_descriptor_range_ThermalConductivity"": 0.6253839731216431, ""intermediate_descriptor_range_Valence"": 0.34622400999069214, ""intermediate_descriptor_range_atomic_mass"": 0.48511940240859985, ""intermediate_descriptor_range_atomic_radius"": 0.5968549847602844, ""intermediate_descriptor_range_fie"": 0.5554304122924805, ""intermediate_descriptor_std_Density"": 0.288648784160614, ""intermediate_descriptor_std_ElectronAffinity"": 0.37259936332702637, ""intermediate_descriptor_std_FusionHeat"": 0.3366052508354187, ""intermediate_descriptor_std_ThermalConductivity"": 0.580134391784668, ""intermediate_descriptor_std_Valence"": 0.3260325789451599, ""intermediate_descriptor_std_atomic_mass"": 0.3990597724914551, ""intermediate_descriptor_std_atomic_radius"": 0.5365161895751953, ""intermediate_descriptor_std_fie"": 0.5198354721069336, ""intermediate_descriptor_wtd_entropy_Density"": 0.45010340213775635, ""intermediate_descriptor_wtd_entropy_ElectronAffinity"": 0.28565889596939087, ""intermediate_descriptor_wtd_entropy_FusionHeat"": 0.5527106523513794, ""intermediate_descriptor_wtd_entropy_ThermalConductivity"": 0.3756711483001709, ""intermediate_descriptor_wtd_entropy_Valence"": 0.5169531106948853, ""intermediate_descriptor_wtd_entropy_atomic_mass"": 0.5927156805992126, ""intermediate_descriptor_wtd_entropy_atomic_radius"": 0.569859504699707, ""intermediate_descriptor_wtd_entropy_fie"": 0.3897036910057068, ""intermediate_descriptor_wtd_gmean_Density"": 0.4737730622291565, ""intermediate_descriptor_wtd_gmean_ElectronAffinity"": 0.45810890197753906, ""intermediate_descriptor_wtd_gmean_FusionHeat"": 0.5976284146308899, ""intermediate_descriptor_wtd_gmean_ThermalConductivity"": 0.4398585557937622, ""intermediate_descriptor_wtd_gmean_Valence"": 0.5926920175552368, ""intermediate_descriptor_wtd_gmean_atomic_mass"": 0.40171611309051514, ""intermediate_descriptor_wtd_gmean_atomic_radius"": 0.589802622795105, ""intermediate_descriptor_wtd_gmean_fie"": 0.6259593963623047, ""intermediate_descriptor_wtd_mean_Density"": 0.4227116107940674, ""intermediate_descriptor_wtd_mean_ElectronAffinity"": 0.4580903649330139, ""intermediate_descriptor_wtd_mean_FusionHeat"": 0.5680429339408875, ""intermediate_descriptor_wtd_mean_ThermalConductivity"": 0.4275168776512146, ""intermediate_descriptor_wtd_mean_Valence"": 0.610075056552887, ""intermediate_descriptor_wtd_mean_atomic_mass"": 0.41131192445755005, ""intermediate_descriptor_wtd_mean_atomic_radius"": 0.5423141717910767, ""intermediate_descriptor_wtd_mean_fie"": 0.6532173156738281, ""intermediate_descriptor_wtd_range_Density"": 0.23974841833114624, ""intermediate_descriptor_wtd_range_ElectronAffinity"": 0.4059218168258667, ""intermediate_descriptor_wtd_range_FusionHeat"": 0.5825212001800537, ""intermediate_descriptor_wtd_range_ThermalConductivity"": 0.44946491718292236, ""intermediate_descriptor_wtd_range_Valence"": 0.33185166120529175, ""intermediate_descriptor_wtd_range_atomic_mass"": 0.3010193109512329, ""intermediate_descriptor_wtd_range_atomic_radius"": 0.312394380569458, ""intermediate_descriptor_wtd_range_fie"": 0.5442947149276733, ""intermediate_descriptor_wtd_std_Density"": 0.3456128239631653, ""intermediate_descriptor_wtd_std_ElectronAffinity"": 0.4353466033935547, ""intermediate_descriptor_wtd_std_FusionHeat"": 0.2518550753593445, ""intermediate_descriptor_wtd_std_ThermalConductivity"": 0.654640793800354, ""intermediate_descriptor_wtd_std_Valence"": 0.44564175605773926, ""intermediate_descriptor_wtd_std_atomic_mass"": 0.4259869456291199, ""intermediate_descriptor_wtd_std_atomic_radius"": 0.6108607649803162, ""intermediate_descriptor_wtd_std_fie"": 0.6374918818473816}","{""intermediate_descriptor_entropy_Density"": 0.7680519223213196, ""intermediate_descriptor_entropy_ElectronAffinity"": 0.7638855576515198, ""intermediate_descriptor_entropy_FusionHeat"": 0.7195609211921692, ""intermediate_descriptor_entropy_ThermalConductivity"": 0.8521033525466919, ""intermediate_descriptor_entropy_Valence"": 0.7088126540184021, ""intermediate_descriptor_entropy_atomic_mass"": 0.7262707352638245, ""intermediate_descriptor_entropy_atomic_radius"": 0.7268778085708618, ""intermediate_descriptor_entropy_fie"": 0.7230304479598999, ""intermediate_descriptor_gmean_Density"": 0.7512684464454651, ""intermediate_descriptor_gmean_ElectronAffinity"": 0.7912055253982544, ""intermediate_descriptor_gmean_FusionHeat"": 0.755563497543335, ""intermediate_descriptor_gmean_ThermalConductivity"": 0.7726176977157593, ""intermediate_descriptor_gmean_Valence"": 0.6946386694908142, ""intermediate_descriptor_gmean_atomic_mass"": 0.8387583494186401, ""intermediate_descriptor_gmean_atomic_radius"": 0.8466900587081909, ""intermediate_descriptor_gmean_fie"": 0.8209259510040283, ""intermediate_descriptor_mean_Density"": 0.8193307518959045, ""intermediate_descriptor_mean_ElectronAffinity"": 0.8040758371353149, ""intermediate_descriptor_mean_FusionHeat"": 0.7755407094955444, ""intermediate_descriptor_mean_ThermalConductivity"": 0.8034318685531616, ""intermediate_descriptor_mean_Valence"": 0.6798462271690369, ""intermediate_descriptor_mean_atomic_mass"": 0.8251692652702332, ""intermediate_descriptor_mean_atomic_radius"": 0.8256106972694397, ""intermediate_descriptor_mean_fie"": 0.8102737665176392, ""intermediate_descriptor_number_of_elements"": 0.6911343932151794, ""intermediate_descriptor_range_Density"": 0.7992228865623474, ""intermediate_descriptor_range_ElectronAffinity"": 0.7502527832984924, ""intermediate_descriptor_range_FusionHeat"": 0.8842483162879944, ""intermediate_descriptor_range_ThermalConductivity"": 0.6095103621482849, ""intermediate_descriptor_range_Valence"": 0.8052752614021301, ""intermediate_descriptor_range_atomic_mass"": 0.7145208120346069, ""intermediate_descriptor_range_atomic_radius"": 0.6281588673591614, ""intermediate_descriptor_range_fie"": 0.659144937992096, ""intermediate_descriptor_std_Density"": 0.8414413928985596, ""intermediate_descriptor_std_ElectronAffinity"": 0.7700680494308472, ""intermediate_descriptor_std_FusionHeat"": 0.8547474145889282, ""intermediate_descriptor_std_ThermalConductivity"": 0.642905592918396, ""intermediate_descriptor_std_Valence"": 0.8186575770378113, ""intermediate_descriptor_std_atomic_mass"": 0.7680214047431946, ""intermediate_descriptor_std_atomic_radius"": 0.6697066426277161, ""intermediate_descriptor_std_fie"": 0.6825515031814575, ""intermediate_descriptor_wtd_entropy_Density"": 0.739913284778595, ""intermediate_descriptor_wtd_entropy_ElectronAffinity"": 0.836298406124115, ""intermediate_descriptor_wtd_entropy_FusionHeat"": 0.6738930344581604, ""intermediate_descriptor_wtd_entropy_ThermalConductivity"": 0.7855852246284485, ""intermediate_descriptor_wtd_entropy_Valence"": 0.6921170949935913, ""intermediate_descriptor_wtd_entropy_atomic_mass"": 0.6366099119186401, ""intermediate_descriptor_wtd_entropy_atomic_radius"": 0.6501427888870239, ""intermediate_descriptor_wtd_entropy_fie"": 0.7722098231315613, ""intermediate_descriptor_wtd_gmean_Density"": 0.7369036674499512, ""intermediate_descriptor_wtd_gmean_ElectronAffinity"": 0.7416369915008545, ""intermediate_descriptor_wtd_gmean_FusionHeat"": 0.6286926865577698, ""intermediate_descriptor_wtd_gmean_ThermalConductivity"": 0.7393760085105896, ""intermediate_descriptor_wtd_gmean_Valence"": 0.6418567299842834, ""intermediate_descriptor_wtd_gmean_atomic_mass"": 0.7752232551574707, ""intermediate_descriptor_wtd_gmean_atomic_radius"": 0.6350394487380981, ""intermediate_descriptor_wtd_gmean_fie"": 0.6036772727966309, ""intermediate_descriptor_wtd_mean_Density"": 0.7805192470550537, ""intermediate_descriptor_wtd_mean_ElectronAffinity"": 0.7433926463127136, ""intermediate_descriptor_wtd_mean_FusionHeat"": 0.6550762057304382, ""intermediate_descriptor_wtd_mean_ThermalConductivity"": 0.7501786947250366, ""intermediate_descriptor_wtd_mean_Valence"": 0.628065288066864, ""intermediate_descriptor_wtd_mean_atomic_mass"": 0.7708142399787903, ""intermediate_descriptor_wtd_mean_atomic_radius"": 0.6712615489959717, ""intermediate_descriptor_wtd_mean_fie"": 0.5820298194885254, ""intermediate_descriptor_wtd_range_Density"": 0.9155936241149902, ""intermediate_descriptor_wtd_range_ElectronAffinity"": 0.776362419128418, ""intermediate_descriptor_wtd_range_FusionHeat"": 0.655777096748352, ""intermediate_descriptor_wtd_range_ThermalConductivity"": 0.7496431469917297, ""intermediate_descriptor_wtd_range_Valence"": 0.8300907611846924, ""intermediate_descriptor_wtd_range_atomic_mass"": 0.8302585482597351, ""intermediate_descriptor_wtd_range_atomic_radius"": 0.8163997530937195, ""intermediate_descriptor_wtd_range_fie"": 0.6767227053642273, ""intermediate_descriptor_wtd_std_Density"": 0.8147990703582764, ""intermediate_descriptor_wtd_std_ElectronAffinity"": 0.7333300113677979, ""intermediate_descriptor_wtd_std_FusionHeat"": 0.8962183594703674, ""intermediate_descriptor_wtd_std_ThermalConductivity"": 0.5882806181907654, ""intermediate_descriptor_wtd_std_Valence"": 0.7382026314735413, ""intermediate_descriptor_wtd_std_atomic_mass"": 0.7536259293556213, ""intermediate_descriptor_wtd_std_atomic_radius"": 0.6164216995239258, ""intermediate_descriptor_wtd_std_fie"": 0.5982517600059509}"
superconductivity,5,random_forest,21263,13608,3402,4253,77,81,1,2.1374606386524024,"feature_element_Ar,feature_element_At,feature_element_He,feature_element_Kr,feature_element_Ne,feature_element_Pm,feature_element_Po,feature_element_Rn,feature_element_Xe",,0,0,0,False,0.927920545277755,0.26375922766849164,0.10049706078981874,"{""intermediate_descriptor_entropy_Density"": 0.9012163757023648, ""intermediate_descriptor_entropy_ElectronAffinity"": 0.8972865201302502, ""intermediate_descriptor_entropy_FusionHeat"": 0.926489944334938, ""intermediate_descriptor_entropy_ThermalConductivity"": 0.8947512574117727, ""intermediate_descriptor_entropy_Valence"": 0.9324209614067795, ""intermediate_descriptor_entropy_atomic_mass"": 0.9147859235606406, ""intermediate_descriptor_entropy_atomic_radius"": 0.921528325775263, ""intermediate_descriptor_entropy_fie"": 0.9249597287992666, ""intermediate_descriptor_gmean_Density"": 0.9573762222835906, ""intermediate_descriptor_gmean_ElectronAffinity"": 0.8689907484211634, ""intermediate_descriptor_gmean_FusionHeat"": 0.9361239307508727, ""intermediate_descriptor_gmean_ThermalConductivity"": 0.9111329820518538, ""intermediate_descriptor_gmean_Valence"": 0.9496154939288416, ""intermediate_descriptor_gmean_atomic_mass"": 0.9252901166684692, ""intermediate_descriptor_gmean_atomic_radius"": 0.9369562141834206, ""intermediate_descriptor_gmean_fie"": 0.8989981810921397, ""intermediate_descriptor_mean_Density"": 0.9360153506002611, ""intermediate_descriptor_mean_ElectronAffinity"": 0.8893949316351542, ""intermediate_descriptor_mean_FusionHeat"": 0.9668956418019257, ""intermediate_descriptor_mean_ThermalConductivity"": 0.920611589666957, ""intermediate_descriptor_mean_Valence"": 0.9576657625759251, ""intermediate_descriptor_mean_atomic_mass"": 0.9202536984401892, ""intermediate_descriptor_mean_atomic_radius"": 0.9101637440693212, ""intermediate_descriptor_mean_fie"": 0.9230747985160818, ""intermediate_descriptor_number_of_elements"": 0.9598245482240917, ""intermediate_descriptor_range_Density"": 0.8736073370234869, ""intermediate_descriptor_range_ElectronAffinity"": 0.9267662236322222, ""intermediate_descriptor_range_FusionHeat"": 0.9619439820828319, ""intermediate_descriptor_range_ThermalConductivity"": 0.9821870288118048, ""intermediate_descriptor_range_Valence"": 0.8733423791442336, ""intermediate_descriptor_range_atomic_mass"": 0.912655538406826, ""intermediate_descriptor_range_atomic_radius"": 0.971232649809608, ""intermediate_descriptor_range_fie"": 0.9814080247467821, ""intermediate_descriptor_std_Density"": 0.8436394665414059, ""intermediate_descriptor_std_ElectronAffinity"": 0.9021581878714737, ""intermediate_descriptor_std_FusionHeat"": 0.9588762421337191, ""intermediate_descriptor_std_ThermalConductivity"": 0.9750079987192104, ""intermediate_descriptor_std_Valence"": 0.8466654561169742, ""intermediate_descriptor_std_atomic_mass"": 0.86744116545763, ""intermediate_descriptor_std_atomic_radius"": 0.9510160185716442, ""intermediate_descriptor_std_fie"": 0.9700127790379888, ""intermediate_descriptor_wtd_entropy_Density"": 0.9089799715794002, ""intermediate_descriptor_wtd_entropy_ElectronAffinity"": 0.8886904523578051, ""intermediate_descriptor_wtd_entropy_FusionHeat"": 0.9419180845116228, ""intermediate_descriptor_wtd_entropy_ThermalConductivity"": 0.9090050997914288, ""intermediate_descriptor_wtd_entropy_Valence"": 0.941604916398846, ""intermediate_descriptor_wtd_entropy_atomic_mass"": 0.9420692534100745, ""intermediate_descriptor_wtd_entropy_atomic_radius"": 0.9473460430201295, ""intermediate_descriptor_wtd_entropy_fie"": 0.9253856031102666, ""intermediate_descriptor_wtd_gmean_Density"": 0.96248691823618, ""intermediate_descriptor_wtd_gmean_ElectronAffinity"": 0.909023310541328, ""intermediate_descriptor_wtd_gmean_FusionHeat"": 0.9634320182118596, ""intermediate_descriptor_wtd_gmean_ThermalConductivity"": 0.9333676917160839, ""intermediate_descriptor_wtd_gmean_Valence"": 0.9677375265698582, ""intermediate_descriptor_wtd_gmean_atomic_mass"": 0.9509436610149776, ""intermediate_descriptor_wtd_gmean_atomic_radius"": 0.9763765896761021, ""intermediate_descriptor_wtd_gmean_fie"": 0.9643305123009203, ""intermediate_descriptor_wtd_mean_Density"": 0.9462789421323743, ""intermediate_descriptor_wtd_mean_ElectronAffinity"": 0.9240112929259282, ""intermediate_descriptor_wtd_mean_FusionHeat"": 0.9751058035990796, ""intermediate_descriptor_wtd_mean_ThermalConductivity"": 0.9444020323912481, ""intermediate_descriptor_wtd_mean_Valence"": 0.9708187685649527, ""intermediate_descriptor_wtd_mean_atomic_mass"": 0.9444635365428632, ""intermediate_descriptor_wtd_mean_atomic_radius"": 0.9610385443318005, ""intermediate_descriptor_wtd_mean_fie"": 0.9759040127355798, ""intermediate_descriptor_wtd_range_Density"": 0.8590467699334403, ""intermediate_descriptor_wtd_range_ElectronAffinity"": 0.8883431798529661, ""intermediate_descriptor_wtd_range_FusionHeat"": 0.9358689482849989, ""intermediate_descriptor_wtd_range_ThermalConductivity"": 0.9298520872181424, ""intermediate_descriptor_wtd_range_Valence"": 0.8561792458921424, ""intermediate_descriptor_wtd_range_atomic_mass"": 0.8615990959834118, ""intermediate_descriptor_wtd_range_atomic_radius"": 0.8747029256690828, ""intermediate_descriptor_wtd_range_fie"": 0.9245415255214622, ""intermediate_descriptor_wtd_std_Density"": 0.8882012088647496, ""intermediate_descriptor_wtd_std_ElectronAffinity"": 0.9112502914982821, ""intermediate_descriptor_wtd_std_FusionHeat"": 0.9500487365052109, ""intermediate_descriptor_wtd_std_ThermalConductivity"": 0.9851777348799438, ""intermediate_descriptor_wtd_std_Valence"": 0.8831905904586674, ""intermediate_descriptor_wtd_std_atomic_mass"": 0.9083535769433541, ""intermediate_descriptor_wtd_std_atomic_radius"": 0.9690058170852426, ""intermediate_descriptor_wtd_std_fie"": 0.9816983770969727}","{""intermediate_descriptor_entropy_Density"": 0.31725638417347735, ""intermediate_descriptor_entropy_ElectronAffinity"": 0.3241021736008791, ""intermediate_descriptor_entropy_FusionHeat"": 0.2744691443762738, ""intermediate_descriptor_entropy_ThermalConductivity"": 0.32486922688075087, ""intermediate_descriptor_entropy_Valence"": 0.2647587373676768, ""intermediate_descriptor_entropy_atomic_mass"": 0.29439827163396476, ""intermediate_descriptor_entropy_atomic_radius"": 0.28558735392980655, ""intermediate_descriptor_entropy_fie"": 0.27970508604768385, ""intermediate_descriptor_gmean_Density"": 0.21386073047539259, ""intermediate_descriptor_gmean_ElectronAffinity"": 0.3731959835904553, ""intermediate_descriptor_gmean_FusionHeat"": 0.26668758467790227, ""intermediate_descriptor_gmean_ThermalConductivity"": 0.3101860287174544, ""intermediate_descriptor_gmean_Valence"": 0.22730346675069218, ""intermediate_descriptor_gmean_atomic_mass"": 0.28280222833189694, ""intermediate_descriptor_gmean_atomic_radius"": 0.25548193406383957, ""intermediate_descriptor_gmean_fie"": 0.3288859096083956, ""intermediate_descriptor_mean_Density"": 0.2642093549552075, ""intermediate_descriptor_mean_ElectronAffinity"": 0.33899986110501634, ""intermediate_descriptor_mean_FusionHeat"": 0.18996486648052957, ""intermediate_descriptor_mean_ThermalConductivity"": 0.28863447391541464, ""intermediate_descriptor_mean_Valence"": 0.20778975546119607, ""intermediate_descriptor_mean_atomic_mass"": 0.2912131677158797, ""intermediate_descriptor_mean_atomic_radius"": 0.30238835702294514, ""intermediate_descriptor_mean_fie"": 0.28659998044451607, ""intermediate_descriptor_number_of_elements"": 0.2023736780483984, ""intermediate_descriptor_range_Density"": 0.3564716913370078, ""intermediate_descriptor_range_ElectronAffinity"": 0.27731303198596674, ""intermediate_descriptor_range_FusionHeat"": 0.19620373341399638, ""intermediate_descriptor_range_ThermalConductivity"": 0.13334992653899316, ""intermediate_descriptor_range_Valence"": 0.356826591184094, ""intermediate_descriptor_range_atomic_mass"": 0.2984137548993028, ""intermediate_descriptor_range_atomic_radius"": 0.17230970592300113, ""intermediate_descriptor_range_fie"": 0.13746695832871356, ""intermediate_descriptor_std_Density"": 0.39476262889873664, ""intermediate_descriptor_std_ElectronAffinity"": 0.3193683531319397, ""intermediate_descriptor_std_FusionHeat"": 0.20325620421379736, ""intermediate_descriptor_std_ThermalConductivity"": 0.15787129159957364, ""intermediate_descriptor_std_Valence"": 0.3923012943490837, ""intermediate_descriptor_std_atomic_mass"": 0.3660850327756224, ""intermediate_descriptor_std_atomic_radius"": 0.22417724008132967, ""intermediate_descriptor_std_fie"": 0.1739394111700425, ""intermediate_descriptor_wtd_entropy_Density"": 0.3034894305788392, ""intermediate_descriptor_wtd_entropy_ElectronAffinity"": 0.3377459740054311, ""intermediate_descriptor_wtd_entropy_FusionHeat"": 0.24145195982990986, ""intermediate_descriptor_wtd_entropy_ThermalConductivity"": 0.30300405748843706, ""intermediate_descriptor_wtd_entropy_Valence"": 0.2451749260424566, ""intermediate_descriptor_wtd_entropy_atomic_mass"": 0.24164530960339398, ""intermediate_descriptor_wtd_entropy_atomic_radius"": 0.23201418313651423, ""intermediate_descriptor_wtd_entropy_fie"": 0.27812732212654473, ""intermediate_descriptor_wtd_gmean_Density"": 0.2022018968894595, ""intermediate_descriptor_wtd_gmean_ElectronAffinity"": 0.3098371553376187, ""intermediate_descriptor_wtd_gmean_FusionHeat"": 0.192560273825395, ""intermediate_descriptor_wtd_gmean_ThermalConductivity"": 0.27626874202333046, ""intermediate_descriptor_wtd_gmean_Valence"": 0.18290190184521182, ""intermediate_descriptor_wtd_gmean_atomic_mass"": 0.22839857160855448, ""intermediate_descriptor_wtd_gmean_atomic_radius"": 0.15457096711773366, ""intermediate_descriptor_wtd_gmean_fie"": 0.19145828615699256, ""intermediate_descriptor_wtd_mean_Density"": 0.24365755241473655, ""intermediate_descriptor_wtd_mean_ElectronAffinity"": 0.2826513311538331, ""intermediate_descriptor_wtd_mean_FusionHeat"": 0.15722710612780894, ""intermediate_descriptor_wtd_mean_ThermalConductivity"": 0.24623356516110564, ""intermediate_descriptor_wtd_mean_Valence"": 0.17322374847871377, ""intermediate_descriptor_wtd_mean_atomic_mass"": 0.24258555771453266, ""intermediate_descriptor_wtd_mean_atomic_radius"": 0.197879090554672, ""intermediate_descriptor_wtd_mean_fie"": 0.15695741980157732, ""intermediate_descriptor_wtd_range_Density"": 0.39734481970907326, ""intermediate_descriptor_wtd_range_ElectronAffinity"": 0.34304131460441983, ""intermediate_descriptor_wtd_range_FusionHeat"": 0.24071314973842795, ""intermediate_descriptor_wtd_range_ThermalConductivity"": 0.2741517857920781, ""intermediate_descriptor_wtd_range_Valence"": 0.38224254754998005, ""intermediate_descriptor_wtd_range_atomic_mass"": 0.38319966100789, ""intermediate_descriptor_wtd_range_atomic_radius"": 0.3515929104167687, ""intermediate_descriptor_wtd_range_fie"": 0.27581244034382024, ""intermediate_descriptor_wtd_std_Density"": 0.3323275985009235, ""intermediate_descriptor_wtd_std_ElectronAffinity"": 0.3016487223029968, ""intermediate_descriptor_wtd_std_FusionHeat"": 0.2267411606454801, ""intermediate_descriptor_wtd_std_ThermalConductivity"": 0.12146770662165834, ""intermediate_descriptor_wtd_std_Valence"": 0.33969499020395577, ""intermediate_descriptor_wtd_std_atomic_mass"": 0.30271877702863276, ""intermediate_descriptor_wtd_std_atomic_radius"": 0.17873324025496154, ""intermediate_descriptor_wtd_std_fie"": 0.13595969819710885}"
superconductivity,5,ridge,21263,13608,3402,4253,77,81,1,2.1374606386524024,"feature_element_Ar,feature_element_At,feature_element_He,feature_element_Kr,feature_element_Ne,feature_element_Pm,feature_element_Po,feature_element_Rn,feature_element_Xe",,0,0,0,False,0.3540034294128418,0.812167763710022,0.5322226285934448,"{""intermediate_descriptor_entropy_Density"": 0.3356485962867737, ""intermediate_descriptor_entropy_ElectronAffinity"": 0.20890825986862183, ""intermediate_descriptor_entropy_FusionHeat"": 0.45214003324508667, ""intermediate_descriptor_entropy_ThermalConductivity"": 0.18445342779159546, ""intermediate_descriptor_entropy_Valence"": 0.44080525636672974, ""intermediate_descriptor_entropy_atomic_mass"": 0.40835320949554443, ""intermediate_descriptor_entropy_atomic_radius"": 0.4170416593551636, ""intermediate_descriptor_entropy_fie"": 0.4165981411933899, ""intermediate_descriptor_gmean_Density"": 0.330072283744812, ""intermediate_descriptor_gmean_ElectronAffinity"": 0.17621076107025146, ""intermediate_descriptor_gmean_FusionHeat"": 0.22965306043624878, ""intermediate_descriptor_gmean_ThermalConductivity"": 0.330660879611969, ""intermediate_descriptor_gmean_Valence"": 0.4668365716934204, ""intermediate_descriptor_gmean_atomic_mass"": 0.12297260761260986, ""intermediate_descriptor_gmean_atomic_radius"": 0.11779278516769409, ""intermediate_descriptor_gmean_fie"": 0.18816131353378296, ""intermediate_descriptor_mean_Density"": 0.1925836205482483, ""intermediate_descriptor_mean_ElectronAffinity"": 0.21717190742492676, ""intermediate_descriptor_mean_FusionHeat"": 0.2242071032524109, ""intermediate_descriptor_mean_ThermalConductivity"": 0.20256686210632324, ""intermediate_descriptor_mean_Valence"": 0.48836493492126465, ""intermediate_descriptor_mean_atomic_mass"": 0.15371781587600708, ""intermediate_descriptor_mean_atomic_radius"": 0.1688532829284668, ""intermediate_descriptor_mean_fie"": 0.18554794788360596, ""intermediate_descriptor_number_of_elements"": 0.4836001396179199, ""intermediate_descriptor_range_Density"": 0.30823230743408203, ""intermediate_descriptor_range_ElectronAffinity"": 0.3729099631309509, ""intermediate_descriptor_range_FusionHeat"": 0.07601171731948853, ""intermediate_descriptor_range_ThermalConductivity"": 0.5711144208908081, ""intermediate_descriptor_range_Valence"": 0.35593223571777344, ""intermediate_descriptor_range_atomic_mass"": 0.413921594619751, ""intermediate_descriptor_range_atomic_radius"": 0.5602197647094727, ""intermediate_descriptor_range_fie"": 0.5150189995765686, ""intermediate_descriptor_std_Density"": 0.2438097596168518, ""intermediate_descriptor_std_ElectronAffinity"": 0.34157121181488037, ""intermediate_descriptor_std_FusionHeat"": 0.1426832675933838, ""intermediate_descriptor_std_ThermalConductivity"": 0.5246710777282715, ""intermediate_descriptor_std_Valence"": 0.33721989393234253, ""intermediate_descriptor_std_atomic_mass"": 0.2866206169128418, ""intermediate_descriptor_std_atomic_radius"": 0.48719143867492676, ""intermediate_descriptor_std_fie"": 0.47657573223114014, ""intermediate_descriptor_wtd_entropy_Density"": 0.3926783800125122, ""intermediate_descriptor_wtd_entropy_ElectronAffinity"": 0.11484527587890625, ""intermediate_descriptor_wtd_entropy_FusionHeat"": 0.5287634134292603, ""intermediate_descriptor_wtd_entropy_ThermalConductivity"": 0.31490474939346313, ""intermediate_descriptor_wtd_entropy_Valence"": 0.4773882031440735, ""intermediate_descriptor_wtd_entropy_atomic_mass"": 0.5466432571411133, ""intermediate_descriptor_wtd_entropy_atomic_radius"": 0.5329297780990601, ""intermediate_descriptor_wtd_entropy_fie"": 0.3538031578063965, ""intermediate_descriptor_wtd_gmean_Density"": 0.3741687536239624, ""intermediate_descriptor_wtd_gmean_ElectronAffinity"": 0.20431286096572876, ""intermediate_descriptor_wtd_gmean_FusionHeat"": 0.3958956003189087, ""intermediate_descriptor_wtd_gmean_ThermalConductivity"": 0.4028392434120178, ""intermediate_descriptor_wtd_gmean_Valence"": 0.5559090375900269, ""intermediate_descriptor_wtd_gmean_atomic_mass"": 0.2447558045387268, ""intermediate_descriptor_wtd_gmean_atomic_radius"": 0.4961879253387451, ""intermediate_descriptor_wtd_gmean_fie"": 0.5536826848983765, ""intermediate_descriptor_wtd_mean_Density"": 0.29636865854263306, ""intermediate_descriptor_wtd_mean_ElectronAffinity"": 0.2803153991699219, ""intermediate_descriptor_wtd_mean_FusionHeat"": 0.37244874238967896, ""intermediate_descriptor_wtd_mean_ThermalConductivity"": 0.374420166015625, ""intermediate_descriptor_wtd_mean_Valence"": 0.5749474763870239, ""intermediate_descriptor_wtd_mean_atomic_mass"": 0.2404707670211792, ""intermediate_descriptor_wtd_mean_atomic_radius"": 0.4210353493690491, ""intermediate_descriptor_wtd_mean_fie"": 0.5853233337402344, ""intermediate_descriptor_wtd_range_Density"": 0.1522645354270935, ""intermediate_descriptor_wtd_range_ElectronAffinity"": 0.32758384943008423, ""intermediate_descriptor_wtd_range_FusionHeat"": 0.3893281817436218, ""intermediate_descriptor_wtd_range_ThermalConductivity"": 0.40154141187667847, ""intermediate_descriptor_wtd_range_Valence"": 0.29243916273117065, ""intermediate_descriptor_wtd_range_atomic_mass"": 0.19074279069900513, ""intermediate_descriptor_wtd_range_atomic_radius"": 0.2819613814353943, ""intermediate_descriptor_wtd_range_fie"": 0.5161103010177612, ""intermediate_descriptor_wtd_std_Density"": 0.2814871072769165, ""intermediate_descriptor_wtd_std_ElectronAffinity"": 0.4247455596923828, ""intermediate_descriptor_wtd_std_FusionHeat"": 0.08579611778259277, ""intermediate_descriptor_wtd_std_ThermalConductivity"": 0.617390513420105, ""intermediate_descriptor_wtd_std_Valence"": 0.4290444254875183, ""intermediate_descriptor_wtd_std_atomic_mass"": 0.3433606028556824, ""intermediate_descriptor_wtd_std_atomic_radius"": 0.5697097778320312, ""intermediate_descriptor_wtd_std_fie"": 0.5791085362434387}","{""intermediate_descriptor_entropy_Density"": 0.8227479457855225, ""intermediate_descriptor_entropy_ElectronAffinity"": 0.8994595408439636, ""intermediate_descriptor_entropy_FusionHeat"": 0.7492985725402832, ""intermediate_descriptor_entropy_ThermalConductivity"": 0.9043249487876892, ""intermediate_descriptor_entropy_Valence"": 0.7615980505943298, ""intermediate_descriptor_entropy_atomic_mass"": 0.7757304310798645, ""intermediate_descriptor_entropy_atomic_radius"": 0.7783972024917603, ""intermediate_descriptor_entropy_fie"": 0.7798967361450195, ""intermediate_descriptor_gmean_Density"": 0.8478500843048096, ""intermediate_descriptor_gmean_ElectronAffinity"": 0.9358236789703369, ""intermediate_descriptor_gmean_FusionHeat"": 0.926140546798706, ""intermediate_descriptor_gmean_ThermalConductivity"": 0.8512850999832153, ""intermediate_descriptor_gmean_Valence"": 0.7394140958786011, ""intermediate_descriptor_gmean_atomic_mass"": 0.9689477682113647, ""intermediate_descriptor_gmean_atomic_radius"": 0.9557061195373535, ""intermediate_descriptor_gmean_fie"": 0.9324284791946411, ""intermediate_descriptor_mean_Density"": 0.9385535717010498, ""intermediate_descriptor_mean_ElectronAffinity"": 0.9018726348876953, ""intermediate_descriptor_mean_FusionHeat"": 0.919609785079956, ""intermediate_descriptor_mean_ThermalConductivity"": 0.91478031873703, ""intermediate_descriptor_mean_Valence"": 0.7223678231239319, ""intermediate_descriptor_mean_atomic_mass"": 0.948665976524353, ""intermediate_descriptor_mean_atomic_radius"": 0.9197675585746765, ""intermediate_descriptor_mean_fie"": 0.9325552582740784, ""intermediate_descriptor_number_of_elements"": 0.7255488634109497, ""intermediate_descriptor_range_Density"": 0.8339581489562988, ""intermediate_descriptor_range_ElectronAffinity"": 0.8114832043647766, ""intermediate_descriptor_range_FusionHeat"": 0.9667826294898987, ""intermediate_descriptor_range_ThermalConductivity"": 0.6543277502059937, ""intermediate_descriptor_range_Valence"": 0.8046505451202393, ""intermediate_descriptor_range_atomic_mass"": 0.7729991674423218, ""intermediate_descriptor_range_atomic_radius"": 0.6737172603607178, ""intermediate_descriptor_range_fie"": 0.7020983099937439, ""intermediate_descriptor_std_Density"": 0.868136465549469, ""intermediate_descriptor_std_ElectronAffinity"": 0.8284838795661926, ""intermediate_descriptor_std_FusionHeat"": 0.9280428886413574, ""intermediate_descriptor_std_ThermalConductivity"": 0.6884933710098267, ""intermediate_descriptor_std_Valence"": 0.8156136274337769, ""intermediate_descriptor_std_atomic_mass"": 0.8492546081542969, ""intermediate_descriptor_std_atomic_radius"": 0.7253407835960388, ""intermediate_descriptor_std_fie"": 0.7267027497291565, ""intermediate_descriptor_wtd_entropy_Density"": 0.7839429378509521, ""intermediate_descriptor_wtd_entropy_ElectronAffinity"": 0.9524310827255249, ""intermediate_descriptor_wtd_entropy_FusionHeat"": 0.6877486705780029, ""intermediate_descriptor_wtd_entropy_ThermalConductivity"": 0.83141028881073, ""intermediate_descriptor_wtd_entropy_Valence"": 0.7334617972373962, ""intermediate_descriptor_wtd_entropy_atomic_mass"": 0.6759955883026123, ""intermediate_descriptor_wtd_entropy_atomic_radius"": 0.6910191774368286, ""intermediate_descriptor_wtd_entropy_fie"": 0.818492591381073, ""intermediate_descriptor_wtd_gmean_Density"": 0.8258905410766602, ""intermediate_descriptor_wtd_gmean_ElectronAffinity"": 0.9163040518760681, ""intermediate_descriptor_wtd_gmean_FusionHeat"": 0.7826582789421082, ""intermediate_descriptor_wtd_gmean_ThermalConductivity"": 0.8270561099052429, ""intermediate_descriptor_wtd_gmean_Valence"": 0.6785867214202881, ""intermediate_descriptor_wtd_gmean_atomic_mass"": 0.8961681723594666, ""intermediate_descriptor_wtd_gmean_atomic_radius"": 0.7138236165046692, ""intermediate_descriptor_wtd_gmean_fie"": 0.6772477626800537, ""intermediate_descriptor_wtd_mean_Density"": 0.8818204402923584, ""intermediate_descriptor_wtd_mean_ElectronAffinity"": 0.8698564767837524, ""intermediate_descriptor_wtd_mean_FusionHeat"": 0.7894105911254883, ""intermediate_descriptor_wtd_mean_ThermalConductivity"": 0.8259602785110474, ""intermediate_descriptor_wtd_mean_Valence"": 0.6611148715019226, ""intermediate_descriptor_wtd_mean_atomic_mass"": 0.8971149325370789, ""intermediate_descriptor_wtd_mean_atomic_radius"": 0.7627958655357361, ""intermediate_descriptor_wtd_mean_fie"": 0.651124894618988, ""intermediate_descriptor_wtd_range_Density"": 0.97445148229599, ""intermediate_descriptor_wtd_range_ElectronAffinity"": 0.8418270349502563, ""intermediate_descriptor_wtd_range_FusionHeat"": 0.7427960634231567, ""intermediate_descriptor_wtd_range_ThermalConductivity"": 0.8007570505142212, ""intermediate_descriptor_wtd_range_Valence"": 0.8478326797485352, ""intermediate_descriptor_wtd_range_atomic_mass"": 0.9266141653060913, ""intermediate_descriptor_wtd_range_atomic_radius"": 0.8416733145713806, ""intermediate_descriptor_wtd_range_fie"": 0.6984463334083557, ""intermediate_descriptor_wtd_std_Density"": 0.8424907326698303, ""intermediate_descriptor_wtd_std_ElectronAffinity"": 0.7679766416549683, ""intermediate_descriptor_wtd_std_FusionHeat"": 0.9700154662132263, ""intermediate_descriptor_wtd_std_ThermalConductivity"": 0.6171367764472961, ""intermediate_descriptor_wtd_std_Valence"": 0.7510198354721069, ""intermediate_descriptor_wtd_std_atomic_mass"": 0.8102985620498657, ""intermediate_descriptor_wtd_std_atomic_radius"": 0.6659566164016724, ""intermediate_descriptor_wtd_std_fie"": 0.6520043015480042}"
auto_mpg,1,random_forest,392,250,63,79,5,2,1,3.972545616593031,,,0,0,0,False,0.7755940214914347,0.45219288364022664,0.3330750544326697,"{""intermediate_acceleration"": 0.6288712376188581, ""intermediate_horsepower"": 0.9223168053640114}","{""intermediate_acceleration"": 0.6201079050501553, ""intermediate_horsepower"": 0.28427786223029794}"
auto_mpg,1,ridge,392,250,63,79,5,2,1,3.972545616593031,,,0,0,0,False,0.6316086053848267,0.5861105918884277,0.4532930254936218,"{""intermediate_acceleration"": 0.40939027070999146, ""intermediate_horsepower"": 0.8538269996643066}","{""intermediate_acceleration"": 0.7822674512863159, ""intermediate_horsepower"": 0.3899537920951843}"
auto_mpg,2,random_forest,392,250,63,79,5,2,1,3.972545616593031,,,0,0,0,False,0.728560790146715,0.477932389140142,0.34802013487560696,"{""intermediate_acceleration"": 0.5397613742081094, ""intermediate_horsepower"": 0.9173602060853208}","{""intermediate_acceleration"": 0.6581891348094117, ""intermediate_horsepower"": 0.29767564347087244}"
auto_mpg,2,ridge,392,250,63,79,5,2,1,3.972545616593031,,,0,0,0,False,0.6180175542831421,0.5851542949676514,0.4553447961807251,"{""intermediate_acceleration"": 0.39923417568206787, ""intermediate_horsepower"": 0.8368008732795715}","{""intermediate_acceleration"": 0.7519895434379578, ""intermediate_horsepower"": 0.4183190166950226}"
auto_mpg,3,random_forest,392,250,63,79,5,2,1,3.972545616593031,,,0,0,0,False,0.6787282047367159,0.5261345034417768,0.37903862643523467,"{""intermediate_acceleration"": 0.4865630903487216, ""intermediate_horsepower"": 0.8708933191247102}","{""intermediate_acceleration"": 0.670845065875408, ""intermediate_horsepower"": 0.38142394100814564}"
auto_mpg,3,ridge,392,250,63,79,5,2,1,3.972545616593031,,,0,0,0,False,0.5754376649856567,0.6095118522644043,0.448299765586853,"{""intermediate_acceleration"": 0.33508574962615967, ""intermediate_horsepower"": 0.8157896399497986}","{""intermediate_acceleration"": 0.7634164690971375, ""intermediate_horsepower"": 0.45560723543167114}"
auto_mpg,4,random_forest,392,250,63,79,5,2,1,3.972545616593031,,,0,0,0,False,0.7548225627162769,0.5634134142249201,0.3870633093165546,"{""intermediate_acceleration"": 0.606733759035337, ""intermediate_horsepower"": 0.9029113663972168}","{""intermediate_acceleration"": 0.7683207627821739, ""intermediate_horsepower"": 0.3585060656676663}"
auto_mpg,4,ridge,392,250,63,79,5,2,1,3.972545616593031,,,0,0,0,False,0.6395487189292908,0.691946268081665,0.5055398941040039,"{""intermediate_acceleration"": 0.44934237003326416, ""intermediate_horsepower"": 0.8297550678253174}","{""intermediate_acceleration"": 0.9091594815254211, ""intermediate_horsepower"": 0.47473302483558655}"
auto_mpg,5,random_forest,392,250,63,79,5,2,1,3.972545616593031,,,0,0,0,False,0.6585200313111687,0.4846504785303757,0.34848769430653925,"{""intermediate_acceleration"": 0.44798585604363017, ""intermediate_horsepower"": 0.8690542065787071}","{""intermediate_acceleration"": 0.6412523530967601, ""intermediate_horsepower"": 0.3280486039639913}"
auto_mpg,5,ridge,392,250,63,79,5,2,1,3.972545616593031,,,0,0,0,False,0.5429008603096008,0.5623857378959656,0.44589728116989136,"{""intermediate_acceleration"": 0.26689642667770386, ""intermediate_horsepower"": 0.8189052939414978}","{""intermediate_acceleration"": 0.7389865517616272, ""intermediate_horsepower"": 0.38578495383262634}"
combined_cycle_power_plant,1,random_forest,9568,6123,1531,1914,3,1,1,6.471760578329137,,,0,0,0,False,-0.6906779392197788,1.2122578323261548,0.995486116974012,"{""intermediate_ambient_pressure"": -0.09292597900383259}","{""intermediate_ambient_pressure"": 1.0035282560669492}"
combined_cycle_power_plant,1,ridge,9568,6123,1531,1914,3,1,1,6.471760578329137,,,0,0,0,False,-0.34072345495224,1.1017234325408936,0.8904669880867004,"{""intermediate_ambient_pressure"": -0.06529700756072998}","{""intermediate_ambient_pressure"": 0.9907625317573547}"
combined_cycle_power_plant,2,random_forest,9568,6123,1531,1914,3,1,1,6.471760578329137,,,0,0,0,False,-0.7034378959932246,1.271219670331445,1.042457514497125,"{""intermediate_ambient_pressure"": -0.8610086836923077}","{""intermediate_ambient_pressure"": 1.3725632036495699}"
combined_cycle_power_plant,2,ridge,9568,6123,1531,1914,3,1,1,6.471760578329137,,,0,0,0,False,-0.29673728346824646,1.1372435092926025,0.9137681126594543,"{""intermediate_ambient_pressure"": -0.5148608684539795}","{""intermediate_ambient_pressure"": 1.2383531332015991}"
combined_cycle_power_plant,3,random_forest,9568,6123,1531,1914,3,1,1,6.471760578329137,,,0,0,0,False,-0.6968843428010172,1.2587608803794275,1.0282871182695847,"{""intermediate_ambient_pressure"": -0.3317057374336969}","{""intermediate_ambient_pressure"": 1.149846159322404}"
combined_cycle_power_plant,3,ridge,9568,6123,1531,1914,3,1,1,6.471760578329137,,,0,0,0,False,-0.31432342529296875,1.1338286399841309,0.9058876037597656,"{""intermediate_ambient_pressure"": -0.2323826551437378}","{""intermediate_ambient_pressure"": 1.1061357259750366}"
combined_cycle_power_plant,4,random_forest,9568,6123,1531,1914,3,1,1,6.471760578329137,,,0,0,0,False,-0.7009507566897355,1.2928287742408093,1.0582446093564144,"{""intermediate_ambient_pressure"": -0.2404754653206893}","{""intermediate_ambient_pressure"": 1.137851531786313}"
combined_cycle_power_plant,4,ridge,9568,6123,1531,1914,3,1,1,6.471760578329137,,,0,0,0,False,-0.30534982681274414,1.1586827039718628,0.9289558529853821,"{""intermediate_ambient_pressure"": -0.7786573171615601}","{""intermediate_ambient_pressure"": 1.3625035285949707}"
combined_cycle_power_plant,5,random_forest,9568,6123,1531,1914,3,1,1,6.471760578329137,,,0,0,0,False,-0.6707806701810128,1.268217054166406,1.0370193362996785,"{""intermediate_ambient_pressure"": -0.16252294663970845}","{""intermediate_ambient_pressure"": 1.089062177689367}"
combined_cycle_power_plant,5,ridge,9568,6123,1531,1914,3,1,1,6.471760578329137,,,0,0,0,False,-0.2929745018482208,1.140659213066101,0.9145463109016418,"{""intermediate_ambient_pressure"": -0.26715362071990967}","{""intermediate_ambient_pressure"": 1.13701593875885}"
air_quality,1,random_forest,6941,3700,926,2315,7,5,4,59.11567200066641,,,0,0,0,False,-0.00341841528143203,0.9742896905841023,0.7712461905057623,"{""intermediate_sensor_co"": 0.2704627666011361, ""intermediate_sensor_nmhc"": 0.18084759707437492, ""intermediate_sensor_no2"": -0.04544472791324039, ""intermediate_sensor_nox"": -0.4588883557537544, ""intermediate_sensor_o3"": 0.03593064358432363}","{""intermediate_sensor_co"": 0.8000439244761461, ""intermediate_sensor_nmhc"": 0.8682572585248433, ""intermediate_sensor_no2"": 0.9087059032832059, ""intermediate_sensor_nox"": 1.1661998841093855, ""intermediate_sensor_o3"": 1.1282414825269307}"
air_quality,1,ridge,6941,3700,926,2315,7,5,4,59.11567200066641,,,0,0,0,False,-0.09367958456277847,1.0084233283996582,0.8389822840690613,"{""intermediate_sensor_co"": 0.16474783420562744, ""intermediate_sensor_nmhc"": 0.15420806407928467, ""intermediate_sensor_no2"": -0.6260583400726318, ""intermediate_sensor_nox"": -0.2830526828765869, ""intermediate_sensor_o3"": 0.12175720930099487}","{""intermediate_sensor_co"": 0.8560495376586914, ""intermediate_sensor_nmhc"": 0.8822625279426575, ""intermediate_sensor_no2"": 1.1332895755767822, ""intermediate_sensor_nox"": 1.0936647653579712, ""intermediate_sensor_o3"": 1.0768500566482544}"
air_quality,2,random_forest,6941,3700,926,2315,7,5,4,59.11567200066641,,,0,0,0,False,0.003750179545762333,0.9758255587529467,0.7715627137023977,"{""intermediate_sensor_co"": 0.28208376443966054, ""intermediate_sensor_nmhc"": 0.17139447687039677, ""intermediate_sensor_no2"": -0.0333200779718994, ""intermediate_sensor_nox"": -0.4355383929566303, ""intermediate_sensor_o3"": 0.034131127347284074}","{""intermediate_sensor_co"": 0.7975176275055322, ""intermediate_sensor_nmhc"": 0.8765780813624197, ""intermediate_sensor_no2"": 0.9059171637607951, ""intermediate_sensor_nox"": 1.1671375260552517, ""intermediate_sensor_o3"": 1.1319773950807346}"
air_quality,2,ridge,6941,3700,926,2315,7,5,4,59.11567200066641,,,0,0,0,False,-0.09367536008358002,1.0130149126052856,0.8427988886833191,"{""intermediate_sensor_co"": 0.16476738452911377, ""intermediate_sensor_nmhc"": 0.1542162299156189, ""intermediate_sensor_no2"": -0.6260573863983154, ""intermediate_sensor_nox"": -0.28306448459625244, ""intermediate_sensor_o3"": 0.12176144123077393}","{""intermediate_sensor_co"": 0.8602152466773987, ""intermediate_sensor_nmhc"": 0.8856178522109985, ""intermediate_sensor_no2"": 1.1364203691482544, ""intermediate_sensor_nox"": 1.1034148931503296, ""intermediate_sensor_o3"": 1.0794062614440918}"
air_quality,3,random_forest,6941,3700,926,2315,7,5,4,59.11567200066641,,,0,0,0,False,-0.009227950592043243,0.9787139193312798,0.7723829514651662,"{""intermediate_sensor_co"": 0.26545963913422344, ""intermediate_sensor_nmhc"": 0.17314160381898658, ""intermediate_sensor_no2"": -0.03991955379222567, ""intermediate_sensor_nox"": -0.4767198049324135, ""intermediate_sensor_o3"": 0.031898362811212944}","{""intermediate_sensor_co"": 0.8052633702178656, ""intermediate_sensor_nmhc"": 0.8732133432577741, ""intermediate_sensor_no2"": 0.9058311666033008, ""intermediate_sensor_nox"": 1.1757435300163104, ""intermediate_sensor_o3"": 1.1335181865611481}"
air_quality,3,ridge,6941,3700,926,2315,7,5,4,59.11567200066641,,,0,0,0,False,-0.09369523823261261,1.010032057762146,0.8402883410453796,"{""intermediate_sensor_co"": 0.16470551490783691, ""intermediate_sensor_nmhc"": 0.1542041301727295, ""intermediate_sensor_no2"": -0.6260664463043213, ""intermediate_sensor_nox"": -0.28305280208587646, ""intermediate_sensor_o3"": 0.12173342704772949}","{""intermediate_sensor_co"": 0.8587167263031006, ""intermediate_sensor_nmhc"": 0.8831562995910645, ""intermediate_sensor_no2"": 1.132704257965088, ""intermediate_sensor_nox"": 1.0959376096725464, ""intermediate_sensor_o3"": 1.0796455144882202}"
air_quality,4,random_forest,6941,3700,926,2315,7,5,4,59.11567200066641,,,0,0,0,False,0.015940817009213924,0.9754020762349421,0.7737245016566608,"{""intermediate_sensor_co"": 0.28308062881300466, ""intermediate_sensor_nmhc"": 0.22806417836798032, ""intermediate_sensor_no2"": -0.01562809230674045, ""intermediate_sensor_nox"": -0.46264844403467054, ""intermediate_sensor_o3"": 0.04683581420649563}","{""intermediate_sensor_co"": 0.8043370361988138, ""intermediate_sensor_nmhc"": 0.851807435441974, ""intermediate_sensor_no2"": 0.8967698475502643, ""intermediate_sensor_nox"": 1.189888912207459, ""intermediate_sensor_o3"": 1.1342071497761994}"
air_quality,4,ridge,6941,3700,926,2315,7,5,4,59.11567200066641,,,0,0,0,False,-0.09367571771144867,1.019532561302185,0.8481218218803406,"{""intermediate_sensor_co"": 0.16476863622665405, ""intermediate_sensor_nmhc"": 0.15421611070632935, ""intermediate_sensor_no2"": -0.6260668039321899, ""intermediate_sensor_nox"": -0.2830590009689331, ""intermediate_sensor_o3"": 0.12176245450973511}","{""intermediate_sensor_co"": 0.8681730628013611, ""intermediate_sensor_nmhc"": 0.891621470451355, ""intermediate_sensor_no2"": 1.13470458984375, ""intermediate_sensor_nox"": 1.1144479513168335, ""intermediate_sensor_o3"": 1.0887157917022705}"
air_quality,5,random_forest,6941,3700,926,2315,7,5,4,59.11567200066641,,,0,0,0,False,0.005047908095720466,0.9764997431680831,0.7739265754683619,"{""intermediate_sensor_co"": 0.27806735695675244, ""intermediate_sensor_nmhc"": 0.19603223668173864, ""intermediate_sensor_no2"": -0.0015800614166479043, ""intermediate_sensor_nox"": -0.4756393691176426, ""intermediate_sensor_o3"": 0.02835937737440175}","{""intermediate_sensor_co"": 0.8015461489289525, ""intermediate_sensor_nmhc"": 0.8636553593834926, ""intermediate_sensor_no2"": 0.9018749672166969, ""intermediate_sensor_nox"": 1.1805189660190716, ""intermediate_sensor_o3"": 1.1349032742922016}"
air_quality,5,ridge,6941,3700,926,2315,7,5,4,59.11567200066641,,,0,0,0,False,-0.09369295835494995,1.0153863430023193,0.8448627591133118,"{""intermediate_sensor_co"": 0.1647382378578186, ""intermediate_sensor_nmhc"": 0.15420526266098022, ""intermediate_sensor_no2"": -0.6261113882064819, ""intermediate_sensor_nox"": -0.2830491065979004, ""intermediate_sensor_o3"": 0.12175220251083374}","{""intermediate_sensor_co"": 0.8621671795845032, ""intermediate_sensor_nmhc"": 0.885836660861969, ""intermediate_sensor_no2"": 1.1491550207138062, ""intermediate_sensor_nox"": 1.100790023803711, ""intermediate_sensor_o3"": 1.0789828300476074}"
parkinsons_telemonitoring,1,random_forest,5875,3667,960,1248,19,1,1,55.12328769014473,,ID_subject,0,0,0,False,-0.9970912494324844,1.2540614610945913,1.0507374112325707,"{""intermediate_motor_updrs"": -2.6189778663361536}","{""intermediate_motor_updrs"": 1.7340485207202514}"
parkinsons_telemonitoring,1,ridge,5875,3667,960,1248,19,1,1,55.12328769014473,,ID_subject,0,0,0,False,-0.5171541571617126,1.083041787147522,0.8984141945838928,"{""intermediate_motor_updrs"": -0.15426313877105713}","{""intermediate_motor_updrs"": 0.9793111085891724}"
parkinsons_telemonitoring,2,random_forest,5875,3587,1039,1249,19,1,1,55.12328769014473,,ID_subject,0,0,0,False,-0.9690990180994798,1.5779746777905996,1.4143679516561642,"{""intermediate_motor_updrs"": -0.6184264248312208}","{""intermediate_motor_updrs"": 1.4587214556569414}"
parkinsons_telemonitoring,2,ridge,5875,3587,1039,1249,19,1,1,55.12328769014473,,ID_subject,0,0,0,False,-0.23765943944454193,1.2713078260421753,1.1273971796035767,"{""intermediate_motor_updrs"": -0.04214155673980713}","{""intermediate_motor_updrs"": 1.1705480813980103}"
parkinsons_telemonitoring,3,random_forest,5875,3625,1038,1212,19,1,1,55.12328769014473,,ID_subject,0,0,0,False,-0.7825215629261273,1.3531933914024716,1.1228341924878595,"{""intermediate_motor_updrs"": -0.0011121431964491446}","{""intermediate_motor_updrs"": 1.0366807216379739}"
parkinsons_telemonitoring,3,ridge,5875,3625,1038,1212,19,1,1,55.12328769014473,,ID_subject,0,0,0,False,-0.21304623782634735,1.1347711086273193,0.9227057099342346,"{""intermediate_motor_updrs"": -0.11406123638153076}","{""intermediate_motor_updrs"": 1.0935992002487183}"
parkinsons_telemonitoring,4,random_forest,5875,3583,1023,1269,19,1,1,55.12328769014473,,ID_subject,0,0,0,False,-0.8236274023491194,1.4009284540808988,1.1667086545645946,"{""intermediate_motor_updrs"": -0.4455042153651205}","{""intermediate_motor_updrs"": 1.2696660173686067}"
parkinsons_telemonitoring,4,ridge,5875,3583,1023,1269,19,1,1,55.12328769014473,,ID_subject,0,0,0,False,-0.19026829302310944,1.1481353044509888,0.9726533889770508,"{""intermediate_motor_updrs"": -0.15401041507720947}","{""intermediate_motor_updrs"": 1.1344481706619263}"
parkinsons_telemonitoring,5,random_forest,5875,3716,996,1163,19,1,1,55.12328769014473,,ID_subject,0,0,0,False,-0.8925765045220413,1.2469908989693335,1.0386322369626586,"{""intermediate_motor_updrs"": -0.4484306144050558}","{""intermediate_motor_updrs"": 1.1373984864157505}"
parkinsons_telemonitoring,5,ridge,5875,3716,996,1163,19,1,1,55.12328769014473,,ID_subject,0,0,0,False,-0.48229697346687317,1.0998406410217285,0.8957626819610596,"{""intermediate_motor_updrs"": -0.001134037971496582}","{""intermediate_motor_updrs"": 0.9456053376197815}"
real_estate_valuation,1,random_forest,414,264,67,83,2,4,1,35.60771056732076,,,0,0,0,False,-0.16843083074800197,1.1446887377888364,0.8693938616761968,"{""intermediate_convenience_stores"": -0.1167174196156795, ""intermediate_distance_to_mrt"": -0.187506443112748, ""intermediate_latitude"": -0.11529828626224137, ""intermediate_longitude"": -0.254201174001339}","{""intermediate_convenience_stores"": 1.064574305900349, ""intermediate_distance_to_mrt"": 1.238204370704091, ""intermediate_latitude"": 1.0637713188085567, ""intermediate_longitude"": 1.2122049557423493}"
real_estate_valuation,1,ridge,414,264,67,83,2,4,1,35.60771056732076,,,0,0,0,False,-0.033311814069747925,1.0757336616516113,0.8526873588562012,"{""intermediate_convenience_stores"": -0.03367447853088379, ""intermediate_distance_to_mrt"": -0.01683652400970459, ""intermediate_latitude"": -0.02799522876739502, ""intermediate_longitude"": -0.0547410249710083}","{""intermediate_convenience_stores"": 1.0242270231246948, ""intermediate_distance_to_mrt"": 1.1457765102386475, ""intermediate_latitude"": 1.0212881565093994, ""intermediate_longitude"": 1.1116430759429932}"
real_estate_valuation,2,random_forest,414,264,67,83,2,4,1,35.60771056732076,,,0,0,0,False,0.05221306225225508,1.0305320262509183,0.7848347438495927,"{""intermediate_convenience_stores"": -0.17341349045154342, ""intermediate_distance_to_mrt"": 0.12803702013080687, ""intermediate_latitude"": 0.1015219214227705, ""intermediate_longitude"": 0.15270679790698638}","{""intermediate_convenience_stores"": 1.1241609962407095, ""intermediate_distance_to_mrt"": 0.9945854513742576, ""intermediate_latitude"": 0.9257616779669071, ""intermediate_longitude"": 1.0776199794217987}"
real_estate_valuation,2,ridge,414,264,67,83,2,4,1,35.60771056732076,,,0,0,0,False,-0.039240479469299316,1.0829944610595703,0.8734570741653442,"{""intermediate_convenience_stores"": -0.09788715839385986, ""intermediate_distance_to_mrt"": -0.04172158241271973, ""intermediate_latitude"": 0.00011670589447021484, ""intermediate_longitude"": -0.01746988296508789}","{""intermediate_convenience_stores"": 1.0873812437057495, ""intermediate_distance_to_mrt"": 1.0870985984802246, ""intermediate_latitude"": 0.976607620716095, ""intermediate_longitude"": 1.1808902025222778}"
real_estate_valuation,3,random_forest,414,264,67,83,2,4,1,35.60771056732076,,,0,0,0,False,0.20827270044779206,0.9250439055307577,0.6602528258653654,"{""intermediate_convenience_stores"": 0.06783376071304659, ""intermediate_distance_to_mrt"": 0.3698179647873787, ""intermediate_latitude"": 0.20574802359879296, ""intermediate_longitude"": 0.18969105269194997}","{""intermediate_convenience_stores"": 0.9060584962765581, ""intermediate_distance_to_mrt"": 0.8898024189773822, ""intermediate_latitude"": 0.9624818394022854, ""intermediate_longitude"": 0.9418328674668048}"
real_estate_valuation,3,ridge,414,264,67,83,2,4,1,35.60771056732076,,,0,0,0,False,-0.0083693265914917,1.0505307912826538,0.8135719299316406,"{""intermediate_convenience_stores"": -0.018927693367004395, ""intermediate_distance_to_mrt"": -0.0005112886428833008, ""intermediate_latitude"": -0.004804491996765137, ""intermediate_longitude"": -0.009233832359313965}","{""intermediate_convenience_stores"": 0.9472862482070923, ""intermediate_distance_to_mrt"": 1.1211702823638916, ""intermediate_latitude"": 1.0825655460357666, ""intermediate_longitude"": 1.0511009693145752}"
real_estate_valuation,4,random_forest,414,264,67,83,2,4,1,35.60771056732076,,,0,0,0,False,0.07896270210855139,0.8176207782764751,0.6087952269727361,"{""intermediate_convenience_stores"": 0.09360968864459274, ""intermediate_distance_to_mrt"": 0.1516203467958872, ""intermediate_latitude"": -0.01742212539912269, ""intermediate_longitude"": 0.08804289839284829}","{""intermediate_convenience_stores"": 0.9429700520841705, ""intermediate_distance_to_mrt"": 0.6689807854857054, ""intermediate_latitude"": 0.8726614076513867, ""intermediate_longitude"": 0.7858708678846377}"
real_estate_valuation,4,ridge,414,264,67,83,2,4,1,35.60771056732076,,,0,0,0,False,-0.021286964416503906,0.8595605492591858,0.7133024334907532,"{""intermediate_convenience_stores"": -0.004438042640686035, ""intermediate_distance_to_mrt"": -0.043132781982421875, ""intermediate_latitude"": -0.014321684837341309, ""intermediate_longitude"": -0.023255348205566406}","{""intermediate_convenience_stores"": 0.9926630258560181, ""intermediate_distance_to_mrt"": 0.7418025732040405, ""intermediate_latitude"": 0.8713306784629822, ""intermediate_longitude"": 0.8324459195137024}"
real_estate_valuation,5,random_forest,414,264,67,83,2,4,1,35.60771056732076,,,0,0,0,False,0.09758400688690216,0.8954671465816575,0.6950948073040508,"{""intermediate_convenience_stores"": 0.10762092981315141, ""intermediate_distance_to_mrt"": 0.17973187917031497, ""intermediate_latitude"": 0.02824323829256359, ""intermediate_longitude"": 0.07473998027157869}","{""intermediate_convenience_stores"": 0.938047912419185, ""intermediate_distance_to_mrt"": 0.8079738177258807, ""intermediate_latitude"": 0.9937390589822728, ""intermediate_longitude"": 0.8421077971992921}"
real_estate_valuation,5,ridge,414,264,67,83,2,4,1,35.60771056732076,,,0,0,0,False,-0.002649247646331787,0.9433525800704956,0.7588690519332886,"{""intermediate_convenience_stores"": -0.0015066862106323242, ""intermediate_distance_to_mrt"": -0.007825374603271484, ""intermediate_latitude"": 0.00037539005279541016, ""intermediate_longitude"": -0.00164031982421875}","{""intermediate_convenience_stores"": 0.993750274181366, ""intermediate_distance_to_mrt"": 0.8955957889556885, ""intermediate_latitude"": 1.0078874826431274, ""intermediate_longitude"": 0.8761767148971558}"
student_performance,1,random_forest,1044,668,167,209,58,2,1,45.36219997530323,,ID_row,0,0,0,True,0.24179835672581296,0.8818943776665954,0.676166321670498,"{""intermediate_grade_period_1"": 0.26246477971135684, ""intermediate_grade_period_2"": 0.22113193374026907}","{""intermediate_grade_period_1"": 0.8620596077992295, ""intermediate_grade_period_2"": 0.9017291475339613}"
student_performance,1,ridge,1044,668,167,209,58,2,1,45.36219997530323,,ID_row,0,0,0,True,0.22834408283233643,0.8896641731262207,0.6957033276557922,"{""intermediate_grade_period_1"": 0.2547941207885742, ""intermediate_grade_period_2"": 0.20189404487609863}","{""intermediate_grade_period_1"": 0.8665308952331543, ""intermediate_grade_period_2"": 0.9127975106239319}"
student_performance,2,random_forest,1044,668,167,209,58,2,1,45.36219997530323,,ID_row,0,0,0,True,0.2611833065286163,0.7470290842108218,0.5820619566238829,"{""intermediate_grade_period_1"": 0.2564671379269138, ""intermediate_grade_period_2"": 0.26589947513031886}","{""intermediate_grade_period_1"": 0.7417383562517943, ""intermediate_grade_period_2"": 0.7523198121698493}"
student_performance,2,ridge,1044,668,167,209,58,2,1,45.36219997530323,,ID_row,0,0,0,True,0.19050464034080505,0.781997561454773,0.6052857637405396,"{""intermediate_grade_period_1"": 0.19597971439361572, ""intermediate_grade_period_2"": 0.18502956628799438}","{""intermediate_grade_period_1"": 0.7713192105293274, ""intermediate_grade_period_2"": 0.7926759123802185}"
student_performance,3,random_forest,1044,668,167,209,58,2,1,45.36219997530323,,ID_row,0,0,0,True,0.37386552274624013,0.8227912548432261,0.642242062768867,"{""intermediate_grade_period_1"": 0.3665744719497964, ""intermediate_grade_period_2"": 0.38115657354268384}","{""intermediate_grade_period_1"": 0.8326749155609232, ""intermediate_grade_period_2"": 0.8129075941255289}"
student_performance,3,ridge,1044,668,167,209,58,2,1,45.36219997530323,,ID_row,0,0,0,True,0.29405835270881653,0.8735151290893555,0.6901040077209473,"{""intermediate_grade_period_1"": 0.3106366991996765, ""intermediate_grade_period_2"": 0.27748000621795654}","{""intermediate_grade_period_1"": 0.8686639070510864, ""intermediate_grade_period_2"": 0.8783664107322693}"
student_performance,4,random_forest,1044,668,167,209,58,2,1,45.36219997530323,,ID_row,0,0,0,True,0.14837347548427182,0.9096915328471851,0.6710647268838965,"{""intermediate_grade_period_1"": 0.16474736922136057, ""intermediate_grade_period_2"": 0.13199958174718307}","{""intermediate_grade_period_1"": 0.8926757433150221, ""intermediate_grade_period_2"": 0.9267073223793482}"
student_performance,4,ridge,1044,668,167,209,58,2,1,45.36219997530323,,ID_row,0,0,0,True,0.15900921821594238,0.903989315032959,0.6621519923210144,"{""intermediate_grade_period_1"": 0.17934101819992065, ""intermediate_grade_period_2"": 0.1386774182319641}","{""intermediate_grade_period_1"": 0.8848428726196289, ""intermediate_grade_period_2"": 0.9231356978416443}"
student_performance,5,random_forest,1044,668,167,209,58,2,1,45.36219997530323,,ID_row,0,0,0,True,0.3652693296936103,0.7783535296502093,0.6070450772642915,"{""intermediate_grade_period_1"": 0.3771071305827858, ""intermediate_grade_period_2"": 0.35343152880443485}","{""intermediate_grade_period_1"": 0.7675671916331749, ""intermediate_grade_period_2"": 0.7891398676672439}"
student_performance,5,ridge,1044,668,167,209,58,2,1,45.36219997530323,,ID_row,0,0,0,True,0.2495473027229309,0.8462671637535095,0.6495875716209412,"{""intermediate_grade_period_1"": 0.27704739570617676, ""intermediate_grade_period_2"": 0.22204720973968506}","{""intermediate_grade_period_1"": 0.8269221782684326, ""intermediate_grade_period_2"": 0.8656121492385864}"
