feature_ambient_temperature,feature_exhaust_vacuum,feature_relative_humidity,intermediate_ambient_pressure,target_net_hourly_electrical_energy,ID_row
14.96,41.76,73.17,1024.07,463.26,0
25.18,62.96,59.08,1020.04,444.37,1
5.11,39.4,92.14,1012.16,488.56,2
20.86,57.32,76.64,1010.24,446.48,3
10.82,37.5,96.62,1009.23,473.9,4
26.27,59.44,58.77,1012.23,443.67,5
15.89,43.96,75.24,1014.02,467.35,6
9.48,44.71,66.43,1019.12,478.42,7
14.64,45.0,41.25,1021.78,475.98,8
11.74,43.56,70.72,1015.14,477.5,9
17.99,43.72,75.04,1008.64,453.02,10
20.14,46.93,64.22,1014.66,453.99,11
24.34,73.5,84.15,1011.31,440.29,12
25.71,58.59,61.83,1012.77,451.28,13
26.19,69.34,87.59,1009.48,433.99,14
21.42,43.79,43.08,1015.76,462.19,15
18.21,45.0,48.84,1022.86,467.54,16
11.04,41.74,77.51,1022.6,477.2,17
14.45,52.75,63.59,1023.97,459.85,18
13.97,38.47,55.28,1015.15,464.3,19
17.76,42.42,66.26,1009.09,468.27,20
5.41,40.07,64.77,1019.16,495.24,21
7.76,42.28,83.31,1008.52,483.8,22
27.23,63.9,47.19,1014.3,443.61,23
27.36,48.6,54.93,1003.18,436.06,24
27.47,70.72,74.62,1009.97,443.25,25
14.6,39.31,72.52,1011.11,464.16,26
7.91,39.96,88.44,1023.57,475.52,27
5.81,35.79,92.28,1012.14,484.41,28
30.53,65.18,41.85,1012.69,437.89,29
23.87,63.94,44.28,1019.02,445.11,30
26.09,58.41,64.58,1013.64,438.86,31
29.27,66.85,63.25,1011.11,440.98,32
27.38,74.16,78.61,1010.08,436.65,33
24.81,63.94,44.51,1018.76,444.26,34
12.75,44.03,89.46,1007.29,465.86,35
24.66,63.73,74.52,1011.4,444.37,36
16.38,47.45,88.86,1010.08,450.69,37
13.91,39.35,75.51,1014.69,469.02,38
23.18,51.3,78.64,1012.04,448.86,39
22.47,47.45,76.65,1007.62,447.14,40
13.39,44.85,80.44,1017.24,469.18,41
9.28,41.54,79.89,1018.33,482.8,42
11.82,42.86,88.28,1014.12,476.7,43
10.27,40.64,84.6,1020.63,474.99,44
22.92,63.94,42.69,1019.28,444.22,45
16.0,37.87,78.41,1020.24,461.33,46
21.22,43.43,61.07,1010.96,448.06,47
13.46,44.71,50.0,1014.51,474.6,48
9.39,40.11,77.29,1029.14,473.05,49
31.07,73.5,43.66,1010.58,432.06,50
12.82,38.62,83.8,1018.71,467.41,51
32.57,78.92,66.47,1011.6,430.12,52
8.11,42.18,93.09,1014.82,473.62,53
13.92,39.39,80.52,1012.94,471.81,54
23.04,59.43,68.99,1010.23,442.99,55
27.31,64.44,57.27,1014.65,442.77,56
5.91,39.33,95.53,1010.18,491.49,57
25.26,61.08,71.72,1013.68,447.46,58
27.97,58.84,57.88,1002.25,446.11,59
26.08,52.3,63.34,1007.03,442.44,60
29.01,65.71,48.07,1013.61,446.22,61
12.18,40.1,91.87,1016.67,471.49,62
13.76,45.87,87.27,1008.89,463.5,63
25.5,58.79,64.4,1016.02,440.01,64
28.26,65.34,43.4,1014.56,441.03,65
21.39,62.96,72.24,1019.49,452.68,66
7.26,40.69,90.22,1020.43,474.91,67
10.54,34.03,74.0,1018.71,478.77,68
27.71,74.34,71.85,998.14,434.2,69
23.11,68.3,86.62,1017.83,437.91,70
7.51,41.01,97.41,1024.61,477.61,71
26.46,74.67,84.44,1016.65,431.65,72
29.34,74.34,81.55,998.58,430.57,73
10.32,42.28,75.66,1008.82,481.09,74
22.74,61.02,79.41,1009.56,445.56,75
13.48,39.85,58.91,1012.71,475.74,76
25.52,69.75,90.06,1010.36,435.12,77
21.58,67.25,79.0,1017.39,446.15,78
27.66,76.86,69.47,1001.31,436.64,79
26.96,69.45,51.47,1013.89,436.69,80
12.29,42.18,83.13,1016.53,468.75,81
15.86,43.02,40.33,1012.18,466.6,82
13.87,45.08,81.69,1024.42,465.48,83
24.09,73.68,94.55,1014.93,441.34,84
20.45,69.45,91.81,1012.53,441.83,85
15.07,39.3,63.62,1019.0,464.7,86
32.72,69.75,49.35,1009.6,437.99,87
18.23,58.96,69.61,1015.55,459.12,88
35.56,68.94,38.75,1006.56,429.69,89
18.36,51.43,90.17,1010.57,459.8,90
26.35,64.05,81.24,1009.81,433.63,91
25.92,60.95,48.46,1014.62,442.84,92
8.01,41.66,76.72,1014.49,485.13,93
19.63,52.72,51.16,1025.09,459.12,94
20.02,67.32,76.34,1012.05,445.31,95
10.08,40.72,67.3,1022.7,480.8,96
27.23,66.48,52.38,1005.23,432.55,97
23.37,63.77,76.44,1013.42,443.86,98
18.74,59.21,91.55,1018.3,449.77,99
14.81,43.69,71.9,1017.19,470.71,100
23.1,51.3,80.05,1011.93,452.17,101
10.72,41.38,63.77,1021.6,478.29,102
29.46,71.94,62.26,1006.96,428.54,103
8.1,40.64,89.04,1020.66,478.27,104
27.29,62.66,58.02,1007.63,439.58,105
17.1,49.69,81.82,1005.53,457.32,106
11.49,44.2,91.14,1018.79,475.51,107
23.69,65.59,88.92,1010.85,439.66,108
13.51,40.89,84.83,1011.03,471.99,109
9.64,39.35,91.76,1015.1,479.81,110
25.65,78.92,86.56,1010.83,434.78,111
21.59,61.87,57.21,1011.18,446.58,112
27.98,58.33,54.25,1013.92,437.76,113
18.8,39.72,63.8,1001.24,459.36,114
18.28,44.71,33.71,1016.99,462.28,115
13.55,43.48,67.25,1016.08,464.33,116
22.99,46.21,60.11,1010.71,444.36,117
23.94,59.39,74.55,1014.32,438.64,118
13.74,34.03,67.34,1018.69,470.49,119
21.3,41.1,42.75,1001.86,455.13,120
27.54,66.93,55.2,1017.06,450.22,121
24.81,63.73,83.61,1009.34,440.43,122
4.97,42.85,88.78,1014.02,482.98,123
15.22,50.88,100.12,1014.19,460.44,124
23.88,54.2,64.52,1012.81,444.97,125
33.01,68.67,51.41,1005.2,433.94,126
25.98,73.18,85.78,1012.28,439.73,127
28.18,73.88,75.41,1005.89,434.48,128
21.67,60.84,81.63,1017.93,442.33,129
17.67,45.09,51.92,1014.26,457.67,130
21.37,57.76,70.12,1018.8,454.66,131
28.69,67.25,53.83,1017.71,432.21,132
16.61,43.77,77.23,1012.25,457.66,133
27.91,63.76,65.67,1010.27,435.21,134
20.97,47.43,71.18,1007.64,448.22,135
10.8,41.66,81.96,1013.79,475.51,136
20.61,62.91,79.54,1013.24,446.53,137
25.45,57.32,47.09,1011.7,441.3,138
30.16,69.34,57.69,1007.67,433.54,139
4.99,39.04,78.89,1020.45,472.52,140
10.51,44.78,85.29,1012.59,474.77,141
33.79,69.05,40.13,1001.62,435.1,142
21.34,59.8,77.06,1016.92,450.74,143
23.4,65.06,67.38,1014.32,442.7,144
32.21,68.14,62.44,1003.34,426.56,145
14.26,42.32,77.43,1016.0,463.71,146
27.71,66.93,58.77,1016.85,447.06,147
21.95,57.76,67.72,1018.02,452.27,148
25.76,63.94,42.14,1018.49,445.78,149
23.68,68.3,84.16,1017.93,438.65,150
8.28,40.77,89.79,1011.55,480.15,151
23.44,62.52,67.21,1016.46,447.19,152
25.32,48.41,72.14,1008.47,443.04,153
3.94,39.9,97.49,1008.06,488.81,154
17.3,57.76,87.74,1016.26,455.75,155
18.2,49.39,96.3,1018.83,455.86,156
21.43,46.97,61.25,1013.94,457.68,157
11.16,40.05,88.38,1014.95,479.11,158
30.38,74.16,74.77,1007.44,432.84,159
23.36,62.52,68.18,1016.18,448.37,160
21.69,47.45,77.2,1007.56,447.06,161
23.62,49.21,49.54,1014.1,443.53,162
21.87,61.45,92.22,1011.13,445.21,163
29.25,66.51,33.65,1015.53,441.7,164
20.03,66.86,64.59,1013.05,450.93,165
18.14,49.78,100.09,1002.95,451.44,166
24.23,56.89,68.04,1012.32,441.29,167
18.11,44.85,48.94,1014.48,458.85,168
6.57,43.65,74.47,1018.24,481.46,169
12.56,43.41,81.02,1016.93,467.19,170
13.4,41.58,71.17,1020.5,461.54,171
27.1,52.84,53.85,1006.28,439.08,172
14.28,42.74,70.67,1028.79,467.22,173
16.29,44.34,59.36,1019.49,468.8,174
31.24,71.98,57.17,1004.66,426.93,175
10.57,37.73,70.29,1024.36,474.65,176
13.8,44.21,83.37,1022.93,468.97,177
25.3,71.58,87.36,1010.18,433.97,178
18.06,50.16,100.09,1009.52,450.53,179
25.42,59.04,68.78,1011.98,444.51,180
15.07,40.69,70.98,1015.29,469.03,181
11.75,71.14,75.68,1019.36,466.56,182
20.23,52.05,47.49,1012.15,457.57,183
27.31,59.54,71.99,1006.24,440.13,184
28.57,69.84,66.55,1003.57,433.24,185
17.9,43.72,74.73,1008.64,452.55,186
23.83,71.37,64.78,1002.04,443.29,187
27.92,74.99,75.13,1005.47,431.76,188
17.34,44.78,56.38,1007.81,454.97,189
17.94,63.07,94.35,1012.42,456.7,190
6.4,39.9,86.55,1007.75,486.03,191
11.78,39.96,82.95,1011.37,472.79,192
20.28,57.25,88.42,1010.12,452.03,193
21.04,54.2,85.61,1012.26,443.41,194
25.11,67.32,58.39,1014.49,441.93,195
30.28,70.98,74.28,1007.51,432.64,196
8.14,36.24,87.85,1013.15,480.25,197
16.86,39.63,83.5,1004.47,466.68,198
6.25,40.07,65.24,1020.19,494.39,199
22.35,54.42,75.01,1012.46,454.72,200
17.98,56.85,84.52,1012.28,448.71,201
21.19,42.48,80.52,1013.43,469.76,202
20.94,44.89,75.14,1009.64,450.71,203
24.23,58.79,75.75,1009.8,444.01,204
19.18,58.2,76.72,1017.46,453.2,205
20.88,57.85,85.47,1012.39,450.87,206
23.67,63.86,57.95,1019.67,441.73,207
14.12,39.52,78.32,1018.41,465.09,208
25.23,64.63,52.2,1020.59,447.28,209
6.54,39.33,93.69,1011.54,491.16,210
20.08,62.52,75.74,1017.99,450.98,211
24.67,63.56,67.56,1013.75,446.3,212
27.82,79.74,69.46,1008.37,436.48,213
15.55,42.03,74.58,1017.41,460.84,214
24.26,69.51,53.23,1013.43,442.56,215
13.45,41.49,88.72,1020.19,467.3,216
11.06,40.64,96.16,1021.47,479.13,217
24.91,52.3,68.26,1008.72,441.15,218
22.39,59.04,86.39,1011.78,445.52,219
11.95,40.69,85.34,1015.62,475.4,220
14.85,40.69,72.64,1014.91,469.3,221
10.11,41.62,97.82,1017.17,463.57,222
23.67,68.67,77.22,1006.71,445.32,223
16.14,44.21,80.59,1020.36,461.03,224
15.11,43.13,46.91,1014.99,466.74,225
24.14,59.87,57.76,1018.47,444.04,226
30.08,67.25,53.09,1017.6,434.01,227
14.77,44.9,84.31,1020.5,465.23,228
27.6,69.34,71.58,1009.63,440.6,229
13.89,44.84,92.97,1023.66,466.74,230
26.85,75.6,74.55,1017.43,433.48,231
12.41,40.96,78.96,1023.36,473.59,232
13.08,41.74,64.44,1020.75,474.81,233
18.93,44.06,68.23,1017.58,454.75,234
20.5,49.69,70.81,1009.6,452.94,235
30.72,69.13,61.66,1009.94,435.83,236
7.55,39.22,77.76,1014.53,482.19,237
13.49,44.47,69.49,1030.46,466.66,238
15.62,40.12,96.26,1013.03,462.59,239
24.8,64.63,55.74,1020.69,447.82,240
10.03,41.62,95.61,1014.55,462.73,241
22.43,63.21,84.75,1012.06,447.98,242
14.95,39.31,75.3,1009.15,462.72,243
24.78,58.46,67.5,1016.82,442.42,244
23.2,48.41,80.92,1008.64,444.69,245
14.01,39.0,79.23,1016.73,466.7,246
19.4,64.63,81.1,1020.38,453.84,247
30.15,67.32,32.8,1013.83,436.92,248
6.91,36.08,84.31,1021.82,486.37,249
29.04,60.07,46.15,1015.42,440.43,250
26.02,63.07,53.96,1010.94,446.82,251
5.89,39.48,59.83,1005.11,484.91,252
26.52,71.64,75.3,1008.27,437.76,253
28.53,68.08,42.53,1013.27,438.91,254
16.59,39.54,70.58,1007.97,464.19,255
22.95,67.79,91.69,1009.89,442.19,256
23.96,47.43,63.55,1008.38,446.86,257
17.48,44.2,61.51,1018.89,457.15,258
6.69,43.65,69.55,1020.14,482.57,259
10.25,41.26,98.08,1007.44,476.03,260
28.87,72.58,79.34,1008.69,428.89,261
12.04,40.23,81.28,1018.07,472.7,262
22.58,52.3,78.99,1009.04,445.6,263
15.12,52.05,80.38,1014.63,464.78,264
25.48,58.95,51.16,1017.02,440.42,265
27.87,70.79,72.17,1003.96,428.41,266
23.72,70.47,75.39,1010.65,438.5,267
25.0,59.43,68.91,1007.84,438.28,268
8.42,40.64,96.38,1022.35,476.29,269
22.46,58.49,70.54,1011.5,448.46,270
29.92,57.19,45.8,1008.62,438.99,271
11.68,39.22,57.95,1017.9,471.8,272
14.04,42.44,81.89,1012.74,471.81,273
19.86,59.14,69.32,1016.12,449.82,274
25.99,68.08,59.14,1013.13,442.14,275
23.42,58.79,81.54,1009.74,441.46,276
10.6,40.22,85.81,1011.37,477.62,277
20.97,61.87,65.41,1011.45,446.76,278
14.14,39.82,81.15,1012.46,472.52,279
8.56,40.71,95.87,1021.27,471.58,280
24.86,72.39,90.24,1001.15,440.85,281
29.0,77.54,75.13,1011.33,431.37,282
27.59,71.97,88.22,1008.64,437.33,283
10.45,40.71,81.48,1015.68,469.22,284
8.51,40.78,89.84,1023.51,471.11,285
29.82,66.51,43.57,1010.98,439.17,286
22.56,62.26,63.16,1012.11,445.33,287
11.38,39.22,57.14,1018.62,473.71,288
20.25,57.76,77.76,1016.28,452.66,289
22.42,59.43,90.56,1007.12,440.99,290
14.85,38.91,60.98,1014.48,467.42,291
25.62,58.82,70.31,1010.02,444.14,292
19.85,56.53,74.05,1020.57,457.17,293
13.67,54.3,75.42,1015.92,467.87,294
24.39,70.72,82.25,1009.78,442.04,295
16.07,44.58,67.95,1019.52,471.36,296
11.6,39.1,100.09,1009.81,460.7,297
31.38,70.83,47.28,1010.35,431.33,298
29.91,76.86,72.41,998.59,432.6,299
19.67,59.39,77.67,1014.07,447.61,300
27.18,64.79,63.7,1016.27,443.87,301
21.39,52.3,79.77,1009.2,446.87,302
10.45,41.01,93.84,1020.57,465.74,303
19.46,56.89,84.95,1014.02,447.86,304
23.55,62.96,70.16,1020.16,447.65,305
23.35,63.47,84.24,1011.78,437.87,306
9.26,41.66,73.32,1016.87,483.51,307
10.3,41.46,86.17,1018.21,479.65,308
20.94,58.16,65.43,1016.88,455.16,309
23.13,71.25,94.59,1002.49,431.91,310
12.77,41.5,86.8,1014.13,470.68,311
28.29,69.13,58.18,1009.29,429.28,312
19.13,59.21,89.66,1018.32,450.81,313
24.44,73.5,87.39,1011.49,437.73,314
20.32,44.6,36.35,1015.16,460.21,315
20.54,69.05,79.62,1001.6,442.86,316
12.16,45.0,50.52,1021.51,482.99,317
28.09,65.27,51.96,1013.27,440.0,318
9.25,41.82,74.73,1033.25,478.48,319
21.75,49.82,78.33,1015.01,455.28,320
23.7,66.56,85.19,1002.07,436.94,321
16.22,37.87,83.13,1022.36,461.06,322
24.75,69.45,53.49,1013.97,438.28,323
10.48,39.58,88.86,1011.81,472.61,324
29.53,70.79,60.89,1003.7,426.85,325
12.59,39.72,61.14,1017.76,470.18,326
23.5,54.42,68.29,1012.31,455.38,327
29.01,66.56,57.62,1006.44,428.32,328
9.75,42.49,83.63,1010.57,480.35,329
19.55,56.53,78.1,1020.2,455.56,330
21.05,58.33,66.34,1013.14,447.66,331
24.72,68.67,79.02,1006.74,443.06,332
21.19,58.86,68.96,1014.19,452.43,333
10.77,41.54,71.13,1019.94,477.81,334
28.68,73.77,87.01,1004.72,431.66,335
29.87,73.91,74.3,1004.53,431.8,336
22.99,68.67,77.62,1006.65,446.67,337
24.66,60.29,59.56,1018.0,445.26,338
32.63,69.89,41.66,1013.85,425.72,339
31.38,72.29,73.27,1008.73,430.58,340
23.87,60.27,77.16,1018.94,439.86,341
25.6,59.15,67.02,1013.31,441.11,342
27.62,71.14,52.8,1011.6,434.72,343
30.1,67.45,39.04,1014.23,434.01,344
12.19,41.17,65.47,1019.43,475.64,345
13.11,41.58,74.32,1020.43,460.44,346
28.29,68.67,69.22,1005.46,436.4,347
13.45,40.73,93.88,1018.7,461.03,348
10.98,41.54,69.83,1019.94,479.08,349
26.48,69.14,84.11,1009.31,435.76,350
13.07,45.51,78.65,1015.22,460.14,351
25.56,75.6,69.31,1017.37,442.2,352
22.68,50.78,70.3,1008.83,447.69,353
28.86,73.67,68.23,1006.65,431.15,354
22.7,63.56,71.76,1014.32,445.0,355
27.89,73.21,85.88,1001.32,431.59,356
13.78,44.47,71.09,1027.94,467.22,357
28.14,51.43,52.67,1012.16,445.33,358
11.8,45.09,89.68,1013.21,470.57,359
10.71,39.61,73.66,1018.72,473.77,360
24.54,60.29,58.94,1017.42,447.67,361
11.54,40.05,87.05,1014.78,474.29,362
29.47,71.32,67.0,1008.07,437.14,363
29.24,69.05,43.18,1003.12,432.56,364
14.51,41.79,80.62,1009.72,459.14,365
22.91,60.07,59.72,1016.03,446.19,366
27.02,71.77,72.1,1006.38,428.1,367
13.49,44.47,69.15,1030.18,468.46,368
30.24,66.75,55.66,1017.95,435.02,369
23.19,48.6,61.19,1002.38,445.52,370
17.73,40.55,74.62,1003.36,462.69,371
18.62,61.27,73.35,1019.26,455.75,372
12.85,40.0,68.85,1015.89,463.74,373
32.33,69.68,39.89,1011.95,439.79,374
25.09,58.95,53.16,1016.99,443.26,375
29.45,69.13,52.97,1009.3,432.04,376
16.91,43.96,79.87,1013.32,465.86,377
14.09,45.87,84.09,1009.05,465.6,378
10.73,25.36,100.15,1009.35,469.43,379
23.2,49.3,79.77,1003.4,440.75,380
8.21,38.91,88.99,1015.82,481.32,381
9.3,40.56,76.14,1022.64,479.87,382
16.97,39.16,69.13,1005.7,458.59,383
23.69,71.97,93.03,1009.62,438.62,384
25.13,59.44,77.92,1012.38,445.59,385
9.86,43.56,74.89,1015.13,481.87,386
11.33,41.5,88.7,1013.58,475.01,387
26.95,48.41,62.94,1008.53,436.54,388
15.0,40.66,89.62,1016.28,456.63,389
20.76,62.52,81.04,1015.63,451.69,390
14.29,39.59,94.53,1010.93,463.04,391
19.74,67.71,64.02,1007.68,446.1,392
26.68,59.92,70.57,1009.94,438.67,393
14.24,41.4,70.32,1019.7,466.88,394
21.98,48.41,84.86,1008.42,444.6,395
22.75,59.39,81.41,1015.4,440.26,396
8.34,40.96,89.45,1023.28,483.92,397
11.8,41.2,82.71,1017.18,475.19,398
8.81,44.68,93.93,1023.06,479.24,399
30.05,73.68,70.6,1014.95,434.92,400
16.01,65.46,87.68,1014.0,454.16,401
21.75,58.79,87.58,1012.42,447.58,402
13.94,41.26,74.4,1021.67,467.9,403
29.25,69.13,67.35,1010.27,426.29,404
22.33,45.87,63.61,1007.8,447.02,405
16.43,41.79,76.89,1005.47,455.85,406
11.5,40.22,78.08,1010.31,476.46,407
23.53,68.94,69.17,1007.53,437.48,408
21.86,49.21,53.31,1014.61,452.77,409
6.17,39.33,93.32,1012.57,491.54,410
30.19,64.79,42.47,1017.22,438.41,411
11.67,41.93,82.58,1019.81,476.1,412
15.34,36.99,94.59,1007.87,464.58,413
11.5,40.78,86.31,1023.91,467.74,414
25.53,57.17,72.57,1010.0,442.12,415
21.27,57.5,80.76,1014.53,453.34,416
28.37,69.13,71.93,1010.44,425.29,417
28.39,51.43,47.54,1011.74,449.63,418
13.78,45.78,95.72,1025.27,462.88,419
14.6,42.32,77.03,1015.71,464.67,420
5.1,35.57,80.49,1027.17,489.96,421
7.0,38.08,77.67,1020.27,482.38,422
26.3,77.95,78.72,1009.45,437.95,423
30.56,71.98,58.77,1004.74,429.2,424
21.09,46.63,74.8,1013.03,453.34,425
28.21,70.02,51.34,1010.58,442.47,426
15.84,49.69,90.41,1015.14,462.6,427
10.03,40.96,91.1,1024.57,478.79,428
20.37,52.05,62.57,1012.34,456.11,429
21.19,50.16,84.27,1005.81,450.33,430
33.73,69.88,42.93,1007.21,434.83,431
29.87,73.68,40.96,1015.1,433.43,432
19.62,62.96,76.53,1020.76,456.02,433
9.93,40.67,69.74,1018.08,485.23,434
9.43,37.14,74.99,1013.03,473.57,435
14.24,39.58,70.45,1011.17,469.94,436
12.97,49.83,91.49,1008.69,452.07,437
7.6,41.04,88.97,1021.82,475.32,438
8.39,36.24,89.13,1013.39,480.69,439
25.41,48.06,46.52,1013.12,444.01,440
18.43,56.03,60.55,1020.41,465.17,441
10.31,39.82,88.71,1012.87,480.61,442
11.29,41.5,89.15,1013.39,476.04,443
22.61,49.3,83.02,1003.51,441.76,444
29.34,71.98,75.19,1005.19,428.24,445
18.87,67.71,87.35,1004.0,444.77,446
13.21,45.87,85.66,1008.58,463.1,447
11.3,44.6,91.66,1018.19,470.5,448
29.23,72.99,63.47,1007.04,431.0,449
27.76,69.4,72.25,1004.27,430.68,450
29.26,67.17,70.58,1006.6,436.42,451
25.72,49.82,60.1,1016.19,452.33,452
23.43,63.94,89.29,1010.64,440.16,453
25.6,63.76,67.43,1010.18,435.75,454
22.3,44.57,67.58,1008.48,449.74,455
27.91,72.24,70.8,1010.74,430.73,456
30.35,77.17,63.62,1009.55,432.75,457
21.78,47.43,66.68,1007.88,446.79,458
7.19,41.39,90.76,1018.12,486.35,459
20.88,59.8,75.34,1015.66,453.18,460
24.19,50.23,59.77,1015.73,458.31,461
9.98,41.54,80.79,1019.7,480.26,462
23.47,51.3,74.1,1011.89,448.65,463
26.35,49.5,41.34,1012.67,458.41,464
29.89,64.69,58.78,1006.37,435.39,465
19.29,50.16,97.78,1010.49,450.21,466
17.48,43.14,74.85,1018.68,459.59,467
25.21,75.6,69.84,1017.19,445.84,468
23.3,48.78,75.36,1018.17,441.08,469
15.42,37.85,85.8,1009.89,467.33,470
21.44,63.09,90.11,1016.56,444.19,471
29.45,68.27,61.63,1007.96,432.96,472
29.69,47.93,44.76,1002.85,438.09,473
15.52,36.99,89.7,1006.86,467.9,474
11.47,43.67,72.51,1012.68,475.72,475
9.77,34.69,74.98,1027.72,477.51,476
22.6,69.84,79.59,1006.37,435.13,477
8.24,39.61,78.42,1017.99,477.9,478
17.01,44.2,61.23,1019.18,457.26,479
19.64,44.6,47.56,1015.88,467.53,480
10.61,41.58,93.06,1021.08,465.15,481
12.04,40.1,89.65,1014.42,474.28,482
29.19,65.71,50.5,1013.85,444.49,483
21.75,45.09,44.84,1014.15,452.84,484
23.66,77.54,85.32,1008.5,435.38,485
27.05,75.33,82.94,1003.88,433.57,486
29.63,69.71,67.26,1009.04,435.27,487
18.2,39.63,79.05,1005.35,468.49,488
32.22,70.8,62.03,1009.9,433.07,489
26.88,73.56,94.36,1004.85,430.63,490
29.05,65.74,60.02,1013.29,440.74,491
8.9,39.96,95.46,1026.31,474.49,492
18.93,48.6,84.92,1005.72,449.74,493
27.49,63.76,62.8,1010.09,436.73,494
23.1,70.79,90.81,1006.53,434.58,495
11.22,43.13,80.9,1017.24,473.93,496
31.97,79.74,55.84,1007.03,435.99,497
13.32,43.22,75.3,1009.45,466.83,498
31.68,68.24,37.34,1005.29,427.22,499
23.69,63.77,79.5,1013.39,444.07,500
13.83,41.49,87.29,1020.11,469.57,501
18.32,66.51,81.5,1015.18,459.89,502
11.05,40.71,76.42,1024.91,479.59,503
22.03,64.69,75.75,1007.21,440.92,504
10.23,41.46,84.95,1020.45,480.87,505
23.92,66.54,62.37,1009.93,441.9,506
29.38,69.68,49.25,1011.35,430.2,507
17.35,42.86,74.16,1014.62,465.16,508
9.81,44.45,90.55,1021.19,471.32,509
4.97,40.64,94.28,1020.91,485.43,510
5.15,40.07,63.31,1012.27,495.35,511
21.54,58.49,78.9,1010.85,449.12,512
7.94,42.02,90.97,1006.22,480.53,513
18.77,50.66,87.34,1014.89,457.07,514
21.69,69.94,80.8,1010.7,443.67,515
10.07,44.68,90.95,1023.44,477.52,516
13.83,39.64,69.97,1012.52,472.95,517
10.45,39.69,89.45,1003.92,472.54,518
11.56,40.71,76.08,1015.85,469.17,519
23.64,70.04,83.35,1011.09,435.21,520
10.48,40.22,92.16,1004.81,477.78,521
13.09,39.85,58.42,1012.86,475.89,522
10.67,40.23,85.06,1017.75,483.9,523
12.57,39.16,88.91,1016.53,476.2,524
14.45,43.34,83.33,1015.47,462.16,525
14.22,37.85,88.49,1011.24,471.05,526
6.97,41.26,96.88,1010.6,484.71,527
20.61,63.86,73.86,1015.43,446.34,528
14.67,42.28,65.17,1007.21,469.02,529
29.06,72.86,69.41,1004.23,432.12,530
14.38,40.1,81.23,1015.51,467.28,531
32.51,69.98,54.07,1013.29,429.66,532
11.79,45.09,89.17,1013.16,469.49,533
8.65,40.56,78.85,1023.23,485.87,534
9.75,40.81,84.44,1026.0,481.95,535
9.11,40.02,83.02,1031.1,479.03,536
23.39,69.13,90.66,1010.99,434.5,537
14.3,54.3,75.29,1015.16,464.9,538
17.49,63.94,82.6,1020.02,452.71,539
31.1,69.51,45.4,1010.84,429.74,540
19.77,56.65,66.33,1020.67,457.09,541
28.61,72.29,45.33,1011.61,446.77,542
13.52,41.48,67.12,1014.46,460.76,543
13.52,40.83,84.14,1008.31,471.95,544
17.57,46.21,80.81,1014.09,453.29,545
28.18,60.07,49.13,1016.34,441.61,546
14.29,46.18,87.29,1017.01,464.73,547
18.12,43.69,52.95,1016.91,464.68,548
31.27,73.91,68.92,1003.72,430.59,549
26.24,77.95,85.21,1014.19,438.01,550
7.44,41.04,88.56,1021.84,479.08,551
29.78,74.78,55.09,1009.28,436.39,552
23.37,65.46,48.64,1016.25,447.07,553
10.62,39.58,87.85,1011.9,479.91,554
5.84,43.02,87.42,1013.88,489.05,555
14.51,53.82,62.75,1016.46,463.17,556
11.31,42.02,94.86,1001.18,471.26,557
11.25,40.67,63.54,1011.64,480.49,558
9.18,39.42,69.46,1025.41,473.78,559
19.82,58.16,74.66,1016.76,455.5,560
24.77,58.41,80.57,1013.78,446.27,561
9.66,41.06,84.7,1021.21,482.2,562
21.96,59.8,72.6,1016.72,452.48,563
18.59,43.14,52.63,1011.92,464.48,564
24.75,69.89,82.01,1015.29,438.1,565
24.37,63.47,75.22,1012.77,445.6,566
29.6,67.79,51.05,1010.37,442.43,567
25.32,61.25,80.1,1011.56,436.67,568
16.15,41.85,81.58,1016.54,466.56,569
15.74,71.14,65.94,1019.65,457.29,570
5.97,36.25,86.74,1029.65,487.03,571
15.84,52.72,62.57,1026.45,464.93,572
14.84,44.63,57.37,1019.28,466.0,573
12.25,48.79,88.91,1017.44,469.52,574
27.38,70.04,72.26,1011.18,428.88,575
8.76,41.48,74.98,1018.49,474.3,576
15.54,39.31,71.19,1009.69,461.06,577
18.71,39.39,62.82,1014.09,465.57,578
13.06,41.78,55.31,1012.3,467.67,579
12.72,40.71,71.57,1016.02,466.99,580
19.83,39.39,59.16,1013.73,463.72,581
27.23,49.16,40.8,1004.03,443.78,582
24.27,68.28,67.63,1005.43,445.23,583
11.8,40.66,97.2,1017.13,464.43,584
6.76,36.25,91.16,1028.31,484.36,585
25.99,63.07,64.81,1012.5,442.16,586
16.3,39.63,85.61,1004.64,464.11,587
16.5,49.39,93.42,1018.35,462.48,588
10.59,42.49,77.36,1009.59,477.49,589
26.05,65.59,67.03,1012.78,437.04,590
19.5,40.79,89.45,1003.8,457.09,591
22.21,45.01,54.84,1012.22,450.6,592
17.86,45.0,53.48,1023.25,465.78,593
29.96,70.04,54.47,1010.15,427.1,594
19.08,44.63,43.36,1020.14,459.81,595
23.59,47.43,48.92,1006.64,447.36,596
3.38,39.64,81.22,1011.0,488.92,597
26.39,66.49,60.35,1012.96,433.36,598
8.99,39.04,75.98,1021.99,483.35,599
10.91,41.04,74.24,1026.57,469.53,600
13.08,39.82,85.21,1012.27,476.96,601
23.95,58.46,68.46,1017.5,440.75,602
15.64,43.71,78.31,1024.51,462.55,603
18.78,54.2,89.25,1012.05,448.04,604
20.65,50.59,68.57,1016.22,455.24,605
4.96,40.07,67.38,1011.8,494.75,606
23.51,57.32,53.6,1012.55,444.58,607
5.99,35.79,91.69,1011.56,484.82,608
23.65,66.05,78.21,1019.6,442.9,609
5.17,39.33,94.19,1009.68,485.46,610
26.38,49.5,37.19,1012.82,457.81,611
6.02,43.65,83.53,1013.85,481.92,612
23.2,61.02,79.45,1009.63,443.23,613
8.57,39.69,99.9,1000.91,474.29,614
30.72,71.58,50.39,1009.98,430.46,615
21.52,50.66,74.33,1013.56,455.71,616
22.93,62.26,83.66,1011.25,438.34,617
5.71,41.31,89.48,1003.24,485.83,618
18.62,44.06,64.59,1017.76,452.82,619
27.88,68.94,75.68,1007.68,435.04,620
22.32,59.8,64.18,1016.82,451.21,621
14.55,42.74,70.09,1028.41,465.81,622
17.83,44.92,70.58,1025.04,458.42,623
9.68,39.96,99.28,1026.09,470.22,624
19.41,49.39,81.89,1020.84,449.24,625
13.22,44.92,87.99,1023.84,471.43,626
12.24,44.92,88.21,1023.74,473.26,627
19.21,58.49,91.29,1011.7,452.82,628
29.74,70.32,52.72,1008.1,432.69,629
23.28,60.84,67.5,1017.91,444.13,630
8.02,41.92,92.05,1029.8,467.21,631
22.47,48.6,63.23,1002.33,445.98,632
27.51,73.77,90.88,1002.42,436.91,633
17.51,44.9,74.91,1009.05,455.01,634
23.22,66.56,85.39,1002.47,437.11,635
11.73,40.64,96.98,1020.68,477.06,636
21.19,67.71,56.28,1006.65,441.71,637
5.48,40.07,65.62,1019.63,495.76,638
24.26,66.44,55.32,1011.33,445.63,639
12.32,41.62,88.88,1012.88,464.72,640
31.26,68.94,39.49,1005.94,438.03,641
32.09,72.86,54.59,1003.47,434.78,642
24.98,60.32,57.19,1015.63,444.67,643
27.48,61.41,45.06,1012.2,452.24,644
21.04,45.09,40.62,1014.19,450.92,645
27.75,70.4,90.21,1006.65,436.53,646
22.79,71.77,90.91,1005.75,435.53,647
24.22,68.51,74.96,1013.23,440.01,648
27.06,64.45,54.21,1008.72,443.1,649
29.25,71.94,63.62,1007.18,427.49,650
26.86,68.08,50.04,1012.99,436.25,651
29.64,67.79,51.23,1009.99,440.74,652
19.92,63.31,82.71,1015.02,443.54,653
18.5,51.43,92.04,1010.82,459.42,654
23.71,60.23,90.67,1009.76,439.66,655
14.39,44.84,91.14,1023.55,464.15,656
19.3,56.65,70.43,1020.55,459.1,657
24.65,52.36,66.63,1014.76,455.68,658
13.5,45.51,86.95,1015.33,469.08,659
9.82,41.26,96.69,1007.71,478.02,660
18.4,44.06,70.88,1017.36,456.8,661
28.12,44.89,47.14,1009.18,441.13,662
17.15,43.69,63.36,1017.05,463.88,663
30.69,73.67,60.58,1006.14,430.45,664
28.82,65.71,54.3,1014.24,449.18,665
21.3,48.92,65.09,1010.92,447.89,666
30.58,70.04,48.16,1010.4,431.59,667
21.17,52.3,81.51,1009.36,447.5,668
9.87,41.82,68.57,1033.04,475.58,669
22.18,59.8,73.16,1016.77,453.24,670
24.39,63.21,80.88,1012.59,446.4,671
10.73,44.92,85.4,1025.1,476.81,672
9.38,40.46,75.77,1019.29,474.1,673
20.27,57.76,75.76,1016.66,450.71,674
24.82,66.48,70.21,1006.4,433.62,675
16.55,41.66,55.53,1011.45,465.14,676
20.73,59.87,80.48,1019.08,445.18,677
9.51,39.22,72.41,1015.3,474.12,678
8.63,43.79,83.25,1016.08,483.91,679
6.48,40.27,82.12,1010.55,486.68,680
14.95,43.52,94.75,1022.43,464.98,681
5.76,45.87,95.79,1010.83,481.4,682
10.94,39.04,86.02,1021.81,479.2,683
15.87,41.16,78.29,1005.85,463.86,684
12.42,38.25,82.23,1012.76,472.3,685
29.12,58.84,52.86,1001.31,446.51,686
29.12,51.43,60.66,1005.93,437.71,687
19.08,41.1,62.77,1001.96,458.94,688
31.06,67.17,65.54,1007.62,437.91,689
5.72,39.33,95.4,1009.96,490.76,690
26.52,65.06,51.78,1013.4,439.66,691
13.84,44.9,63.62,1007.58,463.27,692
13.03,39.52,83.09,1016.68,473.99,693
25.94,66.49,61.81,1012.83,433.38,694
16.64,53.82,68.24,1015.13,459.01,695
14.13,40.75,72.41,1016.05,471.44,696
13.65,39.28,79.64,1012.97,471.91,697
14.5,44.47,66.95,1028.2,465.15,698
19.8,51.19,91.98,1008.25,446.66,699
25.2,63.76,64.96,1009.78,438.15,700
20.66,51.19,88.93,1008.81,447.14,701
12.07,43.71,85.62,1025.53,472.32,702
25.64,70.72,84.0,1010.16,441.68,703
23.33,72.99,89.41,1009.33,440.04,704
29.41,64.05,67.4,1009.82,444.82,705
16.6,53.16,76.75,1014.5,457.26,706
27.53,72.58,89.06,1009.13,428.83,707
20.62,43.43,64.02,1009.93,449.07,708
26.02,71.94,64.12,1009.38,435.21,709
12.75,44.2,81.22,1017.59,471.03,710
12.87,48.04,100.13,1012.47,465.56,711
25.77,62.96,58.07,1019.86,442.83,712
14.84,41.48,63.42,1017.26,460.3,713
7.41,40.71,83.32,1023.07,474.25,714
8.87,41.82,74.28,1033.3,477.97,715
9.69,40.46,71.91,1019.1,472.16,716
16.17,46.97,85.8,1014.22,456.08,717
26.24,49.82,55.58,1014.9,452.41,718
13.78,43.22,69.7,1011.31,463.71,719
26.3,67.07,63.79,1006.26,433.72,720
17.37,57.76,86.59,1016.0,456.4,721
23.6,48.98,48.28,1015.41,448.43,722
8.3,36.08,80.42,1020.63,481.6,723
18.86,42.18,98.58,1001.16,457.07,724
22.12,49.39,72.83,1019.8,451.0,725
28.41,75.6,56.07,1018.48,440.28,726
29.42,71.32,67.13,1002.26,437.47,727
18.61,67.71,84.49,1004.07,443.57,728
27.57,69.84,68.37,1004.91,426.6,729
12.83,41.5,86.07,1013.12,470.87,730
9.64,39.85,83.82,1012.9,478.37,731
19.13,58.66,74.86,1013.32,453.92,732
15.92,40.56,53.52,1020.79,470.22,733
24.64,72.24,80.61,1011.37,434.54,734
27.62,63.9,43.56,1013.11,442.89,735
8.9,36.24,89.35,1013.29,479.03,736
9.55,43.99,97.28,1020.5,476.06,737
10.57,36.71,80.49,1022.62,473.88,738
19.8,57.25,88.9,1010.84,451.75,739
25.63,56.85,49.7,1012.68,439.2,740
24.7,58.46,68.64,1015.58,439.7,741
15.26,46.18,98.58,1013.68,463.6,742
20.06,52.84,82.12,1004.21,447.47,743
19.84,56.89,78.32,1013.23,447.92,744
11.49,44.63,86.04,1020.44,471.08,745
23.74,72.43,91.36,1007.99,437.55,746
22.62,51.3,81.02,1012.36,448.27,747
29.53,72.39,76.05,998.47,431.69,748
21.32,48.14,71.81,1016.57,449.09,749
20.3,58.46,82.13,1015.93,448.79,750
16.97,44.92,74.27,1025.21,460.21,751
12.07,41.17,71.32,1013.54,479.28,752
7.46,41.82,74.59,1032.67,483.11,753
19.2,54.2,84.44,1011.46,450.75,754
28.64,66.54,43.39,1010.43,437.97,755
13.56,41.48,87.2,1008.53,459.76,756
17.4,44.9,77.11,1020.5,457.75,757
14.08,40.1,82.81,1015.48,469.33,758
27.11,69.75,85.67,1009.74,433.28,759
20.92,70.02,95.58,1010.23,444.64,760
16.18,44.9,74.46,1021.3,463.1,761
15.57,44.68,90.02,1022.01,460.91,762
10.37,39.04,81.93,1023.95,479.35,763
19.6,59.21,86.29,1017.65,449.23,764
9.22,40.92,85.43,1021.83,474.51,765
27.76,72.99,71.66,1007.81,435.02,766
28.68,70.72,71.33,1009.43,435.45,767
20.95,48.14,67.72,1013.3,452.38,768
9.06,39.3,84.23,1019.73,480.41,769
9.21,39.72,74.44,1019.54,478.96,770
13.65,42.74,71.48,1026.58,468.87,771
31.79,76.2,56.3,1007.89,434.01,772
14.32,44.6,68.13,1013.85,466.36,773
26.28,75.23,68.35,1011.44,435.28,774
7.69,43.02,85.23,1014.51,486.46,775
14.44,40.1,79.78,1015.51,468.19,776
9.19,41.01,98.98,1022.14,468.37,777
13.35,41.39,72.87,1019.17,474.19,778
23.04,74.22,90.93,1009.52,440.32,779
4.83,38.44,72.94,1015.35,485.32,780
17.29,42.86,72.3,1014.38,464.27,781
8.73,36.18,77.74,1013.66,479.25,782
26.21,70.32,78.29,1007.0,430.4,783
23.72,58.62,69.1,1016.65,447.49,784
29.27,64.69,55.79,1006.85,438.23,785
10.4,40.43,75.09,1025.46,492.09,786
12.19,40.75,88.98,1015.13,475.36,787
20.4,54.9,64.26,1016.68,452.56,788
34.3,74.67,25.89,1015.98,427.84,789
27.56,68.08,59.18,1010.8,433.95,790
30.9,70.8,67.48,1008.48,435.27,791
14.85,58.59,89.85,1014.04,454.62,792
16.42,40.56,50.62,1020.36,472.17,793
16.45,63.31,83.97,1015.96,452.42,794
10.14,42.02,96.51,1003.19,472.17,795
9.53,41.44,80.09,1018.01,481.83,796
17.01,49.15,84.02,1021.83,458.78,797
23.94,62.08,61.97,1022.47,447.5,798
15.95,49.25,88.51,1019.04,463.4,799
11.15,41.26,81.83,1022.67,473.57,800
25.56,70.32,90.63,1009.07,433.72,801
27.16,66.44,73.37,1011.2,431.85,802
26.71,77.95,77.5,1012.13,433.47,803
29.56,74.22,57.46,1007.45,432.84,804
31.19,70.94,51.91,1007.29,436.6,805
6.86,41.17,79.14,1020.12,490.23,806
12.36,41.74,69.24,1020.58,477.16,807
32.82,68.31,41.85,1010.44,441.06,808
25.3,70.98,95.1,1007.22,440.86,809
8.71,41.82,74.53,1033.08,477.94,810
13.34,40.8,64.85,1026.56,474.47,811
14.2,43.02,57.07,1012.18,470.67,812
23.74,65.34,62.9,1013.7,447.31,813
16.9,44.88,72.21,1018.14,466.8,814
28.54,71.94,65.99,1007.4,430.91,815
30.15,69.88,73.67,1007.2,434.75,816
14.33,42.86,88.59,1010.82,469.52,817
25.57,59.43,61.19,1008.88,438.9,818
30.55,70.04,49.37,1010.51,429.56,819
28.04,74.33,48.65,1013.53,432.92,820
26.39,49.16,56.18,1005.68,442.87,821
15.3,41.76,71.56,1022.57,466.59,822
6.03,41.14,87.46,1028.04,479.61,823
13.49,44.63,70.02,1019.12,471.08,824
27.67,59.14,61.2,1016.51,433.37,825
24.19,65.48,60.54,1018.8,443.92,826
24.44,59.14,71.82,1016.74,443.5,827
29.86,64.79,44.8,1017.37,439.89,828
30.2,69.59,67.32,1008.9,434.66,829
7.99,41.38,78.77,1021.95,487.57,830
9.93,41.62,96.02,1013.76,464.64,831
11.03,42.32,90.56,1017.26,470.92,832
22.34,63.73,83.19,1014.37,444.39,833
25.33,48.6,68.45,1002.54,442.48,834
18.87,52.08,99.19,1005.25,449.61,835
25.97,69.34,88.11,1009.43,435.02,836
16.58,43.99,79.29,1021.81,458.67,837
14.35,46.18,87.76,1016.63,461.74,838
25.06,62.39,82.56,1008.09,438.31,839
13.85,48.92,79.24,1011.68,462.38,840
16.09,44.2,67.24,1019.39,460.56,841
26.34,59.21,58.98,1013.37,439.22,842
23.01,58.79,84.22,1009.71,444.64,843
26.39,71.25,89.12,999.8,430.34,844
31.32,71.29,50.07,1008.37,430.46,845
16.64,45.87,98.86,1009.02,456.79,846
13.42,41.23,95.79,994.17,468.82,847
20.06,44.9,70.06,1008.79,448.51,848
14.8,44.71,41.71,1014.67,470.77,849
12.59,41.14,86.55,1025.79,465.74,850
26.7,66.56,71.97,1005.31,430.21,851
19.78,50.32,96.4,1008.62,449.23,852
15.17,49.15,91.73,1021.91,461.89,853
21.71,61.45,91.62,1010.97,445.72,854
19.09,39.39,59.14,1013.36,466.13,855
19.76,51.19,92.56,1008.38,448.71,856
14.68,41.23,83.71,998.43,469.25,857
21.3,66.86,55.43,1013.04,450.56,858
16.73,39.64,74.91,1008.94,464.46,859
12.26,41.5,89.41,1014.87,471.13,860
14.77,48.06,69.81,1010.92,461.52,861
18.26,59.15,86.01,1012.04,451.09,862
27.1,79.74,86.05,1005.43,431.51,863
14.72,40.83,80.98,1009.65,469.8,864
26.3,51.43,63.62,1012.05,442.28,865
16.48,48.92,64.16,1011.84,458.67,866
17.99,43.79,75.63,1016.13,462.4,867
20.34,59.8,80.21,1015.18,453.54,868
25.53,62.96,59.7,1019.81,444.38,869
31.59,58.9,47.6,1003.39,440.52,870
30.8,69.14,63.78,1007.68,433.62,871
10.75,45.0,89.37,1023.68,481.96,872
19.3,44.9,70.55,1008.89,452.75,873
4.71,39.42,84.42,1026.4,481.28,874
23.1,66.05,80.62,1020.28,439.03,875
32.63,73.88,52.56,1005.64,435.75,876
26.63,74.16,83.26,1009.72,436.03,877
24.35,58.49,70.64,1011.03,445.6,878
15.11,56.03,89.95,1020.27,462.65,879
29.1,50.05,51.53,1005.87,438.66,880
21.24,50.32,84.83,1008.54,447.32,881
6.16,39.48,59.68,1004.85,484.55,882
7.36,41.01,97.88,1024.9,476.8,883
10.44,39.04,85.03,1023.99,480.34,884
26.76,48.41,47.38,1010.53,440.63,885
16.79,44.6,48.08,1014.27,459.48,886
10.76,40.43,79.65,1025.98,490.78,887
6.07,38.91,83.39,1019.25,483.56,888
27.33,73.18,82.18,1012.26,429.38,889
27.15,59.21,51.71,1013.49,440.27,890
22.35,51.43,77.33,1011.34,445.34,891
21.82,65.27,72.81,1013.86,447.43,892
21.11,69.94,84.26,1004.37,439.91,893
19.95,50.59,73.23,1016.11,459.27,894
7.45,39.61,79.73,1017.88,478.89,895
15.36,41.66,62.32,1012.41,466.7,896
15.65,43.5,78.58,1021.39,463.5,897
25.31,74.33,79.88,1015.04,436.21,898
25.88,63.47,65.87,1011.95,443.94,899
24.6,63.94,80.28,1012.87,439.63,900
22.58,41.54,71.33,1013.21,460.95,901
19.69,59.14,70.33,1015.99,448.69,902
25.85,75.08,57.73,1006.24,444.63,903
10.06,37.83,99.46,1005.49,473.51,904
18.59,39.54,68.61,1008.56,462.56,905
18.27,50.16,95.91,1011.07,451.76,906
8.85,40.43,80.42,1025.68,491.81,907
30.04,68.08,51.01,1011.04,429.52,908
26.06,49.02,74.08,1007.59,437.9,909
14.8,38.73,80.73,1003.18,467.54,910
23.93,64.45,54.71,1015.35,449.97,911
23.72,66.48,73.75,1003.61,436.62,912
11.44,40.55,88.43,1023.37,477.68,913
20.28,63.86,74.66,1016.04,447.26,914
27.9,63.13,70.04,1011.8,439.76,915
24.74,59.39,74.64,1015.23,437.49,916
14.8,58.2,85.11,1018.29,455.14,917
8.22,41.03,82.97,1021.76,485.5,918
27.56,66.93,55.59,1016.81,444.1,919
32.07,70.94,49.9,1006.91,432.33,920
9.53,44.03,89.99,1008.87,471.23,921
13.61,42.34,91.61,1017.93,463.89,922
22.2,51.19,82.95,1009.2,445.54,923
21.36,59.54,92.62,1007.99,446.09,924
23.25,63.86,59.64,1017.82,445.12,925
23.5,59.21,63.0,1018.29,443.31,926
8.46,39.66,85.38,1015.14,484.16,927
8.19,40.69,85.23,1019.86,477.76,928
30.67,71.29,52.08,1008.36,430.28,929
32.48,62.04,38.05,1010.39,446.48,930
8.99,36.66,71.98,1028.11,481.03,931
13.77,47.83,90.66,1007.41,466.07,932
19.05,67.32,83.14,1013.2,447.47,933
21.19,55.5,65.22,1019.83,455.93,934
10.12,40.0,91.67,1021.15,479.62,935
24.93,47.01,66.04,1014.28,455.06,936
8.47,40.46,78.19,1019.87,475.06,937
24.52,56.85,54.47,1012.59,438.89,938
28.55,69.84,67.26,1003.38,432.7,939
20.58,50.9,72.56,1011.89,452.6,940
18.31,46.21,82.15,1010.46,451.75,941
27.18,71.06,86.32,1008.16,430.66,942
4.43,38.91,88.17,1019.04,491.9,943
26.02,74.78,72.78,1010.04,439.82,944
15.75,39.0,69.58,1015.91,460.73,945
22.99,60.95,69.86,1015.14,449.7,946
25.52,59.15,65.37,1013.88,439.42,947
27.04,65.06,52.37,1013.33,439.84,948
6.42,35.57,79.63,1025.58,485.86,949
17.04,40.12,83.14,1011.81,458.1,950
10.79,39.82,88.25,1012.89,479.92,951
20.41,56.03,55.85,1019.94,458.29,952
7.36,40.07,52.55,1017.29,489.45,953
28.08,73.42,62.74,1012.17,434.0,954
24.74,69.13,90.08,1010.69,431.24,955
28.32,47.93,54.5,1003.26,439.5,956
16.71,40.56,49.88,1019.48,467.46,957
30.7,71.58,48.96,1010.0,429.27,958
18.42,58.95,86.77,1016.95,452.1,959
10.62,42.02,96.66,999.83,472.41,960
22.18,69.05,70.84,1002.75,442.14,961
22.38,49.3,83.83,1003.56,441.0,962
13.94,41.58,68.22,1020.76,463.07,963
21.24,60.84,82.22,1017.99,445.71,964
6.76,39.81,87.9,1017.11,483.16,965
26.73,68.84,66.83,1010.75,440.45,966
7.24,38.06,85.36,1020.6,481.83,967
10.84,40.62,60.9,1015.53,467.6,968
19.32,52.84,83.51,1004.29,450.88,969
29.0,69.13,52.96,1001.22,425.5,970
23.38,54.42,73.02,1013.95,451.87,971
31.17,69.51,43.11,1010.51,428.94,972
26.17,48.6,61.41,1002.59,439.86,973
30.9,73.42,65.32,1011.21,433.44,974
24.92,73.68,93.68,1015.12,438.23,975
32.77,71.32,42.39,1007.68,436.95,976
14.37,40.56,68.18,1021.67,470.19,977
8.36,40.22,89.18,1011.6,484.66,978
31.45,68.27,64.79,1007.56,430.81,979
31.6,73.17,43.48,1010.05,433.37,980
17.9,48.98,80.4,1014.17,453.02,981
20.35,50.9,72.43,1012.6,453.5,982
16.21,41.23,80.0,995.88,463.09,983
19.36,44.6,45.65,1016.25,464.56,984
21.04,65.46,63.02,1017.22,452.12,985
14.05,40.69,74.39,1015.66,470.9,986
23.48,64.15,57.77,1021.08,450.89,987
21.91,63.76,76.8,1009.85,445.04,988
24.42,63.07,67.39,1011.49,444.72,989
14.26,40.92,73.96,1022.07,460.38,990
21.38,58.33,72.75,1013.05,446.8,991
15.71,44.06,71.69,1018.34,465.05,992
5.78,40.62,84.98,1016.55,484.13,993
6.77,39.81,87.68,1017.01,488.27,994
23.84,49.21,50.36,1013.85,447.09,995
21.17,58.16,68.11,1017.16,452.02,996
19.94,58.96,66.27,1014.16,455.55,997
8.73,41.92,89.72,1029.41,480.99,998
16.39,41.67,61.07,1012.96,467.68,999
15.28,40.0,65.0,1016.65,458.76,1000
22.05,59.92,93.74,1009.06,437.9,1001
18.63,48.92,71.72,1011.37,450.29,1002
15.0,41.17,64.82,1015.57,468.72,1003
20.46,59.21,85.89,1018.42,445.22,1004
11.97,45.51,81.47,1016.84,472.82,1005
26.59,59.92,70.09,1009.97,438.22,1006
13.76,45.08,80.48,1023.77,469.74,1007
21.41,59.43,74.54,1010.27,442.85,1008
12.45,37.92,61.87,1008.03,470.59,1009
10.62,39.64,62.15,1010.65,477.07,1010
12.33,37.73,59.3,1022.46,470.11,1011
15.63,44.9,82.8,1009.38,457.44,1012
19.11,50.16,100.09,1010.88,450.38,1013
21.83,41.1,41.79,1001.91,453.38,1014
22.02,64.45,47.87,1012.57,454.9,1015
26.54,71.98,91.16,1005.8,431.78,1016
6.9,39.81,88.24,1016.74,481.88,1017
13.05,34.03,64.99,1018.31,472.69,1018
19.61,45.01,64.42,1014.84,461.97,1019
26.26,63.73,70.61,1010.45,442.18,1020
30.56,71.25,70.55,1000.3,431.92,1021
21.81,63.77,83.66,1014.28,444.52,1022
26.65,58.41,65.83,1013.53,442.66,1023
25.18,57.5,60.76,1015.07,449.01,1024
17.8,46.48,81.31,1007.27,452.66,1025
33.27,66.44,43.47,1010.63,430.11,1026
29.94,65.74,46.94,1012.4,440.54,1027
8.51,34.69,75.34,1026.96,481.83,1028
9.45,36.71,83.28,1024.24,476.02,1029
24.27,60.23,77.8,1011.84,438.99,1030
11.28,42.44,99.78,1014.62,473.36,1031
7.93,41.01,97.23,1023.64,476.37,1032
14.3,42.99,73.72,1007.32,467.9,1033
24.31,63.86,58.54,1019.47,442.69,1034
29.3,70.04,61.23,1010.95,426.25,1035
20.43,63.09,91.78,1016.46,445.58,1036
10.94,39.69,86.29,1004.5,459.69,1037
23.04,57.32,64.27,1011.23,442.01,1038
25.37,44.89,63.06,1009.27,442.38,1039
21.1,49.16,86.08,1006.76,442.78,1040
20.4,57.85,92.47,1011.14,450.07,1041
20.51,48.6,80.7,1005.29,448.0,1042
12.15,38.78,95.05,1013.34,474.15,1043
15.27,41.16,84.12,1009.0,467.01,1044
23.78,60.27,78.06,1018.02,441.56,1045
22.01,60.84,83.82,1017.55,441.9,1046
24.72,77.54,81.03,1008.39,438.52,1047
28.84,73.03,76.05,1013.99,435.75,1048
26.53,54.2,66.73,1012.9,439.96,1049
19.82,41.67,51.92,1012.92,456.87,1050
16.69,40.56,51.43,1019.92,469.9,1051
20.36,56.53,72.96,1020.25,455.34,1052
18.6,68.28,84.21,1003.27,446.98,1053
12.54,40.1,84.29,1015.73,475.02,1054
14.54,46.18,94.48,1015.29,463.03,1055
30.97,67.9,55.6,1005.98,428.26,1056
26.54,71.14,72.04,1007.52,431.31,1057
25.2,59.21,55.53,1017.54,444.16,1058
13.17,38.52,83.77,1018.5,468.82,1059
8.53,40.77,90.95,1009.85,481.03,1060
24.06,58.2,48.04,1017.46,445.91,1061
12.25,41.38,59.0,1021.81,474.77,1062
14.7,40.8,50.96,1025.78,472.85,1063
15.75,39.39,76.29,1014.38,468.6,1064
29.45,74.16,64.87,1010.49,438.11,1065
30.22,68.3,34.9,1014.91,434.3,1066
26.96,72.58,89.62,1009.23,429.03,1067
18.48,58.59,85.14,1015.61,452.52,1068
17.78,50.66,91.9,1015.09,456.11,1069
6.64,39.04,74.94,1018.84,481.53,1070
21.83,63.13,85.82,1013.4,443.41,1071
13.92,39.58,80.28,1012.5,465.67,1072
12.14,40.27,73.22,1007.57,472.84,1073
15.64,38.28,76.93,1014.39,466.51,1074
16.0,44.9,80.89,1020.5,461.5,1075
9.75,43.69,82.42,1016.81,481.34,1076
13.56,43.67,94.02,1011.34,467.09,1077
7.94,40.56,80.84,1023.25,488.01,1078
20.46,54.2,84.0,1011.4,448.1,1079
18.23,62.26,91.35,1011.48,448.64,1080
23.14,63.94,53.19,1017.49,446.57,1081
20.55,46.21,73.18,1013.21,448.66,1082
23.58,49.3,74.62,1003.8,440.44,1083
14.51,42.77,81.95,1017.47,463.37,1084
10.05,40.71,84.21,1015.51,471.68,1085
26.91,61.5,55.26,1009.47,436.84,1086
15.66,41.35,86.26,1001.68,463.57,1087
30.07,69.82,57.53,1010.39,437.38,1088
24.28,68.31,77.08,1009.94,440.07,1089
12.57,39.3,72.44,1019.57,473.67,1090
11.01,42.02,98.62,995.24,473.96,1091
23.3,72.99,92.11,1008.54,437.62,1092
28.76,60.23,58.24,1010.03,437.42,1093
21.4,68.28,60.34,1008.2,450.22,1094
30.33,68.67,54.99,1006.0,435.53,1095
18.89,67.71,86.12,1003.92,443.54,1096
18.83,47.83,77.07,1005.58,454.23,1097
12.32,43.69,83.18,1016.26,471.6,1098
25.15,68.51,72.31,1013.25,440.96,1099
17.06,52.9,80.9,1019.76,460.82,1100
23.68,49.02,86.05,1007.53,440.68,1101
11.95,39.82,92.51,1013.4,474.56,1102
25.39,58.79,62.59,1015.85,441.51,1103
11.52,40.8,73.49,1024.31,479.56,1104
19.69,56.65,73.41,1020.86,455.32,1105
26.1,74.16,85.4,1009.42,437.18,1106
27.44,74.9,76.65,1003.85,436.42,1107
27.35,66.05,55.26,1017.62,439.6,1108
25.7,69.45,56.91,1013.86,437.04,1109
24.54,58.66,57.62,1011.63,448.11,1110
14.87,41.23,82.06,997.39,465.01,1111
14.05,40.35,66.21,1011.52,475.54,1112
25.69,73.18,86.35,1012.64,432.82,1113
31.01,67.69,46.16,1005.06,426.64,1114
9.46,42.28,78.16,1008.67,481.95,1115
7.71,40.77,87.04,1021.93,482.19,1116
15.69,37.64,83.88,1016.0,462.18,1117
26.45,64.27,60.92,1013.23,444.9,1118
22.86,60.08,67.11,1017.2,452.34,1119
21.61,49.39,78.2,1019.41,449.26,1120
25.66,77.54,78.42,1008.22,432.82,1121
22.48,71.29,75.41,1008.15,444.71,1122
21.58,63.87,63.15,1015.27,451.88,1123
25.94,77.24,84.82,1007.97,432.88,1124
16.45,44.68,85.14,1018.6,462.66,1125
27.88,63.87,40.0,1017.79,443.24,1126
26.62,65.12,43.24,1016.0,441.22,1127
27.94,49.16,35.46,1004.22,436.75,1128
5.02,45.87,99.22,1007.8,481.03,1129
31.87,71.22,45.66,1006.16,437.0,1130
24.49,68.61,64.03,1010.56,447.57,1131
30.42,67.69,54.19,1006.23,430.9,1132
20.85,59.21,75.97,1012.9,444.44,1133
13.18,40.03,82.29,1017.75,470.88,1134
5.37,38.68,76.48,1017.76,487.07,1135
31.81,69.88,55.91,1007.94,432.6,1136
20.55,48.98,63.89,1016.1,452.52,1137
22.49,69.84,73.76,1006.78,437.57,1138
12.57,39.18,77.28,1023.09,471.87,1139
27.35,69.48,65.81,1008.51,432.31,1140
17.82,49.15,70.25,1020.73,457.35,1141
23.25,56.9,76.37,1006.82,442.76,1142
9.37,40.11,75.03,1024.94,471.13,1143
24.43,58.2,46.84,1017.18,444.89,1144
20.04,49.39,78.84,1020.62,449.63,1145
10.06,43.22,85.7,1014.1,473.0,1146
21.44,50.78,87.56,1008.87,443.3,1147
29.04,62.26,56.6,1010.63,433.97,1148
8.83,41.26,86.08,1023.04,478.87,1149
24.19,46.21,62.04,1010.79,440.87,1150
11.97,41.04,70.75,1026.42,468.81,1151
19.43,52.9,67.41,1017.16,458.46,1152
15.59,45.09,91.97,1013.41,457.54,1153
13.23,42.34,97.49,1018.02,462.21,1154
16.34,41.16,75.52,1006.36,462.56,1155
28.1,61.02,59.05,1011.28,437.5,1156
26.08,70.32,89.0,1012.32,434.24,1157
24.44,52.84,49.05,1006.39,440.2,1158
18.37,58.96,67.79,1015.5,460.25,1159
22.93,51.19,82.8,1009.3,443.57,1160
29.67,73.67,64.98,1006.48,429.28,1161
12.15,43.71,93.69,1025.78,472.59,1162
15.67,45.17,94.74,1018.73,462.09,1163
14.7,48.6,85.65,1006.91,460.63,1164
27.33,52.84,56.16,1005.88,438.97,1165
12.55,38.91,75.44,1012.58,474.35,1166
31.42,69.13,57.16,1009.34,425.98,1167
15.44,39.54,82.14,1007.49,469.28,1168
24.19,47.45,64.25,1008.26,446.3,1169
6.05,41.14,86.93,1027.69,481.02,1170
13.94,42.86,88.78,1012.35,471.64,1171
5.79,45.87,95.41,1010.23,480.97,1172
27.01,69.75,81.29,1009.78,442.57,1173
9.59,38.56,60.1,1017.01,481.3,1174
27.46,69.98,63.73,1013.28,435.36,1175
22.63,70.47,82.27,1008.0,441.92,1176
28.11,77.95,72.81,1009.38,432.98,1177
18.87,44.06,68.78,1013.42,451.4,1178
15.5,49.25,77.92,1021.41,453.99,1179
3.73,39.42,82.42,1024.4,488.58,1180
26.41,68.24,77.79,1010.6,428.52,1181
17.83,66.86,77.31,1011.65,456.56,1182
13.44,37.85,99.13,1009.78,469.89,1183
14.62,46.18,96.81,1014.75,462.26,1184
19.7,43.79,47.39,1015.93,464.41,1185
6.06,41.17,84.7,1019.67,489.62,1186
15.89,38.73,74.37,1001.45,465.76,1187
31.63,69.59,61.81,1008.66,436.89,1188
18.99,44.58,54.71,1018.29,468.35,1189
13.96,40.92,73.08,1022.65,460.95,1190
20.21,54.9,66.56,1016.82,454.23,1191
15.14,49.64,75.0,1023.78,463.58,1192
18.97,44.85,46.31,1014.86,466.17,1193
21.36,52.3,79.38,1007.95,448.13,1194
29.48,64.69,64.46,1006.44,435.09,1195
21.1,62.66,83.49,1011.19,448.8,1196
26.51,70.32,57.4,1010.3,431.82,1197
30.93,61.5,41.46,1009.81,437.35,1198
11.64,41.44,73.18,1016.4,478.99,1199
7.26,36.08,83.15,1021.47,483.58,1200
16.36,44.88,76.0,1018.34,468.53,1201
17.43,63.09,92.77,1019.87,449.36,1202
10.37,37.5,79.25,1013.19,473.1,1203
22.8,49.16,77.05,1006.4,439.65,1204
21.0,70.02,95.11,1010.22,447.29,1205
12.68,45.0,77.19,1022.54,479.69,1206
12.35,44.2,82.49,1017.81,471.65,1207
7.09,43.13,92.37,1017.91,485.04,1208
28.9,68.12,46.56,1011.87,438.53,1209
26.82,69.05,40.0,1004.62,437.42,1210
11.02,40.71,86.64,1020.3,469.31,1211
14.95,43.72,93.62,1010.28,459.31,1212
16.58,44.68,83.38,1021.5,458.87,1213
31.73,73.42,61.81,1010.8,430.46,1214
8.58,38.38,84.37,1021.03,482.26,1215
28.08,73.17,73.1,1011.19,430.8,1216
31.01,67.83,43.57,1007.95,429.46,1217
26.94,59.87,58.34,1011.66,448.6,1218
10.2,41.62,98.09,1016.52,462.87,1219
9.2,39.99,85.95,1011.73,484.04,1220
27.69,70.32,82.27,1012.2,432.57,1221
25.71,71.14,66.39,1010.02,432.46,1222
18.22,39.63,79.0,1005.11,465.78,1223
16.81,42.42,74.25,1008.95,462.19,1224
30.63,74.22,46.52,1007.47,430.38,1225
12.11,38.28,93.21,1013.56,469.93,1226
23.75,60.29,64.04,1017.36,449.57,1227
33.96,68.94,47.39,1006.93,427.06,1228
29.35,54.2,42.45,1013.07,439.47,1229
23.07,50.05,86.98,1006.9,442.97,1230
12.91,41.66,71.52,1013.37,469.71,1231
6.25,39.04,71.27,1019.65,484.14,1232
19.8,58.79,87.71,1017.04,449.66,1233
31.38,68.27,52.79,1006.79,426.67,1234
10.62,39.96,96.64,1025.37,470.8,1235
6.89,43.65,72.77,1019.87,484.0,1236
16.3,38.73,73.45,1001.79,465.7,1237
14.82,44.58,74.88,1020.13,473.17,1238
22.97,63.94,88.47,1010.5,440.81,1239
31.15,66.25,61.08,1008.89,437.55,1240
15.69,41.93,52.69,1021.3,468.43,1241
26.65,66.48,65.09,1005.7,436.65,1242
29.38,73.42,54.96,1011.49,445.42,1243
16.77,49.39,95.86,1018.61,459.38,1244
22.77,70.32,82.43,1012.04,440.67,1245
15.91,44.99,62.81,1010.93,459.73,1246
24.33,68.08,64.81,1013.02,442.93,1247
19.69,56.65,66.94,1020.79,457.17,1248
31.76,66.54,49.64,1003.02,430.18,1249
14.47,42.86,66.73,1031.55,466.64,1250
27.2,72.43,80.67,1006.75,430.32,1251
17.29,44.06,77.56,1016.24,461.38,1252
25.44,63.13,77.83,1011.74,441.91,1253
16.98,43.7,53.51,1015.07,464.01,1254
22.65,68.67,77.42,1006.67,447.01,1255
26.41,60.93,66.02,1007.16,436.71,1256
19.78,63.09,78.39,1019.01,448.34,1257
19.26,65.61,85.74,1015.03,451.85,1258
22.25,59.8,69.02,1016.79,451.64,1259
7.1,35.77,92.1,1015.39,480.36,1260
18.53,39.72,64.08,1001.26,457.26,1261
30.47,77.3,63.7,1002.13,434.68,1262
27.34,71.64,72.22,1008.12,438.76,1263
29.8,69.34,64.74,1009.36,437.65,1264
22.69,65.12,72.02,1016.35,446.91,1265
18.58,49.25,60.24,1019.92,452.94,1266
14.16,44.06,76.34,1018.92,464.91,1267
28.33,78.92,70.04,1011.15,432.67,1268
28.31,70.32,47.0,1007.88,432.5,1269
21.5,50.59,65.28,1017.08,453.8,1270
29.24,64.33,64.14,1011.5,440.29,1271
25.15,66.49,63.46,1012.71,436.0,1272
15.48,53.82,64.77,1016.1,462.69,1273
16.07,47.83,86.49,1006.99,458.18,1274
18.02,53.16,82.84,1013.41,458.01,1275
14.99,41.35,98.9,1004.56,466.85,1276
29.62,71.8,63.13,1011.05,438.55,1277
25.04,63.86,52.79,1018.92,441.6,1278
11.45,40.8,78.6,1027.74,476.28,1279
18.96,44.58,71.95,1016.66,461.96,1280
26.54,66.51,51.22,1015.39,440.04,1281
22.3,67.25,75.85,1017.33,453.27,1282
14.7,41.39,68.19,1018.84,469.6,1283
9.14,40.6,88.91,1015.34,483.57,1284
6.14,38.5,75.35,1012.4,489.26,1285
11.24,42.34,95.19,1021.3,469.3,1286
30.55,71.06,73.38,1009.33,432.6,1287
14.9,52.05,77.33,1015.11,464.82,1288
10.25,37.14,70.73,1013.14,474.37,1289
3.26,41.31,100.0,996.32,489.38,1290
27.54,75.6,57.89,1018.26,440.87,1291
13.65,44.6,87.04,1017.99,466.06,1292
22.08,41.1,46.69,1002.19,455.04,1293
24.93,69.05,85.14,1001.02,429.53,1294
27.58,71.97,87.99,1008.51,430.53,1295
32.14,75.08,49.92,1005.35,439.22,1296
16.98,44.85,51.77,1015.48,464.27,1297
13.25,34.03,72.1,1018.94,470.46,1298
25.9,48.92,35.42,1009.82,443.8,1299
30.27,64.05,65.72,1011.93,438.68,1300
22.37,50.78,82.06,1008.84,449.08,1301
21.93,57.17,81.15,1009.81,448.75,1302
29.65,74.9,71.09,1003.22,433.32,1303
18.32,42.18,95.99,1002.27,458.46,1304
22.76,44.05,74.07,1006.95,450.31,1305
8.95,43.56,81.53,1015.04,485.21,1306
13.12,44.21,89.29,1019.57,469.09,1307
21.18,44.57,73.67,1007.27,449.93,1308
16.71,46.18,95.82,1011.61,459.4,1309
15.01,43.56,61.82,1014.65,465.84,1310
25.96,68.08,71.57,1011.34,432.82,1311
33.4,69.98,47.78,1013.29,432.44,1312
17.4,63.09,92.58,1020.84,453.0,1313
6.49,35.57,79.67,1025.4,486.8,1314
6.01,35.79,90.72,1011.26,482.79,1315
29.97,69.14,66.74,1007.92,433.82,1316
21.33,63.86,72.13,1020.33,445.02,1317
23.27,64.69,70.53,1006.84,438.08,1318
28.3,59.27,61.83,1010.92,445.19,1319
5.74,45.87,95.94,1011.44,482.0,1320
21.67,50.32,85.99,1008.41,445.31,1321
20.06,47.03,83.23,1013.66,461.02,1322
8.25,37.49,81.09,1009.02,480.38,1323
22.61,50.32,79.4,1008.41,444.74,1324
26.31,71.29,84.16,1009.87,432.92,1325
25.03,57.5,62.23,1014.96,449.48,1326
11.44,41.39,79.95,1019.59,478.52,1327
25.14,49.02,79.02,1007.56,438.53,1328
30.91,69.75,59.36,1010.23,435.7,1329
31.54,71.06,71.77,1008.4,431.87,1330
12.24,44.9,82.22,1020.31,464.25,1331
6.65,39.33,92.85,1011.29,490.41,1332
8.31,40.46,78.18,1020.07,476.72,1333
22.72,50.05,88.24,1007.0,444.43,1334
22.78,58.59,65.55,1012.84,445.45,1335
25.63,72.99,86.8,1008.2,436.64,1336
6.01,35.79,91.33,1011.05,482.25,1337
20.21,65.06,73.36,1016.46,451.46,1338
7.47,40.64,94.8,1020.47,478.08,1339
19.73,69.51,61.84,1013.14,450.99,1340
13.57,39.39,82.12,1014.01,471.44,1341
14.8,42.77,76.53,1019.14,462.29,1342
10.41,44.68,91.38,1023.53,474.7,1343
12.33,39.85,66.04,1012.53,479.32,1344
26.65,73.18,83.12,1012.27,437.7,1345
19.09,56.51,92.56,1015.58,449.24,1346
12.81,45.51,79.97,1015.46,469.27,1347
9.99,36.71,83.53,1023.57,475.85,1348
13.02,40.1,87.32,1014.43,474.97,1349
14.15,39.28,77.63,1013.5,471.23,1350
19.46,47.03,88.86,1013.9,460.57,1351
23.19,42.67,63.31,1007.83,446.95,1352
20.25,58.59,65.98,1012.99,452.18,1353
31.9,69.4,57.76,1003.4,436.04,1354
20.76,44.58,57.47,1017.09,462.01,1355
20.51,42.23,71.83,1013.25,461.78,1356
22.56,70.98,95.95,1005.66,440.81,1357
25.64,68.14,56.11,1005.48,437.63,1358
23.63,58.79,67.68,1017.2,442.86,1359
15.3,43.14,71.35,1015.11,466.0,1360
6.79,39.37,72.39,1019.79,487.3,1361
23.89,48.41,62.31,1010.48,441.83,1362
26.23,63.56,65.81,1013.57,440.8,1363
12.5,45.51,82.82,1015.8,469.69,1364
21.97,68.12,75.12,1012.53,443.39,1365
24.11,66.51,56.01,1015.35,437.21,1366
18.24,49.5,79.36,1014.37,464.13,1367
19.7,52.84,89.72,1004.86,444.64,1368
19.15,57.76,74.89,1019.62,458.66,1369
14.79,39.52,71.97,1017.95,469.47,1370
25.13,68.63,43.44,1013.57,446.36,1371
23.02,59.21,83.18,1011.74,440.5,1372
34.35,77.17,59.33,1009.26,437.65,1373
23.95,66.48,73.68,1003.55,431.87,1374
25.52,63.94,41.54,1017.81,440.32,1375
23.56,42.67,66.76,1008.01,440.69,1376
26.67,59.44,58.83,1012.01,441.29,1377
18.7,66.51,79.23,1015.14,458.73,1378
25.89,63.56,64.51,1013.82,443.82,1379
27.25,50.05,60.64,1006.53,439.63,1380
16.73,58.59,89.61,1015.02,455.3,1381
30.67,77.95,61.67,1015.28,435.96,1382
13.98,54.3,74.91,1015.58,466.52,1383
25.42,69.71,82.5,1009.29,435.59,1384
21.57,66.49,68.19,1014.76,455.18,1385
23.66,67.17,87.56,1007.24,443.43,1386
13.87,42.99,81.52,1007.45,471.12,1387
9.42,41.4,87.43,1029.6,478.12,1388
13.61,39.85,58.12,1012.78,475.62,1389
23.84,59.87,59.59,1019.11,441.94,1390
31.09,59.57,60.5,1010.67,440.08,1391
3.98,35.47,86.53,1017.22,489.64,1392
29.28,74.33,72.37,1011.66,426.53,1393
23.55,58.79,78.47,1010.78,447.01,1394
17.37,48.92,58.4,1011.91,455.53,1395
18.34,44.63,89.27,1000.76,455.22,1396
13.86,40.83,82.4,1008.76,470.37,1397
27.36,58.33,56.7,1013.86,439.14,1398
27.71,54.2,47.25,1012.72,440.74,1399
8.46,40.8,81.27,1023.57,485.06,1400
25.18,47.93,60.33,1002.92,441.29,1401
21.82,63.9,92.53,1014.48,447.29,1402
15.61,40.89,80.26,1010.48,467.3,1403
30.4,71.97,76.28,1008.42,430.23,1404
10.54,42.02,99.77,997.5,472.64,1405
10.59,39.96,97.05,1025.87,468.96,1406
12.52,41.44,68.94,1016.08,477.18,1407
32.92,69.05,39.61,1000.74,426.61,1408
21.14,69.94,79.74,1008.87,440.69,1409
26.33,64.45,43.31,1013.12,450.67,1410
27.19,71.58,76.1,1010.85,436.77,1411
19.64,56.53,76.19,1019.6,447.66,1412
15.52,58.59,91.22,1014.12,457.74,1413
12.95,41.38,53.83,1021.97,474.46,1414
6.43,36.08,85.03,1022.73,486.39,1415
25.21,60.37,73.14,1006.01,436.23,1416
21.24,41.67,49.27,1012.6,459.81,1417
9.63,41.14,87.89,1027.99,469.73,1418
24.32,58.79,65.61,1016.8,442.78,1419
17.47,63.31,88.22,1015.28,450.68,1420
14.54,39.39,76.39,1013.87,470.23,1421
20.74,49.69,69.1,1010.91,454.59,1422
8.75,40.77,86.46,1021.99,478.85,1423
27.67,69.59,82.15,1009.13,437.29,1424
23.21,58.66,65.31,1012.24,450.92,1425
7.49,39.81,87.29,1019.03,483.59,1426
7.82,38.91,90.11,1015.58,479.15,1427
7.77,35.77,73.79,1016.53,479.68,1428
22.84,50.05,79.49,1005.59,442.85,1429
10.48,41.93,92.81,1017.17,480.01,1430
10.2,41.46,84.54,1020.23,481.46,1431
27.24,68.08,51.96,1013.23,445.25,1432
9.37,42.32,82.96,1015.15,477.57,1433
24.12,58.66,58.96,1011.55,450.69,1434
14.54,43.14,82.98,1010.26,465.45,1435
31.23,66.75,36.55,1017.48,433.9,1436
5.41,45.87,97.51,1008.47,479.48,1437
15.61,38.52,80.99,1018.4,439.21,1438
26.9,59.14,70.88,1016.18,436.16,1439
23.95,73.67,87.67,1007.32,437.43,1440
9.2,40.03,92.46,1017.05,480.38,1441
9.51,43.79,79.81,1016.02,481.12,1442
8.51,41.26,87.79,1023.17,477.51,1443
19.66,51.43,84.19,1010.17,459.12,1444
27.33,51.43,67.6,1006.18,439.12,1445
21.43,63.94,57.49,1017.28,449.02,1446
14.97,43.67,87.33,1011.13,465.54,1447
21.97,69.23,86.45,1012.25,443.85,1448
8.34,40.77,90.01,1010.84,480.48,1449
21.86,60.27,90.48,1016.06,446.31,1450
24.59,71.94,88.52,1006.89,430.28,1451
26.26,73.06,91.65,1009.35,435.41,1452
26.76,71.94,64.62,1008.81,432.49,1453
30.98,69.82,50.63,1009.17,438.44,1454
19.22,65.06,82.5,1015.05,446.98,1455
25.72,70.47,70.57,1010.44,434.94,1456
22.37,41.54,72.21,1013.74,459.06,1457
26.05,44.89,56.36,1009.83,443.18,1458
20.8,50.9,73.16,1012.07,457.0,1459
29.1,77.95,71.48,1010.01,431.28,1460
11.17,40.27,74.56,1009.54,476.18,1461
11.35,40.73,96.05,1019.37,472.32,1462
18.12,63.09,89.21,1019.32,449.65,1463
16.97,42.86,74.8,1013.92,463.62,1464
10.22,38.18,70.7,1018.01,474.07,1465
13.1,40.55,95.46,1007.59,472.37,1466
18.22,45.09,75.56,1013.62,454.74,1467
4.15,39.9,96.68,1008.84,491.22,1468
19.15,59.21,88.9,1018.41,450.26,1469
15.87,39.31,66.78,1009.95,460.59,1470
8.05,40.8,89.56,1028.01,483.43,1471
18.81,61.87,70.47,1009.71,448.49,1472
23.95,51.86,68.28,1014.24,449.81,1473
13.21,41.2,74.1,1016.63,474.26,1474
9.38,43.7,90.47,1015.45,481.52,1475
27.41,59.21,50.93,1013.3,438.39,1476
18.42,63.94,74.47,1020.47,450.55,1477
19.51,44.05,78.38,1008.52,451.7,1478
28.5,76.86,77.47,999.49,430.62,1479
11.97,42.32,88.32,1016.95,467.98,1480
3.0,39.64,80.14,1011.0,485.2,1481
12.11,41.17,62.59,1019.46,475.53,1482
12.32,41.26,79.74,1022.42,470.27,1483
8.83,36.3,72.69,1027.08,479.86,1484
20.08,49.69,69.88,1008.34,453.54,1485
32.12,69.98,54.3,1013.31,429.86,1486
18.68,56.65,80.26,1020.38,455.79,1487
28.33,68.27,50.37,1008.09,432.66,1488
25.14,67.32,41.78,1013.96,435.39,1489
31.43,69.89,56.22,1014.8,426.15,1490
29.54,72.29,42.0,1011.0,443.79,1491
24.94,74.33,75.34,1014.3,435.21,1492
26.49,67.69,78.13,1004.61,430.62,1493
23.89,64.27,75.22,1013.37,450.82,1494
14.41,40.83,80.43,1009.82,470.13,1495
29.3,68.08,56.23,1011.23,434.11,1496
23.09,69.71,91.35,1009.75,437.7,1497
23.23,71.77,88.1,1005.01,432.8,1498
28.86,67.9,57.19,1006.29,432.97,1499
7.4,41.04,90.9,1024.44,477.69,1500
25.23,61.86,76.18,1013.0,441.48,1501
26.69,79.74,73.79,1008.29,431.41,1502
23.99,45.87,52.62,1007.63,443.66,1503
31.65,66.25,59.05,1008.57,437.35,1504
8.94,43.13,76.66,1014.82,483.63,1505
15.79,58.86,91.91,1015.85,455.15,1506
11.43,40.22,81.04,1010.84,477.5,1507
21.14,67.71,56.78,1006.38,445.12,1508
25.21,65.34,65.04,1013.94,446.68,1509
10.42,39.35,89.75,1015.21,478.52,1510
4.84,38.5,81.62,1011.96,491.23,1511
21.57,69.23,81.73,1011.94,437.55,1512
20.86,39.72,56.38,1001.73,456.27,1513
11.06,37.92,67.32,1008.76,473.16,1514
15.86,40.66,86.74,1016.23,455.85,1515
22.12,60.77,83.87,1018.01,443.97,1516
30.2,71.8,60.66,1011.13,436.94,1517
7.91,37.8,61.0,1020.59,483.49,1518
17.1,62.1,93.63,1020.39,453.4,1519
13.06,44.2,85.68,1018.95,469.02,1520
20.73,69.94,82.12,1009.9,445.91,1521
10.69,36.71,83.28,1022.08,472.81,1522
17.28,44.06,66.93,1018.15,462.05,1523
8.13,39.96,95.84,1026.07,477.12,1524
19.4,39.53,63.38,1007.96,457.17,1525
25.21,59.21,55.06,1017.37,445.33,1526
25.67,58.59,62.34,1013.0,451.03,1527
7.31,42.18,86.75,1014.75,477.38,1528
24.27,57.85,63.48,1012.81,445.1,1529
25.8,65.38,52.28,1009.3,450.5,1530
20.68,42.04,63.43,1010.2,464.14,1531
21.26,50.32,87.22,1008.41,446.22,1532
11.2,35.76,64.59,1019.24,473.33,1533
20.0,39.53,62.09,1007.59,456.28,1534
10.34,41.46,89.73,1017.75,478.03,1535
7.72,41.14,96.75,1025.11,478.34,1536
26.79,77.95,80.22,1009.9,437.91,1537
21.26,60.84,78.83,1018.43,446.08,1538
12.85,40.92,84.04,1023.04,461.05,1539
28.07,70.32,67.02,1007.17,430.29,1540
17.72,39.99,72.3,1007.34,461.7,1541
26.43,75.33,86.48,1004.09,431.79,1542
27.39,67.07,58.2,1006.17,441.45,1543
30.18,65.74,47.74,1012.63,441.65,1544
25.45,67.83,57.97,1009.47,429.95,1545
11.72,41.54,66.84,1020.04,476.12,1546
8.43,40.6,91.81,1015.39,483.1,1547
16.18,41.66,65.62,1010.01,465.82,1548
13.33,54.3,80.32,1016.77,468.1,1549
26.18,52.36,56.65,1013.46,453.54,1550
8.57,41.17,72.47,1020.18,484.2,1551
21.22,59.15,59.71,1014.68,450.96,1552
26.53,65.18,64.37,1012.77,437.39,1553
12.34,40.1,92.26,1015.77,470.92,1554
19.54,44.57,78.93,1007.19,450.54,1555
9.68,41.44,87.34,1015.19,479.89,1556
18.19,66.54,86.05,1012.9,449.22,1557
31.25,68.94,49.61,1005.99,434.51,1558
26.8,72.58,78.24,1008.94,428.62,1559
16.82,41.66,63.14,1010.49,465.64,1560
29.52,64.79,44.83,1017.53,439.6,1561
26.93,72.99,78.85,1007.33,433.18,1562
9.45,41.4,87.35,1027.06,479.0,1563
13.98,44.84,89.09,1023.6,462.81,1564
29.15,73.42,66.49,1011.43,432.26,1565
10.28,39.61,69.09,1020.43,478.34,1566
21.24,63.47,97.02,1011.86,442.94,1567
11.41,41.4,78.59,1019.01,449.5,1568
20.15,39.72,59.32,1001.85,456.87,1569
11.39,40.27,73.13,1009.04,474.93,1570
22.07,50.78,61.33,1008.6,449.96,1571
28.28,69.48,61.3,1008.56,428.75,1572
9.96,41.26,83.83,1022.9,475.21,1573
21.69,44.57,71.53,1005.84,447.88,1574
13.93,44.21,82.4,1022.26,469.12,1575
23.63,60.93,83.06,1006.41,439.9,1576
16.39,52.75,54.61,1024.42,459.48,1577
13.93,44.9,85.93,1022.15,470.59,1578
14.5,41.76,84.42,1023.94,464.23,1579
18.84,67.32,81.89,1012.63,449.21,1580
27.19,64.27,58.13,1013.06,444.54,1581
20.95,70.72,87.73,1009.96,445.66,1582
14.49,41.92,56.62,1030.3,463.81,1583
24.77,71.94,88.86,1006.77,432.27,1584
21.14,48.78,86.2,1020.39,450.35,1585
28.4,59.27,59.75,1012.03,441.64,1586
17.69,65.46,67.28,1013.72,448.49,1587
23.39,63.94,89.94,1010.54,441.44,1588
20.98,43.77,62.73,1010.67,449.88,1589
7.24,41.17,80.56,1020.35,486.76,1590
22.17,65.61,70.91,1014.71,449.91,1591
19.23,41.67,48.86,1012.53,465.66,1592
10.82,41.55,65.14,1004.55,475.44,1593
16.7,50.66,94.87,1014.86,457.74,1594
19.83,51.19,91.29,1008.13,449.0,1595
29.99,74.9,64.43,1003.84,435.87,1596
25.02,60.77,69.85,1016.71,441.21,1597
8.85,40.22,90.6,1008.61,482.3,1598
9.87,40.81,84.25,1017.17,473.2,1599
24.04,72.43,87.2,1008.02,439.39,1600
26.45,69.13,89.64,1001.53,427.5,1601
27.58,57.19,52.95,1007.88,435.7,1602
16.53,53.29,87.47,1018.64,463.32,1603
29.24,60.23,59.71,1009.62,438.24,1604
15.52,40.0,66.27,1017.0,454.14,1605
28.47,67.69,56.51,1004.79,430.67,1606
8.27,35.76,75.25,1020.11,480.8,1607
26.75,64.79,54.31,1017.79,438.4,1608
22.64,72.24,98.55,1011.07,434.36,1609
19.59,66.54,85.84,1012.73,447.16,1610
18.56,42.18,99.59,1001.46,456.61,1611
9.35,44.03,88.11,1011.02,476.25,1612
28.5,72.99,67.13,1007.02,433.24,1613
23.42,73.17,88.39,1012.07,438.22,1614
22.66,68.3,86.92,1017.73,431.27,1615
32.0,71.85,53.59,1008.44,427.95,1616
21.11,65.94,71.91,1009.83,448.77,1617
26.34,69.04,72.06,1009.44,444.13,1618
20.94,44.78,35.7,1008.14,465.57,1619
20.54,59.39,84.15,1014.07,445.41,1620
8.16,39.64,85.56,1011.21,481.78,1621
29.11,74.9,74.01,1003.31,432.43,1622
20.16,57.76,72.1,1019.34,455.13,1623
24.87,68.61,55.69,1011.19,450.54,1624
25.86,59.92,73.95,1009.92,436.06,1625
27.26,73.18,74.83,1012.58,429.92,1626
28.59,69.84,67.31,1003.79,427.53,1627
8.75,40.22,90.53,1008.96,482.8,1628
9.11,40.64,86.91,1020.68,476.62,1629
22.98,69.84,84.1,1005.55,437.49,1630
11.28,43.41,81.03,1017.91,471.42,1631
26.12,75.6,72.31,1017.41,439.68,1632
32.9,68.51,50.09,1012.95,430.23,1633
17.31,44.71,35.4,1017.43,463.05,1634
5.25,42.85,89.67,1013.75,477.78,1635
22.57,62.4,86.05,1009.77,444.69,1636
20.41,50.32,93.12,1008.45,447.06,1637
12.29,40.03,89.64,1017.62,472.65,1638
24.3,69.94,62.14,1007.02,438.92,1639
11.56,41.62,91.42,1012.5,460.6,1640
14.21,39.16,85.09,1016.5,473.87,1641
24.96,68.12,70.22,1011.27,437.62,1642
28.16,70.4,83.17,1003.77,434.01,1643
22.86,47.43,61.54,1009.75,452.53,1644
14.43,45.08,83.98,1023.23,465.07,1645
29.3,67.69,55.5,1007.17,430.72,1646
22.61,42.8,69.71,1014.24,460.26,1647
19.83,59.21,96.42,1012.67,440.03,1648
26.17,59.92,73.75,1010.01,444.96,1649
5.78,45.87,88.8,1012.65,483.27,1650
8.77,40.46,77.84,1019.68,475.0,1651
24.48,69.13,69.43,1002.88,432.71,1652
15.29,41.1,85.53,1005.75,467.99,1653
9.44,43.99,98.06,1020.31,475.01,1654
26.4,48.41,66.95,1008.51,442.23,1655
21.95,60.95,75.09,1015.22,450.38,1656
22.42,60.08,67.46,1017.71,452.31,1657
24.32,65.48,59.02,1017.55,443.31,1658
30.15,72.51,50.64,1009.37,443.72,1659
6.86,40.02,77.94,1031.5,476.45,1660
14.46,45.87,89.44,1008.26,458.69,1661
4.73,41.31,93.44,999.77,486.6,1662
10.27,38.38,70.77,1022.16,475.58,1663
20.37,54.9,65.86,1016.94,453.94,1664
8.12,43.02,85.26,1013.56,483.55,1665
28.57,69.34,65.55,1007.98,439.46,1666
18.81,49.15,67.09,1020.79,459.81,1667
28.62,63.77,55.77,1012.82,441.97,1668
13.96,40.83,84.86,1009.89,469.86,1669
30.47,72.86,66.35,1004.02,432.51,1670
29.13,66.56,52.85,1006.63,439.31,1671
24.41,56.9,77.94,1006.58,439.51,1672
14.56,45.51,69.84,1015.39,469.79,1673
7.11,39.9,87.76,1008.82,484.21,1674
7.92,39.54,84.41,1011.51,481.44,1675
14.56,41.76,85.36,1023.82,464.3,1676
17.45,42.28,69.19,1007.64,463.83,1677
29.75,70.32,55.8,1007.35,427.2,1678
14.86,37.85,86.8,1010.58,467.71,1679
10.57,36.71,82.39,1022.11,472.62,1680
30.09,76.2,61.02,1006.64,434.68,1681
6.82,41.03,87.63,1022.12,489.64,1682
15.4,41.16,80.22,1005.34,465.16,1683
7.31,43.02,86.43,1014.19,484.82,1684
32.56,68.94,58.18,1007.12,425.61,1685
9.77,39.04,76.06,1023.73,483.87,1686
29.22,72.39,77.39,1000.87,430.24,1687
14.33,38.73,85.92,1003.52,468.86,1688
23.36,74.93,71.91,1016.57,443.78,1689
15.23,44.9,81.34,1007.75,456.07,1690
26.82,65.27,53.85,1013.6,437.84,1691
32.41,72.86,58.04,1003.69,432.75,1692
12.92,39.35,88.29,1014.56,469.83,1693
16.92,44.6,58.75,1017.34,460.17,1694
17.18,63.09,93.58,1020.67,451.37,1695
29.31,64.84,53.97,1010.49,442.11,1696
27.04,48.41,60.73,1008.57,441.21,1697
13.21,43.71,86.59,1024.5,466.39,1698
12.3,39.85,73.38,1012.59,476.42,1699
14.66,41.76,78.13,1022.12,463.6,1700
29.1,73.9,59.48,1007.47,436.56,1701
24.54,60.23,72.78,1011.55,445.25,1702
25.24,68.67,76.95,1006.76,442.29,1703
24.81,66.44,69.96,1011.19,435.79,1704
8.75,36.3,57.53,1015.61,480.4,1705
18.01,44.2,55.72,1018.84,456.36,1706
28.44,67.07,50.42,1006.08,433.15,1707
13.56,40.75,74.64,1016.05,474.26,1708
8.13,71.14,86.7,1018.94,471.99,1709
18.97,44.78,47.98,1007.87,463.46,1710
25.66,70.02,68.14,1010.89,442.2,1711
24.32,66.25,91.89,1009.09,444.93,1712
16.7,46.18,95.51,1011.4,458.05,1713
7.61,43.22,86.92,1014.8,478.55,1714
9.01,38.56,63.61,1016.67,482.37,1715
14.98,39.58,75.07,1011.78,467.77,1716
30.24,67.32,46.53,1014.07,437.18,1717
13.53,38.73,85.38,1004.86,472.46,1718
16.73,43.79,73.58,1016.25,468.87,1719
11.94,39.28,89.88,1017.04,475.59,1720
25.68,67.79,69.51,1010.66,449.04,1721
17.84,61.27,70.68,1020.1,454.57,1722
22.66,61.27,55.43,1019.29,448.68,1723
15.69,44.6,61.51,1014.06,462.07,1724
22.88,63.91,87.82,1009.63,442.5,1725
30.78,73.67,58.7,1005.97,427.15,1726
18.44,45.38,86.02,1014.3,461.99,1727
12.03,41.58,90.43,1015.09,464.02,1728
27.74,74.78,60.82,1010.05,436.87,1729
33.01,69.88,53.25,1006.71,433.5,1730
10.56,41.54,78.95,1019.92,479.33,1731
28.8,71.58,59.87,1010.51,434.82,1732
18.0,44.06,78.88,1016.8,454.59,1733
15.27,38.73,77.77,1002.83,465.99,1734
6.26,41.31,87.54,1002.04,485.57,1735
9.24,41.4,84.91,1018.34,477.65,1736
19.65,51.3,90.23,1014.81,452.5,1737
21.32,49.02,85.81,1008.81,445.65,1738
8.43,40.69,87.28,1020.36,484.94,1739
23.49,42.8,65.31,1013.96,459.9,1740
17.88,46.97,67.78,1013.73,456.77,1741
24.7,44.57,57.62,1008.24,444.65,1742
28.4,74.93,48.6,1013.65,442.23,1743
24.59,60.37,76.81,1005.31,438.09,1744
18.28,60.1,85.79,1009.72,452.93,1745
10.08,37.92,66.37,1010.47,474.63,1746
14.48,46.18,92.15,1015.83,462.3,1747
24.77,48.92,47.04,1010.25,448.25,1748
26.13,79.74,90.27,1005.61,431.29,1749
7.61,38.06,83.22,1021.16,484.14,1750
22.06,59.21,87.06,1012.84,442.31,1751
20.51,39.72,47.97,1002.25,452.39,1752
22.99,56.57,78.77,1013.93,445.44,1753
14.05,39.59,94.54,1011.2,464.63,1754
10.95,40.81,77.96,1016.19,474.36,1755
11.84,40.05,86.78,1014.54,473.82,1756
20.76,51.19,87.23,1009.0,445.0,1757
12.89,48.14,83.95,1017.48,463.77,1758
26.62,72.43,82.74,1006.79,430.22,1759
15.8,41.1,77.36,1003.0,465.87,1760
17.8,43.72,78.5,1008.71,458.92,1761
5.5,39.04,78.91,1021.46,478.65,1762
12.38,44.2,81.5,1020.23,467.04,1763
17.14,44.2,62.18,1018.91,457.02,1764
9.41,39.61,78.38,1016.14,477.34,1765
14.44,41.2,81.97,1015.96,469.85,1766
11.68,40.55,85.76,1022.21,475.13,1767
17.48,49.39,84.53,1021.51,460.01,1768
13.87,41.74,64.02,1021.42,472.12,1769
23.57,70.04,82.79,1011.06,437.53,1770
15.85,49.69,88.65,1015.48,464.72,1771
25.59,73.5,81.52,1011.19,435.48,1772
13.95,71.14,75.51,1019.76,461.18,1773
17.12,49.5,87.03,1014.79,463.39,1774
23.99,67.69,78.57,1007.9,437.1,1775
24.41,52.3,70.33,1006.28,442.62,1776
30.25,71.8,60.4,1010.87,437.28,1777
13.38,40.89,92.55,1010.48,472.15,1778
27.55,73.68,81.13,1013.62,431.86,1779
25.16,77.3,86.4,1000.73,439.37,1780
34.15,68.51,37.02,1010.75,430.19,1781
12.68,40.73,92.08,1017.66,465.94,1782
24.64,58.49,72.67,1011.2,444.95,1783
25.38,70.94,73.59,1007.87,446.31,1784
31.35,71.32,62.35,1005.99,434.43,1785
7.79,41.01,97.2,1024.0,477.0,1786
19.19,63.31,66.58,1016.88,453.16,1787
11.8,42.34,93.54,1020.25,466.52,1788
20.47,63.07,88.67,1012.79,451.71,1789
24.82,71.94,64.67,1010.5,438.69,1790
29.6,71.58,52.56,1010.34,434.64,1791
9.48,40.11,73.81,1025.49,472.16,1792
28.42,73.4,62.72,1011.39,438.25,1793
11.86,39.85,66.92,1013.0,478.29,1794
14.48,40.89,82.18,1011.39,470.44,1795
4.71,42.07,82.26,1005.35,486.79,1796
21.7,60.77,88.15,1018.07,444.66,1797
28.97,67.9,65.81,1006.19,434.7,1798
14.1,44.84,79.42,1025.09,468.22,1799
11.74,40.71,82.15,1020.64,470.05,1800
23.82,48.92,44.45,1010.48,446.85,1801
23.01,44.05,74.95,1006.56,450.67,1802
25.77,68.08,73.58,1010.99,433.46,1803
27.0,59.15,61.39,1013.12,440.58,1804
11.92,40.62,55.4,1015.91,464.9,1805
12.83,41.67,84.29,1012.84,474.81,1806
13.69,43.22,74.64,1009.94,466.72,1807
14.17,42.86,66.47,1030.94,466.2,1808
12.82,41.58,81.06,1020.37,464.07,1809
16.7,46.18,96.15,1012.6,455.93,1810
6.5,41.14,86.78,1028.15,480.96,1811
8.28,40.56,79.44,1023.29,486.4,1812
28.46,69.75,79.75,1009.46,435.75,1813
27.16,56.85,39.05,1012.07,437.4,1814
14.12,42.86,88.29,1011.84,471.86,1815
10.8,40.69,87.44,1014.3,478.19,1816
21.4,44.57,73.09,1005.7,445.09,1817
26.45,54.5,65.55,1014.96,450.76,1818
27.39,66.93,53.75,1017.16,441.04,1819
25.78,47.93,67.23,1003.67,442.46,1820
9.5,37.36,63.41,1015.13,478.8,1821
25.1,74.87,79.41,1010.01,439.93,1822
31.98,70.17,59.42,999.43,430.92,1823
11.71,40.05,86.09,1014.49,471.49,1824
13.81,40.2,88.16,1013.66,464.23,1825
21.95,68.63,61.55,1012.8,448.9,1826
6.94,39.61,81.43,1017.74,480.07,1827
14.26,42.86,88.37,1011.33,471.19,1828
19.04,50.12,100.09,1010.53,446.59,1829
14.65,39.28,77.98,1014.04,470.41,1830
22.35,65.61,73.93,1016.27,448.41,1831
33.33,73.03,42.28,1014.2,436.05,1832
12.32,41.62,88.37,1012.16,455.71,1833
29.55,66.25,69.55,1009.38,436.29,1834
14.81,42.77,75.09,1017.83,463.06,1835
19.48,58.66,73.16,1013.32,454.4,1836
28.01,51.43,49.2,1011.6,449.82,1837
31.46,70.79,59.51,1003.54,425.68,1838
13.98,40.71,71.83,1022.72,474.46,1839
27.32,73.42,86.3,1012.07,432.74,1840
24.75,63.57,84.24,1010.47,445.3,1841
28.29,61.86,64.17,1011.87,438.25,1842
26.24,70.36,82.43,1005.4,437.31,1843
9.54,41.17,65.61,1019.79,481.18,1844
27.44,52.3,58.92,1008.15,441.75,1845
20.86,51.3,92.46,1012.03,449.67,1846
7.69,36.24,88.37,1013.08,482.46,1847
22.97,64.15,70.61,1021.0,450.07,1848
20.24,56.03,59.8,1019.78,460.76,1849
8.5,39.16,86.64,1014.1,485.76,1850
19.38,63.56,83.54,1013.13,452.01,1851
21.31,58.05,88.39,1012.94,446.76,1852
32.98,71.32,49.78,1003.67,433.56,1853
26.49,78.92,83.42,1010.82,434.91,1854
32.14,68.31,42.15,1010.48,436.15,1855
9.45,43.5,84.29,1018.89,476.1,1856
15.06,39.3,63.32,1019.63,464.15,1857
15.7,44.21,86.83,1021.26,462.19,1858
21.47,57.19,75.8,1006.45,448.31,1859
9.08,36.71,81.32,1025.07,479.02,1860
25.72,72.39,86.38,1003.01,432.77,1861
20.25,63.91,97.97,1009.27,448.37,1862
23.7,62.91,57.89,1012.26,444.99,1863
31.84,71.37,46.22,1003.51,432.04,1864
13.15,41.14,80.31,1026.72,461.49,1865
10.33,41.44,86.72,1015.24,478.79,1866
29.23,77.3,65.24,1002.71,438.05,1867
20.29,65.27,74.94,1013.17,445.52,1868
12.65,41.93,65.05,1023.07,479.53,1869
25.06,65.46,38.82,1014.37,443.03,1870
23.0,63.78,70.46,1015.85,444.62,1871
21.9,47.43,60.48,1006.8,452.13,1872
23.76,58.41,85.38,1013.85,445.85,1873
10.05,41.17,83.71,1018.98,481.38,1874
24.81,59.43,54.64,1009.42,439.33,1875
25.69,64.45,42.0,1013.05,450.94,1876
14.1,44.92,89.5,1023.95,467.22,1877
10.17,41.46,84.86,1020.01,482.36,1878
16.57,53.82,63.69,1015.17,462.52,1879
19.02,44.85,43.37,1014.57,465.42,1880
14.8,40.2,88.35,1012.87,466.27,1881
29.39,69.89,47.36,1013.92,434.27,1882
25.38,63.87,52.48,1018.7,442.13,1883
13.52,42.34,95.34,1017.97,463.71,1884
22.31,51.19,79.72,1009.38,444.74,1885
17.55,43.14,76.0,1018.86,461.58,1886
12.83,44.88,87.88,1017.86,474.26,1887
26.77,74.22,74.68,1008.87,434.35,1888
24.49,65.46,44.95,1015.77,445.27,1889
15.21,43.56,56.61,1012.92,467.0,1890
31.15,67.45,42.11,1014.85,431.97,1891
19.45,38.52,62.86,1017.99,451.96,1892
17.68,45.17,77.57,1017.5,461.96,1893
22.01,58.46,75.99,1016.26,443.75,1894
13.6,42.86,87.52,1013.37,472.27,1895
17.63,40.55,73.42,1002.27,462.13,1896
23.74,52.3,76.34,1008.88,444.4,1897
21.34,51.61,80.7,1010.11,452.0,1898
6.48,36.24,92.03,1013.62,484.65,1899
24.32,59.14,80.14,1017.46,438.08,1900
13.8,39.82,83.69,1012.37,473.56,1901
30.74,71.77,53.38,1006.24,434.89,1902
26.52,77.17,92.32,1008.71,432.48,1903
24.01,46.93,52.24,1013.3,448.35,1904
25.12,71.58,87.5,1010.18,433.58,1905
33.26,68.51,52.68,1012.49,429.38,1906
3.38,41.31,97.76,998.79,489.11,1907
15.77,58.16,82.56,1016.09,450.11,1908
10.75,45.01,93.16,1018.73,471.47,1909
18.04,44.85,48.4,1015.13,463.31,1910
20.79,50.59,73.35,1017.75,456.01,1911
24.85,70.09,70.09,1006.56,439.96,1912
14.87,35.71,57.7,1015.53,468.75,1913
10.93,39.22,64.94,1019.44,473.27,1914
9.51,40.46,70.12,1018.84,471.32,1915
27.57,60.07,54.75,1016.52,440.12,1916
26.13,48.06,47.67,1013.5,440.99,1917
11.72,40.92,88.55,1023.35,465.88,1918
13.32,41.7,88.3,1020.22,451.93,1919
15.65,54.3,69.66,1018.0,461.69,1920
28.98,70.8,73.45,1008.19,434.08,1921
21.96,48.6,76.27,1004.87,446.56,1922
21.29,47.45,71.6,1008.85,447.78,1923
22.0,51.3,85.79,1012.87,450.18,1924
16.49,49.39,93.13,1018.1,461.54,1925
23.57,63.91,80.74,1011.65,441.93,1926
22.72,69.13,92.43,1010.81,438.01,1927
26.06,71.73,77.02,1009.65,432.38,1928
31.11,74.16,58.86,1012.2,435.69,1929
17.34,45.01,77.71,1013.22,459.01,1930
24.42,64.79,69.32,1016.12,449.1,1931
28.88,71.98,74.24,1005.37,428.61,1932
14.28,42.77,81.77,1020.06,466.75,1933
12.28,40.92,89.14,1023.23,460.33,1934
19.92,38.52,60.68,1018.15,451.16,1935
7.98,40.77,98.65,1008.69,480.72,1936
29.17,72.99,64.92,1006.86,430.59,1937
20.71,58.79,86.67,1017.48,444.39,1938
25.15,62.91,48.22,1012.23,444.19,1939
18.45,42.44,63.52,1013.45,459.79,1940
27.96,77.24,78.51,1007.23,433.35,1941
22.61,45.38,62.91,1013.92,459.53,1942
10.62,39.64,68.55,1010.51,478.37,1943
7.55,38.08,76.32,1019.37,485.49,1944
28.84,74.67,67.43,1016.52,428.98,1945
23.55,65.94,58.44,1011.76,443.98,1946
19.11,44.85,45.86,1014.76,464.66,1947
25.87,67.79,79.88,1011.16,445.87,1948
11.68,40.55,99.82,1017.31,473.51,1949
27.51,73.67,76.75,1005.71,431.97,1950
14.43,39.82,78.52,1012.56,470.17,1951
30.22,74.9,67.15,1003.57,434.17,1952
18.41,44.9,73.81,1008.97,453.12,1953
29.56,71.14,53.18,1011.42,432.09,1954
31.54,77.24,62.98,1007.83,430.07,1955
25.16,43.21,88.69,1011.73,442.29,1956
30.75,73.88,57.95,1005.62,436.97,1957
16.71,46.18,96.6,1012.06,458.4,1958
20.29,63.09,76.07,1019.03,448.22,1959
25.16,54.2,58.02,1012.69,441.99,1960
22.56,66.48,77.46,1003.82,437.73,1961
32.81,75.08,42.0,1005.09,433.37,1962
27.04,69.98,75.41,1008.5,433.25,1963
10.58,42.34,94.01,1022.32,474.91,1964
22.91,66.44,63.43,1011.23,444.48,1965
31.35,68.67,66.85,1005.26,433.73,1966
10.55,41.55,63.24,1005.02,473.99,1967
21.53,70.02,95.95,1010.33,440.93,1968
13.42,38.91,73.82,1012.81,472.22,1969
14.26,44.47,72.19,1028.81,465.77,1970
21.89,74.78,80.39,1010.35,444.6,1971
22.98,51.95,74.92,1006.83,454.63,1972
18.63,61.27,73.67,1019.69,454.03,1973
26.28,73.06,90.7,1008.06,437.01,1974
10.12,41.55,62.34,1005.78,475.46,1975
34.53,73.03,36.74,1013.53,437.03,1976
25.55,71.64,79.35,1009.09,439.37,1977
25.41,68.94,69.2,1007.21,436.95,1978
25.59,65.46,37.89,1014.47,444.9,1979
23.09,69.13,90.07,1010.93,436.67,1980
10.31,40.67,69.61,1017.61,485.25,1981
30.1,66.25,65.41,1009.38,434.99,1982
16.81,42.86,77.11,1013.83,464.36,1983
21.87,69.45,71.19,1014.04,439.97,1984
26.75,43.21,87.28,1012.29,430.45,1985
26.3,69.05,41.7,1005.37,438.12,1986
27.19,64.96,73.99,1006.71,428.79,1987
24.15,71.73,85.16,1009.76,436.55,1988
29.28,77.17,76.3,1009.4,433.14,1989
13.61,38.47,54.98,1015.1,466.51,1990
22.04,57.32,62.17,1012.54,447.27,1991
9.86,38.38,85.35,1018.22,479.56,1992
25.81,66.51,62.19,1016.53,437.57,1993
14.29,39.59,92.38,1012.36,463.13,1994
23.15,69.48,85.83,1011.07,436.16,1995
4.96,39.4,92.22,1003.58,486.09,1996
19.11,58.95,85.49,1017.07,449.89,1997
21.84,60.29,66.89,1017.23,454.4,1998
27.4,77.24,78.13,1007.65,435.74,1999
24.63,63.9,75.24,1014.53,440.23,2000
24.37,68.14,59.27,1005.22,440.22,2001
27.16,59.87,58.84,1011.78,446.38,2002
10.67,42.02,99.94,996.55,472.65,2003
11.2,37.5,72.81,1013.81,472.2,2004
25.67,68.3,74.19,1017.16,435.89,2005
25.93,69.34,79.43,1008.91,434.08,2006
25.71,52.84,53.29,1006.32,445.54,2007
22.98,73.17,90.13,1011.94,438.5,2008
21.94,62.52,74.56,1015.99,449.87,2009
22.67,68.08,66.59,1013.0,443.79,2010
27.28,72.58,89.96,1009.21,431.27,2011
20.24,56.53,77.75,1020.29,455.25,2012
27.92,69.23,44.43,1013.21,435.62,2013
31.95,70.79,55.25,1003.8,426.37,2014
11.41,40.1,91.17,1014.27,476.81,2015
23.74,63.9,81.9,1014.73,445.47,2016
18.74,44.34,55.16,1019.4,468.84,2017
11.22,41.66,72.38,1008.96,477.53,2018
22.53,62.39,86.4,1007.84,450.08,2019
26.31,77.95,77.22,1012.45,436.83,2020
10.23,42.07,91.1,1017.93,475.14,2021
9.07,36.3,56.81,1015.26,479.98,2022
8.42,37.49,82.15,1009.22,478.87,2023
4.87,42.85,94.72,1012.69,482.05,2024
26.91,74.99,78.98,1005.64,437.06,2025
10.77,41.44,75.27,1016.72,479.19,2026
22.93,58.2,54.09,1017.75,444.95,2027
20.19,44.57,72.13,1009.2,454.36,2028
25.18,61.08,80.75,1013.08,445.64,2029
14.1,41.16,73.87,1021.26,460.01,2030
20.79,68.28,76.77,1001.42,445.83,2031
30.56,72.39,69.81,999.96,430.85,2032
17.67,53.16,83.31,1013.59,457.99,2033
12.66,40.35,82.77,1011.37,473.11,2034
17.28,65.94,89.97,1013.62,454.76,2035
9.47,40.81,91.87,1026.44,479.96,2036
20.32,39.72,57.21,1001.38,456.18,2037
18.2,52.72,54.26,1025.87,463.47,2038
7.81,40.71,82.08,1023.32,475.46,2039
29.46,49.3,54.1,1003.88,436.37,2040
22.68,70.47,82.8,1010.86,441.47,2041
25.76,65.48,54.77,1017.82,441.14,2042
23.3,52.84,72.16,1003.97,439.49,2043
25.21,49.82,63.14,1016.44,450.75,2044
18.82,61.27,72.23,1019.5,455.29,2045
28.71,64.69,68.38,1006.52,435.85,2046
7.0,41.55,97.12,1001.43,483.92,2047
18.41,42.44,65.93,1012.66,463.2,2048
29.06,71.64,69.84,1005.54,435.98,2049
9.88,37.83,97.61,1005.68,470.44,2050
20.06,60.77,88.73,1017.19,447.35,2051
11.39,43.72,98.83,1010.91,467.8,2052
28.7,71.64,69.85,1007.11,436.58,2053
22.55,47.45,67.9,1008.65,447.42,2054
28.08,59.14,58.08,1016.16,438.83,2055
21.05,61.87,62.81,1009.69,449.05,2056
14.47,48.14,87.36,1017.28,457.45,2057
8.05,38.38,86.39,1021.14,482.17,2058
13.41,45.0,76.29,1022.31,475.9,2059
8.9,41.4,85.63,1030.83,472.95,2060
18.83,48.98,74.23,1016.33,453.28,2061
24.17,48.78,75.14,1018.08,440.96,2062
26.73,49.02,67.73,1007.75,438.17,2063
21.54,58.41,86.34,1013.99,450.69,2064
26.12,63.31,51.6,1013.97,439.77,2065
21.73,50.32,84.62,1008.51,442.1,2066
28.28,61.47,60.89,1009.44,443.12,2067
25.61,60.32,56.48,1015.77,443.96,2068
25.28,70.32,81.74,1006.91,431.43,2069
23.88,67.9,67.58,1005.99,446.34,2070
34.6,64.96,34.32,1003.3,427.65,2071
16.32,43.14,70.43,1014.72,465.38,2072
23.56,67.79,89.72,1010.14,441.29,2073
9.93,39.04,77.08,1023.78,480.54,2074
24.93,73.5,83.09,1011.28,437.35,2075
28.11,70.98,85.6,1007.76,431.83,2076
29.2,64.84,55.37,1009.94,441.9,2077
8.66,41.01,98.55,1022.51,472.16,2078
9.35,41.03,66.75,1021.33,482.16,2079
23.04,64.27,80.23,1014.29,439.67,2080
7.38,41.22,96.29,1016.47,485.73,2081
25.09,65.46,40.13,1015.29,442.99,2082
5.47,38.68,72.71,1017.33,485.7,2083
26.11,69.84,84.99,1002.57,427.45,2084
6.62,42.49,94.57,1008.74,482.74,2085
21.61,58.62,76.07,1017.61,449.11,2086
29.97,70.32,53.26,1007.44,428.42,2087
28.79,70.79,65.9,1003.83,425.64,2088
23.9,61.41,67.87,1011.95,451.99,2089
32.84,74.67,31.81,1015.89,430.88,2090
11.11,40.55,87.12,1023.91,476.37,2091
14.28,43.02,49.44,1012.97,467.83,2092
19.94,61.87,66.6,1009.7,445.97,2093
12.25,44.85,85.25,1014.13,470.92,2094
15.15,37.64,89.82,1014.37,463.98,2095
9.08,40.46,77.37,1019.48,476.81,2096
26.58,70.98,77.36,1008.96,434.41,2097
19.31,60.07,69.37,1014.86,453.47,2098
33.3,80.18,63.98,1011.09,430.16,2099
9.33,42.49,82.59,1008.93,478.43,2100
26.96,65.34,46.93,1015.05,441.81,2101
16.72,44.34,63.77,1019.26,465.89,2102
14.38,45.09,86.1,1012.95,464.27,2103
32.36,73.91,59.84,1003.88,431.92,2104
27.08,63.78,50.8,1015.04,447.24,2105
21.45,60.84,82.8,1017.86,444.99,2106
20.25,58.33,68.92,1013.25,448.93,2107
20.52,57.76,81.19,1017.03,453.64,2108
26.04,68.08,75.58,1010.82,430.32,2109
18.42,60.1,86.75,1009.77,451.93,2110
8.06,39.96,94.48,1024.23,476.03,2111
28.8,74.9,75.01,1003.48,434.01,2112
23.34,73.5,89.74,1011.43,441.14,2113
26.61,56.85,48.84,1012.48,437.26,2114
29.24,74.67,59.95,1015.81,432.61,2115
12.65,44.0,88.73,1023.03,471.46,2116
12.08,40.75,86.9,1015.84,476.84,2117
12.76,40.27,49.34,1006.58,474.03,2118
25.65,49.3,68.48,1003.73,440.05,2119
17.92,50.66,93.0,1012.62,456.84,2120
16.45,41.48,45.21,1016.64,454.69,2121
22.22,59.14,83.41,1017.32,442.31,2122
18.56,42.28,60.89,1007.75,462.05,2123
19.69,56.65,72.14,1020.84,455.07,2124
20.27,63.56,86.55,1014.24,446.93,2125
21.47,70.32,88.36,1011.72,440.0,2126
10.1,41.58,94.06,1021.26,468.19,2127
29.36,68.94,79.91,1007.5,431.39,2128
18.62,59.15,82.54,1012.85,450.81,2129
20.55,63.86,73.98,1015.12,447.54,2130
8.57,40.69,84.15,1020.87,485.18,2131
14.45,43.71,84.23,1025.26,463.6,2132
31.17,70.98,67.34,1007.19,431.01,2133
31.54,77.24,70.19,1008.23,431.27,2134
14.19,43.71,83.03,1024.38,467.8,2135
29.35,69.04,61.78,1008.55,445.04,2136
29.63,69.59,72.53,1008.3,438.64,2137
11.21,44.03,93.03,1007.95,471.79,2138
13.74,41.16,87.69,1010.74,473.19,2139
25.53,59.57,82.04,1010.65,445.59,2140
31.67,69.89,39.33,1013.88,426.35,2141
26.63,74.22,78.5,1007.44,434.25,2142
24.66,58.86,56.39,1013.86,444.42,2143
20.12,45.09,57.78,1013.73,448.35,2144
9.52,39.61,73.78,1021.18,478.79,2145
13.65,41.58,72.17,1020.56,460.8,2146
25.44,66.54,56.76,1011.9,437.99,2147
12.41,41.16,93.64,1017.45,464.08,2148
14.05,41.39,68.54,1019.06,472.19,2149
24.94,63.94,73.71,1012.72,438.55,2150
6.08,35.79,90.59,1011.08,483.08,2151
28.84,75.6,53.96,1018.41,442.69,2152
7.51,43.02,86.46,1014.35,485.38,2153
23.88,69.94,61.0,1007.48,440.63,2154
31.88,66.44,64.06,1009.25,427.83,2155
28.27,66.56,55.99,1007.36,433.52,2156
23.96,51.3,71.81,1011.81,451.11,2157
22.44,63.47,91.08,1012.02,444.65,2158
14.01,38.91,69.24,1015.86,470.1,2159
29.17,64.79,61.05,1016.43,441.2,2160
14.53,39.0,76.36,1016.48,464.86,2161
31.42,70.17,61.22,999.3,430.78,2162
23.64,58.49,74.2,1011.4,445.75,2163
26.25,52.09,53.12,1013.2,450.53,2164
6.72,39.85,84.66,1011.84,489.09,2165
21.9,63.13,81.83,1011.54,447.4,2166
20.11,51.19,92.06,1007.82,449.03,2167
29.22,73.18,64.91,1012.22,430.57,2168
31.25,69.51,36.83,1010.25,428.77,2169
8.13,39.99,87.89,1011.71,486.19,2170
22.35,66.44,65.41,1011.19,445.27,2171
13.87,38.01,84.22,1022.61,473.39,2172
9.27,36.3,72.13,1026.93,479.66,2173
17.32,45.0,40.45,1022.19,469.38,2174
13.2,45.01,78.78,1013.96,466.71,2175
15.83,45.01,81.9,1013.39,460.22,2176
9.44,41.4,86.22,1027.64,473.94,2177
26.17,48.92,34.43,1009.87,440.09,2178
16.37,44.0,78.26,1024.61,460.14,2179
10.74,40.05,87.33,1015.45,477.93,2180
15.45,45.0,70.74,1023.63,469.54,2181
28.54,76.86,74.67,1000.09,433.35,2182
23.29,62.91,68.25,1013.35,444.61,2183
9.54,41.17,65.61,1019.79,481.18,2184
21.04,50.32,90.19,1008.41,446.33,2185
23.56,60.77,76.34,1017.93,443.13,2186
13.12,39.18,64.33,1023.11,471.44,2187
26.03,70.32,71.35,1008.81,438.15,2188
10.15,43.41,82.07,1018.4,473.43,2189
25.87,59.43,65.83,1008.34,440.26,2190
23.1,72.99,90.54,1008.85,440.46,2191
22.35,63.94,93.02,1010.32,443.9,2192
23.46,47.01,69.19,1014.41,457.76,2193
29.76,73.56,84.85,1008.07,432.51,2194
23.45,66.25,90.28,1009.1,443.44,2195
33.18,72.29,58.35,1009.51,435.26,2196
28.85,66.54,43.27,1010.73,437.79,2197
25.37,66.75,79.26,1017.94,434.16,2198
7.38,44.71,70.55,1020.27,486.91,2199
10.9,41.46,86.2,1016.66,479.45,2200
20.6,45.38,75.78,1014.93,460.24,2201
13.43,40.1,87.9,1015.82,471.77,2202
24.73,71.14,68.87,1009.07,437.55,2203
24.36,68.61,63.78,1010.27,448.71,2204
24.62,72.24,83.94,1011.39,432.13,2205
10.87,37.5,95.56,1011.43,474.07,2206
24.82,59.27,72.34,1012.76,444.81,2207
25.31,49.82,62.15,1014.62,453.05,2208
18.77,52.08,99.86,1004.02,449.62,2209
21.5,61.5,78.13,1008.43,447.83,2210
10.07,41.39,70.53,1019.89,480.54,2211
27.92,68.3,51.04,1015.02,437.28,2212
24.96,65.18,76.19,1012.68,436.24,2213
20.67,70.02,94.09,1010.42,448.75,2214
29.13,70.72,67.49,1009.61,436.9,2215
24.47,75.23,75.25,1012.43,441.07,2216
16.16,25.88,72.24,1009.58,461.86,2217
21.32,59.8,76.26,1016.26,452.7,2218
20.32,39.72,51.71,1002.0,458.8,2219
24.32,71.14,71.65,1011.71,435.34,2220
4.77,39.33,68.98,1011.32,494.91,2221
20.87,63.31,79.51,1012.27,446.7,2222
28.17,63.13,66.61,1012.44,439.94,2223
29.64,69.51,44.65,1012.13,428.69,2224
25.25,62.91,62.64,1012.51,443.14,2225
22.25,60.77,82.19,1017.8,444.05,2226
22.49,71.29,75.8,1008.24,442.58,2227
29.16,73.17,67.77,1010.96,429.06,2228
14.49,44.84,86.55,1024.09,465.72,2229
11.95,41.48,74.83,1013.44,465.41,2230
26.99,72.99,76.1,1008.0,430.81,2231
26.36,73.68,86.44,1013.99,430.39,2232
9.91,39.64,75.82,1010.57,478.63,2233
23.94,51.95,73.42,1008.61,448.67,2234
22.84,59.39,80.36,1014.61,443.71,2235
13.64,44.88,56.86,1019.85,466.66,2236
20.01,43.77,65.53,1012.13,455.66,2237
18.58,44.6,48.15,1016.61,459.06,2238
25.69,72.43,86.38,1006.86,429.99,2239
26.98,72.58,78.5,1008.55,431.12,2240
13.73,45.08,81.64,1023.55,470.35,2241
28.67,69.14,72.68,1008.24,433.79,2242
29.22,75.23,48.73,1010.49,438.57,2243
25.67,74.78,68.87,1010.24,440.48,2244
22.67,62.52,65.63,1016.47,449.34,2245
16.44,44.0,76.51,1024.48,460.33,2246
23.26,59.14,76.29,1016.98,440.37,2247
21.14,58.05,87.27,1012.98,449.74,2248
31.68,73.68,64.0,1014.85,431.11,2249
8.8,41.26,96.52,1008.08,479.74,2250
18.13,49.39,82.52,1021.29,458.53,2251
22.68,59.54,95.44,1004.32,437.96,2252
14.56,40.69,73.73,1015.48,469.31,2253
29.28,75.08,59.0,1005.21,436.15,2254
14.0,43.34,85.51,1016.37,463.99,2255
23.76,74.22,92.98,1009.2,437.47,2256
20.98,60.1,79.44,1011.07,450.95,2257
27.61,59.54,71.27,1005.84,437.85,2258
8.86,40.8,91.0,1028.18,483.36,2259
25.64,63.87,49.25,1017.14,444.34,2260
13.5,41.44,68.36,1015.72,471.34,2261
33.94,74.67,28.16,1015.94,427.98,2262
11.72,39.18,68.53,1024.19,468.98,2263
28.61,69.75,71.7,1009.82,440.53,2264
20.11,57.25,88.89,1010.36,451.95,2265
30.61,67.69,47.46,1004.97,429.8,2266
22.04,58.05,85.22,1013.11,447.28,2267
27.62,67.51,60.25,1012.38,442.13,2268
24.09,63.94,51.02,1017.59,442.92,2269
23.22,63.07,77.59,1012.91,446.62,2270
16.2,65.46,89.84,1013.97,451.86,2271
9.7,40.11,75.48,1026.61,473.97,2272
22.85,60.29,61.92,1017.29,448.58,2273
31.18,69.04,49.72,1008.19,441.26,2274
15.43,39.64,87.99,1008.58,464.05,2275
24.57,49.5,56.31,1014.22,455.72,2276
9.52,40.96,86.49,1023.48,483.59,2277
26.38,66.49,43.06,1013.89,442.38,2278
26.32,69.71,67.05,1009.39,441.25,2279
25.92,50.16,71.3,1003.95,440.98,2280
12.19,40.05,84.39,1014.77,473.92,2281
19.79,44.9,72.68,1008.66,455.59,2282
9.76,41.01,97.59,1019.66,467.6,2283
16.74,41.16,74.24,1006.87,463.0,2284
11.34,41.54,75.83,1020.25,477.24,2285
25.9,47.45,55.96,1007.8,443.13,2286
16.63,43.77,75.09,1012.25,458.66,2287
17.45,50.9,83.8,1012.16,458.67,2288
23.34,45.61,74.09,1012.73,455.82,2289
24.41,58.59,64.52,1012.62,442.64,2290
12.31,44.78,77.34,1011.15,468.29,2291
10.35,37.14,69.26,1013.37,472.63,2292
33.43,66.44,53.45,1010.29,433.01,2293
5.64,40.62,85.98,1015.76,483.17,2294
24.8,61.02,71.75,1009.86,438.96,2295
24.33,46.93,48.27,1013.72,447.43,2296
14.87,38.28,80.24,1014.65,467.29,2297
7.66,41.92,82.48,1031.96,485.11,2298
27.61,69.68,77.01,1012.79,438.31,2299
23.4,72.99,88.82,1009.48,438.51,2300
13.98,44.58,77.59,1016.48,473.01,2301
18.12,58.95,86.16,1017.82,449.28,2302
17.12,48.6,79.15,1007.38,454.47,2303
9.56,44.71,64.6,1021.13,487.92,2304
24.85,58.05,70.12,1011.5,444.53,2305
11.63,41.5,87.11,1013.6,477.3,2306
17.19,43.14,68.62,1014.34,464.72,2307
15.68,43.7,58.96,1015.09,470.29,2308
23.64,69.94,64.53,1005.2,439.66,2309
10.19,44.63,91.64,1020.58,472.45,2310
27.71,70.32,64.05,1008.63,432.59,2311
9.12,41.54,79.26,1018.61,482.95,2312
15.78,48.6,84.23,1007.24,460.86,2313
27.55,68.08,60.71,1011.42,432.59,2314
14.5,39.0,75.75,1017.04,465.32,2315
23.88,51.95,75.25,1005.37,449.52,2316
25.01,66.56,82.46,1004.55,434.74,2317
22.36,58.79,87.51,1011.77,446.49,2318
27.76,44.89,50.15,1009.4,442.83,2319
9.95,43.56,82.62,1014.85,477.88,2320
17.48,58.95,90.35,1016.49,449.26,2321
17.35,47.83,80.57,1006.71,453.96,2322
12.82,43.5,84.32,1022.38,471.41,2323
28.86,49.3,52.85,1003.93,435.75,2324
33.41,77.95,59.72,1010.3,432.9,2325
13.63,43.5,84.32,1022.12,468.28,2326
24.49,70.79,88.65,1005.51,430.54,2327
25.58,63.47,66.81,1011.44,443.66,2328
24.25,74.93,69.31,1013.07,445.44,2329
9.59,38.56,61.89,1017.52,481.05,2330
23.27,64.15,71.18,1020.98,452.26,2331
23.09,70.47,79.89,1010.76,439.36,2332
28.35,70.32,47.13,1009.22,427.21,2333
19.62,68.63,68.05,1012.26,453.84,2334
29.13,47.93,49.1,1002.5,435.61,2335
21.92,66.54,79.82,1012.49,443.03,2336
12.52,40.24,97.41,1020.45,470.56,2337
18.17,52.08,100.09,1001.91,451.06,2338
27.5,65.59,65.37,1011.23,441.27,2339
14.48,39.0,75.97,1016.75,464.56,2340
19.41,46.63,86.28,1013.23,452.6,2341
24.43,47.45,65.18,1007.68,446.45,2342
25.45,63.76,67.78,1009.96,439.56,2343
10.07,39.66,83.78,1015.37,479.64,2344
18.85,48.06,67.88,1012.52,451.77,2345
24.65,64.63,53.45,1020.52,446.04,2346
18.99,62.1,76.76,1020.0,453.09,2347
8.8,39.42,68.72,1025.17,476.5,2348
10.16,41.79,52.4,1021.35,472.75,2349
27.75,77.24,78.37,1007.48,433.57,2350
23.43,61.47,87.11,1007.84,448.01,2351
28.62,69.98,68.53,1013.3,432.11,2352
15.82,43.34,79.07,1014.52,460.4,2353
22.61,44.05,76.74,1005.69,443.45,2354
23.96,60.95,65.24,1015.01,446.4,2355
29.81,73.67,60.91,1005.6,430.67,2356
26.98,70.94,68.16,1007.99,434.73,2357
7.64,41.17,75.14,1020.01,488.53,2358
20.07,42.23,74.11,1012.86,461.25,2359
19.05,59.21,89.53,1017.99,451.0,2360
26.27,58.33,60.43,1013.81,438.82,2361
22.45,57.76,58.6,1017.55,450.61,2362
26.52,73.21,95.38,1002.3,437.02,2363
24.73,69.94,59.15,1006.09,439.86,2364
26.11,70.36,70.12,1007.64,445.37,2365
10.87,38.38,69.78,1020.85,477.03,2366
7.19,38.91,88.61,1016.53,486.05,2367
14.91,39.28,75.23,1014.57,469.34,2368
19.5,52.72,50.21,1025.21,457.26,2369
22.96,68.61,76.62,1011.15,447.18,2370
29.74,56.9,41.91,1007.15,438.76,2371
16.03,41.23,82.04,996.35,464.67,2372
17.35,52.72,58.01,1026.31,463.65,2373
11.26,39.35,99.28,1015.47,471.83,2374
27.82,59.15,42.78,1012.74,442.0,2375
28.15,71.94,68.21,1006.73,427.69,2376
14.66,42.77,79.79,1019.37,463.6,2377
26.56,49.02,70.78,1007.65,438.82,2378
15.49,42.07,78.07,1018.01,460.32,2379
29.29,73.18,66.65,1012.4,430.31,2380
21.69,57.17,82.63,1011.75,446.61,2381
33.67,80.18,60.87,1010.83,431.99,2382
20.79,57.32,70.09,1012.47,446.18,2383
23.35,71.85,73.48,1009.32,441.28,2384
27.01,43.77,46.58,1011.18,440.64,2385
27.71,69.13,51.45,1001.63,432.54,2386
23.48,49.16,70.22,1002.7,445.72,2387
17.77,43.72,77.7,1009.01,456.34,2388
22.24,69.23,79.37,1011.83,441.9,2389
24.6,57.85,69.56,1012.92,447.09,2390
19.06,50.16,99.64,1011.36,449.74,2391
14.56,47.45,91.14,1009.52,451.95,2392
26.62,71.73,80.1,1009.32,431.93,2393
23.03,59.04,81.24,1011.85,444.85,2394
13.73,41.92,64.92,1031.01,466.29,2395
13.79,42.07,88.06,1018.27,462.25,2396
23.46,73.18,88.14,1012.07,438.62,2397
19.58,52.9,64.64,1017.46,458.28,2398
12.76,43.7,65.34,1015.13,475.73,2399
6.93,43.13,88.31,1018.61,486.94,2400
10.63,39.61,72.42,1020.0,476.99,2401
17.46,39.99,69.73,1008.52,461.01,2402
6.15,40.77,88.57,1022.42,482.49,2403
6.9,44.71,71.21,1019.7,486.3,2404
25.77,59.39,69.99,1014.76,438.64,2405
27.86,63.07,56.81,1011.11,440.48,2406
7.91,41.79,54.92,1021.86,479.02,2407
22.35,63.47,82.52,1013.21,440.11,2408
17.65,62.1,84.3,1019.63,452.2,2409
16.96,52.9,81.86,1019.61,460.2,2410
18.71,53.16,82.64,1013.26,455.7,2411
24.22,61.86,80.11,1013.39,442.65,2412
23.61,59.39,78.84,1015.11,438.08,2413
14.01,45.08,82.49,1023.28,464.79,2414
31.33,76.86,64.43,997.85,431.44,2415
12.86,44.77,74.73,1018.75,468.43,2416
16.4,38.01,73.05,1022.2,463.79,2417
22.49,58.82,85.19,1009.73,444.11,2418
23.75,61.5,69.14,1008.16,442.35,2419
28.92,66.51,34.51,1015.5,439.09,2420
12.11,41.17,62.59,1019.46,475.53,2421
13.64,43.71,84.46,1024.41,468.85,2422
28.52,57.82,57.82,1004.81,435.4,2423
24.79,59.21,53.83,1017.9,446.04,2424
24.27,60.37,77.16,1005.13,437.78,2425
31.59,62.7,50.16,1009.3,442.58,2426
23.25,51.86,78.34,1013.54,450.22,2427
22.1,58.33,69.09,1013.71,441.31,2428
24.97,54.2,74.25,1012.68,439.71,2429
11.96,43.41,79.44,1017.42,469.34,2430
35.03,68.27,43.82,1006.55,426.22,2431
17.97,65.94,88.22,1012.92,448.88,2432
24.24,70.32,82.83,1009.38,436.45,2433
5.04,40.64,93.63,1021.35,484.42,2434
17.18,40.55,72.03,1000.47,461.73,2435
11.24,25.36,97.47,1009.26,469.92,2436
32.69,72.86,56.84,1003.57,431.76,2437
27.6,73.42,83.66,1011.91,431.44,2438
7.5,38.06,83.45,1021.96,485.98,2439
22.15,43.77,60.08,1010.81,448.46,2440
18.18,44.63,48.64,1020.41,455.57,2441
17.19,37.2,67.59,1011.84,468.4,2442
10.42,43.79,90.75,1016.22,474.79,2443
12.74,49.83,91.47,1007.44,466.09,2444
27.43,56.85,36.76,1011.86,436.64,2445
23.68,68.12,72.45,1011.18,441.54,2446
13.83,42.86,75.09,1030.77,470.21,2447
16.58,41.93,45.24,1022.36,466.61,2448
13.41,45.0,45.24,1021.65,478.96,2449
16.61,50.9,85.26,1013.18,460.35,2450
3.99,39.9,96.81,1009.74,490.91,2451
23.39,63.21,84.57,1011.91,448.3,2452
14.42,41.16,88.42,1004.32,467.25,2453
7.11,43.13,87.82,1018.96,486.11,2454
13.7,45.64,92.66,1019.18,467.9,2455
24.43,65.18,77.83,1012.57,437.26,2456
27.39,69.14,78.35,1008.82,435.22,2457
26.94,62.91,41.3,1011.68,449.1,2458
19.09,42.44,63.59,1012.93,461.84,2459
15.46,44.6,68.2,1017.7,459.62,2460
31.94,74.99,34.12,1002.05,440.17,2461
10.58,41.49,91.9,1020.43,473.19,2462
19.95,58.46,89.46,1017.45,447.1,2463
5.82,40.62,85.04,1016.79,482.67,2464
12.72,44.9,71.8,1007.6,463.49,2465
14.87,54.3,71.57,1017.17,462.87,2466
29.17,67.45,46.85,1014.1,435.08,2467
14.13,43.7,80.89,1015.94,469.28,2468
22.67,60.77,79.43,1017.56,444.43,2469
28.01,64.69,58.45,1007.61,440.23,2470
30.93,70.83,46.13,1010.61,440.59,2471
23.01,66.54,64.53,1009.86,442.47,2472
32.53,77.95,58.1,1014.76,434.44,2473
26.57,44.57,50.39,1007.76,445.49,2474
11.64,40.1,87.05,1015.5,477.2,2475
16.31,42.28,77.77,1007.45,466.49,2476
20.03,45.01,56.89,1012.73,460.11,2477
20.79,65.59,77.0,1014.9,450.3,2478
17.3,42.24,64.52,1017.07,469.21,2479
25.86,61.08,67.5,1013.51,449.67,2480
9.8,41.82,67.55,1032.98,473.72,2481
25.42,75.6,77.63,1017.39,438.24,2482
28.75,77.24,77.17,1008.92,433.03,2483
18.58,46.97,74.09,1014.25,454.26,2484
22.56,70.79,93.09,1005.85,435.14,2485
23.05,48.98,49.33,1015.64,446.05,2486
26.78,52.3,61.23,1008.52,441.21,2487
10.13,39.18,85.48,1024.09,479.42,2488
31.97,69.04,47.69,1008.5,441.18,2489
8.95,36.18,76.94,1014.08,478.07,2490
7.57,39.61,85.73,1018.66,480.86,2491
25.97,43.21,88.73,1011.9,434.83,2492
24.56,60.27,74.5,1017.63,440.31,2493
30.71,64.05,62.81,1011.75,438.42,2494
13.8,39.39,81.95,1013.85,471.7,2495
20.21,58.12,79.18,1015.36,453.19,2496
16.77,45.01,81.42,1013.47,458.22,2497
29.18,71.43,59.49,1011.65,443.75,2498
17.86,52.9,67.99,1015.71,457.42,2499
4.24,39.9,96.74,1009.28,491.25,2500
24.11,59.27,78.18,1011.02,444.35,2501
15.5,40.12,96.75,1012.79,460.41,2502
9.62,41.01,97.99,1019.43,467.34,2503
5.05,35.57,80.02,1027.03,491.4,2504
26.81,71.29,80.69,1009.65,434.48,2505
15.68,39.16,75.62,1006.09,461.98,2506
21.85,63.86,68.84,1020.16,445.62,2507
30.98,67.45,45.4,1015.18,433.59,2508
30.14,67.69,57.05,1006.54,426.91,2509
29.89,71.29,55.72,1009.0,431.45,2510
29.42,56.9,53.6,1006.51,439.51,2511
26.6,61.02,66.16,1010.26,436.19,2512
19.64,48.06,74.96,1014.81,455.27,2513
13.16,54.3,82.43,1017.33,468.4,2514
33.17,70.4,58.0,1004.45,430.14,2515
16.14,44.71,39.41,1014.83,468.88,2516
25.34,71.06,92.52,1007.74,434.86,2517
21.12,63.56,81.42,1014.16,445.9,2518
13.41,39.35,79.32,1015.1,471.85,2519
13.38,40.12,96.96,1013.92,468.15,2520
17.27,43.52,76.73,1021.37,460.08,2521
16.69,46.18,96.8,1010.8,466.03,2522
7.8,39.04,66.5,1018.46,482.31,2523
27.14,75.23,63.14,1011.47,439.33,2524
21.08,44.05,72.52,1008.13,449.6,2525
32.23,69.13,55.1,1000.61,426.9,2526
13.48,40.73,94.81,1017.59,463.6,2527
10.45,40.0,89.01,1019.01,465.43,2528
25.43,70.17,87.84,1000.46,436.43,2529
7.09,39.37,73.26,1020.07,487.0,2530
31.24,74.22,48.77,1007.74,430.44,2531
21.92,61.87,58.83,1009.68,445.52,2532
10.74,52.75,75.41,1021.75,467.48,2533
13.67,41.48,63.54,1017.51,463.97,2534
9.79,39.69,93.86,1002.36,471.61,2535
14.04,39.64,87.22,1011.09,472.31,2536
24.43,61.25,85.24,1011.66,436.05,2537
14.88,42.28,71.3,1007.26,466.73,2538
10.68,38.38,72.33,1020.79,476.22,2539
14.22,42.32,77.23,1015.54,465.0,2540
14.47,44.66,93.52,1016.33,464.41,2541
7.19,40.81,85.65,1015.22,487.15,2542
11.73,37.92,65.13,1008.24,472.04,2543
10.94,43.67,73.3,1012.36,477.34,2544
14.44,39.0,76.02,1017.06,466.96,2545
24.53,74.78,78.34,1009.9,446.3,2546
29.72,54.2,38.48,1012.86,438.84,2547
17.52,44.05,85.67,1008.87,455.72,2548
12.99,44.0,90.27,1025.22,470.93,2549
10.04,39.66,82.31,1015.84,480.63,2550
30.5,66.75,38.2,1017.55,432.87,2551
33.11,69.75,42.08,1008.88,437.19,2552
13.41,40.89,89.61,1010.85,472.4,2553
26.98,74.78,69.54,1009.77,442.28,2554
15.19,42.03,71.66,1017.38,462.64,2555
28.24,64.69,61.14,1007.35,438.03,2556
29.04,60.07,47.23,1014.88,438.5,2557
13.74,45.08,84.79,1024.97,466.79,2558
12.58,39.72,57.74,1017.85,471.24,2559
17.3,47.45,87.13,1010.29,448.79,2560
28.0,69.05,65.24,1000.82,427.71,2561
15.15,53.82,62.59,1016.34,461.6,2562
25.47,65.34,50.31,1015.3,445.39,2563
20.78,68.28,60.87,1008.75,450.57,2564
26.12,49.02,72.04,1008.63,438.52,2565
13.78,40.73,94.28,1017.55,462.59,2566
26.28,68.14,53.17,1005.61,435.71,2567
27.76,75.33,79.62,1003.69,433.03,2568
18.26,49.64,62.82,1024.92,462.6,2569
6.4,39.18,86.83,1024.6,484.44,2570
26.31,44.57,52.6,1007.51,452.73,2571
32.89,73.68,52.34,1014.45,426.46,2572
6.74,36.08,86.98,1020.36,484.18,2573
22.69,65.18,80.9,1012.47,441.18,2574
33.11,77.54,50.99,1010.36,431.77,2575
22.28,58.86,66.47,1014.08,446.55,2576
28.84,75.6,53.96,1018.41,442.69,2577
31.75,74.99,53.33,1003.25,430.82,2578
9.6,41.82,72.63,1032.93,475.01,2579
21.54,69.48,80.48,1011.04,443.15,2580
13.33,38.47,58.27,1015.42,466.26,2581
12.73,37.73,61.76,1021.89,470.89,2582
28.73,68.24,56.85,1008.31,430.63,2583
9.0,43.13,81.32,1020.25,481.09,2584
31.1,68.51,54.3,1012.99,428.68,2585
28.81,56.86,56.86,1005.82,434.08,2586
14.95,42.74,66.71,1027.66,464.31,2587
23.04,48.06,54.99,1014.16,459.36,2588
24.04,68.94,69.11,1007.62,437.13,2589
27.69,65.34,46.59,1014.31,442.84,2590
28.82,64.79,56.34,1016.74,445.1,2591
25.23,69.34,82.87,1009.51,445.92,2592
8.77,40.77,89.58,1011.54,480.56,2593
7.61,44.71,70.48,1019.41,485.36,2594
28.37,75.6,55.19,1017.48,439.25,2595
21.82,50.66,73.6,1013.74,455.2,2596
14.82,42.74,69.81,1028.04,466.34,2597
13.97,52.05,85.36,1012.05,463.64,2598
31.74,72.25,41.62,1012.21,437.29,2599
27.27,72.58,89.31,1009.25,428.93,2600
23.95,58.79,74.34,1010.45,448.32,2601
29.08,66.54,64.5,1004.67,430.16,2602
28.3,64.33,68.88,1011.23,441.51,2603
12.66,43.67,95.96,1012.49,472.44,2604
30.12,74.16,63.56,1013.13,433.08,2605
29.44,65.51,56.49,1014.82,445.67,2606
25.95,59.92,76.05,1010.05,443.93,2607
32.5,71.37,43.8,1003.75,433.7,2608
23.97,44.57,62.71,1007.35,448.17,2609
21.97,58.12,77.47,1015.29,449.6,2610
32.17,73.21,69.86,1001.43,430.64,2611
12.35,40.73,95.53,1019.03,466.71,2612
18.03,53.16,82.03,1013.06,458.04,2613
32.07,71.29,44.95,1008.43,426.96,2614
31.39,69.59,62.86,1008.28,435.76,2615
11.92,40.62,55.25,1016.66,468.14,2616
10.65,41.78,70.04,1013.66,474.27,2617
31.24,68.3,42.84,1015.89,435.2,2618
9.13,39.04,74.6,1022.36,483.24,2619
23.39,71.25,93.7,1005.22,435.68,2620
11.95,42.03,90.89,1017.58,465.2,2621
33.3,68.14,53.43,1003.02,426.88,2622
24.27,61.47,80.85,1007.84,448.66,2623
18.13,39.72,58.85,1002.75,455.81,2624
21.9,55.5,60.27,1018.85,456.52,2625
27.52,67.9,59.52,1005.65,439.01,2626
16.76,48.14,65.74,1012.92,456.31,2627
12.77,36.71,86.4,1013.29,475.59,2628
16.44,53.82,63.16,1015.4,462.09,2629
29.01,70.32,60.55,1007.26,429.23,2630
18.9,57.5,93.9,1016.21,451.42,2631
22.33,71.94,82.85,1011.06,441.85,2632
26.58,59.39,65.87,1014.49,439.46,2633
17.36,52.9,69.97,1015.42,458.66,2634
28.18,64.84,56.04,1009.22,443.65,2635
24.63,59.57,85.36,1010.45,440.67,2636
13.62,40.2,85.05,1014.2,465.74,2637
16.62,54.3,63.76,1017.99,459.59,2638
17.33,41.35,68.36,999.51,460.46,2639
20.72,63.94,59.83,1017.17,447.69,2640
6.89,39.37,74.17,1020.21,486.9,2641
33.61,69.88,42.51,1007.4,435.99,2642
27.38,59.21,53.53,1012.74,437.78,2643
23.21,63.94,80.23,1013.56,446.11,2644
26.13,71.25,88.47,999.8,430.6,2645
15.18,44.2,72.45,1019.6,462.09,2646
5.66,39.42,78.52,1024.7,482.11,2647
15.75,36.99,93.8,1007.67,464.38,2648
29.45,75.6,50.68,1018.12,437.31,2649
20.12,69.45,88.48,1013.23,442.89,2650
22.8,73.17,91.57,1011.87,437.98,2651
29.93,71.85,66.64,1008.43,426.82,2652
29.25,72.99,61.15,1006.85,429.12,2653
34.14,74.34,43.56,1000.19,434.23,2654
19.47,58.79,87.26,1016.8,450.17,2655
24.03,58.46,70.15,1015.71,442.03,2656
12.71,43.02,62.68,1012.25,475.38,2657
26.6,61.41,54.42,1012.35,451.4,2658
27.09,65.61,48.13,1014.22,442.94,2659
26.44,71.77,81.45,1006.68,430.12,2660
28.31,65.71,59.29,1014.67,447.26,2661
10.87,44.71,58.22,1021.38,484.63,2662
29.54,69.48,56.07,1008.91,427.82,2663
15.98,41.48,55.73,1017.0,456.31,2664
24.27,70.47,78.31,1008.96,434.24,2665
29.78,70.98,77.59,1007.82,436.32,2666
24.05,64.69,69.2,1006.63,438.36,2667
28.59,80.18,89.18,1011.36,431.55,2668
13.97,40.24,88.72,1018.32,467.93,2669
11.56,40.43,74.75,1025.48,489.54,2670
20.07,49.21,56.8,1012.34,454.25,2671
31.19,68.3,39.1,1014.86,430.48,2672
18.39,67.71,92.48,1003.77,444.63,2673
9.78,43.8,69.64,1022.25,477.22,2674
29.26,69.34,58.64,1009.76,435.32,2675
9.53,38.38,80.08,1020.49,478.03,2676
22.32,48.41,79.11,1008.68,445.36,2677
18.95,42.23,79.4,1013.01,462.73,2678
11.55,42.34,94.56,1020.78,469.13,2679
27.3,65.12,44.87,1016.24,442.78,2680
22.1,68.63,59.05,1015.19,449.54,2681
17.12,68.28,94.29,1003.56,449.94,2682
14.85,45.87,84.65,1009.37,462.67,2683
10.33,40.69,84.46,1014.25,480.18,2684
19.45,46.33,99.52,1013.39,452.82,2685
12.16,40.81,70.97,1025.79,476.63,2686
7.65,36.3,65.51,1016.5,482.56,2687
4.31,38.5,82.08,1011.75,492.92,2688
19.04,43.43,68.74,1009.25,453.32,2689
26.02,70.79,79.12,1004.21,428.72,2690
26.09,60.29,50.83,1017.72,444.71,2691
27.14,65.27,55.17,1013.26,441.68,2692
22.67,58.2,60.75,1016.91,446.36,2693
7.28,40.67,72.7,1020.16,493.3,2694
25.62,73.17,86.45,1011.65,430.56,2695
22.33,59.8,67.09,1016.84,450.07,2696
23.93,68.28,69.91,1005.16,444.95,2697
29.07,51.43,61.58,1006.22,438.79,2698
15.79,50.88,99.9,1014.58,460.19,2699
28.81,64.96,68.05,1000.46,427.91,2700
17.07,44.9,70.18,1020.74,460.19,2701
32.51,69.98,49.45,1011.92,428.37,2702
22.11,59.8,73.9,1016.74,453.45,2703
18.41,62.1,78.1,1020.4,457.14,2704
28.9,71.25,77.24,1000.73,431.52,2705
10.47,44.21,85.34,1017.87,476.02,2706
10.09,37.14,72.59,1012.99,473.66,2707
27.09,73.5,76.06,1011.34,434.31,2708
17.44,44.89,80.54,1009.9,457.67,2709
23.76,58.82,77.34,1011.75,444.57,2710
31.11,69.05,41.56,1002.37,433.19,2711
23.86,63.77,82.37,1014.6,440.58,2712
15.09,40.89,92.0,1010.15,466.47,2713
9.26,39.61,84.58,1021.18,480.38,2714
15.83,52.75,58.34,1024.3,458.6,2715
9.96,39.66,82.98,1015.23,480.6,2716
19.3,65.59,81.98,1014.07,452.76,2717
19.91,51.19,90.23,1008.0,449.23,2718
23.18,51.43,81.83,1011.56,449.94,2719
19.13,45.38,81.95,1014.72,459.94,2720
24.6,63.78,60.33,1017.25,448.65,2721
29.38,74.9,72.19,1003.25,433.74,2722
29.15,69.48,55.78,1008.68,430.54,2723
31.03,69.59,63.96,1007.77,432.56,2724
21.84,45.09,46.11,1013.94,450.88,2725
6.28,43.02,88.13,1013.72,487.17,2726
22.48,50.32,83.58,1008.47,444.5,2727
31.51,71.97,71.18,1007.84,430.11,2728
15.67,41.1,77.93,1004.1,466.45,2729
13.24,39.16,86.66,1016.52,474.48,2730
17.1,43.52,70.51,1020.3,461.51,2731
32.32,67.9,37.93,1006.08,428.12,2732
23.51,63.78,69.79,1016.1,446.58,2733
13.58,40.75,76.45,1016.05,472.73,2734
12.43,40.27,61.56,1007.08,470.92,2735
16.37,39.64,76.92,1009.19,463.91,2736
7.64,43.79,84.45,1016.17,486.01,2737
21.03,59.8,76.63,1015.86,453.86,2738
33.37,73.88,47.94,1005.8,436.76,2739
18.92,62.26,85.99,1012.05,451.51,2740
20.61,48.78,85.05,1020.8,449.38,2741
22.38,63.31,73.8,1014.76,441.3,2742
30.2,73.67,62.14,1006.31,428.72,2743
31.02,70.4,77.86,1006.24,431.37,2744
17.64,57.76,85.04,1016.28,455.75,2745
28.85,58.33,41.39,1013.78,444.0,2746
22.4,70.94,84.52,1008.06,440.04,2747
19.13,68.61,94.92,1010.65,448.69,2748
23.79,59.44,79.48,1012.53,448.67,2749
22.12,60.37,92.13,1008.75,439.18,2750
29.14,67.45,46.47,1015.51,433.34,2751
20.17,56.03,56.77,1019.47,458.04,2752
29.3,74.16,81.92,1007.72,431.32,2753
5.7,40.62,84.94,1016.07,482.82,2754
25.5,68.08,72.86,1011.13,436.07,2755
16.06,47.45,88.09,1009.97,450.62,2756
27.75,65.34,45.91,1014.8,440.83,2757
25.12,66.56,65.62,1009.22,436.56,2758
22.78,62.44,75.43,1011.79,446.12,2759
29.3,69.48,53.69,1010.1,429.42,2760
8.01,40.02,85.01,1031.33,477.84,2761
16.58,38.01,60.14,1023.5,464.03,2762
17.08,58.86,87.46,1016.04,449.98,2763
17.54,44.58,79.0,1016.56,465.51,2764
26.93,56.9,77.79,1006.25,444.7,2765
22.52,67.32,66.2,1011.4,443.49,2766
13.48,46.18,88.38,1018.15,464.58,2767
9.05,40.0,80.91,1015.48,472.41,2768
19.93,56.65,62.82,1020.7,456.53,2769
29.68,64.33,57.73,1011.2,441.79,2770
30.52,70.04,54.47,1010.62,431.14,2771
12.54,40.8,68.97,1024.56,479.65,2772
27.6,69.05,42.01,1003.87,436.08,2773
18.48,46.48,82.57,1007.53,461.49,2774
15.24,48.6,86.49,1007.08,459.85,2775
4.41,42.07,68.85,1005.54,488.36,2776
15.82,44.88,78.88,1018.59,461.9,2777
24.65,72.43,90.05,1007.99,437.59,2778
19.02,52.72,51.9,1025.44,461.57,2779
23.32,69.13,91.84,1010.75,435.27,2780
23.99,68.12,70.68,1012.92,437.14,2781
10.12,39.96,98.63,1025.98,471.6,2782
12.53,43.56,74.05,1014.8,469.23,2783
18.11,52.08,100.09,1002.51,449.99,2784
24.94,59.07,84.79,1008.89,440.12,2785
30.92,59.57,62.43,1010.87,440.96,2786
12.68,45.01,83.26,1013.86,448.69,2787
25.41,66.49,51.09,1014.06,449.2,2788
14.12,39.4,76.45,1008.02,468.63,2789
28.33,64.96,69.66,999.71,427.42,2790
14.77,49.15,80.27,1020.56,467.72,2791
29.0,70.72,67.72,1009.51,437.55,2792
18.02,49.78,100.09,1003.86,451.41,2793
11.55,40.6,87.06,1014.44,475.14,2794
15.31,52.75,55.22,1025.21,460.77,2795
12.36,37.73,65.45,1021.36,470.39,2796
19.45,58.95,93.46,1017.79,445.1,2797
27.05,67.79,71.37,1010.99,443.89,2798
9.73,40.22,87.88,1011.48,481.42,2799
11.11,37.5,73.67,1013.68,473.32,2800
13.01,41.58,78.41,1020.82,464.64,2801
11.76,40.96,81.31,1023.22,475.18,2802
17.58,39.63,80.43,1004.84,467.33,2803
27.54,51.43,54.82,1012.3,439.8,2804
29.79,77.17,64.0,1009.68,432.84,2805
13.83,40.2,90.44,1013.28,465.53,2806
32.05,77.24,67.09,1008.06,432.49,2807
28.14,76.86,70.17,1000.7,434.68,2808
34.11,73.56,45.92,1006.77,432.78,2809
22.83,70.79,92.07,1006.36,438.0,2810
21.04,47.43,64.82,1007.15,450.27,2811
12.39,40.75,81.91,1016.05,475.96,2812
27.7,72.24,67.6,1011.02,434.56,2813
16.62,39.99,77.14,1007.07,463.74,2814
25.27,67.07,66.35,1006.34,445.81,2815
9.52,41.26,89.73,1020.55,475.44,2816
17.74,58.33,81.8,1013.55,446.01,2817
22.9,49.3,80.95,1003.45,441.77,2818
14.86,43.14,99.14,1019.21,461.14,2819
26.71,66.25,79.28,1008.11,435.41,2820
13.42,42.86,85.13,1013.88,473.27,2821
25.82,72.39,86.33,1003.4,432.98,2822
15.14,44.21,83.86,1019.97,463.1,2823
10.17,41.17,87.72,1018.58,478.04,2824
27.44,65.59,68.67,1010.76,441.08,2825
23.94,63.21,83.12,1013.52,440.15,2826
25.16,74.33,76.7,1014.55,436.15,2827
12.88,42.74,74.54,1026.25,470.89,2828
31.87,67.32,36.69,1013.65,435.47,2829
22.18,65.46,54.02,1016.74,447.92,2830
9.41,41.54,82.19,1019.48,481.59,2831
12.17,40.6,88.62,1013.59,473.76,2832
30.57,69.71,59.99,1008.94,439.38,2833
28.16,70.98,72.12,1008.51,435.04,2834
9.72,43.41,76.39,1016.25,474.1,2835
11.9,39.16,84.59,1016.53,477.75,2836
7.1,41.74,91.07,1022.25,484.12,2837
11.47,40.27,77.4,1005.39,479.44,2838
28.19,67.45,49.76,1013.97,434.77,2839
9.75,36.66,70.12,1026.21,479.45,2840
7.55,43.65,61.71,1019.09,481.61,2841
19.9,56.53,78.05,1020.52,456.48,2842
12.45,40.56,66.52,1017.84,477.41,2843
9.15,39.61,75.29,1018.11,474.88,2844
14.38,40.66,92.37,1016.34,463.1,2845
26.16,67.9,61.02,1005.81,444.06,2846
22.63,45.61,73.06,1014.14,457.88,2847
30.51,70.79,56.05,1004.55,428.79,2848
26.2,60.07,59.41,1014.75,440.89,2849
25.77,69.04,65.49,1009.66,445.35,2850
14.74,44.47,67.87,1028.29,462.92,2851
17.02,44.85,62.66,1014.38,459.98,2852
17.68,53.16,82.79,1013.09,456.86,2853
8.93,40.46,71.0,1019.03,472.77,2854
9.49,40.69,91.31,1015.09,476.67,2855
23.48,72.99,88.16,1009.61,437.1,2856
22.69,49.21,46.83,1012.64,449.01,2857
12.65,44.34,71.45,1019.4,468.8,2858
12.79,44.68,99.55,1022.51,465.75,2859
13.01,41.17,76.2,1017.26,469.48,2860
30.76,69.14,71.24,1007.63,431.67,2861
22.56,47.43,54.82,1006.72,448.65,2862
20.7,58.16,68.19,1016.73,453.22,2863
21.09,50.9,69.09,1012.42,456.09,2864
26.35,59.44,63.73,1012.16,443.73,2865
35.1,68.27,43.51,1006.96,426.3,2866
14.43,38.28,79.76,1014.76,467.12,2867
16.32,43.56,59.77,1014.4,463.57,2868
12.21,40.64,83.84,1020.31,464.03,2869
32.13,69.98,55.85,1013.3,431.84,2870
25.68,70.32,90.48,1009.08,431.32,2871
24.4,62.26,70.1,1011.62,439.06,2872
6.41,40.81,93.51,1026.57,484.49,2873
23.38,65.06,59.36,1014.12,443.8,2874
30.21,75.33,66.71,1002.24,431.46,2875
22.88,50.23,63.77,1016.11,458.08,2876
27.99,71.58,68.99,1010.68,435.99,2877
16.01,49.64,77.75,1026.35,457.8,2878
31.08,59.57,60.49,1010.76,442.88,2879
23.09,70.02,77.85,1010.58,443.27,2880
21.03,69.05,75.35,1002.17,444.35,2881
12.05,49.83,95.11,1008.54,454.18,2882
14.73,54.3,67.13,1016.75,463.63,2883
32.56,68.14,35.04,1004.02,425.11,2884
6.99,40.07,54.36,1014.83,490.11,2885
18.84,40.79,92.46,1005.18,459.96,2886
6.18,41.38,81.38,1020.23,490.81,2887
13.72,49.83,89.49,1006.88,463.65,2888
29.48,59.27,51.23,1010.99,440.72,2889
14.35,39.39,82.41,1012.92,470.53,2890
19.47,43.43,69.93,1011.66,451.38,2891
26.92,73.17,76.94,1011.42,431.29,2892
26.16,70.04,73.22,1009.63,432.56,2893
19.77,49.39,91.03,1019.02,451.05,2894
26.92,62.44,70.8,1011.09,437.99,2895
27.54,75.6,57.89,1018.26,440.87,2896
18.75,41.1,59.6,1001.97,458.31,2897
26.29,68.24,76.95,1010.71,429.71,2898
27.16,65.61,47.93,1014.21,441.33,2899
16.0,39.16,77.63,1016.37,468.49,2900
10.38,37.73,75.02,1021.5,475.02,2901
30.29,74.16,75.23,1008.77,431.39,2902
24.69,71.73,70.54,1010.13,436.78,2903
14.16,40.89,82.86,1010.78,471.15,2904
9.97,39.99,95.0,1010.09,477.31,2905
21.96,51.43,89.96,1007.28,442.87,2906
32.43,68.31,42.22,1010.09,439.75,2907
27.99,69.89,51.25,1013.94,435.79,2908
18.15,45.01,72.4,1013.06,455.21,2909
8.83,43.56,81.55,1014.9,482.43,2910
26.62,70.36,84.99,1005.15,441.28,2911
32.96,68.31,42.33,1010.39,443.57,2912
24.67,68.61,57.47,1010.71,450.64,2913
27.06,70.47,72.37,1007.0,430.82,2914
25.0,69.71,80.92,1009.23,438.38,2915
15.47,38.73,77.61,1001.13,467.96,2916
17.36,41.23,63.46,998.08,459.1,2917
29.62,70.02,43.1,1010.09,439.35,2918
13.54,40.69,77.55,1015.85,471.05,2919
24.52,59.15,74.83,1014.03,439.55,2920
9.73,38.56,61.81,1017.18,479.78,2921
20.6,65.12,71.57,1015.53,452.86,2922
25.16,68.08,70.16,1010.89,435.78,2923
20.86,63.73,96.83,1008.54,440.42,2924
10.31,45.01,93.67,1018.42,473.74,2925
20.37,69.48,84.31,1011.04,445.81,2926
17.58,44.9,71.48,1020.52,459.78,2927
19.04,51.86,79.01,1018.05,458.64,2928
25.38,71.73,72.6,1009.97,434.44,2929
32.81,77.17,53.13,1009.17,430.53,2930
19.41,67.32,78.8,1012.34,446.71,2931
21.73,69.05,86.64,1001.31,439.01,2932
22.29,56.89,84.89,1014.39,441.9,2933
29.39,71.14,53.88,1010.97,430.5,2934
20.08,58.12,80.84,1015.53,455.85,2935
16.51,51.86,81.18,1022.37,442.48,2936
14.47,42.99,91.15,1009.78,469.0,2937
17.37,40.55,71.42,1001.19,460.97,2938
17.03,43.99,82.32,1021.5,460.25,2939
25.91,67.07,60.12,1005.66,441.74,2940
6.03,40.78,98.68,1025.53,480.36,2941
31.9,73.42,60.58,1010.82,432.27,2942
20.03,47.45,77.56,1009.04,450.6,2943
31.23,68.67,52.1,1005.82,436.58,2944
13.8,45.08,79.72,1023.99,466.71,2945
15.52,41.93,52.92,1022.97,471.97,2946
23.68,51.3,71.24,1011.86,451.67,2947
23.25,70.32,86.52,1009.28,437.96,2948
24.58,49.02,79.32,1008.85,442.47,2949
8.3,36.3,60.62,1015.97,480.58,2950
9.27,42.02,95.05,1004.29,474.93,2951
15.52,42.86,83.48,1015.09,467.12,2952
30.71,68.24,34.15,1006.15,429.41,2953
11.47,25.36,95.4,1008.27,469.51,2954
30.51,70.94,59.42,1007.64,430.91,2955
26.43,66.48,55.9,1004.36,435.59,2956
28.65,70.32,58.13,1008.46,433.45,2957
21.38,49.21,53.77,1012.49,449.66,2958
19.97,59.21,83.46,1017.87,450.41,2959
19.38,54.9,70.46,1017.08,454.1,2960
17.77,44.6,54.25,1016.97,460.13,2961
7.04,41.74,88.55,1021.91,488.99,2962
30.3,69.51,50.43,1011.8,431.12,2963
14.91,43.34,81.56,1015.15,461.27,2964
26.87,69.23,54.54,1012.71,433.89,2965
18.86,51.43,86.0,1010.27,446.91,2966
20.77,43.77,63.12,1010.76,453.46,2967
12.2,44.77,76.1,1018.64,469.41,2968
16.17,41.79,78.8,1005.78,454.72,2969
11.69,35.76,55.6,1019.02,471.72,2970
9.17,40.67,66.21,1019.03,487.33,2971
10.82,42.02,99.34,996.03,475.46,2972
23.08,48.41,82.35,1008.44,443.5,2973
12.74,39.13,94.81,1008.19,468.57,2974
26.85,57.19,60.04,1007.9,438.01,2975
28.44,69.4,73.51,1003.98,433.44,2976
14.02,42.86,68.36,1030.86,467.29,2977
14.57,41.79,82.85,1007.61,457.21,2978
15.4,40.69,70.25,1015.1,471.66,2979
16.75,42.23,84.98,1013.81,464.87,2980
29.83,68.67,71.15,1005.33,434.28,2981
26.25,66.56,60.65,1008.29,436.3,2982
27.17,63.09,68.33,1015.59,443.66,2983
27.49,71.94,68.29,1008.25,428.27,2984
11.7,41.16,95.71,1017.98,462.94,2985
24.37,73.42,76.01,1010.19,440.29,2986
26.14,61.02,66.71,1010.13,436.17,2987
15.91,38.62,63.63,1016.2,462.25,2988
9.24,41.4,87.36,1030.72,476.9,2989
14.09,41.66,71.4,1009.25,469.93,2990
10.61,37.5,100.13,1008.8,472.9,2991
28.72,76.86,71.74,999.31,431.74,2992
16.61,25.88,65.47,1009.34,460.97,2993
24.35,51.86,67.22,1014.34,442.81,2994
26.95,72.24,73.14,1011.16,435.65,2995
13.89,41.49,86.47,1020.02,469.6,2996
20.98,47.43,68.15,1007.39,450.0,2997
24.74,63.87,55.65,1016.91,447.02,2998
16.12,45.87,86.12,1008.15,457.41,2999
20.94,44.58,59.65,1016.98,463.69,3000
21.01,58.96,61.8,1014.33,453.88,3001
6.52,35.57,78.32,1025.37,486.06,3002
13.14,43.71,87.42,1024.47,467.07,3003
13.93,44.47,81.54,1025.35,469.25,3004
14.46,45.87,84.09,1009.21,464.5,3005
21.83,62.91,91.34,1011.07,443.76,3006
9.97,41.26,91.14,1020.6,475.43,3007
15.09,43.13,54.36,1015.71,466.87,3008
25.63,71.58,87.57,1010.14,433.76,3009
24.17,71.58,89.96,1010.16,436.27,3010
18.6,43.56,51.16,1013.9,464.67,3011
31.05,69.13,58.49,1000.38,426.31,3012
10.19,37.14,73.48,1012.74,475.01,3013
13.26,41.78,61.69,1009.77,467.78,3014
9.66,41.82,73.19,1033.19,477.67,3015
23.6,62.44,78.12,1011.52,440.66,3016
15.91,71.14,72.65,1019.7,458.15,3017
8.79,40.67,66.3,1019.5,489.02,3018
30.88,67.83,54.99,1008.97,425.36,3019
20.98,60.07,67.18,1016.26,446.26,3020
14.2,42.86,69.59,1031.96,468.63,3021
25.69,57.32,44.18,1012.34,441.43,3022
23.65,59.92,89.53,1010.19,436.74,3023
15.48,44.99,69.95,1011.94,463.92,3024
10.64,39.61,66.81,1018.33,471.48,3025
14.48,38.92,90.05,1015.6,470.63,3026
10.47,43.14,86.86,1010.35,476.55,3027
24.65,63.86,56.15,1018.37,442.89,3028
16.2,45.76,89.84,1014.73,460.87,3029
28.61,52.84,45.73,1006.0,437.39,3030
23.13,61.47,85.5,1008.96,438.8,3031
13.55,42.99,97.55,1007.58,470.82,3032
18.71,54.9,74.79,1017.12,456.88,3033
14.35,49.83,91.23,1006.39,462.54,3034
29.79,69.34,65.13,1008.82,434.74,3035
29.64,54.2,39.56,1013.0,438.12,3036
15.11,45.01,84.39,1017.01,462.21,3037
25.02,60.29,54.75,1017.49,445.61,3038
23.61,49.16,65.63,1002.39,443.5,3039
16.05,38.28,73.89,1014.38,466.75,3040
19.59,59.87,84.83,1018.28,449.74,3041
23.23,56.89,75.43,1012.87,441.85,3042
9.41,43.5,88.74,1021.0,473.84,3043
6.63,39.37,76.18,1020.33,489.16,3044
27.89,69.88,85.62,1007.99,430.75,3045
22.54,51.95,79.28,1007.29,447.29,3046
14.0,40.8,54.82,1026.17,474.87,3047
6.87,39.85,83.34,1012.66,486.26,3048
30.47,70.02,62.03,1009.65,435.72,3049
27.33,68.94,61.83,1007.04,431.96,3050
13.7,34.03,69.07,1018.82,470.2,3051
22.03,59.43,82.05,1006.88,442.9,3052
30.32,74.22,53.14,1008.31,429.36,3053
17.13,43.79,58.94,1016.09,465.3,3054
26.3,71.94,85.12,1006.64,428.83,3055
17.55,48.78,91.27,1016.81,455.11,3056
23.34,59.14,78.91,1017.47,439.6,3057
23.26,58.2,57.98,1016.72,446.87,3058
8.07,41.17,86.43,1019.4,484.54,3059
24.45,68.63,45.35,1013.38,446.33,3060
18.41,49.69,80.55,1006.66,454.97,3061
18.22,58.2,81.92,1017.09,451.04,3062
16.54,42.86,78.0,1014.85,465.26,3063
30.01,65.18,43.95,1012.87,436.91,3064
29.19,67.51,55.55,1011.48,446.97,3065
14.58,41.92,61.96,1030.42,462.69,3066
19.41,64.45,64.05,1009.44,452.55,3067
18.95,65.48,71.85,1018.17,452.85,3068
11.36,40.75,85.19,1016.34,477.5,3069
23.79,58.49,75.39,1011.0,445.87,3070
16.55,41.93,42.73,1022.71,466.77,3071
21.43,59.14,64.4,1015.91,448.51,3072
18.98,60.1,85.34,1010.09,453.37,3073
16.38,55.5,82.44,1019.8,464.58,3074
23.26,59.21,67.16,1017.71,442.38,3075
22.55,69.84,76.29,1006.57,438.54,3076
10.01,40.78,88.11,1023.71,470.82,3077
23.33,54.2,79.48,1012.47,440.11,3078
20.89,68.63,69.52,1012.6,452.05,3079
14.18,53.82,64.57,1016.9,465.25,3080
8.94,42.07,85.93,1018.9,473.34,3081
28.61,69.84,67.26,1004.02,428.25,3082
28.59,75.08,60.3,1005.58,442.7,3083
13.91,40.24,85.93,1017.03,466.24,3084
32.21,71.85,58.09,1008.25,429.15,3085
15.34,43.5,79.44,1021.18,459.77,3086
27.0,69.34,74.4,1008.88,439.26,3087
23.63,65.59,76.95,1013.1,440.56,3088
6.79,38.5,72.46,1012.61,488.69,3089
9.01,40.77,90.3,1022.37,470.84,3090
17.92,44.2,53.8,1018.97,455.37,3091
9.05,40.67,75.48,1015.57,486.55,3092
24.17,73.18,86.1,1011.72,437.27,3093
26.92,63.73,68.6,1010.29,440.35,3094
15.59,52.75,59.93,1024.3,458.87,3095
10.17,41.46,83.04,1019.34,480.13,3096
10.66,37.5,95.86,1009.42,472.86,3097
32.48,69.89,46.39,1013.98,434.13,3098
29.05,68.24,42.67,1007.88,433.92,3099
32.91,73.68,50.62,1014.49,426.28,3100
6.1,40.07,67.24,1020.21,494.43,3101
25.11,63.21,83.58,1012.21,443.43,3102
7.89,71.14,86.49,1018.4,474.66,3103
22.82,69.94,73.47,1004.65,437.32,3104
14.13,43.41,55.63,1015.26,461.96,3105
9.32,36.3,77.02,1027.9,478.55,3106
11.86,40.55,91.45,1019.82,473.31,3107
10.05,40.46,67.38,1018.71,469.06,3108
11.22,40.22,81.67,1011.01,476.7,3109
31.68,70.79,54.5,1004.05,429.55,3110
10.27,42.34,92.78,1022.69,474.55,3111
9.34,40.77,90.81,1012.14,477.36,3112
28.83,66.44,77.49,1008.47,430.01,3113
24.01,67.17,86.87,1007.44,443.09,3114
9.68,41.48,71.04,1018.24,473.31,3115
14.86,44.71,49.46,1018.3,466.38,3116
8.74,36.3,61.97,1015.18,438.63,3117
16.55,46.18,96.54,1009.97,455.8,3118
27.65,48.41,58.25,1008.54,440.94,3119
10.1,41.17,84.87,1019.18,479.95,3120
28.75,64.84,58.24,1009.61,441.3,3121
18.75,63.09,87.84,1018.19,450.98,3122
18.32,45.0,46.38,1022.67,471.43,3123
28.62,68.24,69.31,1010.15,428.08,3124
11.46,39.1,100.15,1010.17,470.55,3125
13.92,43.41,61.64,1015.12,464.76,3126
22.89,74.78,81.57,1009.79,443.7,3127
21.13,47.43,64.26,1006.97,448.83,3128
24.78,68.94,70.56,1007.29,435.93,3129
17.03,47.83,79.68,1004.94,460.43,3130
25.41,65.12,53.39,1016.01,442.86,3131
21.47,60.93,87.83,1006.46,442.75,3132
10.8,41.39,74.08,1019.74,478.75,3133
11.67,36.18,61.44,1016.03,472.76,3134
19.61,56.65,63.74,1020.64,457.41,3135
21.48,47.43,63.54,1006.88,449.2,3136
21.48,66.91,84.49,1008.58,447.42,3137
14.17,43.13,48.62,1014.94,471.08,3138
24.15,64.63,58.06,1020.72,448.87,3139
28.81,69.23,39.18,1013.14,433.74,3140
16.53,46.18,95.42,1010.2,458.67,3141
22.1,68.12,79.77,1012.71,440.08,3142
16.22,50.88,100.09,1014.33,454.94,3143
10.9,40.67,65.09,1016.66,482.4,3144
13.9,40.2,89.91,1013.13,464.17,3145
30.61,77.17,73.19,1009.49,430.46,3146
5.9,45.87,87.0,1013.25,481.27,3147
5.67,45.87,93.29,1008.91,478.44,3148
17.82,65.94,88.13,1013.44,452.82,3149
9.34,41.49,97.59,1020.58,471.04,3150
27.07,66.93,55.38,1017.32,446.48,3151
25.52,71.98,86.94,1006.89,433.42,3152
33.37,79.05,62.64,1007.19,430.42,3153
22.25,66.54,89.15,1004.64,437.19,3154
28.34,63.77,61.13,1013.7,439.75,3155
32.87,71.32,54.69,1004.36,433.15,3156
9.84,40.72,77.79,1022.21,477.52,3157
15.8,53.82,68.48,1015.87,463.09,3158
21.96,71.85,75.98,1009.38,441.52,3159
8.3,40.35,98.17,1012.37,481.77,3160
8.39,36.3,62.23,1015.39,479.57,3161
12.55,39.58,76.9,1010.68,472.31,3162
24.37,65.61,65.67,1014.5,443.13,3163
33.43,69.88,44.84,1006.86,435.59,3164
13.04,41.04,69.75,1026.27,464.91,3165
13.52,39.39,84.03,1012.91,474.82,3166
11.46,38.91,77.37,1012.34,477.5,3167
19.75,57.32,79.29,1010.76,443.63,3168
7.19,39.37,70.77,1019.67,480.4,3169
26.76,70.98,90.51,1007.64,437.83,3170
29.67,71.98,67.75,1005.16,425.14,3171
32.86,66.44,44.99,1010.98,429.32,3172
10.02,52.75,73.68,1021.93,473.09,3173
17.41,40.55,76.87,1003.91,461.47,3174
26.53,65.61,50.9,1014.29,442.64,3175
29.82,69.75,65.02,1010.09,442.6,3176
30.56,69.14,71.0,1007.49,432.26,3177
13.92,43.5,88.44,1021.14,461.45,3178
19.94,38.52,55.9,1018.4,450.48,3179
21.03,44.78,36.82,1007.99,459.72,3180
31.33,65.18,36.62,1011.97,435.77,3181
11.7,41.16,87.49,1019.58,464.12,3182
16.94,50.59,94.22,1018.75,460.64,3183
26.06,67.83,66.37,1009.26,432.28,3184
15.39,42.28,81.35,1007.35,467.3,3185
10.98,37.5,97.51,1011.12,472.34,3186
28.41,74.16,72.09,1010.29,439.2,3187
4.88,40.27,74.51,1012.66,491.29,3188
6.58,40.67,71.07,1020.18,494.84,3189
13.79,40.0,70.17,1016.02,461.16,3190
27.16,71.32,89.07,1007.81,430.53,3191
7.65,41.01,97.17,1024.31,475.89,3192
16.3,41.16,76.61,1007.88,463.47,3193
23.04,63.86,59.78,1019.83,446.22,3194
25.74,65.38,54.34,1009.6,452.94,3195
24.31,44.05,73.3,1006.16,442.69,3196
23.43,69.23,63.48,1013.09,441.6,3197
14.91,46.9,98.1,1019.59,461.73,3198
31.28,75.08,49.53,1005.39,438.63,3199
25.84,67.83,59.55,1009.26,433.32,3200
24.57,49.82,65.25,1016.82,452.3,3201
13.42,48.04,99.32,1011.63,461.36,3202
25.31,65.59,79.71,1011.16,440.96,3203
22.78,59.92,88.78,1011.28,440.87,3204
20.19,58.86,71.64,1014.3,450.67,3205
17.98,39.63,82.12,1005.42,466.69,3206
22.71,75.23,76.86,1010.48,444.0,3207
13.68,41.7,84.07,1019.19,464.46,3208
24.87,65.75,65.75,1006.45,435.6,3209
7.53,41.74,90.85,1022.45,487.25,3210
24.97,68.61,55.04,1011.0,453.26,3211
13.55,40.71,75.44,1019.13,467.21,3212
8.66,40.11,75.31,1032.86,479.76,3213
16.84,45.01,75.74,1016.14,456.85,3214
23.05,68.67,76.43,1006.69,447.34,3215
17.7,49.78,100.09,1005.19,451.24,3216
19.39,68.61,96.51,1011.09,446.47,3217
30.05,56.9,41.96,1007.02,437.55,3218
19.82,63.9,78.96,1013.19,449.61,3219
19.1,56.53,76.38,1020.18,455.52,3220
17.47,43.56,54.71,1014.15,460.87,3221
23.86,45.87,48.73,1007.71,446.67,3222
26.31,63.77,69.36,1014.15,440.1,3223
26.74,69.89,51.82,1013.96,436.02,3224
9.94,40.46,68.51,1018.9,473.74,3225
27.01,71.25,87.95,1000.46,431.38,3226
21.01,51.19,81.49,1008.44,446.2,3227
34.97,73.56,44.69,1006.57,435.15,3228
22.51,68.63,57.19,1015.1,450.75,3229
21.03,67.45,68.59,1015.01,447.11,3230
29.05,75.6,51.16,1017.63,439.14,3231
23.6,57.17,74.27,1009.84,446.05,3232
5.62,43.65,77.43,1017.9,481.69,3233
21.16,65.48,72.79,1016.99,446.37,3234
21.89,58.62,74.59,1016.15,450.05,3235
9.66,40.05,89.06,1015.78,481.14,3236
25.69,59.07,82.34,1006.89,440.6,3237
8.33,38.08,73.78,1018.94,481.89,3238
7.32,41.22,97.25,1015.42,484.21,3239
21.11,41.67,52.86,1012.44,460.33,3240
12.25,40.75,82.4,1016.02,475.07,3241
24.57,51.95,70.07,1005.8,448.15,3242
16.64,48.92,78.76,1011.55,452.56,3243
11.57,41.54,69.14,1020.13,476.89,3244
29.23,75.6,52.26,1017.72,438.92,3245
32.37,67.83,57.39,1008.32,426.76,3246
26.17,58.86,51.28,1014.52,443.69,3247
6.05,38.68,66.13,1017.46,483.5,3248
8.64,41.66,80.44,1014.14,481.89,3249
25.91,75.6,62.65,1018.23,443.2,3250
25.02,59.92,76.27,1009.9,436.64,3251
25.96,68.08,67.07,1010.86,435.84,3252
25.5,59.27,68.88,1012.92,442.65,3253
14.85,45.01,85.53,1013.12,460.19,3254
19.06,44.63,84.43,1004.23,456.54,3255
15.22,41.67,67.17,1013.18,469.93,3256
26.07,71.37,79.48,1008.6,439.25,3257
7.62,44.71,69.96,1020.56,486.07,3258
16.94,49.64,69.22,1024.43,459.25,3259
26.18,69.14,85.95,1006.54,436.0,3260
21.91,48.7,83.97,1006.89,449.8,3261
23.24,63.78,63.8,1017.1,446.95,3262
22.48,50.05,82.36,1005.55,442.56,3263
12.8,41.16,86.19,1022.43,462.72,3264
26.17,66.54,75.6,1002.23,433.81,3265
29.71,73.18,63.06,1012.35,427.04,3266
7.41,39.16,90.66,1015.23,486.91,3267
16.25,58.16,78.59,1018.34,458.31,3268
14.28,44.84,79.09,1024.84,474.57,3269
22.12,47.93,84.47,1005.5,443.41,3270
23.06,63.9,65.28,1013.54,447.36,3271
13.46,39.85,72.94,1012.76,472.5,3272
26.76,49.02,70.05,1007.96,439.4,3273
28.57,51.43,47.79,1012.02,450.04,3274
10.31,38.18,70.1,1018.02,476.31,3275
28.47,69.23,40.73,1013.18,434.12,3276
8.35,40.77,90.25,1011.77,478.82,3277
24.42,57.32,55.92,1011.46,443.94,3278
25.64,50.05,67.72,1006.97,440.86,3279
7.69,39.96,89.18,1023.9,478.05,3280
11.54,45.51,83.02,1017.19,474.73,3281
15.62,40.89,79.21,1007.01,466.15,3282
18.74,45.09,41.54,1014.24,456.25,3283
20.12,65.94,76.24,1009.93,447.46,3284
17.85,48.14,86.68,1017.16,451.9,3285
17.21,52.9,77.31,1019.91,460.88,3286
20.99,67.07,82.41,1005.17,442.02,3287
17.69,46.36,86.64,1019.55,462.81,3288
20.58,49.15,56.15,1021.42,453.87,3289
12.04,38.25,82.45,1013.08,472.13,3290
29.07,71.64,69.53,1006.07,440.51,3291
21.81,65.46,52.16,1013.97,444.66,3292
9.48,40.8,78.98,1023.82,485.36,3293
13.69,44.85,79.87,1016.89,470.78,3294
32.18,69.75,52.91,1009.94,438.26,3295
23.48,60.23,79.48,1011.91,437.44,3296
27.82,76.09,76.07,1007.83,434.52,3297
25.26,74.33,79.56,1014.79,433.49,3298
14.12,42.99,78.16,1007.13,468.45,3299
23.14,60.27,80.54,1018.51,442.59,3300
17.74,50.88,89.78,1015.56,457.71,3301
10.15,41.17,82.3,1019.38,480.71,3302
8.35,43.79,85.23,1016.2,484.21,3303
20.35,68.61,86.69,1011.17,450.89,3304
22.06,45.61,77.75,1014.3,455.61,3305
15.64,44.21,83.28,1020.17,462.42,3306
9.32,36.66,70.76,1027.46,479.13,3307
29.28,65.71,48.05,1013.76,445.49,3308
7.52,39.61,78.96,1018.61,481.54,3309
29.08,67.79,55.96,1010.91,442.78,3310
7.55,42.85,93.25,1011.21,484.93,3311
26.51,44.57,52.23,1007.56,445.32,3312
26.52,63.94,42.41,1018.23,440.47,3313
8.07,41.17,86.43,1019.4,484.54,3314
25.35,63.21,80.16,1012.31,442.23,3315
11.36,41.48,76.16,1012.8,465.37,3316
11.89,40.64,97.16,1021.29,476.99,3317
20.19,66.86,64.7,1012.97,454.84,3318
20.04,48.92,68.92,1011.14,447.89,3319
10.32,39.28,94.13,1016.56,478.88,3320
12.01,41.48,66.67,1017.75,469.08,3321
23.08,61.86,84.64,1013.44,441.44,3322
19.81,66.54,80.09,1013.88,449.07,3323
24.1,71.29,67.56,1007.96,442.8,3324
14.47,39.58,69.85,1011.31,467.34,3325
32.25,77.54,54.57,1010.46,430.86,3326
9.51,40.81,82.52,1015.69,475.29,3327
12.63,41.48,87.69,1009.61,461.09,3328
30.91,76.2,58.08,1008.53,434.94,3329
8.38,39.22,75.14,1015.03,478.82,3330
22.63,57.17,77.43,1009.83,433.54,3331
5.71,40.77,87.9,1022.49,487.48,3332
13.09,43.67,91.91,1012.22,474.45,3333
22.72,62.4,80.79,1010.28,445.22,3334
23.67,72.24,90.45,1011.22,435.94,3335
18.19,43.96,79.68,1011.87,464.58,3336
25.58,47.01,63.53,1014.5,454.39,3337
6.79,40.0,81.83,1019.01,480.83,3338
19.05,62.96,83.04,1020.48,454.26,3339
25.32,63.77,74.69,1014.55,441.5,3340
15.09,39.52,72.43,1017.05,469.8,3341
23.44,72.24,88.03,1011.28,438.34,3342
8.26,44.71,68.82,1020.85,485.19,3343
17.22,36.71,67.92,1013.77,465.32,3344
27.46,68.08,46.49,1013.06,433.72,3345
11.52,40.03,87.87,1017.56,472.31,3346
27.55,63.13,71.29,1012.92,440.75,3347
6.5,38.5,90.1,1013.92,486.78,3348
13.35,39.58,83.45,1012.41,465.85,3349
21.5,59.87,76.56,1019.05,444.05,3350
22.46,48.41,80.85,1008.66,442.57,3351
22.05,63.31,76.95,1012.39,444.37,3352
18.28,41.1,65.69,1002.0,460.03,3353
14.56,53.82,64.46,1016.37,463.64,3354
26.0,70.47,74.66,1009.61,435.05,3355
13.14,40.66,94.76,1016.47,466.95,3356
24.17,59.44,78.53,1012.66,447.13,3357
26.11,73.17,65.18,1009.8,434.94,3358
9.38,44.77,85.26,1020.41,473.9,3359
18.77,49.21,58.69,1012.2,454.86,3360
10.0,39.66,78.91,1016.83,479.97,3361
10.1,44.03,90.29,1008.11,471.59,3362
10.35,40.27,92.42,1005.09,477.8,3363
12.95,40.1,86.01,1015.31,471.07,3364
21.76,47.93,86.28,1005.34,444.77,3365
25.06,52.36,67.98,1014.7,454.13,3366
8.39,52.72,86.76,1026.06,473.45,3367
23.56,71.85,74.78,1009.67,439.48,3368
23.58,58.82,81.38,1009.68,445.01,3369
20.71,45.61,82.39,1013.64,457.4,3370
13.4,41.78,64.57,1010.2,466.68,3371
10.36,41.46,92.04,1017.53,478.27,3372
13.67,42.32,79.04,1015.41,464.56,3373
29.35,71.58,61.8,1010.07,434.45,3374
6.61,36.24,91.8,1013.57,483.12,3375
13.92,39.85,68.03,1012.64,473.47,3376
27.18,62.66,52.83,1009.89,442.16,3377
11.41,41.54,66.49,1019.94,477.89,3378
26.61,69.13,51.97,1002.05,430.17,3379
20.32,67.71,63.71,1007.42,446.22,3380
20.97,44.63,73.69,1007.64,453.26,3381
25.34,49.5,50.8,1013.25,457.12,3382
6.22,39.85,86.88,1012.05,443.73,3383
11.87,36.43,79.5,1023.42,474.17,3384
11.92,41.2,81.24,1016.99,476.0,3385
28.15,71.25,81.04,1000.51,431.28,3386
28.01,65.34,46.86,1014.68,440.77,3387
16.51,41.79,74.03,1007.1,457.74,3388
13.51,39.31,75.19,1012.18,466.46,3389
18.34,65.94,85.42,1013.27,451.29,3390
10.04,41.62,95.17,1013.36,463.87,3391
20.3,56.53,76.49,1020.27,454.12,3392
18.6,56.85,80.24,1012.34,450.26,3393
19.79,51.19,94.72,1008.77,447.96,3394
11.18,39.61,68.0,1018.56,468.75,3395
10.91,40.1,91.45,1014.07,478.34,3396
18.92,46.93,77.98,1009.89,453.66,3397
14.1,42.18,78.25,1015.05,463.3,3398
24.69,59.92,80.58,1010.12,436.33,3399
23.61,43.77,56.08,1011.81,444.55,3400
27.0,60.96,58.97,1012.36,450.15,3401
15.87,45.0,40.0,1021.92,470.85,3402
30.2,74.34,74.77,1004.17,431.77,3403
14.18,39.3,67.48,1020.1,464.32,3404
11.23,43.67,72.1,1012.57,475.41,3405
32.95,75.08,47.7,1005.32,436.3,3406
24.33,46.93,44.59,1013.83,447.54,3407
9.55,38.08,68.38,1019.34,479.23,3408
27.58,65.27,50.43,1013.51,441.3,3409
25.56,58.82,70.23,1010.44,441.0,3410
5.74,37.8,74.47,1021.37,490.81,3411
8.22,41.82,71.63,1032.77,477.86,3412
23.18,59.04,79.28,1011.44,443.12,3413
26.91,70.02,59.48,1010.75,445.31,3414
16.14,54.3,65.68,1017.93,460.73,3415
20.69,50.78,91.95,1008.71,447.58,3416
24.18,66.48,70.99,1003.3,433.37,3417
2.8,39.64,82.96,1011.01,482.66,3418
25.26,65.61,58.35,1014.43,447.34,3419
10.11,52.75,76.08,1021.79,470.35,3420
17.44,45.01,75.13,1013.65,456.08,3421
25.37,59.14,78.07,1017.27,437.19,3422
9.45,41.92,91.09,1029.32,467.79,3423
10.39,39.69,89.6,1003.31,473.0,3424
26.2,74.67,84.38,1016.69,430.22,3425
22.85,47.43,66.36,1008.13,448.15,3426
12.65,44.03,85.23,1007.13,466.01,3427
15.14,41.93,61.26,1020.95,469.68,3428
28.51,70.02,54.68,1010.58,441.66,3429
22.55,70.79,92.56,1006.19,436.43,3430
24.35,66.49,62.12,1012.48,439.15,3431
12.64,41.79,92.65,1016.38,461.46,3432
24.2,64.33,84.23,1011.15,442.78,3433
7.52,41.66,78.41,1015.2,483.28,3434
21.54,58.12,78.67,1015.33,454.32,3435
23.43,60.32,69.34,1015.34,446.88,3436
23.24,63.76,79.16,1010.1,441.35,3437
24.67,69.14,88.51,1006.25,440.03,3438
6.77,40.78,96.58,1024.86,478.24,3439
31.94,69.98,56.17,1013.32,432.03,3440
20.83,49.02,91.92,1009.45,445.31,3441
8.37,39.99,93.26,1010.36,482.31,3442
13.75,44.47,70.74,1029.63,467.14,3443
30.82,70.36,58.79,1006.47,439.16,3444
25.16,57.17,75.7,1009.86,442.03,3445
22.1,65.48,66.96,1019.3,447.0,3446
18.7,52.72,57.72,1024.84,458.06,3447
19.76,58.79,89.09,1017.37,449.76,3448
28.45,69.23,39.46,1013.07,436.96,3449
13.58,49.83,86.8,1008.9,465.82,3450
20.83,67.32,73.11,1011.76,443.17,3451
5.85,41.55,99.41,1001.95,484.47,3452
16.99,40.89,64.51,1011.54,464.95,3453
10.68,37.92,65.05,1009.59,474.03,3454
14.65,35.4,60.26,1016.16,469.61,3455
26.2,71.14,72.95,1007.92,431.7,3456
32.74,68.31,41.29,1010.23,441.66,3457
15.78,41.16,80.25,1008.43,464.85,3458
12.41,39.28,87.02,1017.08,473.86,3459
25.36,60.07,66.11,1015.06,439.73,3460
20.56,60.08,78.08,1017.79,452.8,3461
24.92,63.86,59.24,1019.19,440.93,3462
31.88,67.32,35.1,1013.64,436.64,3463
24.51,51.86,67.57,1014.64,446.74,3464
8.48,40.05,90.25,1015.89,483.5,3465
27.76,71.97,86.97,1008.53,434.04,3466
12.08,41.39,78.3,1019.45,477.8,3467
23.56,73.18,87.98,1012.18,437.92,3468
11.77,41.06,76.63,1021.45,475.88,3469
21.37,65.94,75.09,1010.73,444.74,3470
14.02,43.34,85.8,1016.06,466.38,3471
17.53,44.9,71.1,1020.5,457.61,3472
14.89,35.71,55.11,1015.1,469.37,3473
14.81,43.7,60.72,1015.1,469.5,3474
28.99,68.24,66.57,1008.75,428.28,3475
30.49,70.32,66.33,1011.34,434.76,3476
21.59,66.54,90.54,1004.88,441.71,3477
24.46,61.9,87.16,1013.88,441.34,3478
21.63,50.16,84.84,1005.7,448.32,3479
21.46,46.63,71.29,1012.97,452.1,3480
5.7,40.35,91.57,1012.18,488.8,3481
27.11,70.04,71.25,1009.76,431.96,3482
9.95,41.82,69.44,1033.09,477.52,3483
18.68,46.0,97.17,1002.2,447.8,3484
18.41,65.94,84.71,1010.23,452.66,3485
19.02,49.25,58.29,1019.75,453.49,3486
26.25,61.02,71.22,1011.47,436.44,3487
18.07,63.31,72.81,1016.65,456.5,3488
26.17,70.47,68.96,1010.25,434.56,3489
23.83,49.21,46.79,1012.93,446.23,3490
21.11,59.39,85.29,1013.87,446.02,3491
13.9,42.86,71.89,1030.82,473.76,3492
26.64,73.56,93.31,1004.98,432.93,3493
21.5,45.38,64.28,1013.88,460.18,3494
11.61,41.17,58.82,1019.57,476.81,3495
6.13,39.48,53.5,1005.17,484.12,3496
12.72,40.6,86.16,1013.45,471.23,3497
17.29,44.63,41.98,1019.6,460.66,3498
31.8,69.05,49.82,1000.77,426.5,3499
19.16,43.43,72.59,1012.36,451.0,3500
23.62,73.67,90.8,1007.0,438.33,3501
7.87,41.17,77.77,1020.33,486.2,3502
25.78,59.15,66.68,1013.61,441.71,3503
29.29,72.58,72.85,1007.39,428.73,3504
29.58,76.2,60.73,1008.37,433.91,3505
24.29,63.57,87.3,1010.29,443.28,3506
25.25,58.46,70.76,1015.54,444.05,3507
31.74,72.58,59.58,1007.26,425.12,3508
7.39,39.85,83.61,1011.63,487.84,3509
28.5,79.74,87.09,1006.75,433.08,3510
29.98,67.22,52.69,1014.22,445.3,3511
22.94,61.5,73.45,1008.25,445.31,3512
25.85,70.36,78.23,1005.59,433.06,3513
21.09,74.93,81.93,1015.11,443.51,3514
27.28,47.93,59.22,1003.46,438.0,3515
23.86,59.21,73.6,1013.02,441.22,3516
13.33,40.64,91.47,1020.92,474.07,3517
23.66,60.37,87.13,1006.91,438.59,3518
16.8,44.9,79.78,1009.14,456.42,3519
22.12,57.19,76.5,1007.56,442.51,3520
24.82,57.19,71.46,1007.82,439.91,3521
11.09,40.43,74.97,1025.47,490.96,3522
7.64,40.81,95.24,1026.67,483.38,3523
27.78,60.07,53.74,1014.66,439.43,3524
6.49,38.68,64.81,1017.94,485.95,3525
10.97,40.6,87.59,1015.0,478.69,3526
25.27,63.91,75.48,1009.82,440.39,3527
14.07,43.34,86.0,1015.79,463.77,3528
18.9,47.83,77.79,1005.31,455.94,3529
4.49,38.44,76.96,1015.47,485.78,3530
5.94,39.9,86.33,1007.84,485.86,3531
21.94,64.15,61.75,1021.2,453.3,3532
21.35,59.04,95.71,1012.28,445.83,3533
7.94,35.77,63.22,1017.04,480.38,3534
23.6,60.08,63.02,1017.51,451.97,3535
29.73,67.25,37.79,1017.64,439.06,3536
10.51,39.04,85.35,1023.95,479.15,3537
8.7,36.24,89.5,1013.34,478.69,3538
29.6,69.82,61.66,1010.49,438.47,3539
24.26,56.57,70.35,1013.86,442.9,3540
20.61,60.1,80.57,1010.84,450.46,3541
14.2,38.62,77.57,1017.83,465.29,3542
8.77,42.49,86.78,1010.7,469.1,3543
27.38,69.4,74.12,1004.57,434.47,3544
12.98,39.64,74.39,1013.95,473.54,3545
32.38,73.91,61.69,1004.05,430.17,3546
19.2,58.71,84.62,1009.8,448.17,3547
27.37,63.73,65.25,1009.79,437.24,3548
18.77,58.66,87.25,1010.34,454.54,3549
21.95,59.43,74.67,1010.29,442.84,3550
26.73,77.95,78.35,1012.31,434.76,3551
16.02,71.14,70.42,1019.75,456.35,3552
18.86,46.48,78.47,1007.28,452.0,3553
21.7,64.44,73.33,1014.95,448.51,3554
20.25,44.78,40.16,1007.93,462.44,3555
11.42,41.38,60.19,1021.98,479.23,3556
6.37,41.03,80.36,1022.23,490.47,3557
14.54,42.99,90.88,1009.27,468.93,3558
24.43,58.05,71.39,1011.88,445.68,3559
15.92,37.64,83.73,1014.93,464.14,3560
27.51,71.29,76.92,1009.43,430.42,3561
23.64,60.95,64.91,1014.92,447.86,3562
9.0,41.54,79.61,1018.83,484.08,3563
28.98,73.42,72.9,1011.25,432.2,3564
18.31,50.9,86.83,1011.87,455.5,3565
15.82,44.2,66.73,1018.96,460.2,3566
14.88,41.66,67.15,1009.4,468.55,3567
27.49,63.78,47.45,1015.43,445.66,3568
10.74,41.46,84.59,1016.76,479.94,3569
18.21,62.26,87.28,1011.97,455.88,3570
17.2,40.55,72.67,1000.68,462.55,3571
8.66,36.25,86.96,1028.22,479.66,3572
20.59,42.04,62.77,1009.78,463.08,3573
22.86,58.96,54.96,1014.03,451.82,3574
23.31,68.63,51.57,1014.73,448.2,3575
16.71,42.99,75.35,1007.72,465.09,3576
4.97,38.91,89.86,1018.99,489.96,3577
31.95,70.8,66.26,1008.38,432.79,3578
13.89,35.71,65.49,1016.4,468.54,3579
26.92,51.43,59.33,1012.29,437.35,3580
23.0,60.37,83.73,1005.34,437.6,3581
25.95,59.27,70.42,1010.9,444.19,3582
14.84,38.91,69.27,1013.78,467.83,3583
22.5,70.94,82.39,1008.04,442.4,3584
31.84,77.95,55.35,1014.9,433.28,3585
19.35,39.39,61.53,1013.91,465.28,3586
24.26,67.69,66.74,1008.48,437.4,3587
21.95,68.08,69.36,1012.91,443.93,3588
16.07,65.46,87.11,1013.88,450.54,3589
30.21,79.74,54.03,1006.82,430.83,3590
13.66,45.0,79.04,1021.97,473.12,3591
9.76,39.16,85.4,1014.19,482.38,3592
15.69,39.3,60.57,1019.03,464.17,3593
5.29,41.38,83.83,1020.62,492.12,3594
26.72,65.61,52.01,1014.41,442.48,3595
12.68,41.4,78.57,1021.59,466.64,3596
29.24,64.33,65.08,1011.49,440.12,3597
19.09,43.14,45.75,1012.34,463.3,3598
5.06,40.64,93.7,1021.49,483.73,3599
26.23,70.72,73.44,1009.73,445.28,3600
27.15,73.9,74.42,1007.57,433.09,3601
23.47,65.61,69.83,1014.57,447.16,3602
19.78,44.71,29.43,1015.7,465.49,3603
13.07,40.83,84.84,1010.0,471.19,3604
8.52,38.5,64.06,1013.16,482.96,3605
10.39,40.96,84.73,1023.51,479.0,3606
30.2,56.9,42.69,1006.89,436.17,3607
23.93,64.05,86.02,1013.09,440.66,3608
21.11,43.43,62.62,1010.1,447.83,3609
16.59,41.79,73.9,1006.67,455.42,3610
30.52,70.4,64.33,1003.9,438.29,3611
15.74,43.71,78.38,1024.7,462.66,3612
21.25,44.05,81.87,1005.69,448.43,3613
12.25,44.58,81.15,1016.47,475.24,3614
6.49,43.65,72.78,1020.41,484.94,3615
14.1,48.92,84.39,1011.6,461.34,3616
24.62,58.66,56.61,1011.43,449.8,3617
16.0,43.34,78.39,1013.89,462.33,3618
28.67,66.25,76.36,1007.96,434.73,3619
29.18,68.24,68.04,1010.04,428.52,3620
26.8,68.31,61.48,1011.04,447.85,3621
16.76,43.67,70.55,1011.27,462.44,3622
9.44,39.82,91.55,1013.26,483.18,3623
11.44,34.03,74.06,1018.57,476.06,3624
13.45,43.14,74.33,1015.5,474.1,3625
16.46,61.27,74.54,1020.02,456.64,3626
12.91,40.73,93.66,1017.66,464.61,3627
18.58,64.45,67.57,1009.68,444.28,3628
13.1,40.03,84.48,1017.79,470.75,3629
13.45,41.16,82.96,1022.04,460.57,3630
10.01,43.7,91.97,1015.73,479.24,3631
17.32,41.67,68.07,1013.23,462.74,3632
21.49,61.27,63.21,1019.81,450.07,3633
23.56,49.16,66.98,1003.31,445.36,3634
11.02,38.28,95.66,1013.51,472.11,3635
33.62,77.17,63.71,1009.38,431.03,3636
4.56,40.27,80.24,1011.13,493.87,3637
14.87,41.76,78.21,1022.26,464.84,3638
10.77,44.78,84.16,1012.87,470.66,3639
21.45,60.08,72.7,1017.92,451.49,3640
13.24,54.3,81.99,1017.05,467.81,3641
22.64,58.66,60.97,1011.68,449.79,3642
11.72,40.55,86.22,1020.74,474.7,3643
26.74,59.87,62.88,1012.5,447.88,3644
12.51,49.83,94.27,1008.61,452.84,3645
9.88,39.66,76.05,1017.81,480.05,3646
25.0,68.14,57.13,1005.35,437.67,3647
25.51,73.56,96.63,1006.59,437.07,3648
11.22,41.93,69.35,1023.13,480.71,3649
21.7,49.02,82.8,1008.74,446.46,3650
19.83,63.94,75.05,1019.81,448.03,3651
12.34,40.62,53.6,1016.28,466.47,3652
10.4,45.01,93.48,1018.58,470.79,3653
13.61,42.34,88.84,1017.78,466.17,3654
25.55,58.95,51.84,1017.12,442.3,3655
13.2,41.78,64.96,1010.49,468.58,3656
25.88,66.48,63.16,1004.24,434.4,3657
14.75,41.16,86.96,1009.58,468.14,3658
7.82,40.72,88.13,1022.17,481.52,3659
11.7,25.36,92.11,1008.65,470.88,3660
6.37,40.81,91.0,1025.98,489.18,3661
23.98,50.32,67.75,1008.41,443.45,3662
24.8,59.87,60.79,1018.79,441.0,3663
23.89,50.16,73.94,1004.88,444.99,3664
27.88,70.79,72.5,1005.06,429.62,3665
7.19,39.4,90.65,1011.45,483.04,3666
24.2,60.95,59.42,1014.82,448.43,3667
33.82,72.29,46.95,1008.67,432.13,3668
14.69,54.3,73.4,1018.01,462.63,3669
24.82,74.87,73.54,1010.28,434.46,3670
12.59,40.03,85.4,1018.76,471.63,3671
19.05,44.06,73.76,1017.02,454.28,3672
5.51,35.57,78.97,1026.3,489.36,3673
33.7,68.27,50.41,1007.16,427.4,3674
26.05,56.85,59.09,1012.78,438.59,3675
14.45,39.58,79.0,1012.41,467.62,3676
30.48,70.04,53.7,1010.73,429.85,3677
19.68,56.65,67.25,1020.75,456.89,3678
21.34,48.06,63.23,1014.49,458.13,3679
23.03,65.12,69.8,1016.29,447.84,3680
24.2,59.07,88.25,1009.25,441.93,3681
24.54,48.06,55.18,1013.02,443.67,3682
32.27,71.85,59.28,1008.06,429.72,3683
7.61,41.26,97.32,1009.05,480.68,3684
13.86,41.58,70.74,1020.69,461.56,3685
24.35,59.21,54.46,1018.21,444.35,3686
29.12,67.32,48.8,1014.21,435.2,3687
18.03,58.86,89.03,1015.99,450.33,3688
10.59,41.54,72.52,1019.94,478.74,3689
27.69,69.98,60.93,1008.52,433.47,3690
15.21,50.88,100.11,1014.24,460.56,3691
16.92,50.9,82.97,1013.27,460.86,3692
26.16,63.76,68.77,1010.03,437.24,3693
13.78,38.47,57.8,1015.2,466.41,3694
17.66,60.08,86.96,1017.22,456.62,3695
30.12,73.18,61.32,1012.29,429.31,3696
17.69,44.34,61.12,1019.31,464.13,3697
23.14,58.95,66.25,1017.52,442.27,3698
13.98,39.18,89.12,1009.61,467.97,3699
24.41,69.48,76.13,1008.34,435.38,3700
14.38,44.78,66.58,1010.8,459.66,3701
22.75,70.94,81.95,1008.03,439.91,3702
26.94,65.61,49.73,1014.31,443.9,3703
18.8,47.83,76.77,1005.86,453.9,3704
24.45,65.12,57.19,1015.92,445.01,3705
23.77,69.13,89.41,1011.05,434.08,3706
24.62,68.31,75.18,1010.45,448.58,3707
18.85,67.32,82.37,1012.91,446.7,3708
21.94,56.85,77.72,1011.01,442.63,3709
25.61,58.86,54.9,1013.9,444.77,3710
18.97,43.43,75.69,1012.72,453.2,3711
23.46,51.19,73.22,1009.6,444.82,3712
21.04,74.87,88.25,1009.09,443.44,3713
4.23,38.44,76.64,1016.46,489.0,3714
24.42,63.31,71.8,1012.64,438.39,3715
23.1,59.43,85.96,1007.36,440.64,3716
24.98,58.98,78.56,1010.34,441.33,3717
32.96,73.03,54.03,1013.56,438.93,3718
22.1,71.29,75.38,1008.2,442.35,3719
32.27,71.85,56.01,1007.88,427.56,3720
12.36,52.75,68.71,1026.04,465.14,3721
13.11,41.44,74.45,1015.55,471.61,3722
13.18,52.72,75.96,1024.67,468.36,3723
8.03,40.67,70.87,1020.13,492.26,3724
15.49,39.0,71.31,1016.01,462.28,3725
30.02,68.24,65.73,1009.8,429.5,3726
14.73,40.35,65.2,1011.15,470.03,3727
4.78,42.85,94.72,1013.07,479.09,3728
30.3,71.98,55.6,1004.4,426.52,3729
9.63,40.27,81.03,1009.96,477.38,3730
13.24,39.85,59.99,1012.64,477.22,3731
22.93,63.13,77.09,1011.6,448.02,3732
14.55,42.74,66.64,1027.29,457.77,3733
26.42,59.27,65.38,1012.9,443.94,3734
18.88,43.69,46.88,1016.77,464.63,3735
24.47,70.94,81.55,1008.07,436.29,3736
14.81,42.03,72.54,1017.43,470.41,3737
12.8,42.18,83.9,1016.27,467.69,3738
9.72,39.66,76.07,1018.31,480.05,3739
17.74,44.2,58.59,1018.87,454.37,3740
29.65,71.25,73.97,1001.07,430.88,3741
22.19,62.96,67.96,1019.54,453.03,3742
29.79,62.66,48.51,1008.5,440.27,3743
27.13,69.45,51.16,1013.9,434.47,3744
24.62,70.47,72.71,1010.55,435.88,3745
28.65,68.27,52.78,1006.96,432.73,3746
31.86,69.59,59.74,1008.61,435.72,3747
27.56,63.9,45.97,1013.23,442.43,3748
12.29,40.71,83.09,1019.71,469.75,3749
8.84,42.49,89.09,1010.28,481.58,3750
30.62,64.69,52.06,1006.23,435.84,3751
3.99,39.64,83.58,1011.53,492.06,3752
23.38,58.82,77.87,1012.27,446.54,3753
27.46,66.54,67.09,1002.39,431.81,3754
29.22,60.23,61.5,1009.73,436.32,3755
22.22,48.98,53.18,1015.87,447.1,3756
6.8,39.37,73.29,1020.24,487.33,3757
4.49,40.27,76.5,1012.01,494.24,3758
22.53,74.87,93.21,1009.91,444.69,3759
23.63,60.37,81.66,1005.0,440.74,3760
10.06,39.61,74.01,1020.87,476.92,3761
11.09,42.44,92.81,1014.18,478.37,3762
7.64,38.18,78.51,1017.65,484.45,3763
33.95,68.14,48.98,1002.33,427.25,3764
32.38,69.05,45.85,1000.76,429.31,3765
9.42,41.4,88.41,1029.99,477.01,3766
25.92,60.32,52.51,1016.05,448.37,3767
18.5,52.08,100.09,1006.23,451.23,3768
13.12,48.04,100.07,1011.93,463.46,3769
34.33,69.05,37.9,1000.89,430.56,3770
29.29,70.02,46.93,1010.13,438.84,3771
16.4,44.9,82.31,1009.22,456.11,3772
21.44,62.96,79.85,1020.27,450.57,3773
11.45,41.17,84.64,1017.98,476.0,3774
14.62,44.84,85.17,1023.41,464.51,3775
29.29,57.19,60.11,1008.3,435.69,3776
10.16,40.8,86.39,1028.13,477.49,3777
25.45,69.59,83.17,1008.51,445.61,3778
31.98,73.42,60.06,1010.66,432.2,3779
25.93,66.56,76.35,1004.97,433.25,3780
32.51,71.22,47.6,1005.62,433.76,3781
11.38,52.75,72.71,1026.19,469.9,3782
10.39,40.22,83.27,1009.77,478.58,3783
13.6,41.2,85.05,1015.92,467.42,3784
30.11,62.04,47.96,1010.69,444.42,3785
33.24,74.34,45.05,1002.58,435.5,3786
25.59,62.39,74.06,1006.37,435.84,3787
24.33,60.32,59.95,1015.49,445.36,3788
28.92,61.02,56.13,1011.19,436.76,3789
15.62,58.59,97.6,1013.91,457.3,3790
7.49,36.08,85.69,1020.27,483.26,3791
18.33,44.34,51.69,1019.55,468.8,3792
21.38,44.05,81.66,1005.69,445.71,3793
24.13,73.18,91.52,1012.62,436.22,3794
9.53,40.23,89.05,1017.74,484.0,3795
8.83,41.92,78.97,1031.8,483.38,3796
26.37,54.5,66.31,1014.48,451.78,3797
15.04,41.35,99.1,1004.29,467.96,3798
25.13,51.95,62.05,1005.42,447.7,3799
22.26,69.04,84.33,1010.48,444.73,3800
31.07,70.32,65.91,1011.74,436.16,3801
30.74,79.05,73.19,1005.78,430.69,3802
13.08,43.14,99.74,1019.39,467.06,3803
26.18,69.84,72.89,1005.13,431.69,3804
14.22,40.83,81.32,1009.2,469.75,3805
10.95,40.22,78.96,1010.04,477.23,3806
30.62,66.75,53.68,1017.68,432.66,3807
26.96,73.68,84.77,1013.81,429.48,3808
23.25,63.78,72.01,1016.01,448.82,3809
8.0,34.03,78.67,1018.98,487.17,3810
12.66,41.2,89.12,1015.88,466.49,3811
23.04,74.99,92.86,1005.44,437.65,3812
31.41,74.16,57.05,1011.1,434.88,3813
29.51,75.6,50.61,1017.92,431.18,3814
21.96,58.79,88.74,1012.1,447.31,3815
26.45,75.6,74.5,1017.42,436.89,3816
12.79,44.03,95.93,1007.46,464.35,3817
14.63,41.23,86.4,998.96,466.36,3818
14.74,42.77,76.59,1017.71,463.61,3819
23.56,66.49,53.86,1012.21,441.92,3820
17.34,44.06,74.88,1015.84,458.5,3821
13.26,45.51,69.82,1015.99,472.17,3822
19.46,60.07,66.61,1014.81,451.89,3823
29.96,67.83,44.05,1008.0,433.13,3824
21.38,60.84,82.83,1017.94,445.8,3825
19.48,39.72,55.41,1001.75,457.16,3826
12.99,41.93,74.64,1020.25,472.95,3827
25.79,75.6,75.63,1017.46,434.65,3828
11.46,39.3,76.86,1019.53,475.51,3829
26.38,71.58,80.9,1011.02,434.26,3830
5.23,35.57,79.38,1026.23,488.5,3831
15.36,41.35,91.67,1002.4,465.01,3832
9.19,40.62,68.91,1017.78,475.42,3833
5.89,40.07,63.13,1018.99,493.9,3834
34.29,68.51,32.25,1009.58,427.62,3835
19.21,60.07,70.02,1014.94,452.84,3836
14.02,40.66,84.14,1017.05,465.39,3837
29.12,67.83,46.86,1008.05,432.46,3838
2.58,39.42,69.03,1028.68,488.69,3839
12.61,41.58,85.18,1020.17,463.36,3840
20.48,60.29,72.1,1017.16,455.51,3841
7.3,43.65,67.62,1019.33,482.96,3842
22.7,66.44,68.36,1011.19,444.02,3843
29.78,65.74,44.96,1012.13,441.51,3844
15.3,43.34,82.73,1013.23,463.7,3845
10.39,44.85,78.42,1014.22,478.05,3846
13.1,49.83,92.79,1007.29,466.08,3847
24.92,48.92,36.53,1010.11,445.56,3848
10.89,44.2,86.32,1018.3,479.16,3849
6.81,38.56,70.99,1016.5,487.45,3850
23.63,71.29,70.07,1008.01,442.65,3851
32.39,79.74,58.58,1006.92,430.12,3852
20.64,49.21,58.47,1014.86,454.2,3853
26.89,70.32,87.17,1012.39,435.56,3854
19.02,50.66,85.25,1013.04,455.42,3855
20.78,58.86,77.29,1016.02,446.2,3856
8.72,36.25,85.73,1029.31,479.94,3857
22.45,41.54,70.89,1012.69,460.07,3858
24.2,50.78,59.32,1008.74,443.09,3859
10.8,40.22,84.57,1011.25,478.21,3860
31.48,69.75,45.66,1008.9,438.19,3861
19.09,66.51,76.38,1015.11,458.41,3862
24.38,63.91,79.11,1009.53,446.02,3863
19.46,46.33,89.62,1013.77,452.11,3864
26.63,73.68,85.13,1015.15,428.8,3865
10.26,39.13,87.78,1010.94,474.16,3866
31.01,71.37,55.06,1003.4,430.82,3867
3.95,38.44,79.65,1016.75,492.46,3868
25.99,74.67,83.39,1016.59,434.7,3869
18.25,43.14,55.16,1011.51,462.78,3870
14.46,53.82,68.11,1016.55,462.6,3871
29.09,70.98,80.35,1007.86,439.34,3872
12.53,42.03,81.57,1017.57,469.18,3873
20.35,67.71,63.97,1005.85,446.42,3874
5.82,41.38,86.91,1021.06,492.12,3875
10.52,41.01,93.58,1020.35,466.75,3876
14.1,41.04,74.25,1026.11,465.89,3877
21.98,55.97,89.51,1009.12,442.65,3878
23.6,65.48,61.26,1017.44,444.38,3879
26.53,63.87,48.53,1017.38,445.11,3880
28.22,51.43,63.72,1006.06,438.43,3881
26.13,73.21,92.02,1002.12,435.34,3882
4.11,38.44,81.79,1015.9,488.05,3883
30.75,73.5,54.76,1011.02,429.18,3884
13.27,42.28,86.2,1008.3,468.86,3885
11.91,43.22,76.57,1008.75,472.88,3886
18.24,59.15,84.4,1012.0,449.48,3887
30.01,62.34,62.34,1005.28,435.94,3888
11.41,40.62,57.62,1015.56,466.83,3889
14.39,40.35,64.86,1011.33,472.43,3890
20.75,60.77,86.06,1017.91,448.58,3891
11.36,38.25,86.16,1013.22,473.55,3892
27.94,63.07,38.57,1010.75,441.0,3893
11.28,40.55,97.78,1006.23,475.14,3894
14.69,49.64,78.17,1023.43,434.12,3895
24.23,59.04,71.79,1011.91,443.06,3896
9.44,41.79,72.26,1020.16,474.03,3897
21.83,57.85,75.16,1012.49,448.21,3898
14.79,38.73,86.45,999.83,470.28,3899
23.29,68.51,77.81,1013.19,441.17,3900
21.75,65.12,66.0,1015.53,452.89,3901
17.33,53.16,82.93,1013.16,460.67,3902
17.53,50.66,91.51,1012.74,457.28,3903
22.61,54.42,75.87,1014.74,453.86,3904
13.34,40.83,85.85,1008.09,471.82,3905
15.85,49.69,89.24,1015.33,469.4,3906
12.43,43.22,77.42,1008.93,468.01,3907
20.34,46.63,79.08,1013.16,453.62,3908
14.52,44.84,88.51,1023.51,466.88,3909
31.92,75.33,61.97,1001.81,436.38,3910
22.89,73.11,73.11,1006.66,440.15,3911
20.84,51.19,84.11,1008.63,448.98,3912
18.81,52.08,98.86,1005.77,450.72,3913
28.95,66.75,60.48,1018.22,432.39,3914
16.82,47.45,88.48,1010.19,449.57,3915
11.2,41.38,61.89,1021.65,476.87,3916
9.13,39.16,86.17,1014.14,484.86,3917
15.24,45.87,85.95,1009.46,456.33,3918
5.68,40.35,92.86,1012.11,486.79,3919
30.32,64.69,51.36,1006.35,436.72,3920
17.89,44.6,42.51,1014.48,463.99,3921
33.38,71.06,64.83,1008.1,430.98,3922
26.19,65.61,54.52,1014.51,443.73,3923
12.59,44.34,85.57,1017.01,474.11,3924
17.62,43.69,67.92,1016.49,465.93,3925
22.06,64.15,68.66,1021.07,451.44,3926
18.28,45.0,43.03,1022.47,471.42,3927
16.62,52.05,67.81,1011.96,457.89,3928
22.83,65.18,79.74,1012.24,442.43,3929
12.04,40.78,85.97,1025.21,463.51,3930
19.51,50.16,94.37,1010.33,448.28,3931
24.65,71.98,91.11,1006.46,431.77,3932
16.14,44.63,47.85,1019.44,463.5,3933
19.27,50.9,83.14,1011.72,455.09,3934
6.5,38.68,62.9,1017.8,483.72,3935
6.43,39.61,83.8,1017.51,480.58,3936
23.46,57.85,65.54,1012.7,444.66,3937
5.68,40.77,90.6,1022.49,487.58,3938
20.12,56.53,75.59,1020.34,454.54,3939
27.75,66.54,46.37,1010.21,437.58,3940
14.32,45.08,84.53,1023.24,467.21,3941
28.29,47.93,53.23,1002.6,437.13,3942
15.08,42.77,73.19,1018.43,461.68,3943
10.98,41.39,85.31,1017.54,476.31,3944
31.85,73.91,60.22,1003.6,431.26,3945
19.54,50.66,84.53,1014.7,456.61,3946
23.17,62.39,89.42,1008.04,439.29,3947
20.28,62.52,75.67,1017.89,452.45,3948
10.08,41.16,96.03,1023.14,469.17,3949
28.5,74.87,53.78,1009.67,444.88,3950
15.16,40.73,86.37,1017.7,459.19,3951
28.02,68.08,44.46,1013.44,434.95,3952
25.38,65.34,62.49,1012.87,447.41,3953
27.55,64.96,57.34,999.73,431.33,3954
6.45,40.02,79.7,1032.08,481.36,3955
14.43,43.5,83.14,1021.86,466.58,3956
14.22,39.39,80.22,1014.16,470.98,3957
12.1,40.27,68.37,1005.53,477.61,3958
9.83,38.56,62.8,1017.35,480.47,3959
32.0,73.17,40.48,1009.94,428.69,3960
11.83,45.09,88.52,1013.11,470.32,3961
29.92,67.22,50.62,1014.09,444.78,3962
7.22,41.01,97.27,1025.19,476.15,3963
13.07,38.47,57.26,1015.16,468.9,3964
10.08,43.14,85.9,1010.67,478.73,3965
23.89,70.04,84.9,1011.16,433.71,3966
18.88,44.06,68.54,1013.81,451.13,3967
20.68,68.61,84.81,1011.2,446.33,3968
13.99,36.71,83.13,1013.43,473.2,3969
7.4,41.03,74.83,1022.09,486.81,3970
11.77,40.0,85.08,1021.08,475.49,3971
22.64,63.73,84.22,1013.88,447.21,3972
18.13,66.86,78.84,1012.9,454.85,3973
23.18,72.99,90.09,1009.01,439.12,3974
29.45,68.24,32.81,1007.45,432.53,3975
10.2,41.17,82.46,1019.56,479.7,3976
26.57,48.06,40.24,1013.23,439.54,3977
22.78,49.16,64.28,1002.29,444.99,3978
25.59,61.08,77.28,1013.19,443.91,3979
18.66,56.53,80.04,1020.13,459.45,3980
24.66,69.94,60.91,1006.56,432.68,3981
21.9,66.54,89.99,1004.76,439.06,3982
12.12,38.28,90.19,1013.65,471.19,3983
14.95,42.99,90.76,1008.75,468.61,3984
19.31,52.72,53.93,1024.93,455.25,3985
30.93,73.42,56.42,1010.98,432.44,3986
26.27,62.91,48.06,1011.97,447.76,3987
19.46,66.86,66.2,1012.74,454.89,3988
15.56,40.12,89.78,1013.72,461.21,3989
8.99,41.26,91.96,1020.52,476.09,3990
22.16,58.82,87.16,1009.61,444.76,3991
24.43,59.87,60.57,1019.08,441.61,3992
20.78,62.52,73.3,1017.58,452.3,3993
29.51,76.09,71.5,1007.39,432.45,3994
12.4,40.35,79.49,1011.46,476.44,3995
28.92,72.43,66.14,1007.03,431.5,3996
13.03,42.86,86.25,1014.39,475.03,3997
28.73,73.91,70.17,1004.91,436.12,3998
26.43,77.17,92.59,1008.67,431.26,3999
17.61,56.53,82.3,1019.5,457.01,4000
21.79,46.21,72.0,1012.89,449.99,4001
5.11,42.07,81.8,1004.28,486.41,4002
12.85,40.35,81.27,1011.29,472.69,4003
25.03,47.93,62.89,1003.02,443.55,4004
25.35,66.56,66.88,1008.75,436.51,4005
28.95,73.4,55.14,1011.33,440.67,4006
19.72,51.19,95.28,1008.51,446.01,4007
30.03,67.9,52.61,1006.22,426.13,4008
8.7,39.72,78.75,1020.0,479.03,4009
14.94,42.77,75.35,1018.06,460.51,4010
7.07,37.49,87.19,1010.35,481.58,4011
21.12,47.24,70.55,1003.79,462.41,4012
8.6,42.28,80.15,1008.58,484.21,4013
10.33,44.92,85.67,1025.34,476.99,4014
16.79,49.25,68.8,1021.21,458.42,4015
16.16,41.79,76.21,1007.53,453.39,4016
22.52,64.27,82.77,1014.34,445.4,4017
22.11,59.8,70.14,1016.86,450.62,4018
14.11,45.08,83.22,1023.27,464.7,4019
24.97,68.61,58.94,1011.08,447.83,4020
19.22,62.1,79.19,1019.43,451.8,4021
13.72,44.47,68.89,1027.2,470.66,4022
24.58,71.94,89.02,1006.85,433.99,4023
9.16,42.44,93.67,1014.43,480.98,4024
20.92,57.76,75.86,1017.22,453.96,4025
26.7,70.32,86.41,1011.04,438.46,4026
9.04,44.68,90.73,1023.14,479.53,4027
10.16,39.3,81.21,1019.71,480.74,4028
3.85,35.47,85.31,1016.78,489.78,4029
22.7,64.05,89.69,1012.65,448.76,4030
28.54,69.59,78.62,1008.84,433.3,4031
31.54,72.58,65.57,1007.61,427.31,4032
10.48,36.71,81.37,1023.18,473.3,4033
16.77,42.28,73.19,1007.53,465.52,4034
17.84,52.08,100.09,1006.65,450.67,4035
21.76,60.27,85.06,1018.96,446.86,4036
12.24,40.96,81.09,1023.52,474.76,4037
13.25,49.83,88.21,1008.76,453.8,4038
17.28,44.92,76.08,1024.39,459.26,4039
34.96,68.94,59.26,1006.17,431.48,4040
28.51,74.78,59.06,1009.84,434.43,4041
32.29,64.96,42.61,1002.13,430.58,4042
15.6,44.68,85.91,1018.35,463.82,4043
26.91,71.64,83.54,1004.59,438.73,4044
23.55,73.18,87.97,1011.85,437.88,4045
15.49,54.3,71.26,1017.59,464.24,4046
19.68,62.96,82.26,1020.41,453.58,4047
24.87,60.37,76.21,1005.48,436.41,4048
24.73,69.05,66.44,1003.25,437.93,4049
11.31,39.61,68.9,1018.74,471.92,4050
15.24,37.87,84.49,1020.52,463.09,4051
23.16,57.69,84.7,1007.91,438.29,4052
14.81,40.71,73.0,1018.54,467.66,4053
13.97,41.16,74.88,1020.88,459.84,4054
23.25,71.29,71.36,1008.05,442.21,4055
22.47,59.43,85.21,1006.02,444.5,4056
16.38,45.64,89.28,1020.47,462.58,4057
19.73,68.63,74.12,1012.41,450.26,4058
30.24,69.88,61.46,1007.9,436.37,4059
28.13,61.25,62.57,1013.12,436.61,4060
24.6,75.23,76.77,1012.04,434.07,4061
21.64,50.32,86.32,1008.41,442.52,4062
29.03,69.51,47.04,1009.8,435.09,4063
25.02,59.44,73.65,1012.49,444.08,4064
23.32,69.23,75.59,1011.75,436.18,4065
11.48,44.6,90.76,1018.29,470.39,4066
13.83,41.23,93.94,993.31,466.2,4067
26.77,68.08,63.48,1010.83,432.91,4068
15.34,40.73,86.19,1018.03,458.55,4069
28.14,43.21,69.32,1011.82,436.53,4070
8.6,36.66,81.23,1026.4,481.86,4071
21.86,58.49,76.79,1010.88,449.9,4072
7.71,36.25,89.84,1027.92,481.74,4073
22.7,48.14,60.09,1014.06,448.96,4074
27.21,66.49,40.11,1013.57,439.04,4075
24.58,48.98,38.75,1014.96,459.79,4076
10.06,39.61,69.49,1020.69,478.35,4077
26.34,68.67,72.48,1006.54,437.52,4078
20.48,51.43,90.7,1007.4,448.03,4079
6.19,41.31,88.8,1002.48,485.08,4080
13.08,44.9,86.46,1020.47,472.01,4081
21.87,74.87,85.4,1009.28,442.37,4082
18.91,43.14,58.34,1013.56,460.19,4083
11.92,38.25,84.92,1013.13,472.5,4084
12.27,41.17,52.18,1019.39,473.84,4085
5.17,35.57,79.86,1026.68,491.32,4086
15.93,25.88,72.83,1009.45,462.7,4087
22.21,61.87,54.22,1010.9,446.62,4088
20.84,65.06,71.93,1016.88,445.74,4089
22.53,58.62,72.78,1016.28,449.02,4090
16.27,56.89,84.36,1013.74,454.88,4091
27.37,69.23,48.02,1013.25,433.18,4092
13.18,43.72,99.09,1010.59,464.7,4093
27.69,73.91,75.71,1005.23,435.08,4094
14.0,41.78,48.37,1010.96,465.62,4095
18.88,65.94,85.54,1010.43,445.61,4096
24.18,59.92,79.54,1009.88,438.85,4097
19.19,50.16,99.91,1011.12,449.52,4098
28.37,67.07,56.13,1005.65,435.94,4099
27.55,65.59,63.99,1011.6,440.53,4100
5.96,36.25,88.63,1029.4,488.2,4101
28.52,70.02,54.21,1010.34,441.98,4102
26.49,59.44,57.84,1012.09,441.16,4103
22.65,60.93,85.13,1006.43,440.52,4104
7.04,39.37,69.11,1019.37,488.0,4105
30.13,78.05,61.5,1010.99,434.14,4106
29.32,71.29,51.51,1008.34,432.17,4107
10.46,41.26,92.24,1020.65,473.76,4108
19.62,52.05,50.02,1012.09,456.81,4109
10.71,41.93,90.88,1018.23,478.76,4110
26.06,64.05,84.05,1012.0,442.24,4111
8.2,41.14,96.26,1025.24,474.04,4112
25.32,60.37,73.94,1006.19,438.5,4113
15.75,39.16,77.99,1016.31,468.87,4114
30.26,76.2,62.1,1008.44,435.04,4115
9.86,42.49,81.41,1009.16,477.78,4116
20.56,43.79,45.7,1015.85,462.11,4117
27.28,44.89,49.9,1009.02,441.94,4118
22.89,62.39,88.16,1007.84,448.13,4119
27.59,50.05,57.03,1005.71,437.98,4120
31.11,72.25,44.45,1012.34,434.22,4121
13.8,40.2,90.59,1013.12,466.29,4122
21.8,62.39,89.04,1007.84,452.15,4123
14.28,39.39,77.52,1013.82,469.92,4124
9.99,41.82,68.36,1033.14,475.75,4125
17.65,59.87,94.65,1018.58,450.93,4126
19.47,50.9,77.33,1012.77,457.08,4127
16.64,39.64,81.79,1008.7,463.49,4128
16.95,40.12,87.87,1012.59,457.05,4129
25.95,69.51,66.82,1009.36,434.38,4130
14.09,41.2,67.27,1016.45,472.42,4131
11.21,39.85,75.55,1013.01,480.61,4132
20.25,55.5,69.33,1020.03,455.13,4133
17.72,48.14,65.09,1013.26,457.44,4134
13.78,38.28,81.19,1014.8,467.43,4135
5.57,42.85,92.14,1013.55,488.85,4136
18.23,60.95,78.85,1016.74,455.53,4137
23.89,65.18,78.29,1012.46,438.97,4138
32.16,66.25,56.88,1008.17,434.5,4139
25.62,63.13,83.49,1013.84,439.13,4140
21.69,42.23,67.55,1013.05,461.56,4141
13.9,45.08,83.43,1023.29,465.31,4142
25.88,74.67,81.09,1016.66,434.81,4143
25.03,61.86,80.85,1012.84,439.55,4144
17.7,50.88,89.57,1015.44,456.78,4145
13.98,40.24,87.45,1017.19,467.2,4146
23.36,72.24,94.41,1010.99,434.15,4147
26.55,73.67,79.41,1005.74,433.44,4148
25.16,47.01,64.0,1014.99,452.64,4149
23.82,63.76,68.94,1009.8,440.52,4150
29.86,70.8,70.36,1010.22,437.47,4151
25.42,66.05,68.92,1016.74,442.6,4152
8.33,39.72,82.84,1020.24,479.12,4153
26.2,65.18,47.82,1011.42,440.07,4154
31.49,73.5,40.16,1010.71,432.13,4155
28.05,70.36,64.42,1006.73,434.06,4156
9.7,37.14,75.2,1012.79,475.77,4157
15.94,44.85,67.57,1014.29,462.54,4158
18.52,58.41,99.89,1013.77,446.68,4159
14.5,40.66,82.93,1016.81,463.53,4160
25.66,71.77,84.76,1006.76,429.25,4161
24.29,62.91,65.85,1013.04,442.18,4162
13.87,49.83,89.14,1006.76,462.46,4163
6.1,43.65,75.85,1018.07,485.24,4164
21.91,70.32,90.57,1009.17,439.29,4165
29.34,70.94,62.43,1007.82,433.57,4166
23.93,65.59,87.26,1011.09,444.9,4167
7.77,40.27,83.65,1010.25,485.54,4168
28.07,74.33,71.69,1012.0,428.87,4169
28.34,73.68,76.73,1015.05,432.0,4170
18.59,65.06,80.72,1015.75,450.4,4171
28.68,61.86,62.67,1011.78,440.57,4172
19.01,58.46,90.99,1017.14,446.18,4173
21.29,51.43,90.12,1011.31,452.94,4174
9.78,52.75,78.31,1022.97,469.58,4175
19.65,42.23,75.9,1013.04,461.16,4176
8.54,38.08,71.24,1019.75,478.31,4177
21.39,58.05,86.44,1013.03,449.76,4178
13.25,43.7,76.05,1013.61,472.22,4179
13.53,42.03,84.02,1017.52,466.71,4180
5.35,35.79,93.53,1013.23,483.2,4181
32.0,65.74,46.16,1011.22,440.26,4182
26.92,68.27,61.73,1008.11,435.17,4183
25.82,59.43,65.25,1008.08,436.67,4184
26.41,65.59,73.78,1010.69,441.49,4185
4.27,39.64,84.85,1010.99,487.19,4186
17.79,44.9,69.72,1020.5,457.72,4187
17.47,58.16,82.26,1016.36,456.97,4188
28.53,76.86,75.77,999.08,431.64,4189
28.37,68.12,45.87,1012.41,436.42,4190
22.88,71.73,86.96,1010.11,436.36,4191
10.16,41.62,94.3,1013.15,465.05,4192
4.59,39.33,71.78,1010.85,494.9,4193
9.23,39.66,76.11,1019.44,481.77,4194
23.81,66.51,70.16,1016.96,438.32,4195
17.98,60.1,84.11,1009.61,452.57,4196
12.38,45.09,90.55,1013.26,467.47,4197
12.88,44.34,88.51,1016.03,474.94,4198
23.26,63.56,71.3,1013.64,446.67,4199
25.98,68.12,66.86,1011.36,439.0,4200
10.01,41.17,86.84,1018.78,479.4,4201
8.55,36.25,85.23,1029.54,480.68,4202
16.85,50.9,83.94,1013.26,460.68,4203
23.48,66.49,62.61,1014.41,450.05,4204
19.64,46.33,98.99,1013.33,451.45,4205
22.0,59.54,95.25,1004.55,439.37,4206
22.54,63.91,84.91,1012.15,446.64,4207
28.18,77.54,74.72,1011.99,430.55,4208
31.04,74.67,43.32,1015.85,435.17,4209
10.81,45.0,85.89,1023.45,482.63,4210
21.84,55.5,62.17,1019.28,454.99,4211
24.96,69.68,63.12,1011.37,447.2,4212
22.19,70.02,82.49,1011.03,444.85,4213
31.01,74.16,56.52,1010.89,434.64,4214
19.05,55.5,75.76,1020.25,457.5,4215
17.37,58.49,91.14,1012.2,456.29,4216
24.07,73.46,73.46,1006.61,438.41,4217
23.0,66.05,80.29,1020.61,421.57,4218
20.05,42.48,85.09,1012.29,457.01,4219
24.03,45.87,52.48,1007.55,445.84,4220
31.44,79.74,56.99,1006.95,431.69,4221
7.36,41.01,96.48,1025.49,477.37,4222
20.53,65.06,73.47,1016.69,446.64,4223
29.21,72.25,71.85,1012.72,434.64,4224
20.68,63.86,74.36,1015.73,447.84,4225
32.96,69.75,40.23,1008.86,435.56,4226
26.29,56.85,60.33,1012.68,439.86,4227
29.25,78.87,84.28,1012.05,430.49,4228
31.91,69.89,54.51,1014.59,429.29,4229
6.67,39.33,91.96,1011.07,490.03,4230
14.56,40.89,79.57,1010.94,467.53,4231
20.3,58.41,86.38,1014.05,451.74,4232
20.74,58.2,70.66,1017.54,450.4,4233
23.51,58.79,65.38,1016.44,445.75,4234
32.32,76.09,62.96,1006.63,432.53,4235
25.79,75.6,75.63,1017.46,434.65,4236
22.26,70.47,84.22,1008.32,440.21,4237
5.53,35.79,94.19,1013.48,484.25,4238
16.05,65.46,87.99,1013.92,456.94,4239
9.98,41.62,95.77,1013.56,463.16,4240
18.47,62.1,82.57,1019.86,452.51,4241
26.55,69.45,52.22,1013.92,434.55,4242
27.67,71.64,78.14,1004.41,433.29,4243
29.63,66.75,58.46,1018.08,433.26,4244
9.32,41.39,70.21,1020.03,481.88,4245
29.04,76.09,75.44,1007.52,430.32,4246
19.27,65.12,73.48,1015.63,449.42,4247
21.55,44.05,84.05,1005.69,443.48,4248
8.35,40.46,73.26,1019.23,474.79,4249
24.71,61.9,85.82,1013.78,443.39,4250
21.85,58.33,66.39,1013.03,447.31,4251
11.2,41.54,67.18,1019.94,479.03,4252
25.21,69.48,75.27,1010.99,436.02,4253
21.75,50.12,94.41,1009.36,446.64,4254
23.59,71.73,87.06,1009.69,435.67,4255
27.57,68.31,55.87,1010.48,444.71,4256
15.03,40.66,84.08,1016.58,459.46,4257
3.6,35.19,99.1,1018.73,488.98,4258
27.81,66.51,48.48,1016.11,439.48,4259
21.41,50.32,84.47,1008.61,443.63,4260
6.4,41.17,85.37,1019.54,488.82,4261
31.03,69.98,52.16,1011.33,436.13,4262
14.09,44.84,94.29,1023.65,466.12,4263
31.38,71.32,60.42,1009.17,433.44,4264
30.21,71.32,67.57,1006.19,434.91,4265
23.81,73.17,86.13,1012.13,438.11,4266
21.4,59.21,78.01,1017.84,444.15,4267
15.14,37.85,84.3,1010.33,468.31,4268
16.34,41.48,48.24,1015.92,453.6,4269
25.64,63.47,68.35,1012.33,442.62,4270
14.2,40.92,71.71,1022.26,460.42,4271
29.91,74.33,39.76,1013.22,430.26,4272
22.64,70.98,95.65,1005.71,441.99,4273
32.5,73.68,55.72,1014.65,427.63,4274
25.73,62.66,54.66,1010.15,444.85,4275
32.35,77.95,60.88,1014.76,432.72,4276
18.1,45.0,48.41,1023.05,465.46,4277
15.32,45.01,83.72,1013.3,459.31,4278
21.41,54.2,82.28,1011.37,448.11,4279
18.87,52.05,53.46,1012.02,458.64,4280
27.3,57.19,63.48,1008.08,438.65,4281
14.2,45.51,74.85,1015.36,465.35,4282
8.61,43.8,74.35,1021.9,478.25,4283
27.98,74.78,63.11,1009.46,436.82,4284
23.97,63.86,57.62,1018.09,441.65,4285
20.63,43.77,62.34,1010.71,448.25,4286
23.63,73.18,88.81,1012.29,437.7,4287
24.84,71.73,82.41,1009.84,436.36,4288
25.76,71.06,90.4,1007.93,433.75,4289
6.77,38.18,81.13,1017.8,484.31,4290
21.75,67.45,67.09,1014.89,445.1,4291
18.21,41.85,56.86,1014.67,468.4,4292
23.09,73.5,89.76,1011.4,438.56,4293
21.28,70.32,88.05,1011.55,438.7,4294
29.04,70.72,66.58,1009.55,437.95,4295
11.98,39.35,98.05,1014.97,472.43,4296
11.4,52.75,75.7,1023.31,465.79,4297
4.32,35.47,88.51,1017.8,488.03,4298
15.77,39.82,79.1,1013.01,468.78,4299
17.75,42.24,61.52,1016.86,468.86,4300
19.26,58.46,84.64,1015.74,450.66,4301
23.85,69.45,60.6,1013.99,439.67,4302
26.77,64.45,44.56,1013.26,449.1,4303
25.2,61.08,74.28,1013.04,447.09,4304
21.84,59.07,96.5,1008.84,448.61,4305
20.17,58.12,79.47,1015.41,455.25,4306
21.74,60.27,88.96,1015.82,441.22,4307
27.53,70.32,49.31,1007.75,433.72,4308
21.95,50.66,70.94,1013.92,455.23,4309
8.03,37.8,60.67,1020.47,481.51,4310
15.25,39.16,79.39,1016.18,471.05,4311
32.16,71.32,60.23,1005.5,434.01,4312
24.81,67.17,84.37,1007.71,442.75,4313
14.85,43.13,55.29,1016.02,470.37,4314
28.32,72.58,78.35,1007.77,428.06,4315
22.21,61.5,76.22,1008.34,445.77,4316
5.53,40.64,97.25,1020.78,479.88,4317
25.31,60.75,79.35,1008.65,437.33,4318
15.86,43.5,75.38,1021.22,459.42,4319
23.47,60.77,75.36,1017.19,444.46,4320
14.08,43.41,54.15,1015.59,466.99,4321
20.15,49.5,66.7,1013.47,462.65,4322
13.07,43.13,70.02,1016.93,471.47,4323
26.75,69.45,53.65,1013.88,434.57,4324
32.31,62.04,39.39,1010.41,450.13,4325
30.18,61.5,36.81,1009.8,436.92,4326
9.15,41.82,75.11,1032.88,477.78,4327
8.57,40.23,90.46,1017.53,484.17,4328
24.68,48.06,54.97,1013.83,447.96,4329
5.97,40.35,94.1,1012.3,489.03,4330
17.54,42.42,67.67,1008.97,471.28,4331
24.98,60.32,63.12,1016.39,446.46,4332
25.54,60.37,71.54,1006.49,436.14,4333
27.45,64.34,65.87,1007.12,440.0,4334
23.24,45.01,45.23,1012.21,457.01,4335
11.04,45.51,83.42,1017.53,474.45,4336
17.06,58.96,73.95,1013.83,461.15,4337
3.82,35.47,84.34,1016.62,489.04,4338
12.1,44.77,75.85,1019.1,463.11,4339
11.72,40.55,85.13,1021.54,470.8,4340
14.66,42.07,84.68,1018.14,462.77,4341
22.45,63.77,87.44,1014.57,444.26,4342
23.46,72.43,90.55,1008.0,435.36,4343
30.15,70.32,54.14,1007.58,426.8,4344
31.74,79.74,61.47,1007.07,431.72,4345
21.4,74.93,80.85,1014.58,434.09,4346
16.56,42.99,74.45,1007.48,464.62,4347
27.45,59.74,58.58,1011.34,450.46,4348
13.69,40.83,84.81,1008.53,471.26,4349
12.67,42.86,89.9,1014.06,473.13,4350
19.77,65.06,74.95,1016.22,448.26,4351
28.04,70.32,78.16,1011.28,435.42,4352
13.35,41.16,89.12,1011.32,474.57,4353
20.54,68.12,81.06,1012.23,440.28,4354
21.67,57.76,68.21,1018.32,452.56,4355
25.61,52.36,62.9,1014.1,451.42,4356
18.03,53.16,81.42,1013.1,457.73,4357
5.85,40.77,84.77,1022.44,480.59,4358
10.38,40.92,95.18,1021.53,466.46,4359
23.36,73.18,89.15,1011.96,435.85,4360
12.91,41.16,89.19,1011.9,472.71,4361
15.35,41.79,81.13,1008.38,455.54,4362
30.69,74.16,60.89,1012.71,435.17,4363
30.58,65.18,37.43,1011.61,437.17,4364
18.15,58.46,88.24,1017.42,449.48,4365
12.38,40.6,85.35,1013.86,472.53,4366
34.65,74.67,26.67,1016.03,427.69,4367
10.99,43.5,93.64,1021.1,469.34,4368
33.72,74.33,37.51,1011.4,428.96,4369
19.09,44.63,39.32,1019.91,461.36,4370
21.43,63.94,99.68,1012.68,445.29,4371
34.33,74.34,42.75,1001.74,435.76,4372
30.59,70.04,50.56,1010.28,429.13,4373
32.0,73.17,42.47,1009.92,433.72,4374
3.96,35.47,83.81,1016.79,489.68,4375
32.45,66.44,50.18,1011.21,429.99,4376
28.91,58.33,39.72,1013.84,437.53,4377
32.26,71.29,48.58,1008.41,431.96,4378
23.39,74.22,86.05,1009.83,439.92,4379
29.27,69.89,67.16,1015.21,425.55,4380
16.37,43.5,72.4,1021.26,459.18,4381
18.68,43.69,48.88,1016.68,463.02,4382
24.86,65.34,60.33,1012.99,447.25,4383
5.12,40.78,96.88,1025.45,481.28,4384
32.55,73.03,44.83,1014.36,439.81,4385
19.81,43.56,38.13,1013.39,460.59,4386
8.46,39.42,69.36,1025.05,474.42,4387
23.71,68.63,46.04,1014.54,449.41,4388
30.52,71.77,56.4,1006.22,426.14,4389
22.79,68.63,55.78,1012.99,446.16,4390
19.05,53.16,82.8,1013.22,455.76,4391
25.72,66.86,69.14,1007.47,439.97,4392
9.64,40.56,78.62,1022.51,483.39,4393
29.49,70.98,79.08,1007.83,434.43,4394
23.4,49.16,69.82,1002.85,446.05,4395
10.36,43.67,78.15,1011.95,477.23,4396
16.74,39.16,71.17,1005.68,460.47,4397
17.07,41.35,83.43,1005.88,464.6,4398
27.43,64.96,67.94,999.72,431.21,4399
23.1,60.08,65.44,1017.69,451.01,4400
28.25,71.77,67.03,1006.36,429.39,4401
30.92,78.05,59.62,1011.0,434.12,4402
26.75,58.33,45.47,1013.55,444.09,4403
6.62,41.14,86.24,1027.33,479.74,4404
12.69,40.75,82.92,1016.05,472.68,4405
18.04,44.88,66.3,1017.96,461.13,4406
19.15,56.53,84.1,1019.95,456.4,4407
12.08,40.24,92.32,1016.63,474.07,4408
15.67,48.78,88.92,1013.76,462.96,4409
34.63,74.33,31.45,1011.7,428.54,4410
7.46,41.26,96.51,1009.63,482.83,4411
19.61,56.53,77.13,1019.69,454.22,4412
10.96,41.93,87.38,1019.28,473.28,4413
24.15,63.13,92.1,1013.8,440.15,4414
8.09,38.5,67.31,1012.99,484.81,4415
21.59,48.06,77.13,1012.72,446.83,4416
25.03,59.21,56.96,1017.28,446.33,4417
10.24,41.58,94.34,1021.17,465.86,4418
24.2,57.85,70.29,1013.05,446.87,4419
20.24,58.41,99.59,1013.73,449.49,4420
31.82,73.68,40.58,1014.8,433.32,4421
14.17,39.59,94.08,1010.99,464.17,4422
10.07,34.69,70.52,1028.09,478.65,4423
29.79,68.24,65.49,1009.19,428.44,4424
12.51,43.67,91.55,1013.24,471.96,4425
18.91,59.21,90.49,1017.76,450.24,4426
7.98,39.61,77.04,1018.57,479.78,4427
31.67,69.68,46.52,1012.38,439.72,4428
17.59,65.48,81.34,1018.96,454.51,4429
25.96,60.32,55.51,1016.17,443.44,4430
15.35,35.4,57.12,1016.3,468.94,4431
22.39,48.14,64.31,1014.56,448.58,4432
30.85,67.45,32.99,1014.53,430.8,4433
24.02,64.63,55.17,1020.49,449.66,4434
16.25,40.89,62.7,1011.09,464.33,4435
24.33,46.93,52.63,1013.51,449.07,4436
28.78,64.96,56.43,999.75,432.66,4437
25.01,59.54,80.93,1007.91,441.3,4438
22.98,58.46,72.69,1016.06,445.05,4439
17.85,46.48,83.59,1007.79,458.16,4440
24.24,71.58,91.14,1010.15,437.75,4441
5.09,42.85,91.34,1013.78,481.24,4442
12.68,40.69,79.77,1014.46,475.37,4443
29.56,52.84,42.17,1006.09,436.46,4444
18.46,42.18,97.61,1001.47,458.67,4445
10.07,40.46,69.2,1018.65,470.99,4446
21.49,56.9,66.66,1007.47,452.46,4447
16.69,53.82,63.62,1015.39,458.96,4448
28.77,58.33,36.6,1013.73,448.06,4449
15.03,42.44,94.52,1014.25,464.91,4450
28.62,70.32,46.67,1008.87,431.03,4451
14.84,71.14,66.78,1019.61,454.16,4452
23.33,58.95,66.37,1017.93,442.71,4453
26.1,66.25,84.52,1009.25,441.53,4454
12.72,39.13,92.59,1008.36,467.28,4455
26.34,69.45,54.15,1013.87,438.5,4456
30.54,70.17,64.32,999.42,434.62,4457
7.09,43.65,72.1,1019.6,483.42,4458
23.47,59.22,83.33,1013.44,442.13,4459
9.78,41.93,75.05,1023.18,484.03,4460
13.61,41.74,62.83,1021.66,471.79,4461
24.96,74.99,80.52,1008.25,440.91,4462
25.68,59.44,67.29,1012.33,444.36,4463
23.01,59.44,82.62,1012.82,445.72,4464
30.28,58.9,54.59,1005.03,439.06,4465
5.86,40.62,85.06,1017.03,480.71,4466
9.68,39.61,74.5,1015.63,475.02,4467
26.04,71.14,68.95,1011.66,433.78,4468
12.0,39.35,82.51,1015.48,476.64,4469
15.45,46.63,85.47,1012.6,464.37,4470
30.09,69.48,53.24,1009.51,435.2,4471
11.23,41.17,56.85,1019.36,475.85,4472
10.59,41.93,92.91,1017.7,479.85,4473
19.89,51.43,92.08,1007.33,448.98,4474
14.35,40.71,69.5,1023.09,473.56,4475
5.47,40.62,83.61,1018.66,481.56,4476
16.11,44.92,79.85,1025.37,460.99,4477
26.03,59.07,82.52,1007.3,440.6,4478
30.61,68.84,52.5,1011.18,439.9,4479
22.54,63.07,81.64,1011.71,442.28,4480
11.67,40.23,82.48,1017.65,475.07,4481
11.71,41.44,79.95,1015.37,474.22,4482
10.91,39.61,64.38,1018.44,469.42,4483
29.53,70.94,70.68,1007.22,432.43,4484
30.54,69.14,70.46,1007.25,435.46,4485
10.72,45.0,86.95,1023.22,480.62,4486
25.54,48.41,55.34,1010.51,437.58,4487
24.89,64.27,64.65,1013.52,444.21,4488
29.33,52.84,44.3,1006.04,438.25,4489
9.33,39.96,98.58,1024.55,473.78,4490
20.76,58.18,99.22,1007.8,449.25,4491
28.78,60.07,49.03,1014.54,439.74,4492
19.62,43.56,37.6,1012.89,463.33,4493
24.92,60.95,60.58,1014.88,445.44,4494
11.33,41.16,87.13,1019.05,468.87,4495
22.12,63.91,90.83,1009.61,447.77,4496
18.27,51.43,88.39,1010.38,460.41,4497
15.9,41.35,92.89,1005.35,464.93,4498
14.67,71.14,77.72,1019.84,458.8,4499
17.94,37.2,68.11,1012.64,467.65,4500
18.92,44.63,47.81,1020.32,451.64,4501
15.27,56.89,86.92,1013.28,456.72,4502
16.31,68.28,98.62,1003.98,450.33,4503
4.99,41.03,83.11,1022.33,493.16,4504
24.07,71.97,94.87,1008.83,441.84,4505
20.03,62.26,82.54,1012.15,447.4,4506
15.83,41.67,74.12,1013.39,464.93,4507
25.44,70.17,91.89,1000.65,433.02,4508
23.38,52.84,82.98,1005.27,440.28,4509
30.17,64.79,43.81,1017.06,439.75,4510
29.97,73.06,78.26,1009.41,430.37,4511
6.86,42.49,93.96,1007.95,486.14,4512
21.87,49.39,67.05,1019.99,451.97,4513
20.46,51.43,93.25,1007.31,444.88,4514
12.03,40.1,85.39,1015.32,474.94,4515
32.21,68.3,49.38,1014.94,429.66,4516
33.08,69.75,43.69,1009.03,434.98,4517
5.66,35.79,94.42,1013.86,484.15,4518
19.35,50.12,100.1,1005.43,447.43,4519
23.43,51.43,73.55,1011.31,444.09,4520
11.18,37.5,74.32,1013.32,472.02,4521
28.37,72.86,53.52,1004.81,441.37,4522
11.49,39.22,53.11,1016.35,471.47,4523
18.87,43.43,69.5,1009.16,454.58,4524
20.3,59.8,78.75,1015.24,453.29,4525
12.39,49.83,92.43,1007.6,468.43,4526
33.13,74.34,48.34,999.57,433.73,4527
18.26,59.15,85.74,1012.38,452.03,4528
11.21,41.06,77.0,1021.75,474.03,4529
18.19,44.06,78.73,1017.24,456.13,4530
12.6,41.74,67.89,1022.13,474.23,4531
20.18,43.43,65.11,1011.31,450.09,4532
22.89,65.34,61.0,1015.53,450.53,4533
12.19,44.63,80.91,1018.96,468.91,4534
25.86,59.07,81.28,1008.59,440.9,4535
15.33,52.05,80.56,1014.15,452.82,4536
17.3,62.1,88.06,1020.28,450.83,4537
11.52,40.75,85.18,1016.23,477.19,4538
32.09,79.74,61.5,1006.92,432.85,4539
24.82,72.99,84.72,1007.81,435.68,4540
27.85,66.44,77.15,1008.48,429.0,4541
25.72,74.67,75.93,1016.64,434.83,4542
25.61,74.22,75.15,1010.26,438.45,4543
22.18,45.09,43.13,1014.04,455.4,4544
13.92,41.16,88.69,1003.83,465.33,4545
14.26,44.2,76.46,1019.81,462.87,4546
27.02,71.25,87.86,1000.48,438.33,4547
14.29,37.85,92.81,1009.98,468.63,4548
11.23,41.17,56.85,1019.36,475.85,4549
17.57,43.7,67.22,1015.53,463.64,4550
12.67,41.16,92.8,1016.92,462.35,4551
27.42,65.74,69.42,1013.43,440.52,4552
15.63,43.02,40.32,1012.57,466.69,4553
13.74,44.21,84.2,1023.26,466.67,4554
29.61,67.07,39.28,1005.91,434.14,4555
30.39,66.54,59.15,1002.7,428.89,4556
15.24,44.45,66.13,1020.56,460.94,4557
12.52,42.34,95.29,1018.67,464.71,4558
24.56,51.86,68.85,1014.43,447.57,4559
16.39,58.59,90.34,1014.58,455.05,4560
10.64,41.04,93.59,1025.0,468.88,4561
18.06,65.48,77.95,1018.79,454.34,4562
12.81,44.58,80.76,1016.49,475.5,4563
10.03,42.18,85.99,1017.3,475.74,4564
22.74,58.12,79.58,1015.16,447.86,4565
20.65,41.67,45.27,1012.76,455.5,4566
8.19,41.66,75.38,1016.57,485.2,4567
14.08,39.31,72.0,1011.67,464.16,4568
8.74,40.03,93.37,1016.81,481.07,4569
28.9,68.84,64.44,1011.64,437.06,4570
13.95,40.2,90.77,1013.18,464.79,4571
7.89,40.46,74.53,1019.61,477.27,4572
25.17,64.79,63.26,1017.87,442.15,4573
26.94,68.24,76.58,1010.49,430.34,4574
14.08,40.73,91.49,1017.52,461.58,4575
14.32,40.78,73.84,1024.49,457.92,4576
24.63,59.57,85.36,1010.45,440.67,4577
26.59,69.13,73.96,1009.27,430.11,4578
11.62,39.72,68.06,1018.4,471.56,4579
17.32,43.7,61.66,1015.13,464.5,4580
20.39,64.15,62.35,1021.31,457.37,4581
11.64,41.39,83.4,1017.36,479.53,4582
22.08,55.5,58.46,1018.42,455.79,4583
17.77,52.9,81.51,1020.11,457.98,4584
22.43,69.84,75.54,1006.94,436.19,4585
21.87,66.86,57.39,1013.01,453.62,4586
25.59,72.43,82.98,1007.88,432.49,4587
15.24,40.0,65.16,1017.34,454.64,4588
8.14,37.49,80.33,1009.04,480.66,4589
21.2,59.39,85.06,1014.04,444.57,4590
10.9,39.64,64.88,1010.58,477.04,4591
17.23,41.1,68.88,1002.45,464.18,4592
14.03,49.83,90.01,1006.64,463.71,4593
8.42,42.28,87.78,1008.4,481.91,4594
29.09,47.93,48.13,1003.05,438.97,4595
4.08,35.19,97.07,1018.87,489.44,4596
29.72,68.08,53.46,1010.72,430.36,4597
5.98,41.31,89.5,1001.66,484.51,4598
28.83,64.96,63.57,1000.05,429.13,4599
12.9,43.41,59.15,1015.92,464.26,4600
34.61,73.03,36.91,1013.61,438.56,4601
18.32,47.83,87.21,1005.06,454.11,4602
27.37,72.58,79.94,1008.16,428.05,4603
16.02,44.21,85.64,1020.97,462.51,4604
22.1,74.87,85.78,1009.4,442.83,4605
6.93,39.81,87.29,1017.25,484.98,4606
6.75,39.37,70.99,1020.26,486.26,4607
25.42,67.25,68.61,1017.92,439.43,4608
23.05,58.86,62.21,1013.84,445.46,4609
7.23,41.22,98.04,1015.23,483.31,4610
22.59,59.43,84.02,1005.85,442.0,4611
9.06,39.66,76.98,1019.64,479.53,4612
11.82,41.17,55.74,1019.5,475.61,4613
25.14,60.93,76.71,1007.44,437.4,4614
25.21,70.04,76.13,1009.51,432.93,4615
10.54,41.93,93.52,1016.64,479.65,4616
32.42,75.08,41.62,1004.82,436.26,4617
19.88,44.6,37.85,1015.52,467.68,4618
24.73,70.72,88.79,1009.82,439.3,4619
12.67,48.14,83.63,1017.41,463.68,4620
11.02,40.81,78.13,1016.31,474.01,4621
18.09,48.92,52.11,1010.6,455.07,4622
19.67,44.71,31.46,1015.46,464.99,4623
19.96,56.03,64.95,1020.59,454.67,4624
12.3,40.69,82.58,1015.74,474.46,4625
21.99,51.19,82.58,1009.19,446.93,4626
25.35,71.98,88.44,1006.83,435.72,4627
6.22,38.68,69.41,1017.87,483.55,4628
15.69,37.87,84.38,1021.18,465.41,4629
21.44,60.32,81.1,1015.2,448.84,4630
24.27,63.9,61.09,1013.5,450.26,4631
21.55,60.27,92.59,1017.42,443.93,4632
23.74,49.5,49.51,1013.2,463.4,4633
11.94,44.2,82.93,1017.97,474.02,4634
23.45,70.04,79.2,1010.99,436.46,4635
17.36,44.63,54.21,1020.49,456.98,4636
17.51,68.28,94.87,1004.36,449.59,4637
22.23,46.93,58.02,1013.09,448.27,4638
27.01,52.3,60.38,1007.78,439.51,4639
19.96,39.53,62.77,1006.16,460.49,4640
24.43,65.27,55.4,1013.25,440.99,4641
24.26,61.02,76.68,1009.78,442.86,4642
23.45,66.48,75.83,1003.66,435.13,4643
15.95,42.24,69.32,1017.71,465.35,4644
23.03,54.42,74.98,1014.42,453.77,4645
15.47,48.98,89.85,1016.42,457.55,4646
7.71,40.71,95.48,1021.53,471.38,4647
14.27,41.48,62.7,1014.83,458.19,4648
11.02,41.17,86.86,1018.18,477.62,4649
23.25,72.99,89.85,1009.17,438.51,4650
13.45,45.87,87.74,1008.42,464.59,4651
12.87,39.3,74.38,1020.64,467.54,4652
8.16,39.3,85.38,1019.39,483.17,4653
27.93,73.68,49.95,1015.41,435.95,4654
20.12,58.12,79.38,1015.47,453.33,4655
16.5,39.72,65.99,1003.05,459.06,4656
18.92,67.71,64.53,1008.19,446.77,4657
26.04,74.67,81.2,1016.68,433.55,4658
19.23,45.01,72.91,1012.24,450.77,4659
31.11,74.87,54.86,1009.11,434.3,4660
25.45,74.33,80.95,1015.53,435.12,4661
14.56,25.88,78.22,1009.46,466.29,4662
28.18,49.3,55.56,1003.97,438.91,4663
21.9,57.76,66.89,1017.45,449.95,4664
22.04,59.14,84.75,1017.34,442.45,4665
29.83,71.98,67.55,1004.32,426.98,4666
25.21,75.6,69.84,1017.19,445.84,4667
31.11,71.8,56.08,1010.81,437.2,4668
18.94,48.7,94.83,1008.5,451.38,4669
23.34,59.44,80.76,1012.67,445.24,4670
22.5,59.54,93.63,1007.99,445.22,4671
32.38,77.24,61.15,1007.7,430.96,4672
7.39,39.81,85.02,1019.45,482.99,4673
21.84,59.39,88.12,1015.77,442.11,4674
14.72,43.34,85.61,1013.07,464.22,4675
24.67,49.5,59.42,1013.62,455.31,4676
23.17,51.19,76.15,1009.5,441.77,4677
19.66,59.87,87.6,1018.75,446.28,4678
23.95,59.92,86.37,1010.15,435.92,4679
31.07,64.96,58.93,1005.2,428.63,4680
27.03,71.14,66.25,1010.33,430.41,4681
10.96,37.5,79.54,1013.46,471.05,4682
7.84,41.39,91.92,1018.21,485.66,4683
31.3,67.17,62.99,1007.27,433.53,4684
15.76,44.89,85.06,1010.33,459.67,4685
23.09,45.01,43.95,1012.25,453.45,4686
16.9,38.58,70.11,1014.09,459.87,4687
17.98,59.15,83.03,1012.09,451.97,4688
13.86,40.66,83.82,1017.15,463.49,4689
15.47,46.48,91.07,1007.69,462.58,4690
7.11,40.77,90.95,1022.4,475.55,4691
29.52,77.24,76.24,1008.55,433.82,4692
7.94,40.6,92.14,1015.3,486.33,4693
29.7,57.35,57.35,1005.63,433.27,4694
23.5,50.23,75.15,1017.51,457.51,4695
20.03,60.77,87.82,1017.23,449.31,4696
8.49,36.25,84.41,1029.7,480.35,4697
12.48,40.67,61.1,1011.24,475.96,4698
9.96,42.03,82.39,1017.78,477.85,4699
16.64,44.9,70.34,1021.02,460.93,4700
14.35,35.71,60.86,1016.1,468.9,4701
9.07,40.67,70.39,1014.41,484.5,4702
12.57,41.66,70.74,1009.11,475.61,4703
9.32,37.73,79.49,1022.14,477.91,4704
27.17,67.17,81.59,1006.76,431.73,4705
24.48,50.23,66.89,1017.03,456.02,4706
6.69,36.24,91.09,1013.35,483.82,4707
14.89,39.58,77.58,1012.26,465.95,4708
22.32,47.93,86.95,1004.07,440.21,4709
7.64,39.85,88.09,1012.78,481.53,4710
25.34,59.39,73.58,1014.02,439.8,4711
6.05,42.85,91.88,1013.09,485.02,4712
16.72,53.82,66.9,1015.46,458.25,4713
20.82,52.84,79.42,1004.13,449.59,4714
18.94,46.93,75.45,1010.22,441.41,4715
22.72,69.84,83.9,1005.96,436.7,4716
22.02,69.45,75.75,1013.84,440.26,4717
15.67,38.62,66.29,1015.76,463.17,4718
6.17,40.07,58.99,1013.7,495.21,4719
20.14,46.33,83.39,1013.24,453.35,4720
28.05,62.6,46.46,1017.01,449.73,4721
9.77,41.44,78.26,1017.69,481.74,4722
18.91,56.9,84.07,1006.98,448.24,4723
15.55,43.02,44.66,1011.97,466.2,4724
11.95,41.58,89.35,1015.83,464.57,4725
15.33,37.2,78.99,1013.4,466.81,4726
25.62,60.29,51.24,1017.81,444.94,4727
26.75,56.57,57.93,1013.76,443.92,4728
19.37,63.09,81.52,1018.79,450.18,4729
10.32,41.46,87.66,1017.98,479.61,4730
16.85,41.35,79.21,1006.14,463.37,4731
12.42,43.8,79.8,1023.13,466.59,4732
20.3,48.41,89.66,1007.48,446.68,4733
14.1,42.74,67.25,1026.92,466.1,4734
11.77,42.03,79.35,1017.63,472.22,4735
26.16,59.87,71.92,1013.24,446.73,4736
26.85,69.84,81.31,1002.84,426.58,4737
12.86,40.6,84.85,1013.6,472.04,4738
14.12,40.92,73.28,1022.46,459.76,4739
12.87,39.3,71.55,1019.26,471.48,4740
26.23,59.14,75.54,1016.98,437.85,4741
10.63,40.67,66.12,1017.13,483.27,4742
15.62,41.76,66.17,1023.82,459.72,4743
25.95,73.77,92.67,1001.35,432.21,4744
18.77,39.54,63.35,1009.39,458.58,4745
10.22,45.01,93.62,1018.27,474.32,4746
17.67,50.88,90.55,1015.64,456.16,4747
20.89,70.32,89.68,1011.22,442.5,4748
22.5,58.79,73.02,1017.48,443.35,4749
32.45,68.3,44.12,1015.26,431.79,4750
10.31,44.63,88.62,1020.55,471.78,4751
20.08,63.09,77.06,1019.0,448.74,4752
28.28,56.9,64.99,1006.38,445.61,4753
8.4,38.5,69.13,1013.67,486.5,4754
24.31,67.79,76.15,1010.64,444.72,4755
7.53,41.16,91.28,1023.19,475.7,4756
25.17,72.39,90.51,1001.69,432.45,4757
6.9,40.62,78.84,1018.48,479.97,4758
23.03,44.89,59.85,1010.26,447.81,4759
13.17,38.91,74.47,1016.55,470.63,4760
25.09,69.68,91.33,1012.18,439.77,4761
19.13,40.79,91.7,1004.47,457.83,4762
29.56,73.88,66.45,1005.77,436.6,4763
31.93,70.4,73.71,1005.27,432.29,4764
13.8,42.99,67.28,1007.16,470.93,4765
27.61,49.16,35.63,1005.01,441.18,4766
16.36,43.99,85.13,1021.34,465.81,4767
27.27,72.24,78.09,1010.69,432.35,4768
20.27,56.65,67.12,1020.75,454.29,4769
22.28,60.27,84.12,1018.98,443.44,4770
26.99,62.26,71.27,1011.13,436.89,4771
25.79,67.17,81.38,1007.89,440.75,4772
29.49,69.71,56.35,1009.34,440.99,4773
25.85,67.69,70.14,1007.7,434.0,4774
25.82,69.68,89.94,1012.69,439.58,4775
24.67,68.14,58.15,1004.96,438.4,4776
30.09,64.96,56.04,1001.29,430.3,4777
11.27,40.62,61.94,1017.03,471.26,4778
20.28,68.63,70.31,1012.42,454.36,4779
19.36,39.54,58.92,1008.97,458.75,4780
15.37,41.96,96.76,1011.58,466.02,4781
13.79,45.08,83.59,1023.3,465.69,4782
24.35,73.17,85.88,1012.2,435.66,4783
20.51,63.09,92.99,1016.39,445.86,4784
21.93,61.45,98.54,1008.92,443.91,4785
28.24,71.58,67.92,1010.1,434.01,4786
25.19,64.44,64.38,1014.75,444.35,4787
31.71,73.5,40.17,1010.63,430.45,4788
24.88,63.31,55.76,1014.23,441.54,4789
30.65,71.98,63.39,1004.92,429.85,4790
29.01,68.08,52.51,1010.74,427.91,4791
10.06,42.02,98.65,999.37,477.82,4792
14.66,41.92,68.88,1030.81,464.57,4793
26.12,68.51,68.96,1013.06,433.11,4794
23.92,61.87,54.16,1009.63,441.15,4795
21.88,59.39,87.19,1015.58,442.92,4796
16.0,42.86,81.74,1013.88,467.5,4797
24.74,59.21,74.2,1012.18,440.36,4798
6.93,40.67,71.16,1020.17,494.61,4799
12.26,39.96,79.06,1011.79,470.87,4800
14.44,40.8,56.59,1025.05,472.95,4801
11.85,42.07,93.45,1017.92,467.25,4802
21.35,57.76,73.1,1017.36,452.57,4803
27.31,65.12,45.98,1016.05,440.06,4804
23.59,43.77,55.98,1010.85,448.42,4805
11.94,40.66,96.11,1016.61,467.99,4806
24.97,50.23,56.79,1015.6,454.35,4807
24.78,57.19,65.4,1008.08,443.62,4808
8.18,43.69,88.16,1017.16,487.83,4809
13.75,40.66,93.31,1016.41,461.81,4810
15.52,43.7,76.27,1015.8,466.38,4811
14.98,43.99,83.34,1022.66,462.32,4812
13.42,40.78,77.51,1025.03,459.04,4813
24.05,72.24,88.94,1011.32,437.81,4814
29.75,74.87,56.5,1009.1,435.61,4815
17.89,42.42,65.08,1008.92,467.59,4816
27.84,72.39,83.46,1001.18,432.19,4817
18.24,58.46,86.92,1017.38,449.63,4818
12.0,41.17,58.71,1019.48,474.4,4819
12.23,43.69,84.4,1016.46,471.62,4820
22.67,64.15,70.49,1021.02,453.47,4821
16.73,37.2,74.04,1012.94,463.89,4822
21.65,56.89,66.07,1013.13,445.93,4823
21.18,45.01,48.05,1012.57,451.62,4824
21.06,67.07,84.09,1004.9,446.44,4825
13.88,48.79,79.4,1017.28,464.14,4826
19.08,46.93,75.21,1010.6,454.45,4827
17.48,40.89,62.45,1011.39,462.59,4828
16.23,43.69,68.9,1016.4,466.22,4829
24.99,60.37,74.87,1005.66,437.67,4830
12.53,44.03,84.2,1007.21,470.04,4831
18.3,37.2,68.09,1012.23,470.42,4832
7.51,41.66,78.31,1015.9,485.58,4833
28.66,77.95,69.07,1009.56,431.23,4834
25.6,63.9,53.19,1013.16,451.44,4835
12.75,39.85,62.37,1012.51,475.61,4836
17.19,58.86,85.97,1016.74,451.87,4837
30.51,60.75,51.0,1009.86,435.57,4838
8.23,40.77,90.59,1011.92,479.24,4839
10.17,40.1,91.9,1014.05,479.58,4840
27.04,73.67,77.45,1006.82,431.1,4841
10.74,40.92,94.97,1021.74,466.77,4842
21.96,58.79,87.32,1010.51,448.89,4843
23.14,62.26,66.44,1011.87,444.38,4844
27.41,69.98,65.49,1008.51,431.64,4845
25.61,67.69,68.76,1009.22,437.78,4846
18.55,61.87,65.3,1008.45,450.73,4847
30.55,66.25,63.52,1009.15,440.74,4848
24.4,41.1,38.75,1002.14,451.66,4849
25.17,68.08,60.87,1012.83,437.01,4850
22.1,65.06,71.5,1014.56,442.18,4851
11.48,42.02,94.76,1000.29,471.43,4852
24.04,59.43,76.98,1007.6,437.51,4853
12.74,41.38,56.67,1021.92,475.63,4854
20.65,57.5,87.45,1016.04,448.22,4855
9.6,41.03,69.03,1021.01,481.73,4856
28.61,69.84,67.74,1004.24,429.91,4857
16.58,37.64,81.59,1015.23,460.48,4858
16.81,38.52,75.21,1018.26,459.01,4859
5.46,40.81,93.52,1025.73,474.87,4860
23.19,49.82,70.52,1014.59,451.08,4861
11.86,40.27,72.91,1008.06,474.57,4862
20.36,66.05,87.19,1015.86,450.23,4863
25.14,63.47,70.27,1012.58,443.93,4864
28.42,75.23,56.8,1010.25,435.64,4865
10.96,45.01,95.82,1017.97,468.64,4866
18.48,52.05,68.2,1012.41,458.62,4867
16.48,41.35,89.07,1005.61,465.64,4868
14.04,40.2,89.54,1013.29,465.25,4869
22.24,41.1,42.6,1001.96,451.95,4870
11.77,40.71,72.49,1024.55,477.94,4871
32.41,58.9,45.33,1003.26,439.11,4872
17.8,62.26,89.81,1011.81,451.62,4873
19.08,59.15,81.82,1013.1,451.33,4874
11.72,40.35,83.98,1012.08,476.41,4875
27.92,68.12,49.8,1011.54,437.51,4876
22.73,66.75,84.06,1018.13,437.93,4877
30.67,72.86,52.72,1004.25,432.76,4878
26.81,61.47,68.34,1009.68,443.66,4879
15.39,39.31,66.67,1008.78,461.39,4880
22.92,61.9,78.32,1013.27,446.08,4881
29.53,71.43,57.41,1011.79,438.78,4882
32.84,68.14,43.88,1003.59,425.18,4883
15.78,41.48,52.17,1015.55,454.25,4884
6.65,40.69,89.84,1020.11,479.35,4885
14.64,53.82,60.59,1016.33,463.18,4886
15.12,41.79,82.35,1007.16,455.63,4887
28.36,69.88,84.17,1007.75,434.03,4888
24.27,74.93,73.81,1012.73,443.06,4889
27.77,51.43,69.01,1006.58,438.7,4890
11.17,39.72,81.4,1002.4,474.64,4891
23.71,67.17,90.2,1007.27,440.65,4892
28.12,73.42,80.16,1011.49,435.46,4893
19.17,52.9,65.23,1016.56,458.59,4894
19.67,44.89,73.88,1009.43,455.2,4895
18.5,46.93,66.81,1015.0,455.63,4896
16.36,39.99,72.48,1008.91,462.5,4897
22.43,63.76,75.27,1009.84,442.85,4898
30.8,73.56,75.78,1007.39,432.43,4899
22.07,60.08,71.23,1017.68,452.56,4900
15.51,41.76,69.55,1022.81,463.82,4901
29.78,69.71,67.46,1008.96,434.33,4902
9.61,39.04,75.66,1023.45,483.86,4903
31.99,53.53,53.53,1004.98,432.43,4904
29.72,74.78,55.25,1009.32,438.19,4905
15.47,43.13,50.5,1015.11,466.63,4906
4.62,38.44,73.14,1016.09,486.84,4907
15.61,41.2,75.28,1016.12,467.81,4908
7.35,41.66,79.67,1015.55,485.35,4909
23.77,61.87,54.83,1009.8,445.72,4910
10.88,44.63,86.81,1020.52,469.57,4911
12.99,43.8,64.65,1023.16,466.95,4912
22.99,46.93,49.42,1014.15,451.41,4913
24.38,58.2,51.61,1016.93,444.36,4914
25.14,69.13,85.67,1011.15,433.95,4915
13.21,40.03,82.98,1018.12,469.75,4916
13.56,39.18,63.82,1023.4,470.38,4917
10.6,41.46,89.02,1021.23,481.3,4918
12.78,41.04,85.14,1025.16,461.61,4919
27.44,66.56,69.28,1005.51,428.0,4920
23.09,51.19,81.61,1009.4,443.22,4921
20.87,57.19,77.0,1006.5,445.95,4922
14.58,42.07,86.14,1017.9,460.66,4923
22.12,69.71,90.22,1009.7,434.42,4924
16.73,65.94,90.19,1013.79,453.39,4925
14.92,41.16,83.7,1004.83,465.72,4926
21.38,65.12,68.02,1015.73,448.5,4927
10.55,41.92,91.23,1030.0,470.95,4928
3.31,39.42,84.31,1024.05,487.19,4929
16.23,43.52,76.3,1020.13,464.74,4930
27.86,65.18,55.53,1012.87,436.26,4931
13.63,43.22,72.85,1012.71,464.62,4932
6.91,37.49,82.07,1011.05,481.88,4933
8.62,39.54,82.86,1011.64,483.03,4934
8.51,42.32,84.89,1015.08,476.6,4935
31.3,70.79,54.37,1004.3,428.75,4936
16.0,43.02,39.2,1012.37,466.01,4937
11.44,44.2,84.9,1018.14,476.12,4938
5.15,45.87,98.36,1008.02,479.61,4939
24.88,63.91,77.75,1009.41,447.28,4940
27.52,74.67,72.01,1015.77,433.56,4941
32.89,66.44,60.55,1009.94,431.54,4942
9.98,39.66,77.78,1017.32,481.64,4943
25.42,74.22,88.55,1009.04,433.97,4944
26.04,52.84,65.18,1005.68,439.36,4945
16.0,48.78,88.64,1013.9,458.27,4946
14.4,40.2,90.5,1013.04,464.5,4947
21.71,60.77,85.07,1017.95,444.59,4948
27.72,69.88,72.25,1007.58,434.02,4949
9.34,38.08,67.74,1019.56,482.06,4950
31.12,68.14,67.36,1003.67,427.06,4951
12.14,44.85,60.04,1014.36,476.68,4952
12.24,40.96,78.74,1023.22,475.32,4953
25.67,69.88,83.32,1007.84,441.35,4954
28.6,61.86,62.13,1011.86,439.74,4955
33.63,70.4,53.6,1004.02,430.05,4956
20.23,57.76,81.26,1016.84,452.5,4957
13.3,50.59,92.96,1019.38,469.13,4958
20.77,45.87,76.22,1008.07,452.71,4959
20.0,56.53,75.94,1020.43,454.86,4960
7.34,40.72,80.08,1023.01,483.92,4961
21.71,65.27,63.58,1013.24,444.91,4962
25.16,58.82,72.62,1009.63,442.0,4963
17.35,39.39,67.67,1013.18,467.85,4964
21.6,66.86,54.19,1013.02,450.84,4965
9.89,40.64,98.35,1020.59,478.13,4966
13.32,44.9,78.64,1007.72,466.3,4967
24.8,50.23,63.13,1016.62,453.56,4968
26.38,44.89,51.79,1009.14,442.13,4969
19.93,57.25,89.34,1010.6,455.15,4970
9.33,36.3,79.23,1027.88,479.6,4971
13.85,45.08,83.85,1024.86,468.35,4972
24.51,62.08,57.44,1022.58,447.04,4973
27.78,68.67,59.17,1005.59,439.92,4974
23.85,52.3,70.95,1005.9,441.99,4975
13.75,40.89,82.8,1011.21,471.42,4976
34.2,68.14,56.09,1002.7,427.05,4977
19.04,68.28,86.16,1004.52,444.54,4978
24.85,67.9,64.55,1005.9,445.18,4979
22.51,66.49,63.03,1014.59,453.08,4980
26.88,60.96,57.9,1012.1,446.77,4981
15.48,47.83,81.68,1004.88,463.67,4982
23.56,73.67,87.1,1007.13,439.27,4983
19.43,52.9,61.12,1018.35,456.08,4984
29.97,67.9,61.6,1006.09,434.14,4985
18.97,50.59,74.9,1016.01,459.68,4986
21.37,81.56,81.56,1006.57,434.38,4987
20.09,61.27,70.71,1020.05,451.43,4988
22.41,66.56,88.71,1003.3,435.75,4989
24.51,68.63,45.1,1014.15,447.66,4990
26.01,74.33,81.22,1015.69,435.82,4991
28.32,68.12,46.75,1011.62,433.59,4992
13.68,45.08,85.26,1024.91,467.02,4993
8.83,41.14,94.36,1025.37,474.51,4994
24.75,58.79,71.97,1009.87,444.79,4995
30.64,74.87,59.01,1009.44,437.43,4996
26.68,49.02,68.01,1008.4,441.54,4997
23.38,48.6,69.19,1004.45,440.9,4998
23.48,70.79,88.57,1006.7,432.25,4999
14.03,49.15,83.65,1020.5,467.16,5000
24.26,47.93,70.44,1003.87,439.16,5001
13.08,42.32,83.72,1016.63,462.41,5002
23.78,69.71,83.17,1008.79,443.06,5003
27.71,75.23,59.75,1010.21,440.7,5004
21.97,65.61,73.29,1016.09,447.05,5005
15.54,41.23,83.73,995.45,463.06,5006
31.03,74.33,63.45,1011.55,429.35,5007
31.12,69.13,56.54,1009.61,429.41,5008
7.11,41.74,90.68,1022.35,487.85,5009
13.07,42.18,87.77,1014.98,461.71,5010
22.86,62.52,70.67,1016.23,447.96,5011
6.14,40.62,86.51,1015.71,481.66,5012
14.3,53.82,63.9,1016.64,465.42,5013
17.93,44.63,87.41,1003.54,458.96,5014
25.9,71.73,74.83,1010.18,434.84,5015
23.72,58.62,71.17,1016.32,447.13,5016
13.83,38.73,91.95,999.62,469.81,5017
21.71,76.86,76.86,1006.71,438.41,5018
28.76,66.56,62.41,1006.07,432.3,5019
15.28,43.71,81.24,1024.32,463.44,5020
13.95,38.73,83.94,1003.87,468.21,5021
22.19,58.49,77.03,1010.91,449.4,5022
22.75,58.86,67.34,1016.0,448.32,5023
28.52,64.96,70.79,1005.9,431.36,5024
23.9,61.47,81.05,1009.01,438.73,5025
31.88,70.36,57.51,1006.2,438.42,5026
10.4,42.44,93.48,1014.24,480.04,5027
21.31,49.39,71.35,1020.18,455.34,5028
29.72,71.97,79.25,1008.6,431.22,5029
20.92,49.15,49.76,1021.15,455.32,5030
13.48,40.35,69.44,1011.71,474.72,5031
21.36,58.95,78.87,1018.35,443.93,5032
6.75,39.9,87.42,1008.3,484.05,5033
18.11,58.95,89.17,1016.61,454.29,5034
26.2,71.73,76.14,1010.14,430.89,5035
22.89,80.25,80.25,1006.38,446.15,5036
26.12,63.94,44.81,1017.97,441.46,5037
9.84,40.22,85.38,1009.5,479.65,5038
14.13,48.92,78.06,1011.72,464.17,5039
9.05,36.3,74.85,1027.44,479.43,5040
22.21,60.77,84.96,1018.21,444.57,5041
18.73,40.12,74.12,1013.19,454.71,5042
10.53,40.64,98.43,1020.62,477.99,5043
21.47,58.79,76.97,1017.0,446.33,5044
6.03,41.17,84.2,1019.81,488.57,5045
23.55,65.12,66.65,1016.23,446.44,5046
9.26,40.78,88.48,1023.61,471.79,5047
14.18,42.99,73.21,1007.19,468.35,5048
6.67,39.37,73.56,1020.31,488.13,5049
24.1,71.97,91.27,1009.92,443.09,5050
25.35,72.99,84.09,1007.65,436.29,5051
23.21,58.49,74.34,1010.97,448.09,5052
11.44,43.13,63.88,1014.88,477.57,5053
12.75,40.64,83.17,1020.44,466.93,5054
30.01,68.27,51.67,1006.88,428.6,5055
27.18,61.41,46.11,1012.17,449.7,5056
8.3,43.13,83.11,1020.02,484.07,5057
26.2,71.73,74.99,1009.99,434.08,5058
22.4,68.31,83.5,1009.52,446.91,5059
14.66,43.13,46.31,1014.97,467.87,5060
24.96,70.47,76.48,1007.73,438.23,5061
26.5,66.05,61.34,1017.03,440.15,5062
24.39,58.41,80.93,1013.65,445.39,5063
3.91,35.47,86.03,1016.92,488.67,5064
14.8,44.92,91.67,1024.06,464.01,5065
10.22,39.64,63.05,1010.72,477.22,5066
13.48,41.92,65.96,1030.2,463.9,5067
17.83,43.72,78.72,1008.64,453.86,5068
31.63,65.74,50.59,1010.83,437.54,5069
23.16,69.94,68.68,1004.92,438.48,5070
21.7,64.69,78.37,1007.93,448.76,5071
13.92,41.16,83.89,1000.98,454.15,5072
12.22,41.2,81.22,1016.81,474.96,5073
21.62,58.59,67.05,1012.93,445.92,5074
9.3,38.18,71.51,1017.19,480.14,5075
32.55,70.94,43.15,1006.75,432.07,5076
13.32,38.73,88.48,1005.37,472.33,5077
19.83,59.44,91.24,1012.98,446.15,5078
22.16,64.63,68.47,1020.81,451.86,5079
15.81,58.59,90.03,1014.41,456.91,5080
24.46,68.61,76.66,1011.02,440.58,5081
29.1,73.4,57.31,1011.35,436.85,5082
24.37,70.02,71.97,1010.97,443.53,5083
7.48,38.5,77.35,1014.01,488.43,5084
8.58,40.72,87.55,1022.04,480.96,5085
19.69,56.65,71.54,1020.82,453.96,5086
18.14,43.56,47.1,1012.83,461.71,5087
18.21,39.54,70.92,1009.81,461.73,5088
27.07,77.95,76.64,1012.34,433.61,5089
15.62,38.28,77.01,1014.5,465.7,5090
25.61,47.43,54.51,1008.62,442.96,5091
15.41,42.44,86.74,1012.6,472.28,5092
20.0,63.31,63.1,1017.06,449.68,5093
25.87,57.32,44.13,1012.06,442.87,5094
14.43,38.91,70.26,1013.28,468.83,5095
9.14,38.91,89.88,1018.62,476.57,5096
25.24,68.28,78.17,1000.26,435.9,5097
27.06,43.77,42.61,1011.02,442.15,5098
18.06,52.08,100.09,1003.73,452.19,5099
23.15,58.79,82.49,1011.11,447.71,5100
25.38,74.67,81.34,1016.61,435.41,5101
30.65,65.18,42.32,1012.51,436.79,5102
8.49,43.69,85.63,1016.93,483.62,5103
29.86,69.34,61.27,1009.61,438.5,5104
29.12,66.56,49.79,1006.9,429.94,5105
10.35,38.38,74.55,1020.77,477.76,5106
30.3,73.9,55.13,1006.72,440.79,5107
21.31,46.97,62.57,1014.08,455.76,5108
15.17,54.3,72.11,1017.38,464.39,5109
11.87,40.55,94.11,1019.06,473.79,5110
24.1,68.61,74.87,1010.97,443.75,5111
23.92,73.17,92.33,1011.81,433.78,5112
13.0,48.79,85.23,1017.14,464.12,5113
24.14,41.1,38.49,1002.1,450.13,5114
30.19,66.54,61.43,1004.39,428.37,5115
22.08,69.94,72.86,1008.41,441.57,5116
26.86,72.58,88.39,1009.22,428.69,5117
13.55,40.1,81.48,1014.57,469.57,5118
13.18,43.8,61.21,1023.18,467.0,5119
7.2,40.35,95.59,1011.83,484.9,5120
11.37,41.5,88.82,1013.57,475.94,5121
13.93,39.64,82.64,1011.8,470.84,5122
10.32,40.35,84.05,1011.64,481.51,5123
16.32,50.88,97.19,1013.37,458.28,5124
4.16,35.47,88.49,1017.72,486.7,5125
28.26,72.43,72.3,1006.68,426.2,5126
29.0,69.68,66.09,1012.78,442.79,5127
31.63,68.3,42.02,1014.8,426.86,5128
28.19,68.08,43.93,1013.41,436.43,5129
13.93,40.2,89.86,1013.41,466.47,5130
30.92,80.18,72.47,1010.11,432.35,5131
19.89,69.48,86.73,1011.06,447.63,5132
25.86,76.2,69.35,1005.73,438.75,5133
10.81,44.63,88.29,1020.61,473.86,5134
18.26,69.94,97.39,1004.1,443.59,5135
18.61,63.09,83.08,1019.37,449.81,5136
25.34,65.61,57.51,1014.61,442.82,5137
21.28,70.72,86.22,1010.29,445.54,5138
12.88,43.8,59.18,1023.19,468.19,5139
33.68,68.14,56.05,1002.75,427.53,5140
8.66,44.68,95.45,1022.99,479.62,5141
8.26,40.96,89.22,1025.23,485.73,5142
9.03,40.71,81.94,1025.98,484.97,5143
14.85,39.39,76.27,1013.93,468.84,5144
3.21,38.44,86.34,1016.9,491.35,5145
15.71,39.3,62.28,1019.2,462.84,5146
26.52,43.77,46.98,1011.49,440.31,5147
14.18,40.69,74.88,1014.73,471.52,5148
13.89,45.08,82.29,1024.64,467.74,5149
10.12,41.78,73.47,1013.43,477.67,5150
21.12,63.91,96.14,1009.33,447.64,5151
26.68,63.73,71.55,1009.7,439.69,5152
19.65,62.1,77.82,1019.46,449.13,5153
23.47,69.71,88.83,1009.66,442.23,5154
16.71,40.55,81.64,1004.45,464.13,5155
5.21,35.79,94.35,1012.44,485.17,5156
28.13,68.12,44.71,1012.6,435.85,5157
12.14,45.0,89.2,1023.9,476.6,5158
23.7,69.23,73.18,1011.73,437.15,5159
29.52,75.33,70.64,1002.62,433.39,5160
13.49,41.78,63.34,1010.66,467.92,5161
28.24,65.74,64.87,1013.4,438.47,5162
16.48,68.28,99.89,1004.27,449.7,5163
14.01,42.74,68.31,1029.16,466.15,5164
24.56,66.75,77.47,1018.5,435.03,5165
28.94,71.64,69.24,1006.59,438.96,5166
19.71,43.43,65.71,1009.58,456.24,5167
11.06,41.5,89.8,1013.09,476.24,5168
22.99,60.77,78.47,1017.97,447.62,5169
19.87,48.14,81.56,1016.94,451.14,5170
23.77,59.21,80.08,1011.97,440.08,5171
20.99,50.12,95.97,1008.82,448.07,5172
10.32,41.01,95.3,1021.04,467.81,5173
26.72,56.9,58.54,1007.12,435.16,5174
14.55,44.84,87.6,1023.83,465.14,5175
4.89,45.87,99.35,1007.58,482.69,5176
19.49,46.63,88.01,1013.11,451.31,5177
24.44,59.21,61.45,1017.36,445.82,5178
7.99,36.08,83.2,1020.08,481.35,5179
27.28,51.43,51.38,1011.46,450.53,5180
26.23,59.07,78.93,1008.2,440.18,5181
9.46,41.4,87.58,1026.78,480.82,5182
15.01,39.52,72.0,1017.53,468.02,5183
24.86,63.47,71.78,1011.5,441.68,5184
20.47,58.16,68.6,1016.97,453.99,5185
27.09,49.3,61.0,1003.93,437.44,5186
11.48,36.18,61.62,1017.03,469.44,5187
7.84,40.07,47.63,1016.68,488.7,5188
15.97,52.72,65.97,1024.72,462.64,5189
29.55,67.69,48.68,1004.88,428.77,5190
11.63,40.55,87.12,1022.89,474.67,5191
22.96,45.01,50.81,1012.21,450.37,5192
13.61,40.71,72.87,1022.36,475.23,5193
22.17,70.47,82.57,1011.07,441.14,5194
15.45,61.27,79.21,1019.87,456.59,5195
25.08,61.02,73.21,1010.01,437.31,5196
24.98,71.98,90.61,1006.59,432.06,5197
20.57,44.9,62.69,1008.39,456.18,5198
12.33,38.91,79.84,1017.24,472.49,5199
8.29,36.08,81.53,1020.38,483.26,5200
25.47,59.92,77.18,1010.08,439.84,5201
28.2,66.75,60.18,1018.35,433.46,5202
29.05,70.32,72.5,1011.33,437.16,5203
27.03,65.12,45.1,1015.94,441.62,5204
27.25,73.03,68.52,1014.15,439.78,5205
30.71,71.85,72.05,1008.07,425.16,5206
20.94,49.02,87.32,1008.91,448.18,5207
9.06,43.79,81.32,1016.05,482.8,5208
26.8,58.84,65.03,1001.2,445.76,5209
25.77,65.48,51.47,1018.07,440.96,5210
16.77,50.9,84.4,1013.24,459.91,5211
11.73,37.92,72.68,1008.02,472.51,5212
19.72,65.94,82.12,1010.53,446.84,5213
24.42,66.56,84.7,1002.04,434.18,5214
18.68,59.14,77.09,1016.96,452.85,5215
14.22,45.08,84.41,1023.26,466.47,5216
23.81,57.5,70.66,1015.53,448.72,5217
7.91,38.56,68.94,1016.48,485.95,5218
21.32,45.01,59.94,1012.23,452.75,5219
24.75,52.84,69.61,1005.47,442.6,5220
26.81,56.57,61.6,1013.68,442.94,5221
25.99,49.82,58.56,1015.95,452.09,5222
10.59,41.26,98.27,1008.1,474.76,5223
6.33,42.07,77.1,1004.25,484.57,5224
22.26,44.89,78.93,1009.51,447.07,5225
15.9,39.99,78.49,1007.03,465.5,5226
23.14,58.18,81.82,1008.89,444.51,5227
19.48,58.79,88.72,1017.6,450.55,5228
13.19,44.88,94.95,1017.61,467.68,5229
27.4,69.84,76.48,1002.98,430.54,5230
29.41,59.27,52.37,1011.36,441.99,5231
25.22,71.85,68.96,1009.78,438.71,5232
22.31,70.32,89.53,1009.22,437.83,5233
7.64,42.28,83.42,1008.49,483.74,5234
14.68,43.99,86.79,1023.36,461.91,5235
15.12,48.92,72.93,1011.8,462.59,5236
20.96,61.27,67.32,1019.99,448.77,5237
5.95,39.48,63.6,1005.16,486.07,5238
25.13,57.69,78.43,1007.43,437.8,5239
11.58,40.66,97.13,1017.0,466.42,5240
20.21,59.14,70.38,1016.0,448.79,5241
16.64,43.14,82.88,1019.03,459.0,5242
8.86,36.71,79.65,1025.64,478.88,5243
19.72,47.03,90.36,1012.1,458.59,5244
8.27,38.56,66.6,1016.47,485.31,5245
30.19,68.08,50.34,1010.95,431.25,5246
20.06,56.53,75.16,1020.38,455.99,5247
13.16,43.41,79.47,1016.43,465.6,5248
24.01,65.46,43.02,1014.17,443.81,5249
9.78,40.03,92.11,1017.33,480.59,5250
16.85,42.24,66.01,1017.43,472.63,5251
15.12,39.16,76.99,1006.55,463.78,5252
24.45,66.49,58.15,1014.24,449.22,5253
9.14,42.44,92.03,1014.48,481.46,5254
26.02,68.67,75.19,1006.73,440.12,5255
21.46,51.61,76.41,1010.91,457.28,5256
13.18,40.24,86.71,1016.81,469.35,5257
5.79,38.68,70.46,1017.19,487.4,5258
13.56,49.83,89.86,1007.01,466.33,5259
11.95,42.07,84.73,1018.52,467.91,5260
9.15,44.03,81.67,1012.45,474.26,5261
28.96,66.54,56.33,1002.54,429.48,5262
21.23,50.59,69.26,1017.42,453.95,5263
10.73,40.35,89.65,1012.27,477.23,5264
6.1,39.33,95.34,1010.4,491.37,5265
25.5,63.91,75.22,1009.4,444.26,5266
29.1,76.2,60.22,1006.28,435.97,5267
22.58,58.12,80.59,1014.88,448.32,5268
19.53,66.54,81.46,1013.72,451.19,5269
20.07,51.3,94.62,1011.9,450.46,5270
24.96,77.54,80.6,1008.25,433.4,5271
21.08,63.13,98.0,1013.53,443.51,5272
12.54,43.69,83.59,1017.26,470.04,5273
6.64,35.19,76.01,1019.83,484.03,5274
16.78,37.2,68.94,1011.97,471.24,5275
25.56,75.6,69.31,1017.37,442.2,5276
14.02,40.75,70.65,1016.05,470.48,5277
29.45,70.02,65.93,1010.28,437.82,5278
28.97,78.92,88.5,1011.71,430.98,5279
6.11,38.68,79.23,1017.53,482.97,5280
28.53,49.3,59.69,1003.83,438.17,5281
31.71,69.04,49.32,1008.79,441.15,5282
32.45,44.37,44.37,1005.05,429.81,5283
30.53,73.21,74.17,1000.37,430.2,5284
15.02,41.48,58.69,1015.19,456.04,5285
24.91,58.69,82.81,1008.22,435.96,5286
22.21,69.71,96.85,1009.69,440.14,5287
24.51,65.12,62.39,1016.18,447.46,5288
18.9,60.07,71.38,1016.02,451.5,5289
28.51,76.09,78.2,1007.88,438.28,5290
27.88,75.23,58.91,1011.33,439.33,5291
24.33,49.16,61.04,1003.46,441.2,5292
20.36,57.5,82.96,1014.36,452.28,5293
11.15,40.64,97.95,1020.65,477.79,5294
21.16,50.66,72.77,1014.13,455.86,5295
30.47,70.83,46.94,1010.91,444.39,5296
31.68,74.16,55.94,1011.3,434.61,5297
19.8,49.15,61.88,1020.88,461.78,5298
32.33,67.83,57.48,1008.11,427.84,5299
18.67,58.46,87.7,1016.73,447.16,5300
29.42,69.14,75.04,1007.32,437.75,5301
27.84,71.32,79.25,1007.72,431.37,5302
22.59,65.06,62.44,1014.36,444.6,5303
10.38,41.01,94.26,1020.8,465.9,5304
8.32,39.64,78.21,1010.93,479.69,5305
30.34,71.25,67.29,1000.94,431.18,5306
12.38,45.51,81.37,1016.15,470.46,5307
11.23,43.7,91.75,1016.0,476.04,5308
24.19,46.93,49.39,1013.4,446.3,5309
30.17,75.08,55.89,1005.17,438.89,5310
28.5,71.32,69.35,1002.54,435.7,5311
14.78,38.58,82.4,1017.02,460.54,5312
11.48,41.2,90.04,1012.88,478.34,5313
9.59,34.69,75.32,1027.65,478.88,5314
20.42,60.77,87.07,1017.65,447.85,5315
20.76,58.79,78.75,1017.22,447.07,5316
13.53,40.71,61.59,1023.83,474.7,5317
34.4,77.95,57.86,1009.83,430.87,5318
33.6,74.33,35.66,1012.31,428.62,5319
6.03,41.17,84.2,1019.81,488.57,5320
28.62,69.71,62.12,1009.67,437.52,5321
19.72,44.78,39.18,1009.27,464.54,5322
11.54,40.77,83.5,1022.13,465.61,5323
19.39,60.1,83.31,1010.28,452.57,5324
9.59,37.14,72.85,1013.8,474.74,5325
12.31,40.64,94.6,1020.71,475.65,5326
23.61,63.94,87.06,1012.9,441.57,5327
7.61,39.42,74.77,1024.93,475.55,5328
18.51,58.46,88.1,1017.21,448.39,5329
7.53,43.65,64.85,1018.58,479.15,5330
10.5,52.72,85.04,1026.32,468.01,5331
24.99,58.79,67.16,1016.37,439.2,5332
6.15,40.07,66.64,1020.2,494.3,5333
30.54,67.45,32.97,1014.37,431.35,5334
13.44,39.39,84.29,1012.93,469.67,5335
31.27,73.77,71.48,1003.27,430.32,5336
16.13,39.99,80.49,1007.04,465.25,5337
30.97,67.69,50.88,1005.61,425.35,5338
15.37,43.34,80.37,1014.84,460.02,5339
21.25,66.86,60.65,1012.99,455.72,5340
14.89,39.82,82.49,1013.23,470.19,5341
6.65,40.77,88.84,1021.79,482.9,5342
30.26,72.58,65.51,1007.0,425.71,5343
33.71,69.98,42.62,1013.09,431.99,5344
8.6,40.77,89.45,1011.8,480.82,5345
29.0,75.33,71.43,1001.6,432.65,5346
10.02,41.44,77.65,1017.37,479.63,5347
28.75,64.69,60.37,1007.1,437.94,5348
37.11,68.94,31.15,1006.23,429.25,5349
30.06,67.25,53.59,1017.63,435.02,5350
30.68,69.68,56.56,1012.86,438.68,5351
30.08,73.42,63.86,1011.17,434.95,5352
6.98,40.35,94.72,1011.92,484.19,5353
29.17,73.17,60.97,1009.87,432.07,5354
21.93,60.84,82.61,1017.8,443.89,5355
15.11,43.67,91.75,1012.06,467.82,5356
25.68,70.17,85.89,1001.38,433.92,5357
30.44,56.24,56.24,1005.19,429.34,5358
20.36,65.27,70.8,1011.73,445.67,5359
26.47,47.43,54.94,1009.09,439.4,5360
13.9,39.54,81.33,1007.01,471.16,5361
21.81,60.27,91.38,1015.93,441.85,5362
9.08,42.49,85.35,1010.67,481.46,5363
32.31,77.95,62.17,1010.15,430.15,5364
27.96,73.42,71.93,1011.11,435.93,5365
9.23,42.44,94.2,1014.34,481.29,5366
25.66,61.08,71.21,1013.0,446.05,5367
19.2,61.27,65.53,1020.02,455.2,5368
24.81,59.87,61.18,1018.56,444.89,5369
24.1,60.29,61.81,1008.2,449.79,5370
28.33,68.14,71.21,1004.63,431.27,5371
19.53,50.32,94.46,1009.71,449.59,5372
29.37,74.78,55.65,1009.47,434.2,5373
24.44,69.84,80.37,1005.34,430.3,5374
31.35,67.32,38.56,1013.74,439.81,5375
28.98,62.66,52.62,1009.1,438.45,5376
21.05,63.09,91.23,1016.49,447.45,5377
25.03,60.27,72.04,1017.9,438.24,5378
14.78,54.3,68.53,1016.96,463.75,5379
25.24,67.45,50.91,1013.56,438.99,5380
16.7,50.88,97.25,1015.11,456.18,5381
16.44,53.16,75.29,1014.82,458.49,5382
25.18,71.98,89.86,1006.71,432.88,5383
23.51,48.98,41.56,1014.63,454.06,5384
20.56,64.45,53.09,1012.24,458.97,5385
26.63,43.77,49.3,1011.33,440.95,5386
27.4,69.13,82.47,1001.4,426.18,5387
26.91,65.34,50.7,1014.19,443.6,5388
23.75,67.9,70.17,1006.25,445.22,5389
27.79,69.23,45.71,1012.86,435.06,5390
27.41,63.07,55.3,1011.5,445.02,5391
7.98,43.52,97.68,1022.45,481.93,5392
11.98,44.58,78.8,1016.45,477.56,5393
27.1,73.21,89.68,1002.97,430.87,5394
12.93,45.51,87.27,1015.27,469.83,5395
18.91,45.01,59.81,1012.9,456.12,5396
26.9,66.48,54.71,1004.47,432.95,5397
14.36,40.0,68.79,1016.16,460.42,5398
8.81,43.56,81.5,1014.99,482.52,5399
18.36,53.16,83.18,1013.31,458.47,5400
11.48,37.92,70.55,1008.47,472.9,5401
25.92,73.77,94.28,1001.27,432.0,5402
11.01,43.69,81.48,1016.7,477.3,5403
26.31,66.48,63.9,1005.93,432.89,5404
9.99,42.07,85.68,1018.78,471.6,5405
12.84,40.8,69.86,1026.95,475.59,5406
21.07,67.07,86.16,1004.64,446.05,5407
17.7,38.52,69.8,1020.15,455.5,5408
14.36,41.26,73.43,1021.16,462.25,5409
24.0,58.05,74.32,1011.28,447.16,5410
12.17,41.58,88.98,1013.89,463.03,5411
19.58,50.12,100.1,1009.82,449.44,5412
25.73,66.54,55.97,1010.07,437.07,5413
23.85,74.22,82.72,1009.99,441.66,5414
26.45,73.5,74.33,1010.31,433.44,5415
20.95,44.89,67.97,1010.48,450.39,5416
21.29,59.04,84.23,1012.49,445.37,5417
14.32,71.14,79.15,1019.87,460.02,5418
19.65,63.91,99.08,1009.26,444.9,5419
28.09,77.95,70.98,1017.07,436.94,5420
33.87,71.32,39.48,1007.91,435.89,5421
13.72,41.62,75.79,1011.14,455.52,5422
9.47,41.4,87.9,1026.49,479.68,5423
32.19,69.13,48.22,1000.45,425.21,5424
18.73,46.48,79.23,1007.19,450.74,5425
6.09,43.65,71.15,1020.95,485.96,5426
24.43,67.25,74.27,1017.99,436.5,5427
25.24,66.54,81.22,1002.07,433.86,5428
26.26,71.73,80.06,1009.59,430.79,5429
26.15,64.27,59.77,1013.03,439.11,5430
7.77,41.82,72.8,1032.72,479.4,5431
27.92,63.07,45.26,1010.75,442.87,5432
31.62,64.05,58.93,1010.94,439.09,5433
12.47,45.01,95.25,1017.8,467.18,5434
31.41,74.16,68.5,1008.65,430.37,5435
32.63,74.99,40.07,1002.42,432.79,5436
21.97,58.12,85.93,1014.21,448.91,5437
22.68,58.82,82.8,1010.11,443.86,5438
10.82,44.63,90.26,1020.64,473.23,5439
32.37,68.67,47.98,1005.45,430.35,5440
10.89,40.81,81.18,1025.82,478.23,5441
25.45,70.04,82.48,1011.2,430.2,5442
10.91,42.34,94.99,1021.83,470.91,5443
6.75,39.4,90.84,1011.28,483.77,5444
21.36,45.61,83.64,1013.43,456.85,5445
23.45,45.61,73.42,1012.84,454.92,5446
4.04,35.47,87.35,1017.51,486.86,5447
15.4,38.73,79.71,1000.67,469.18,5448
25.54,49.16,47.4,1003.64,443.55,5449
22.61,59.87,66.12,1019.12,441.2,5450
8.62,39.66,89.59,1015.18,482.99,5451
13.84,41.26,74.74,1020.92,462.46,5452
21.31,69.05,73.42,1002.46,440.97,5453
28.54,58.33,49.4,1013.9,439.28,5454
20.35,67.45,69.22,1015.14,447.64,5455
24.54,65.46,40.77,1014.27,446.26,5456
5.84,40.62,82.73,1018.58,482.1,5457
26.47,69.51,65.02,1009.51,433.89,5458
10.79,43.56,73.01,1015.15,479.64,5459
18.3,44.06,63.24,1017.95,456.32,5460
28.79,68.51,62.84,1013.02,432.51,5461
23.07,49.02,84.1,1009.07,444.22,5462
31.25,74.34,69.85,999.06,432.22,5463
18.16,39.99,70.54,1007.73,463.69,5464
25.06,74.33,69.02,1014.05,437.27,5465
26.71,59.39,66.45,1014.24,439.33,5466
26.45,75.6,74.5,1017.42,436.89,5467
18.67,47.83,82.97,1005.12,454.47,5468
10.29,40.0,90.6,1021.46,479.58,5469
5.52,39.33,95.25,1009.74,492.39,5470
23.41,54.42,70.12,1012.86,454.68,5471
29.91,74.9,69.34,1003.36,434.93,5472
19.92,46.97,69.17,1014.32,459.39,5473
26.85,63.56,52.84,1013.25,444.39,5474
23.59,58.62,66.68,1017.81,448.09,5475
22.72,63.73,82.14,1012.63,448.56,5476
20.3,62.52,75.17,1017.96,451.86,5477
17.0,45.09,88.32,1013.52,458.94,5478
8.89,41.54,82.87,1019.27,483.82,5479
12.61,41.79,91.9,1015.82,461.37,5480
28.9,71.94,64.77,1007.29,427.41,5481
5.49,38.5,79.33,1012.18,490.84,5482
12.91,42.07,86.5,1018.4,466.05,5483
9.45,41.4,86.66,1027.34,475.49,5484
27.47,69.98,58.72,1008.53,431.11,5485
5.79,39.61,85.41,1021.64,489.6,5486
21.92,49.02,88.56,1009.29,443.31,5487
27.07,65.59,63.93,1012.14,442.71,5488
20.6,66.86,62.48,1013.08,451.44,5489
30.73,69.89,58.9,1015.0,426.79,5490
26.31,48.6,60.04,1002.64,440.06,5491
19.98,49.15,63.89,1021.56,457.54,5492
21.31,58.66,69.36,1012.67,451.96,5493
11.48,44.58,80.15,1016.43,478.53,5494
23.33,73.18,91.29,1012.51,436.33,5495
14.05,40.71,68.58,1016.36,465.74,5496
10.06,34.69,71.73,1027.9,477.68,5497
6.86,41.17,79.14,1020.12,490.23,5498
28.87,57.19,64.29,1008.09,435.57,5499
24.83,62.4,70.18,1010.13,442.2,5500
10.42,39.96,95.69,1025.21,470.81,5501
27.51,63.73,66.14,1009.97,440.81,5502
23.97,68.67,76.83,1006.63,441.53,5503
27.22,68.3,64.88,1016.84,436.81,5504
11.54,45.0,80.79,1022.77,482.34,5505
21.44,48.98,54.22,1014.4,454.5,5506
25.1,61.47,75.75,1007.84,447.27,5507
22.84,61.87,51.67,1010.63,442.72,5508
26.03,69.68,60.75,1011.61,449.54,5509
18.9,58.46,87.65,1016.74,449.32,5510
11.75,42.32,77.25,1015.28,470.44,5511
27.37,76.09,89.12,1007.52,433.34,5512
17.73,43.72,76.68,1009.33,453.94,5513
20.01,56.65,74.46,1020.77,457.01,5514
7.89,39.37,84.66,1016.28,483.82,5515
11.53,41.14,88.54,1025.63,469.04,5516
13.46,41.4,71.73,1019.46,467.4,5517
13.74,39.35,77.48,1014.82,471.11,5518
13.77,43.13,62.13,1016.63,468.45,5519
20.25,59.8,82.69,1015.3,453.81,5520
10.75,40.81,79.27,1015.93,474.71,5521
11.77,39.39,85.8,1012.9,478.51,5522
9.29,39.96,97.55,1026.2,473.51,5523
15.15,41.35,86.16,1006.3,468.64,5524
16.96,44.9,77.53,1020.5,458.1,5525
27.01,65.06,53.02,1013.16,439.81,5526
12.74,44.03,97.64,1007.62,463.96,5527
5.21,43.65,78.62,1017.64,486.08,5528
8.18,40.02,73.66,1031.45,478.81,5529
20.13,60.07,63.57,1014.79,453.49,5530
31.54,67.32,36.99,1013.79,433.02,5531
19.79,64.45,73.54,1016.14,451.37,5532
14.96,43.02,42.93,1012.77,467.16,5533
9.0,40.78,99.22,1025.39,468.5,5534
16.47,38.01,72.29,1022.3,461.54,5535
16.0,45.09,60.02,1014.31,458.46,5536
25.42,73.17,85.86,1012.29,437.06,5537
9.27,39.64,79.56,1010.79,480.29,5538
6.85,37.49,84.53,1011.01,483.12,5539
30.49,64.44,51.73,1013.43,438.09,5540
4.81,42.85,86.94,1013.96,479.8,5541
29.93,69.48,54.59,1009.21,430.75,5542
21.93,60.84,76.8,1018.96,440.76,5543
13.35,41.44,66.04,1015.9,473.17,5544
32.44,77.95,50.69,1014.83,434.97,5545
11.8,43.22,78.01,1008.57,469.55,5546
24.4,60.32,70.96,1016.5,447.73,5547
21.92,58.79,89.7,1010.09,446.71,5548
8.27,37.7,73.64,1015.09,479.16,5549
7.0,36.24,89.64,1013.15,483.06,5550
20.74,59.8,76.39,1015.46,452.99,5551
12.58,43.67,91.72,1014.36,473.02,5552
24.22,62.08,60.79,1022.53,449.11,5553
18.43,44.63,39.99,1019.76,458.75,5554
12.52,71.14,76.11,1019.49,463.22,5555
19.18,50.12,100.09,1005.99,444.56,5556
13.51,44.9,77.24,1019.29,464.86,5557
26.38,70.47,76.91,1007.36,434.02,5558
11.65,41.54,67.96,1020.09,476.4,5559
10.31,37.5,99.31,1008.55,474.16,5560
15.37,50.59,98.2,1019.02,463.35,5561
29.89,65.74,51.36,1012.95,438.24,5562
31.53,70.36,57.11,1006.29,438.71,5563
6.25,39.48,52.71,1004.82,484.26,5564
29.09,70.02,48.06,1010.13,443.27,5565
12.0,41.5,86.75,1013.21,473.68,5566
18.61,47.83,78.89,1006.43,454.21,5567
16.34,36.99,90.06,1006.99,466.24,5568
28.12,58.33,39.67,1013.61,448.72,5569
12.64,41.26,83.66,1020.79,465.78,5570
26.1,62.91,60.91,1012.44,446.05,5571
8.07,43.41,76.26,1016.02,467.56,5572
27.5,68.24,73.44,1010.38,430.9,5573
28.44,77.54,77.3,1011.73,433.21,5574
28.31,71.85,77.56,1009.0,429.57,5575
22.72,64.15,60.34,1021.14,453.13,5576
22.79,44.57,69.36,1007.31,448.91,5577
17.08,40.12,81.5,1012.17,457.81,5578
15.6,41.04,64.43,1025.48,457.49,5579
22.07,48.41,81.29,1008.71,444.01,5580
24.16,66.05,73.27,1016.45,443.75,5581
14.93,39.16,72.35,1007.25,463.2,5582
11.99,38.28,91.31,1013.65,469.23,5583
16.85,52.9,81.28,1019.47,460.84,5584
24.82,66.54,60.36,1010.0,440.88,5585
21.67,69.71,96.83,1010.46,440.16,5586
18.06,43.14,62.21,1013.95,461.27,5587
30.05,66.44,76.82,1008.46,427.55,5588
18.36,62.1,79.09,1019.9,453.5,5589
32.02,67.83,53.31,1007.77,426.55,5590
24.61,62.39,79.08,1006.39,437.01,5591
8.41,39.16,93.42,1015.47,484.34,5592
8.94,36.71,80.45,1025.5,477.62,5593
22.57,63.94,81.61,1013.49,443.58,5594
9.92,40.64,95.41,1020.39,469.65,5595
26.51,50.05,65.34,1006.75,440.22,5596
24.93,47.01,64.8,1015.12,455.39,5597
24.43,58.95,57.73,1017.18,441.4,5598
12.28,39.96,77.07,1011.76,468.0,5599
9.75,35.76,62.31,1019.88,474.31,5600
10.94,40.81,80.79,1026.03,476.32,5601
25.37,68.31,70.99,1011.12,441.76,5602
23.82,60.32,75.29,1016.61,445.0,5603
9.26,40.11,74.82,1024.38,460.72,5604
24.57,66.54,83.15,1004.44,432.41,5605
29.55,72.29,84.45,1007.94,430.98,5606
27.37,63.31,60.11,1012.89,439.15,5607
11.83,38.25,85.33,1013.36,473.31,5608
22.32,70.47,83.16,1010.97,441.87,5609
5.8,45.87,92.06,1009.14,481.6,5610
25.41,69.14,87.4,1006.4,436.59,5611
24.89,66.49,65.65,1010.15,436.39,5612
18.12,50.16,100.09,1009.82,453.29,5613
28.14,61.47,64.66,1009.69,435.35,5614
12.0,41.17,58.71,1019.48,474.4,5615
15.62,35.4,53.95,1016.19,467.95,5616
11.29,35.76,58.91,1019.32,473.74,5617
17.99,50.16,100.09,1009.98,451.38,5618
4.87,42.85,92.3,1013.6,482.22,5619
19.25,43.43,73.26,1012.01,451.08,5620
11.74,40.6,90.57,1013.91,473.84,5621
13.43,43.69,73.01,1016.21,475.36,5622
25.33,71.32,85.31,1007.05,434.68,5623
19.26,44.34,51.32,1019.45,467.72,5624
17.89,40.12,76.52,1011.99,451.79,5625
30.57,58.9,54.37,1004.54,438.49,5626
7.45,43.13,86.32,1019.31,485.6,5627
24.03,66.54,69.15,1012.19,438.08,5628
8.03,40.07,47.46,1016.06,488.02,5629
28.06,70.04,66.07,1009.89,431.7,5630
10.06,39.61,70.22,1018.22,471.86,5631
9.68,40.77,85.23,1022.04,473.73,5632
26.38,69.88,86.25,1008.42,432.25,5633
10.84,39.18,87.1,1023.64,474.49,5634
7.05,40.69,89.67,1020.53,476.75,5635
13.34,41.79,86.66,1011.48,461.12,5636
24.39,63.77,77.53,1013.3,443.65,5637
24.26,69.71,81.58,1008.98,438.6,5638
8.23,41.01,98.03,1022.89,474.52,5639
13.15,40.78,79.59,1024.13,462.3,5640
31.35,71.97,72.26,1008.29,430.16,5641
22.88,65.48,66.26,1017.33,447.14,5642
25.44,56.57,66.72,1013.8,444.61,5643
27.79,71.85,87.35,1008.95,427.67,5644
21.99,57.5,80.72,1015.87,446.96,5645
13.35,40.27,49.75,1005.83,474.68,5646
28.63,66.56,64.73,1005.88,427.35,5647
12.78,44.6,77.56,1013.64,468.67,5648
8.37,40.92,86.03,1021.82,476.02,5649
11.93,38.78,96.08,1013.15,474.57,5650
21.03,63.86,71.72,1014.84,450.64,5651
27.2,65.12,44.95,1016.2,442.54,5652
26.93,75.23,62.12,1010.19,434.1,5653
12.76,42.32,78.18,1015.35,466.15,5654
8.55,35.77,73.32,1016.15,481.44,5655
14.66,40.89,91.56,1009.72,465.73,5656
10.36,37.83,98.56,1005.87,472.62,5657
21.54,66.54,92.87,1004.99,440.8,5658
14.02,41.78,48.62,1011.26,465.87,5659
12.35,40.8,72.69,1027.35,476.88,5660
25.89,58.86,52.95,1014.16,445.17,5661
22.05,61.27,58.83,1019.6,447.95,5662
32.06,71.85,56.44,1007.9,426.07,5663
24.55,57.5,62.45,1015.36,447.3,5664
27.23,71.77,77.94,1006.59,427.39,5665
24.29,57.5,67.28,1014.85,449.98,5666
30.4,77.3,59.42,1002.44,438.43,5667
26.5,66.75,61.62,1018.48,431.23,5668
10.42,41.26,96.76,1008.48,472.54,5669
15.79,44.89,84.61,1010.19,458.09,5670
15.79,49.15,76.22,1020.62,465.62,5671
30.3,73.67,58.74,1005.57,431.57,5672
25.58,64.45,61.47,1011.07,447.16,5673
12.36,48.04,93.59,1012.8,468.37,5674
10.56,40.22,89.71,1005.08,478.02,5675
30.01,69.13,62.42,1010.11,425.75,5676
14.91,40.73,86.91,1017.44,458.99,5677
15.9,41.35,78.2,1006.28,464.03,5678
8.91,43.52,98.0,1022.78,478.38,5679
26.88,61.5,61.26,1009.17,440.13,5680
14.78,42.86,84.75,1015.32,471.17,5681
30.95,71.58,50.02,1009.95,430.47,5682
17.9,58.33,85.81,1013.6,452.28,5683
13.96,39.54,85.72,1011.05,468.82,5684
29.85,71.58,58.66,1010.04,432.26,5685
14.07,40.78,72.66,1024.67,456.71,5686
25.26,52.3,64.64,1006.65,442.76,5687
10.07,40.92,84.18,1021.84,471.71,5688
15.66,43.99,88.62,1021.18,467.57,5689
6.25,40.02,80.22,1032.14,481.38,5690
27.71,69.51,58.38,1009.65,435.04,5691
12.75,42.34,94.67,1018.17,465.44,5692
21.44,51.19,84.94,1009.1,446.17,5693
32.98,73.88,47.55,1006.31,440.28,5694
27.54,74.22,75.91,1007.44,430.72,5695
11.68,40.55,96.16,1006.48,474.8,5696
8.02,39.04,68.07,1018.49,479.53,5697
19.15,44.34,48.09,1019.54,468.8,5698
18.53,63.91,97.8,1010.26,440.64,5699
30.82,76.2,59.3,1007.47,432.22,5700
22.9,67.25,74.53,1017.74,438.62,5701
22.18,62.39,85.74,1007.84,452.31,5702
3.69,38.44,82.87,1016.74,490.78,5703
19.89,44.9,67.3,1008.12,453.09,5704
23.36,65.18,78.09,1012.35,436.39,5705
13.58,44.47,70.41,1029.91,467.15,5706
25.88,61.47,68.71,1007.93,445.65,5707
6.57,39.37,77.37,1020.2,487.94,5708
10.51,37.5,96.29,1010.7,474.24,5709
26.14,72.99,81.72,1007.49,433.25,5710
13.31,41.26,79.55,1020.83,462.87,5711
14.01,42.99,69.69,1007.12,469.23,5712
8.64,34.69,80.88,1026.79,482.15,5713
24.88,73.17,84.96,1012.26,434.85,5714
23.28,69.51,53.0,1013.31,444.17,5715
25.6,58.46,66.6,1016.34,441.88,5716
27.0,73.17,64.43,1009.82,434.94,5717
25.69,62.26,74.08,1011.38,436.36,5718
20.77,60.1,81.09,1011.11,450.32,5719
12.45,40.81,66.26,1025.63,474.73,5720
27.32,66.54,72.58,1004.95,431.33,5721
25.51,67.69,80.03,1004.53,433.02,5722
17.45,49.64,66.67,1026.4,454.67,5723
24.4,60.37,82.43,1006.77,440.64,5724
18.98,38.52,63.16,1018.85,454.6,5725
9.48,44.68,92.9,1023.29,478.66,5726
12.04,41.58,88.91,1018.02,464.45,5727
26.11,47.43,56.09,1009.01,445.36,5728
25.28,71.94,86.69,1006.73,432.26,5729
27.46,61.86,66.09,1012.39,439.72,5730
12.42,40.24,90.01,1016.59,469.59,5731
32.49,74.99,34.58,1002.19,435.43,5732
26.16,52.36,58.52,1013.62,453.08,5733
23.39,61.87,48.91,1010.35,444.03,5734
21.12,49.15,52.9,1021.29,456.92,5735
19.94,65.46,68.94,1017.7,448.67,5736
26.15,63.21,76.44,1012.31,441.23,5737
13.93,38.91,73.51,1013.04,470.39,5738
12.87,45.51,86.67,1015.3,475.77,5739
28.29,68.08,53.92,1010.77,430.93,5740
7.78,39.18,85.15,1024.62,484.65,5741
21.11,58.12,77.78,1015.38,453.28,5742
23.97,64.05,90.18,1012.23,447.44,5743
25.71,66.05,66.23,1018.58,444.35,5744
24.7,50.23,62.03,1016.23,454.42,5745
10.32,38.91,81.49,1012.11,479.17,5746
11.46,39.82,86.2,1012.09,477.99,5747
10.53,41.26,98.74,1007.48,475.96,5748
21.91,58.62,72.87,1015.95,450.23,5749
25.35,65.18,70.36,1012.67,438.17,5750
22.77,59.92,94.09,1009.67,437.9,5751
22.28,59.92,95.38,1009.36,437.85,5752
18.94,47.83,78.59,1005.18,455.19,5753
6.92,41.26,96.2,1011.16,483.61,5754
23.07,65.46,46.77,1014.07,446.19,5755
13.89,43.7,64.99,1015.12,470.88,5756
14.13,53.82,64.85,1016.72,467.08,5757
7.4,40.72,87.67,1022.56,484.29,5758
6.17,36.25,90.59,1028.68,483.77,5759
10.8,41.62,93.84,1012.84,462.84,5760
32.77,72.86,52.87,1003.6,433.84,5761
29.56,70.4,82.95,1006.49,432.85,5762
31.05,62.7,55.27,1009.35,441.67,5763
8.85,41.06,86.05,1020.99,486.4,5764
31.15,69.59,64.96,1007.82,431.37,5765
28.18,66.56,65.67,1005.69,426.79,5766
10.24,41.17,82.04,1019.73,479.78,5767
28.38,72.39,73.85,998.93,432.02,5768
15.46,44.88,93.32,1017.52,461.2,5769
19.97,59.14,70.58,1016.05,450.06,5770
28.36,68.08,42.82,1013.34,434.54,5771
15.09,44.34,60.49,1019.46,468.8,5772
10.72,40.81,80.26,1016.51,474.64,5773
16.37,52.9,73.11,1015.14,461.15,5774
24.66,57.43,71.82,1013.17,445.41,5775
26.44,54.2,48.02,1012.65,444.78,5776
6.3,41.14,86.11,1027.45,481.49,5777
23.56,49.16,69.07,1002.54,443.02,5778
8.73,39.42,69.87,1025.63,474.44,5779
14.49,42.86,88.2,1013.94,468.4,5780
20.26,50.32,93.12,1009.81,448.4,5781
13.56,40.8,63.6,1024.8,475.89,5782
29.01,70.04,57.35,1010.02,430.26,5783
19.78,54.42,89.34,1011.74,456.84,5784
19.24,56.89,72.97,1014.29,452.64,5785
8.36,40.71,82.76,1026.34,487.79,5786
27.08,66.05,59.1,1017.91,441.16,5787
9.3,43.14,88.12,1010.99,477.02,5788
6.29,43.65,70.14,1020.68,485.8,5789
21.33,60.1,78.36,1010.97,451.95,5790
14.55,40.73,89.12,1018.36,458.82,5791
24.54,44.89,59.13,1010.05,445.11,5792
24.28,71.98,90.45,1006.34,432.47,5793
23.45,69.04,80.77,1010.5,442.48,5794
5.62,40.62,85.34,1015.81,483.13,5795
20.82,57.76,72.46,1019.15,454.62,5796
6.06,43.65,83.94,1014.36,480.74,5797
21.24,44.3,83.39,1014.34,444.0,5798
18.32,66.86,70.0,1012.02,454.46,5799
9.44,40.0,81.16,1015.62,471.32,5800
17.36,43.96,79.59,1013.02,466.36,5801
26.95,70.79,75.35,1004.09,430.07,5802
21.0,66.86,59.7,1013.06,451.89,5803
29.36,78.05,64.17,1011.12,434.29,5804
14.84,41.23,88.0,995.02,464.85,5805
27.21,67.45,43.26,1013.83,436.47,5806
25.44,75.23,66.44,1010.71,436.67,5807
30.84,66.75,40.69,1017.54,432.03,5808
20.55,65.46,58.09,1013.87,448.83,5809
12.27,49.83,92.02,1007.75,467.1,5810
24.49,65.59,85.12,1011.52,441.8,5811
26.65,74.16,94.54,1008.27,431.47,5812
21.46,58.18,95.33,1007.45,444.12,5813
27.24,71.25,86.28,1000.5,430.94,5814
19.86,41.67,53.9,1012.31,462.86,5815
34.48,74.34,42.61,1000.91,433.94,5816
25.16,60.23,68.31,1011.21,444.98,5817
18.93,59.39,68.78,1013.92,450.14,5818
10.55,41.26,99.1,1007.77,473.6,5819
21.86,63.09,87.94,1016.64,442.79,5820
25.57,62.96,58.34,1019.92,444.81,5821
13.73,50.59,85.54,1020.44,459.6,5822
14.26,44.47,66.81,1028.11,465.22,5823
31.28,69.51,36.85,1010.09,429.29,5824
27.08,66.05,54.68,1017.33,439.47,5825
11.87,44.6,84.68,1018.81,468.47,5826
31.92,68.3,41.55,1015.58,430.07,5827
25.42,75.6,77.63,1017.39,438.24,5828
26.08,48.6,57.8,1003.61,438.61,5829
16.88,43.67,73.98,1011.43,463.81,5830
27.75,69.89,73.01,1015.41,430.33,5831
27.37,71.06,87.52,1008.4,432.14,5832
22.74,58.41,84.03,1013.92,447.85,5833
27.17,73.5,73.29,1010.36,435.22,5834
18.99,56.65,77.16,1020.46,457.55,5835
27.19,71.32,88.43,1008.97,437.92,5836
27.46,67.69,70.15,1004.7,432.64,5837
16.66,41.16,76.82,1007.37,463.39,5838
26.39,66.05,61.27,1018.24,442.22,5839
14.31,42.86,69.6,1031.14,465.36,5840
12.1,41.58,90.22,1014.41,462.28,5841
11.56,39.28,82.05,1011.27,477.71,5842
10.34,41.74,79.17,1020.07,480.84,5843
20.76,59.21,80.84,1017.94,447.67,5844
12.09,38.25,81.28,1013.61,469.29,5845
7.68,38.06,83.87,1020.92,483.8,5846
22.78,58.96,57.06,1013.65,452.03,5847
15.42,40.56,59.37,1021.23,469.33,5848
21.08,46.93,63.33,1014.49,453.87,5849
7.25,41.14,95.85,1024.99,477.45,5850
28.25,66.54,43.77,1011.02,439.67,5851
29.82,43.21,63.54,1011.52,433.31,5852
14.55,41.7,80.8,1018.58,454.14,5853
21.88,69.71,97.64,1010.28,444.39,5854
31.07,70.98,72.03,1007.24,432.96,5855
23.08,64.44,69.95,1014.85,448.61,5856
19.95,57.25,88.04,1011.08,453.03,5857
21.89,63.94,55.09,1019.55,447.74,5858
30.11,70.8,69.25,1008.57,432.33,5859
15.1,41.35,97.89,1003.84,466.14,5860
16.59,43.56,59.61,1012.88,465.03,5861
14.71,44.0,85.08,1024.98,462.87,5862
18.15,41.23,61.21,993.82,456.32,5863
12.24,34.03,69.27,1018.44,474.18,5864
7.71,38.06,83.47,1021.0,482.78,5865
28.15,72.99,70.03,1007.62,431.83,5866
25.11,56.89,67.31,1013.33,441.51,5867
26.82,69.23,50.86,1013.28,436.36,5868
20.58,54.5,89.83,1015.04,467.76,5869
25.04,66.48,63.01,1004.12,433.83,5870
29.56,51.43,59.22,1005.87,437.93,5871
18.92,44.06,68.75,1017.47,453.72,5872
14.72,41.23,82.69,997.91,467.11,5873
22.76,57.5,74.38,1014.75,451.7,5874
25.74,63.73,70.87,1010.88,441.9,5875
10.34,37.5,95.56,1010.35,474.08,5876
14.64,44.92,91.12,1025.54,462.64,5877
9.41,34.69,78.91,1027.02,480.87,5878
4.96,45.87,98.78,1007.32,481.88,5879
32.73,69.88,46.95,1007.86,434.32,5880
9.11,36.66,74.79,1026.47,480.74,5881
21.52,46.21,67.62,1010.62,449.08,5882
19.39,51.43,94.35,1011.06,456.25,5883
26.99,68.12,58.48,1011.45,436.95,5884
30.68,71.8,61.4,1010.81,435.4,5885
31.23,75.08,46.19,1004.93,439.14,5886
14.24,39.99,83.75,1009.3,466.2,5887
9.31,43.56,79.96,1015.09,482.55,5888
16.1,36.71,74.41,1013.58,471.46,5889
21.33,50.32,85.3,1008.58,442.44,5890
17.4,43.14,75.31,1018.51,457.59,5891
10.59,25.36,100.16,1009.59,470.96,5892
29.42,74.9,64.53,1004.11,434.66,5893
18.48,50.16,99.92,1011.45,452.06,5894
26.91,70.47,72.59,1007.55,434.24,5895
9.59,38.91,81.3,1011.87,479.96,5896
25.01,68.63,43.65,1013.76,447.12,5897
22.71,59.43,83.52,1005.68,441.24,5898
26.55,60.23,79.54,1009.88,438.95,5899
13.78,42.03,84.94,1017.51,467.6,5900
28.32,71.64,72.71,1004.73,436.31,5901
23.49,73.18,90.05,1012.4,437.01,5902
22.76,49.21,48.85,1014.35,448.73,5903
24.96,60.84,59.51,1018.13,442.36,5904
20.31,45.87,73.7,1007.89,449.54,5905
14.57,44.84,87.2,1023.46,464.58,5906
27.17,61.02,65.32,1011.38,437.06,5907
18.96,47.83,75.61,1006.15,454.35,5908
29.23,68.14,81.46,1004.31,428.87,5909
16.49,41.93,44.98,1022.92,467.48,5910
20.08,44.6,36.27,1014.91,461.07,5911
31.41,64.44,49.49,1013.84,439.3,5912
12.12,40.0,84.42,1018.72,462.1,5913
25.32,54.5,68.17,1015.5,451.52,5914
20.21,69.94,83.96,1009.33,447.06,5915
10.67,45.0,85.91,1022.99,481.83,5916
22.44,58.16,63.68,1017.28,452.71,5917
17.81,45.0,43.84,1022.32,471.0,5918
20.85,48.7,87.2,1007.11,449.57,5919
18.34,62.1,78.6,1020.52,453.01,5920
29.6,71.14,52.69,1011.46,430.55,5921
9.68,38.16,79.67,1015.54,475.51,5922
28.69,73.18,68.57,1012.23,431.36,5923
24.47,57.85,66.34,1013.05,445.37,5924
19.6,48.14,68.71,1013.18,456.57,5925
17.57,62.1,86.14,1019.51,453.3,5926
26.21,56.85,41.37,1011.45,439.55,5927
8.68,41.82,73.62,1032.83,478.61,5928
24.94,62.96,58.44,1019.76,443.48,5929
20.58,50.78,91.18,1008.87,445.03,5930
17.79,40.12,79.03,1012.74,459.13,5931
22.71,48.06,67.81,1012.82,445.1,5932
25.53,59.57,82.04,1010.65,445.59,5933
26.7,49.02,67.97,1007.68,438.92,5934
27.43,63.87,43.33,1017.6,442.71,5935
30.26,71.77,58.98,1006.24,429.27,5936
29.08,67.07,57.18,1005.73,435.57,5937
22.64,62.44,75.07,1011.82,448.13,5938
23.75,68.51,76.01,1013.21,441.61,5939
15.6,43.71,80.37,1024.88,463.34,5940
28.55,66.51,34.04,1015.46,432.59,5941
29.86,59.57,64.02,1011.24,439.44,5942
15.63,37.87,74.77,1020.4,465.28,5943
7.79,42.03,91.48,1017.74,477.26,5944
30.06,69.14,72.48,1007.5,436.89,5945
10.12,38.38,85.93,1018.22,477.73,5946
10.86,44.85,88.36,1014.15,476.87,5947
26.37,70.79,77.3,1005.31,428.5,5948
23.05,65.94,69.73,1010.99,442.39,5949
25.89,48.41,65.38,1008.59,442.12,5950
22.77,69.84,84.26,1005.75,436.75,5951
21.5,44.58,57.58,1016.87,460.2,5952
11.01,40.22,83.09,1011.13,476.69,5953
13.53,42.86,90.63,1014.0,471.73,5954
25.91,75.6,62.65,1018.23,443.2,5955
13.93,42.86,71.11,1032.37,468.88,5956
9.96,41.55,65.86,1002.59,475.91,5957
18.25,60.1,90.15,1009.72,456.25,5958
22.59,66.54,92.62,1005.11,436.69,5959
24.99,48.92,41.26,1010.03,443.12,5960
23.78,58.86,62.95,1015.7,443.79,5961
10.31,42.49,78.36,1009.43,479.64,5962
15.25,52.9,76.87,1014.86,463.93,5963
22.49,61.27,57.1,1019.6,448.51,5964
14.04,44.21,86.12,1021.93,468.64,5965
20.65,48.41,91.02,1008.38,447.35,5966
24.79,75.6,68.23,1017.07,440.05,5967
19.7,54.42,89.86,1011.83,450.48,5968
15.48,41.66,66.74,1009.55,467.06,5969
11.09,41.58,91.09,1020.99,464.81,5970
27.22,69.04,70.62,1008.89,440.85,5971
26.64,62.44,72.46,1011.81,438.67,5972
15.21,35.4,58.26,1016.31,468.18,5973
31.85,73.21,72.2,1000.98,435.94,5974
12.54,41.62,83.42,1010.86,461.08,5975
14.17,42.99,78.88,1007.38,470.68,5976
11.48,41.14,90.5,1027.67,464.07,5977
14.87,41.2,70.51,1016.27,467.01,5978
29.5,72.86,52.17,1004.63,439.43,5979
25.77,63.31,65.98,1012.76,439.98,5980
25.99,71.32,83.23,1007.17,432.41,5981
18.8,44.71,31.29,1016.56,459.85,5982
21.23,61.5,82.14,1008.98,450.92,5983
25.09,65.38,54.28,1009.99,453.58,5984
23.54,70.32,80.76,1010.89,434.45,5985
13.71,43.41,69.26,1015.45,466.06,5986
12.6,40.35,80.88,1011.89,475.42,5987
21.19,52.3,79.19,1008.24,447.06,5988
25.21,51.43,78.55,1006.43,439.01,5989
25.87,63.47,65.45,1011.54,445.87,5990
29.48,73.21,79.35,1000.67,433.53,5991
11.62,41.54,66.43,1019.94,477.75,5992
14.57,25.88,69.16,1008.92,464.11,5993
9.73,41.01,97.71,1021.76,469.11,5994
24.25,50.78,60.55,1008.82,443.8,5995
19.44,60.07,69.06,1014.8,452.89,5996
13.32,44.2,78.78,1020.02,465.57,5997
30.57,69.82,52.94,1009.86,437.62,5998
26.88,79.74,93.7,1006.54,434.77,5999
13.93,40.24,88.35,1017.88,469.25,6000
28.56,65.27,49.95,1013.28,437.45,6001
27.26,66.56,60.95,1007.83,434.88,6002
12.68,41.16,83.32,1020.09,464.93,6003
17.03,58.49,92.16,1011.91,460.48,6004
16.66,36.71,70.66,1013.68,466.07,6005
14.07,42.86,71.53,1032.16,467.47,6006
12.41,45.87,80.02,1004.78,468.14,6007
6.06,41.17,84.7,1019.67,489.62,6008
7.79,41.16,97.11,1023.17,471.82,6009
26.8,72.58,89.03,1009.22,431.18,6010
14.68,58.2,83.3,1018.5,458.51,6011
27.3,56.85,36.09,1011.66,440.01,6012
8.99,36.3,73.98,1027.08,478.95,6013
21.39,51.3,89.05,1013.39,452.7,6014
27.37,76.2,67.07,1006.03,435.64,6015
25.02,50.78,63.06,1008.79,444.7,6016
6.8,41.16,95.4,1023.17,477.8,6017
11.01,40.05,89.22,1015.46,474.2,6018
27.91,64.79,48.29,1017.7,440.53,6019
16.52,42.24,67.65,1017.51,469.13,6020
29.23,69.59,71.41,1009.0,437.95,6021
25.91,68.08,74.25,1010.92,432.07,6022
15.55,40.66,88.5,1016.21,457.53,6023
32.67,67.83,42.16,1007.81,425.75,6024
11.1,40.92,94.14,1021.98,462.07,6025
21.89,45.38,68.95,1014.42,459.45,6026
32.48,69.75,40.47,1009.05,438.17,6027
9.99,43.52,99.67,1022.95,473.64,6028
18.87,62.96,82.87,1020.55,455.22,6029
20.77,52.05,45.61,1012.22,455.02,6030
6.61,38.68,63.88,1017.5,483.88,6031
31.53,70.94,50.04,1007.11,431.84,6032
12.93,43.13,55.7,1014.91,474.88,6033
12.38,43.52,100.0,1022.98,467.55,6034
32.2,69.68,42.47,1012.12,437.35,6035
7.65,40.67,72.37,1020.14,491.1,6036
15.51,36.71,72.92,1014.05,465.85,6037
13.26,41.74,63.32,1021.89,473.44,6038
21.16,78.11,78.11,1006.73,435.71,6039
21.61,64.63,69.73,1020.86,451.02,6040
13.95,41.49,86.46,1019.95,465.24,6041
27.97,68.31,55.91,1010.64,443.34,6042
26.63,64.44,61.19,1012.66,442.0,6043
24.2,63.21,79.86,1012.25,449.03,6044
8.23,43.79,82.11,1016.11,484.67,6045
21.06,62.91,75.52,1011.92,455.22,6046
16.02,44.9,82.62,1009.3,455.48,6047
23.15,66.48,76.0,1003.71,435.62,6048
24.44,69.13,87.62,1011.1,434.34,6049
26.19,49.3,65.88,1003.69,440.13,6050
20.09,63.94,74.16,1020.82,449.47,6051
26.71,70.4,82.63,1007.59,432.64,6052
10.63,37.5,98.14,1008.93,474.81,6053
26.14,71.98,82.45,1005.98,428.91,6054
25.9,59.54,78.38,1007.3,439.36,6055
15.93,52.75,58.71,1024.57,457.92,6056
13.09,43.02,46.73,1013.17,470.14,6057
21.47,60.77,85.73,1018.06,444.02,6058
13.57,42.99,88.95,1007.51,472.04,6059
22.32,64.27,82.98,1014.35,446.62,6060
22.08,41.54,73.73,1014.21,458.74,6061
32.13,74.34,56.39,1003.34,436.3,6062
18.32,42.28,45.62,1007.86,460.27,6063
10.18,35.76,66.7,1019.71,473.31,6064
23.07,69.23,76.06,1011.78,437.08,6065
15.16,50.88,100.11,1013.88,460.03,6066
12.24,41.2,89.85,1012.48,473.22,6067
31.04,68.31,42.74,1010.54,441.56,6068
32.34,74.99,42.83,1002.77,433.07,6069
13.97,45.01,89.15,1017.44,461.96,6070
26.24,51.43,59.52,1011.32,447.91,6071
13.82,41.62,77.66,1011.48,454.88,6072
9.55,39.66,74.88,1018.8,480.74,6073
16.9,54.3,60.57,1017.97,460.57,6074
24.47,58.05,71.7,1011.27,446.93,6075
11.6,40.69,86.55,1015.51,474.99,6076
21.47,65.61,76.22,1015.92,447.42,6077
4.15,39.9,95.69,1007.62,489.8,6078
26.45,71.37,77.06,1008.0,438.36,6079
33.6,77.17,47.53,1009.01,430.32,6080
16.2,38.73,75.03,1002.14,467.89,6081
23.73,63.94,87.1,1010.7,441.78,6082
27.45,66.25,77.58,1009.3,437.37,6083
33.42,68.51,45.83,1011.91,427.66,6084
28.91,70.72,67.5,1009.7,439.94,6085
26.51,67.25,64.17,1017.85,435.52,6086
5.66,40.0,93.03,1022.08,475.54,6087
17.99,50.59,77.28,1015.9,462.2,6088
10.77,41.46,87.18,1021.42,479.22,6089
10.03,41.79,66.42,1020.35,475.42,6090
8.69,40.81,86.25,1026.19,484.55,6091
17.67,43.96,82.13,1011.68,466.31,6092
9.98,41.01,98.07,1017.83,466.05,6093
31.87,70.94,50.78,1006.94,429.41,6094
15.74,43.34,81.45,1013.38,463.24,6095
22.49,62.96,78.99,1020.21,447.48,6096
32.21,70.94,47.56,1006.76,430.06,6097
25.4,69.59,82.22,1008.58,432.58,6098
10.87,42.02,95.22,1002.08,472.63,6099
23.55,51.95,76.46,1006.0,449.54,6100
27.29,67.32,33.41,1013.92,437.26,6101
19.36,68.61,94.87,1010.85,454.5,6102
10.2,41.01,96.64,1021.39,468.27,6103
11.03,44.78,83.85,1013.16,470.17,6104
8.97,44.03,80.39,1013.16,474.61,6105
8.48,36.18,75.15,1013.31,480.63,6106
26.56,56.57,63.9,1013.73,442.74,6107
30.65,71.06,76.76,1008.61,432.08,6108
6.44,39.33,93.5,1011.8,490.57,6109
21.6,43.43,61.87,1010.28,446.4,6110
19.46,42.04,60.45,1011.3,466.24,6111
12.19,40.05,85.1,1014.65,472.68,6112
23.92,63.21,86.51,1012.52,445.26,6113
27.11,66.49,39.28,1013.71,435.79,6114
23.73,61.02,78.7,1009.71,442.22,6115
28.36,60.23,53.03,1010.05,441.08,6116
24.38,60.84,62.23,1017.85,440.85,6117
23.07,57.17,76.8,1009.84,444.08,6118
15.07,50.88,100.12,1014.33,464.37,6119
29.58,66.51,32.95,1015.57,435.47,6120
25.39,70.36,73.62,1006.76,436.5,6121
14.79,47.83,92.04,1007.27,463.22,6122
10.61,40.77,83.62,1022.09,471.26,6123
19.12,44.85,43.66,1014.66,463.71,6124
20.23,69.45,89.79,1013.0,445.82,6125
29.03,43.21,65.23,1011.83,434.11,6126
15.72,43.02,45.74,1011.98,466.33,6127
20.72,68.61,87.1,1011.25,447.89,6128
17.54,58.49,91.56,1012.35,453.02,6129
27.71,72.99,72.68,1007.18,433.01,6130
6.4,41.17,85.37,1019.54,488.82,6131
24.49,65.06,63.32,1014.07,441.4,6132
15.98,44.68,85.94,1018.48,462.77,6133
28.85,71.32,76.9,1009.09,435.13,6134
21.23,57.32,75.17,1010.99,443.87,6135
27.78,73.56,95.32,1007.05,436.5,6136
25.27,69.89,79.33,1015.21,436.33,6137
30.46,66.75,54.48,1017.81,432.45,6138
26.13,47.93,66.19,1002.81,441.28,6139
25.95,59.14,67.03,1016.42,438.46,6140
13.66,40.55,96.02,1005.46,467.7,6141
17.79,45.01,67.13,1015.71,454.4,6142
20.1,59.87,87.23,1018.97,444.71,6143
23.21,62.44,76.66,1011.78,442.47,6144
29.23,66.51,53.12,1011.11,439.61,6145
20.16,60.1,86.23,1011.24,453.36,6146
24.21,71.77,84.96,1004.52,433.42,6147
26.13,57.32,45.78,1012.27,441.6,6148
19.07,49.69,76.79,1007.22,453.09,6149
9.68,41.06,87.44,1022.75,476.67,6150
16.18,43.99,80.96,1021.97,460.81,6151
11.57,39.72,78.69,1002.26,474.72,6152
23.24,68.31,80.8,1009.71,440.78,6153
5.02,40.64,93.27,1021.2,485.28,6154
22.27,50.05,89.34,1007.1,442.24,6155
34.51,73.03,39.42,1013.73,439.8,6156
2.71,39.42,81.11,1026.66,489.3,6157
12.93,36.71,83.44,1013.22,472.42,6158
28.75,57.55,57.55,1004.77,435.33,6159
10.03,42.02,99.9,998.6,471.07,6160
13.33,39.39,84.74,1013.93,471.23,6161
23.29,49.3,74.12,1003.88,442.11,6162
9.43,41.4,85.83,1028.81,475.8,6163
24.97,59.87,59.94,1018.7,443.7,6164
8.95,38.56,64.34,1017.85,475.43,6165
10.59,37.5,81.56,1013.14,471.38,6166
29.33,64.84,53.32,1010.76,443.15,6167
11.42,41.54,71.57,1020.21,477.5,6168
27.66,69.75,84.27,1009.71,439.18,6169
13.45,45.87,87.06,1008.73,464.88,6170
27.76,65.59,67.29,1010.8,439.03,6171
23.96,58.33,59.97,1013.37,446.01,6172
13.04,45.09,87.68,1013.0,467.44,6173
8.91,40.69,89.65,1015.11,481.59,6174
24.22,49.82,66.82,1014.61,452.2,6175
29.71,71.85,70.86,1008.81,428.49,6176
21.96,69.94,80.27,1011.09,441.15,6177
26.85,66.86,69.4,1006.78,438.26,6178
22.91,68.63,55.82,1014.92,448.01,6179
28.37,63.31,49.02,1013.18,437.64,6180
9.04,40.11,76.32,1023.3,473.57,6181
28.23,62.26,60.86,1010.88,435.76,6182
28.84,74.9,66.86,1004.38,436.42,6183
31.25,73.5,45.2,1010.81,432.25,6184
13.04,40.69,82.37,1015.96,473.49,6185
17.48,52.9,76.47,1020.03,458.34,6186
26.78,73.06,90.47,1007.99,433.25,6187
20.51,68.08,78.05,1012.73,445.96,6188
19.8,67.71,69.65,1005.58,446.03,6189
14.39,42.77,83.28,1017.36,463.65,6190
26.35,59.87,73.63,1013.24,447.26,6191
7.87,43.02,83.58,1014.67,485.61,6192
27.56,65.59,66.47,1010.88,439.64,6193
33.76,68.51,38.35,1011.33,429.83,6194
23.74,62.96,63.39,1019.65,449.48,6195
16.68,53.16,78.02,1014.32,456.29,6196
13.58,39.28,79.17,1016.17,472.17,6197
21.99,42.48,74.04,1011.77,456.65,6198
23.68,59.27,83.82,1010.75,440.44,6199
16.73,54.3,59.44,1017.96,460.54,6200
11.12,44.92,93.52,1025.58,470.82,6201
10.45,39.61,73.39,1020.23,477.41,6202
6.38,40.07,60.2,1018.53,492.96,6203
5.19,40.78,95.07,1025.24,482.46,6204
14.66,47.83,91.98,1006.15,461.46,6205
23.49,49.3,77.96,1003.35,442.76,6206
24.31,65.34,63.85,1013.82,449.88,6207
16.57,41.79,72.25,1005.82,452.84,6208
14.43,44.84,84.0,1024.34,467.45,6209
15.34,71.14,77.56,1019.79,457.1,6210
9.75,52.72,78.53,1026.03,473.41,6211
26.05,58.59,49.83,1012.32,452.41,6212
10.5,40.8,76.05,1024.06,482.85,6213
9.87,42.74,87.74,1024.61,470.9,6214
24.31,65.94,61.61,1011.5,442.69,6215
24.67,58.05,69.95,1011.31,444.57,6216
24.18,66.48,64.86,1004.0,434.5,6217
27.53,67.83,53.73,1009.4,429.05,6218
15.21,52.75,61.11,1024.32,458.84,6219
31.16,64.96,44.85,1001.71,425.82,6220
20.15,65.59,79.39,1014.62,449.84,6221
17.51,58.86,83.63,1016.78,453.2,6222
25.56,60.32,59.84,1016.28,445.01,6223
8.51,40.81,83.16,1015.54,481.02,6224
8.96,40.05,89.4,1015.91,467.24,6225
27.14,71.32,87.99,1007.8,431.96,6226
29.23,75.6,52.26,1017.72,438.92,6227
28.97,64.44,54.67,1014.55,438.08,6228
5.21,41.31,91.23,1003.51,486.46,6229
13.69,40.1,83.57,1014.38,470.76,6230
18.34,45.64,82.53,1019.05,460.58,6231
24.01,42.48,55.1,1011.39,453.12,6232
25.54,69.13,90.98,1001.64,428.74,6233
25.5,63.56,64.69,1013.85,442.28,6234
29.07,72.51,58.38,1009.24,439.8,6235
14.38,40.71,66.12,1023.46,473.41,6236
25.89,66.49,63.16,1013.08,434.67,6237
22.66,63.73,83.95,1013.24,444.41,6238
17.29,52.72,62.32,1024.71,467.23,6239
13.43,50.59,86.3,1020.38,469.33,6240
13.94,44.84,95.3,1023.69,468.06,6241
24.31,66.49,54.35,1011.38,440.79,6242
28.45,52.84,43.16,1006.18,439.86,6243
11.67,37.73,68.88,1021.2,473.54,6244
26.09,49.3,66.19,1003.79,439.82,6245
27.66,59.21,51.58,1013.12,438.57,6246
8.01,40.46,76.15,1019.42,475.42,6247
24.22,56.89,70.02,1013.81,440.79,6248
14.77,58.2,83.83,1018.78,460.54,6249
22.73,43.79,42.66,1015.61,460.2,6250
8.95,43.13,94.85,1017.56,479.14,6251
16.8,56.03,85.26,1020.65,461.96,6252
21.8,51.3,89.51,1012.07,450.25,6253
25.28,49.5,52.79,1013.95,454.01,6254
23.19,67.07,65.19,1005.67,442.45,6255
19.27,50.12,100.11,1007.61,447.63,6256
25.87,44.57,55.92,1007.43,445.79,6257
14.27,44.34,71.44,1018.95,470.98,6258
15.66,41.7,77.0,1018.0,452.58,6259
30.16,73.17,58.99,1010.74,434.43,6260
13.42,40.35,77.0,1011.2,472.57,6261
22.49,61.47,90.23,1009.14,437.01,6262
27.2,59.74,56.74,1011.99,440.13,6263
27.08,62.91,62.58,1011.9,442.91,6264
23.5,50.78,57.7,1008.7,445.09,6265
12.88,38.53,87.16,1010.95,466.92,6266
30.05,69.34,61.5,1008.26,436.82,6267
24.76,63.07,70.39,1012.73,443.04,6268
21.51,65.48,72.99,1017.11,448.65,6269
25.05,58.59,66.14,1013.37,442.93,6270
30.81,71.97,75.0,1008.36,430.53,6271
7.57,37.49,83.07,1009.73,481.98,6272
25.23,58.82,70.47,1010.9,442.64,6273
10.93,39.16,90.56,1016.54,479.83,6274
25.08,58.49,64.47,1011.1,446.9,6275
13.44,41.14,77.26,1026.41,461.44,6276
16.05,41.96,96.05,1011.82,463.72,6277
18.49,41.1,59.99,1001.9,460.76,6278
20.85,56.89,68.22,1013.15,450.07,6279
15.72,56.89,85.06,1013.35,456.33,6280
12.93,38.73,89.24,1006.41,471.3,6281
10.15,39.22,68.75,1020.09,474.87,6282
26.12,68.94,67.08,1007.12,434.11,6283
15.97,45.01,83.24,1016.58,456.91,6284
25.6,71.73,68.99,1010.15,436.7,6285
27.77,63.87,38.77,1017.97,444.06,6286
15.63,40.56,59.44,1018.68,472.15,6287
9.44,44.03,86.27,1009.59,473.61,6288
30.63,53.3,53.3,1004.91,430.27,6289
17.68,39.08,74.24,1002.77,454.18,6290
23.16,57.76,63.79,1017.74,451.79,6291
27.52,69.68,56.94,1011.67,444.83,6292
7.97,39.04,65.17,1018.51,483.3,6293
17.62,43.52,71.52,1021.01,457.45,6294
25.8,44.57,52.56,1008.0,450.48,6295
22.33,70.79,93.35,1006.02,436.74,6296
28.94,68.67,75.24,1005.39,434.65,6297
26.72,67.79,63.31,1010.35,444.68,6298
27.58,66.48,51.23,1004.82,435.34,6299
26.94,73.21,91.25,1002.83,431.19,6300
17.74,49.78,100.09,1004.9,450.44,6301
11.91,40.69,83.71,1014.41,476.71,6302
7.46,39.81,86.73,1018.62,484.13,6303
18.34,50.59,83.95,1018.42,457.17,6304
25.18,69.23,57.45,1013.26,438.72,6305
25.71,71.64,77.31,1008.85,438.16,6306
24.48,66.25,88.17,1009.42,441.07,6307
8.87,41.16,94.13,1023.17,472.45,6308
23.51,70.04,81.39,1011.02,435.78,6309
13.3,37.9,91.51,997.41,465.61,6310
11.69,39.22,55.51,1017.05,472.76,6311
25.06,78.92,90.7,1010.74,434.55,6312
20.6,59.15,91.07,1013.32,443.76,6313
25.79,59.43,64.3,1008.61,435.51,6314
10.29,40.56,69.13,1017.28,481.7,6315
26.06,58.59,55.22,1012.41,451.47,6316
25.8,71.58,85.14,1010.08,435.2,6317
31.14,67.32,38.37,1013.93,436.64,6318
22.01,49.39,75.8,1019.6,451.84,6319
26.05,65.38,52.1,1009.43,449.82,6320
17.82,56.89,77.73,1014.24,453.83,6321
20.76,69.05,77.86,1001.89,442.82,6322
11.64,40.22,80.84,1010.58,477.52,6323
16.33,42.44,84.9,1013.98,462.44,6324
10.23,42.32,89.93,1017.53,473.59,6325
23.35,47.01,73.9,1015.03,456.3,6326
7.7,40.35,92.88,1011.72,484.57,6327
22.06,59.39,85.04,1015.26,441.31,6328
17.14,40.55,71.41,1000.05,461.21,6329
27.75,66.51,39.0,1015.42,433.08,6330
14.58,42.99,93.56,1007.55,468.43,6331
10.86,37.5,75.56,1013.36,473.75,6332
7.87,42.85,94.21,1012.18,480.54,6333
30.96,64.44,49.64,1013.63,437.61,6334
19.55,42.04,67.87,1009.99,466.4,6335
20.26,51.19,93.47,1008.9,448.1,6336
11.61,40.81,72.08,1025.68,473.08,6337
21.92,64.63,65.22,1020.42,452.49,6338
14.22,45.01,70.14,1014.17,464.06,6339
29.77,69.98,69.6,1013.32,430.65,6340
25.96,63.77,65.43,1013.24,445.26,6341
27.78,77.17,86.54,1009.11,430.33,6342
22.49,56.9,63.34,1007.65,449.64,6343
30.34,75.08,52.97,1005.32,437.26,6344
23.78,49.3,76.56,1003.3,439.83,6345
9.06,40.02,82.04,1031.16,478.01,6346
27.51,49.3,61.27,1003.74,437.09,6347
30.76,59.57,61.76,1010.66,439.32,6348
13.86,37.85,89.7,1011.4,469.94,6349
30.98,67.48,58.92,1009.96,439.39,6350
31.01,69.04,52.81,1009.14,442.07,6351
16.58,45.87,97.59,1009.66,457.8,6352
26.01,61.47,75.01,1009.54,435.78,6353
32.42,65.74,52.73,1010.97,439.01,6354
27.96,49.16,35.64,1004.8,442.49,6355
22.73,63.73,94.8,1009.12,441.75,6356
15.65,39.59,87.63,1012.8,461.94,6357
18.22,49.25,61.87,1020.33,454.66,6358
23.05,62.52,65.65,1016.5,449.98,6359
22.95,70.98,93.76,1005.36,438.83,6360
24.34,59.54,87.07,1004.01,440.63,6361
17.44,44.88,68.35,1018.05,465.72,6362
22.69,59.44,83.47,1012.97,446.43,6363
21.31,50.78,85.28,1008.68,445.17,6364
26.46,61.41,56.58,1012.41,448.83,6365
26.06,65.34,57.63,1014.07,444.55,6366
12.24,40.66,96.22,1017.4,464.7,6367
3.95,35.47,84.88,1017.36,488.64,6368
31.74,67.32,36.59,1013.69,436.17,6369
27.01,43.21,77.84,1011.71,434.09,6370
28.73,68.3,55.73,1016.53,434.15,6371
24.34,50.16,74.0,1004.78,445.33,6372
13.0,39.85,61.56,1012.57,477.71,6373
18.62,65.48,73.39,1018.45,451.94,6374
31.16,67.45,32.25,1014.69,428.35,6375
21.75,60.27,87.81,1018.55,444.19,6376
28.71,70.32,76.53,1011.78,435.95,6377
23.7,70.04,84.16,1011.13,436.28,6378
14.41,42.77,82.54,1019.84,465.89,6379
23.83,64.15,63.86,1020.93,447.95,6380
29.3,73.67,65.31,1005.64,431.07,6381
23.38,48.78,78.69,1019.03,446.18,6382
19.95,50.66,81.98,1013.21,458.72,6383
9.68,40.22,89.97,1007.6,479.56,6384
30.27,70.32,51.61,1007.93,430.22,6385
25.82,66.49,60.32,1013.2,434.35,6386
24.54,57.85,65.61,1013.02,444.93,6387
19.82,46.63,87.1,1013.17,456.36,6388
24.9,71.77,85.25,1006.24,427.77,6389
18.83,58.46,87.16,1016.85,449.63,6390
22.99,62.96,65.05,1019.6,449.4,6391
14.28,37.2,82.71,1013.96,467.44,6392
24.2,60.77,71.65,1016.92,439.13,6393
22.91,61.86,92.69,1012.8,441.24,6394
14.16,44.58,77.42,1020.75,473.22,6395
21.46,50.59,67.14,1016.75,453.67,6396
25.95,65.61,52.54,1014.36,443.88,6397
10.36,43.67,77.04,1012.16,478.27,6398
27.0,73.42,87.28,1012.2,432.79,6399
8.14,39.96,88.86,1023.41,477.05,6400
20.86,67.25,81.45,1017.45,444.5,6401
25.82,57.19,62.95,1007.99,440.8,6402
27.25,69.98,59.55,1008.55,431.44,6403
10.11,42.49,82.11,1010.22,483.56,6404
23.99,58.62,66.36,1016.91,449.4,6405
21.55,44.58,46.64,1017.2,464.44,6406
13.18,40.73,94.4,1017.62,465.96,6407
9.26,44.68,91.44,1023.22,478.82,6408
26.3,59.07,78.32,1007.84,441.94,6409
10.18,43.5,88.7,1022.84,476.91,6410
22.84,71.25,96.45,1001.9,433.85,6411
20.36,60.1,84.79,1011.21,454.25,6412
10.33,40.0,90.84,1021.35,479.32,6413
20.46,66.05,78.51,1014.93,454.06,6414
26.0,69.89,73.06,1015.12,433.5,6415
13.16,40.71,77.91,1021.99,475.87,6416
21.39,52.3,88.67,1009.52,447.77,6417
14.82,44.2,72.8,1018.98,465.73,6418
14.38,40.73,90.64,1017.48,462.98,6419
9.27,38.56,62.49,1017.69,475.42,6420
26.58,62.39,68.98,1006.36,438.66,6421
13.85,48.06,75.2,1011.13,462.39,6422
24.58,56.9,68.24,1007.08,437.16,6423
20.57,60.1,83.45,1011.16,451.88,6424
18.26,60.95,78.91,1016.94,457.03,6425
20.45,48.41,86.7,1010.81,444.69,6426
22.25,51.86,83.64,1013.08,451.04,6427
19.82,57.85,97.23,1011.58,447.36,6428
19.93,62.1,76.41,1019.94,450.57,6429
28.97,73.5,48.24,1010.47,435.22,6430
23.53,72.24,94.33,1010.84,436.69,6431
4.47,35.19,92.68,1018.78,487.43,6432
16.27,58.2,80.03,1018.47,453.66,6433
22.32,69.48,77.86,1011.1,439.49,6434
35.77,73.56,36.31,1006.36,430.14,6435
14.42,48.92,76.03,1011.76,461.14,6436
31.2,68.24,34.84,1005.71,428.67,6437
29.16,55.68,55.68,1004.84,435.04,6438
19.34,64.79,84.77,1018.03,454.59,6439
25.31,65.48,55.57,1018.31,439.72,6440
11.66,44.6,89.98,1018.39,471.3,6441
17.16,58.86,86.39,1016.4,453.76,6442
22.11,59.44,84.67,1012.82,448.15,6443
23.35,59.92,88.6,1009.86,439.82,6444
17.67,43.7,58.76,1015.26,465.06,6445
24.11,68.3,79.16,1017.33,432.62,6446
9.03,37.14,76.27,1012.79,478.95,6447
20.2,50.9,77.63,1011.72,454.09,6448
10.95,39.22,62.3,1015.69,474.07,6449
6.92,39.61,82.27,1018.64,483.83,6450
23.36,56.89,78.34,1014.23,440.51,6451
16.63,39.16,72.02,1005.85,460.29,6452
15.36,40.89,86.08,1007.59,464.12,6453
9.15,39.61,84.47,1018.69,475.64,6454
28.61,68.12,47.57,1011.71,432.94,6455
12.45,40.1,82.61,1015.4,473.63,6456
29.25,69.98,57.42,1010.74,430.45,6457
25.24,63.47,66.21,1011.3,442.75,6458
11.98,44.6,86.71,1018.59,470.02,6459
12.62,34.03,74.78,1019.06,471.55,6460
24.14,69.23,73.26,1012.4,433.92,6461
24.3,69.23,59.91,1013.17,440.56,6462
22.49,62.52,63.69,1016.57,451.87,6463
28.77,75.23,59.0,1010.01,437.93,6464
7.21,42.03,90.12,1017.81,482.26,6465
24.13,48.98,40.13,1014.74,460.38,6466
28.14,65.34,46.17,1014.44,443.11,6467
28.04,69.14,80.38,1007.16,436.37,6468
21.18,70.02,96.46,1010.27,442.51,6469
6.84,39.4,93.75,1011.9,484.09,6470
26.92,64.69,76.14,1006.66,437.62,6471
33.83,67.9,29.86,1005.94,428.12,6472
11.81,40.75,84.14,1016.13,477.22,6473
10.28,41.46,85.23,1018.44,479.66,6474
6.72,38.91,90.47,1016.89,485.89,6475
10.02,38.18,68.4,1017.43,476.83,6476
8.64,39.69,98.27,1001.57,473.55,6477
20.45,58.96,65.36,1014.53,454.26,6478
20.01,45.09,38.19,1014.21,453.96,6479
31.61,69.04,47.96,1008.11,439.19,6480
14.69,53.82,63.49,1016.54,463.52,6481
26.89,49.16,41.22,1003.84,442.39,6482
24.41,73.67,86.92,1007.39,435.56,6483
16.36,53.82,71.95,1015.05,461.62,6484
14.08,41.93,59.41,1023.02,475.15,6485
17.32,44.34,56.24,1019.52,468.8,6486
10.38,40.71,80.87,1025.27,481.3,6487
11.6,40.27,72.12,1008.55,473.89,6488
19.54,54.9,70.37,1017.15,455.86,6489
17.5,42.23,86.87,1013.37,462.57,6490
6.04,41.14,86.4,1027.8,480.39,6491
7.28,39.81,87.56,1017.61,483.0,6492
23.45,69.05,66.41,1003.03,440.24,6493
16.75,36.99,87.18,1006.42,464.18,6494
24.01,60.84,63.82,1018.83,436.32,6495
26.67,70.94,56.56,1007.7,439.13,6496
11.57,44.63,91.11,1020.7,469.64,6497
27.33,66.17,64.55,1011.06,443.89,6498
14.51,44.84,82.33,1023.23,465.09,6499
18.1,48.06,82.47,1015.47,454.04,6500
33.58,77.54,53.49,1010.19,433.75,6501
30.04,64.44,52.19,1014.46,437.95,6502
23.91,50.23,68.57,1017.25,455.41,6503
15.27,39.54,81.91,1010.64,464.49,6504
13.41,49.83,87.14,1008.83,466.38,6505
29.95,67.25,51.91,1017.68,433.13,6506
27.0,71.25,70.59,1002.66,437.22,6507
24.56,58.82,72.47,1011.42,442.76,6508
18.84,61.27,71.95,1019.64,454.47,6509
22.7,61.41,78.08,1012.08,449.75,6510
23.21,74.22,88.46,1009.68,440.46,6511
14.54,41.17,67.78,1015.15,470.19,6512
26.45,74.33,61.7,1013.81,433.16,6513
1.81,39.42,76.97,1026.92,490.55,6514
22.95,66.54,88.06,1004.53,434.41,6515
8.88,36.3,56.96,1015.27,478.7,6516
13.44,39.64,73.43,1013.23,474.79,6517
8.83,36.25,85.6,1028.86,478.45,6518
15.57,38.78,95.38,1013.51,463.47,6519
16.69,43.52,80.87,1021.78,460.51,6520
22.53,60.95,75.1,1015.12,449.43,6521
18.55,52.84,86.82,1004.45,450.23,6522
22.81,58.96,55.66,1013.5,452.89,6523
30.13,71.98,63.62,1004.95,431.0,6524
14.04,40.83,82.04,1008.98,469.75,6525
12.14,48.04,100.13,1011.8,465.08,6526
25.18,56.89,64.46,1012.26,442.42,6527
7.82,41.16,87.7,1023.3,475.66,6528
22.2,59.21,73.34,1017.87,445.29,6529
26.42,59.39,66.03,1013.95,438.54,6530
9.29,39.04,74.29,1022.72,482.55,6531
29.31,68.67,63.38,1006.18,435.57,6532
19.24,58.33,85.47,1013.65,449.26,6533
27.22,66.49,42.41,1013.45,437.24,6534
10.09,41.01,96.55,1019.89,471.15,6535
30.47,68.24,64.98,1009.55,427.94,6536
24.85,70.47,85.37,1006.64,434.47,6537
17.75,55.5,81.26,1020.15,459.43,6538
26.09,60.23,60.88,1010.74,445.88,6539
12.21,44.34,86.17,1017.98,475.06,6540
21.5,50.32,81.68,1008.65,442.71,6541
9.18,42.44,98.04,1014.52,480.49,6542
24.66,66.49,70.06,1010.83,438.01,6543
18.56,67.71,85.28,1004.77,444.9,6544
25.14,73.67,88.51,1006.94,430.89,6545
12.08,49.83,96.01,1008.21,467.54,6546
18.88,62.96,82.01,1020.62,456.18,6547
26.59,60.96,52.41,1011.9,439.77,6548
10.42,41.46,89.16,1021.04,479.24,6549
13.03,39.35,79.18,1015.34,474.02,6550
29.43,66.75,42.72,1017.63,434.6,6551
27.86,61.5,46.19,1009.23,439.49,6552
24.73,48.6,63.37,1004.03,439.99,6553
20.74,58.12,77.88,1015.43,449.91,6554
9.41,40.43,79.49,1025.68,492.88,6555
19.33,58.96,67.86,1014.88,456.54,6556
25.04,70.47,84.75,1006.82,433.1,6557
19.35,43.43,66.11,1009.4,454.02,6558
14.72,39.0,76.42,1016.42,464.93,6559
26.88,74.78,64.81,1010.42,440.84,6560
20.72,44.57,72.57,1008.96,449.76,6561
9.0,39.18,84.91,1024.38,483.26,6562
25.45,75.23,73.33,1011.41,441.65,6563
13.23,52.72,75.78,1026.4,465.26,6564
30.88,69.51,46.58,1011.48,433.14,6565
23.32,66.48,72.25,1003.92,436.26,6566
25.15,68.61,53.59,1011.03,447.91,6567
19.67,60.77,88.13,1017.33,444.87,6568
6.92,43.13,89.23,1018.26,486.36,6569
14.74,43.71,81.53,1024.35,465.49,6570
22.7,59.92,90.84,1011.05,436.7,6571
13.85,41.39,75.55,1018.62,471.45,6572
31.59,43.5,43.5,1005.12,429.96,6573
17.27,40.55,70.66,1000.89,461.31,6574
27.49,71.94,73.35,1006.62,435.29,6575
26.71,70.72,78.18,1010.3,438.72,6576
23.25,59.87,66.4,1018.69,444.23,6577
30.13,68.94,40.71,1005.88,441.78,6578
26.53,60.07,54.79,1016.55,438.54,6579
12.02,43.69,74.07,1016.12,477.74,6580
13.77,42.86,77.3,1030.72,471.38,6581
26.97,67.32,55.07,1014.35,439.61,6582
25.76,73.5,81.36,1011.44,437.0,6583
14.43,35.85,78.25,1021.99,464.6,6584
21.03,70.02,95.69,1010.21,444.53,6585
24.45,70.02,71.37,1010.75,445.8,6586
15.43,41.1,85.06,1005.2,467.21,6587
17.48,46.21,80.78,1014.02,455.35,6588
23.96,65.34,56.82,1015.52,449.23,6589
25.77,71.37,78.96,1008.88,433.45,6590
25.52,61.25,75.98,1012.84,435.48,6591
14.52,40.35,69.84,1011.11,470.8,6592
24.8,68.3,80.41,1018.01,436.17,6593
30.8,73.17,51.93,1010.51,432.24,6594
7.9,40.0,79.55,1018.74,474.5,6595
10.25,41.46,87.07,1020.65,481.94,6596
30.97,74.22,49.74,1007.93,431.58,6597
10.7,44.77,82.37,1017.8,484.94,6598
32.83,74.33,50.42,1011.44,427.36,6599
11.35,40.66,96.4,1016.86,466.55,6600
21.28,44.05,83.2,1005.69,444.56,6601
12.9,44.63,89.51,1020.72,467.41,6602
16.47,44.89,82.01,1010.04,459.69,6603
31.18,77.95,65.62,1014.89,431.58,6604
21.92,48.14,67.8,1013.44,449.65,6605
9.46,36.66,72.58,1026.22,479.06,6606
7.29,39.37,73.46,1019.24,478.19,6607
24.05,61.87,54.54,1009.64,442.16,6608
11.75,41.2,89.86,1012.7,475.35,6609
28.82,71.8,67.64,1010.97,436.71,6610
5.3,35.19,93.86,1019.33,484.42,6611
14.17,41.67,72.77,1013.4,471.42,6612
21.63,60.84,77.53,1018.16,445.93,6613
12.62,40.92,81.41,1021.85,465.68,6614
6.94,38.91,90.64,1018.94,485.12,6615
24.73,65.34,52.8,1015.42,446.92,6616
14.94,41.35,98.04,1004.82,466.73,6617
16.88,38.58,73.99,1014.72,462.7,6618
10.7,36.18,63.15,1018.16,475.08,6619
25.21,50.23,56.58,1016.0,454.64,6620
12.51,41.14,87.86,1027.36,463.79,6621
30.7,74.22,50.39,1008.12,432.51,6622
24.61,69.68,92.47,1012.06,438.51,6623
22.4,58.12,78.03,1015.24,449.13,6624
5.98,38.91,91.83,1016.5,488.85,6625
20.06,62.1,72.21,1020.21,451.81,6626
12.7,39.72,62.97,1017.89,467.77,6627
11.42,40.43,75.85,1025.5,490.02,6628
24.23,49.3,74.44,1003.61,440.65,6629
29.91,70.02,64.1,1010.18,437.63,6630
22.87,71.29,73.1,1008.1,442.27,6631
23.79,58.59,72.5,1013.94,443.19,6632
17.4,44.58,60.58,1018.9,468.01,6633
27.21,64.05,76.69,1010.08,442.37,6634
10.23,41.46,83.06,1018.89,479.48,6635
26.54,69.48,66.09,1010.7,432.56,6636
32.46,74.33,37.07,1012.61,427.87,6637
21.31,42.8,75.77,1014.1,459.84,6638
13.4,40.89,91.66,1010.67,472.36,6639
31.87,68.67,48.85,1005.64,435.66,6640
26.05,73.88,82.08,1005.67,439.96,6641
24.4,69.94,58.1,1005.75,438.76,6642
11.88,41.58,90.18,1016.56,465.47,6643
11.3,40.55,97.99,1005.97,476.72,6644
16.83,46.48,87.23,1007.21,455.64,6645
19.72,46.21,77.74,1010.54,449.33,6646
30.74,69.59,68.04,1008.69,437.81,6647
6.9,40.71,94.8,1021.78,471.43,6648
7.7,40.72,81.97,1022.81,482.79,6649
19.18,65.06,77.06,1015.99,448.26,6650
24.26,68.14,59.49,1005.09,438.79,6651
5.66,40.62,84.97,1015.87,485.18,6652
14.97,58.2,81.13,1019.52,458.68,6653
14.96,39.31,71.28,1010.52,461.97,6654
13.9,44.0,87.17,1025.1,466.24,6655
22.97,42.48,64.71,1012.84,466.7,6656
32.91,73.56,55.03,1007.02,434.03,6657
26.56,65.59,64.25,1012.6,443.66,6658
14.76,49.64,75.67,1026.31,461.16,6659
12.5,41.38,57.59,1021.87,474.4,6660
5.89,35.77,79.58,1019.78,479.86,6661
25.11,58.79,60.55,1015.99,442.34,6662
16.73,45.0,60.68,1023.44,467.08,6663
6.93,41.14,84.67,1027.18,479.06,6664
24.01,63.56,64.31,1014.19,444.1,6665
10.33,40.62,64.22,1017.41,473.16,6666
10.04,39.13,88.91,1011.26,474.61,6667
7.73,37.8,63.93,1020.71,483.94,6668
30.24,73.9,56.39,1006.74,441.31,6669
10.35,39.82,94.78,1013.33,477.14,6670
23.19,58.82,81.05,1009.96,446.44,6671
24.55,67.07,63.58,1005.66,443.39,6672
29.01,66.44,71.56,1011.21,430.61,6673
12.04,42.34,94.67,1019.72,465.36,6674
29.85,61.85,61.85,1005.45,436.46,6675
22.19,60.37,92.43,1008.45,440.75,6676
10.02,39.82,89.47,1012.86,482.47,6677
28.09,63.31,52.6,1013.01,438.6,6678
22.36,51.43,87.33,1007.47,442.53,6679
30.7,69.59,66.78,1008.03,433.4,6680
7.06,41.38,83.55,1021.94,487.71,6681
14.07,45.09,94.45,1013.32,462.69,6682
10.58,39.61,71.69,1020.39,477.18,6683
20.59,59.8,77.94,1015.27,453.83,6684
22.06,47.43,76.85,1009.85,453.5,6685
31.61,75.08,42.29,1004.83,436.67,6686
19.98,56.53,73.53,1020.22,454.89,6687
11.02,40.0,74.83,1015.75,468.09,6688
8.34,40.72,83.75,1023.62,483.14,6689
14.69,35.71,57.34,1015.78,467.39,6690
14.84,42.03,79.27,1017.47,466.2,6691
7.67,35.77,60.97,1017.55,480.06,6692
16.76,43.77,77.95,1012.25,457.0,6693
18.21,49.69,80.16,1013.54,454.25,6694
7.85,37.8,59.19,1020.9,478.68,6695
17.81,37.2,67.27,1011.98,470.97,6696
9.23,37.36,67.38,1015.01,481.08,6697
30.2,71.85,59.1,1008.25,425.21,6698
28.86,73.18,68.8,1012.46,427.01,6699
26.05,46.21,55.25,1011.31,450.86,6700
17.46,42.42,69.19,1008.97,469.63,6701
25.65,43.77,46.18,1011.65,444.01,6702
26.81,74.9,79.88,1003.99,435.56,6703
10.3,41.79,49.39,1021.09,471.58,6704
30.07,70.04,55.74,1010.84,426.35,6705
16.25,58.86,86.52,1015.94,456.49,6706
31.09,74.22,46.36,1007.56,430.3,6707
9.06,41.92,90.88,1029.9,473.37,6708
21.4,47.93,88.44,1005.16,445.2,6709
7.68,42.85,91.51,1012.51,479.16,6710
30.26,77.24,74.25,1008.39,430.51,6711
15.93,40.89,74.55,1011.57,468.8,6712
23.25,69.45,70.14,1013.85,437.18,6713
10.59,41.46,85.7,1016.87,480.83,6714
18.86,50.78,91.67,1008.46,446.7,6715
27.97,69.48,57.24,1010.4,432.18,6716
30.17,76.86,73.61,998.23,430.3,6717
15.19,41.43,89.67,1011.34,470.41,6718
13.88,39.39,80.48,1014.08,471.39,6719
11.26,40.43,74.67,1025.68,489.66,6720
25.36,74.99,65.96,1002.21,440.25,6721
21.17,52.3,88.88,1009.67,444.5,6722
30.62,66.54,55.36,1004.11,429.01,6723
27.41,74.67,80.16,1016.57,429.21,6724
11.82,41.74,74.06,1022.36,476.21,6725
32.41,67.83,55.96,1008.54,426.85,6726
12.59,39.18,67.57,1024.18,471.32,6727
27.81,64.69,71.75,1006.59,437.02,6728
25.1,71.77,82.8,1004.34,429.7,6729
15.29,25.88,66.0,1009.21,464.25,6730
16.37,39.99,80.61,1007.05,464.69,6731
27.63,70.17,85.22,1000.42,432.46,6732
21.11,74.78,84.35,1009.71,442.68,6733
30.66,66.25,63.03,1007.67,439.55,6734
14.57,37.86,68.82,1022.44,463.58,6735
10.92,40.92,83.03,1021.84,467.05,6736
16.23,43.72,83.01,1009.96,457.9,6737
26.85,71.73,65.24,1010.06,429.97,6738
33.5,70.8,57.24,1008.99,433.19,6739
17.85,53.16,82.72,1013.05,456.49,6740
7.54,37.7,78.43,1014.58,481.56,6741
23.39,64.63,58.22,1020.45,449.27,6742
18.03,53.16,81.95,1013.02,456.55,6743
10.95,43.8,63.46,1022.61,473.2,6744
18.0,52.08,100.09,1003.07,450.85,6745
17.46,39.54,74.24,1008.21,462.52,6746
11.88,40.64,85.43,1020.5,470.06,6747
10.11,39.72,69.68,1019.1,476.8,6748
26.36,54.5,66.87,1015.35,451.81,6749
16.41,41.48,45.19,1016.28,451.93,6750
18.81,45.01,65.91,1015.28,457.85,6751
26.44,69.34,73.18,1009.55,440.43,6752
20.6,44.58,48.36,1017.67,466.2,6753
29.32,63.77,55.1,1013.24,438.09,6754
19.15,44.89,74.52,1009.6,451.09,6755
21.09,67.07,89.01,1004.38,444.75,6756
34.1,73.03,41.26,1014.01,437.65,6757
20.02,58.66,76.74,1011.5,454.21,6758
12.97,40.75,79.67,1016.05,476.28,6759
28.31,64.79,60.88,1016.58,440.96,6760
28.31,50.05,50.17,1005.75,436.75,6761
19.29,67.71,63.71,1007.94,449.28,6762
12.09,40.6,85.72,1013.85,474.35,6763
31.12,68.94,68.46,1006.05,431.92,6764
13.94,38.47,53.9,1015.03,466.54,6765
27.59,59.21,51.46,1012.93,437.49,6766
11.68,40.23,83.43,1018.49,475.47,6767
13.8,44.34,66.74,1019.43,468.8,6768
9.82,39.96,97.69,1024.72,471.96,6769
26.92,78.92,96.22,1011.65,434.64,6770
23.66,62.08,64.13,1022.42,447.06,6771
12.34,43.22,78.23,1009.28,468.52,6772
23.81,46.93,54.82,1013.19,449.58,6773
20.54,61.27,61.87,1019.6,451.95,6774
14.79,41.04,75.81,1025.32,456.97,6775
18.28,44.2,52.88,1018.83,458.59,6776
26.9,69.59,85.08,1008.9,434.1,6777
21.83,63.87,63.07,1018.93,452.21,6778
21.85,59.8,75.28,1016.89,454.26,6779
7.95,40.72,84.19,1023.7,486.14,6780
16.09,50.59,84.41,1015.69,463.64,6781
13.72,54.3,79.08,1017.89,467.05,6782
9.56,41.55,70.27,1002.67,481.24,6783
16.24,41.93,44.91,1021.66,467.69,6784
31.91,67.83,53.22,1008.76,425.28,6785
7.73,39.04,68.23,1018.61,482.39,6786
28.35,71.14,60.38,1010.65,429.21,6787
19.6,60.95,84.26,1015.4,456.06,6788
14.13,41.23,93.02,994.6,467.84,6789
16.84,56.03,70.37,1020.25,437.14,6790
14.76,43.79,75.72,1016.17,464.14,6791
28.43,68.08,58.19,1011.32,433.05,6792
23.71,50.23,73.24,1017.55,458.59,6793
19.44,48.7,94.71,1008.66,444.9,6794
22.78,71.77,89.23,1005.26,435.46,6795
32.84,77.95,45.8,1014.68,431.97,6796
18.06,56.65,81.59,1020.2,459.14,6797
16.41,47.24,88.78,1015.75,457.94,6798
10.05,41.58,95.19,1021.35,469.03,6799
24.06,71.25,92.18,1002.39,438.85,6800
8.63,39.96,99.47,1024.39,475.79,6801
29.77,69.48,52.6,1009.8,432.69,6802
9.2,40.77,89.86,1011.88,479.82,6803
20.18,43.56,39.16,1013.14,462.8,6804
16.26,38.58,76.7,1016.04,462.54,6805
15.0,41.35,86.95,1006.6,467.71,6806
4.0,39.9,97.16,1009.64,490.79,6807
17.47,58.59,97.13,1014.03,449.41,6808
4.78,42.85,93.36,1013.39,481.47,6809
25.33,73.21,97.24,1002.19,433.43,6810
7.03,41.74,86.44,1021.92,486.91,6811
31.33,73.03,49.28,1014.18,438.49,6812
6.76,37.49,80.91,1011.66,484.85,6813
4.61,40.27,77.28,1012.32,492.85,6814
23.21,73.42,88.29,1010.34,439.66,6815
23.28,48.92,41.55,1010.23,449.27,6816
5.95,37.8,67.97,1022.03,479.2,6817
3.21,38.44,84.86,1017.11,492.93,6818
28.5,73.77,86.38,1002.82,431.7,6819
12.93,41.39,80.28,1018.5,472.57,6820
21.04,69.48,89.92,1011.07,439.53,6821
23.84,49.21,45.4,1013.35,446.54,6822
18.79,49.15,70.16,1021.69,458.75,6823
13.83,44.45,68.75,1021.5,462.6,6824
32.78,71.22,48.77,1005.12,438.77,6825
24.79,75.6,68.23,1017.07,440.05,6826
5.49,40.81,90.41,1014.43,487.36,6827
21.67,61.45,92.19,1010.84,443.82,6828
12.02,41.92,84.45,1030.1,465.82,6829
10.46,41.06,82.34,1021.41,481.47,6830
16.0,40.66,89.23,1016.12,457.12,6831
29.35,68.51,70.67,1007.63,430.22,6832
20.92,70.02,85.63,1011.06,437.96,6833
32.39,74.16,61.09,1008.53,431.17,6834
11.57,41.38,61.49,1021.71,473.94,6835
19.13,66.86,71.24,1012.95,453.31,6836
30.57,73.03,73.68,1013.75,437.42,6837
8.27,40.69,86.1,1020.13,484.97,6838
18.43,57.76,87.34,1016.13,452.65,6839
29.79,67.69,55.93,1006.86,428.71,6840
24.7,58.82,75.91,1009.4,442.98,6841
13.57,41.4,72.55,1021.27,464.23,6842
28.28,61.86,64.49,1012.07,439.65,6843
32.07,67.83,41.61,1007.91,429.31,6844
19.1,43.79,77.34,1016.02,462.28,6845
22.69,54.2,65.55,1012.92,444.26,6846
27.44,59.74,56.42,1010.99,452.0,6847
9.81,71.14,87.93,1019.43,469.64,6848
26.05,65.27,56.46,1013.69,440.75,6849
25.96,71.64,86.83,1003.84,432.93,6850
13.79,45.08,84.36,1025.02,469.55,6851
20.13,43.43,66.16,1009.75,453.47,6852
13.99,45.0,77.92,1023.83,472.55,6853
23.0,57.76,56.86,1017.64,451.39,6854
20.37,60.08,76.33,1017.44,454.47,6855
19.16,63.09,91.15,1017.71,449.51,6856
10.8,41.74,78.62,1020.24,479.32,6857
19.12,45.01,59.95,1014.0,453.24,6858
14.46,44.78,67.03,1007.64,459.31,6859
17.75,49.78,100.09,1004.49,452.02,6860
33.15,68.51,51.91,1012.9,428.89,6861
32.16,68.14,37.77,1004.86,429.64,6862
32.66,73.68,40.88,1014.64,425.17,6863
24.34,66.05,74.58,1019.26,440.67,6864
31.93,72.58,56.27,1006.9,425.14,6865
9.18,42.18,87.3,1017.4,475.57,6866
28.57,62.26,62.12,1010.75,437.41,6867
16.63,53.82,66.09,1015.18,458.29,6868
17.25,43.14,76.17,1018.34,462.8,6869
32.06,69.88,63.53,1006.88,432.47,6870
19.72,66.51,74.7,1015.07,458.07,6871
10.22,41.74,83.58,1022.65,479.01,6872
21.78,68.28,79.3,1001.0,443.24,6873
16.34,47.45,92.96,1009.41,448.59,6874
10.29,41.74,80.51,1019.9,480.62,6875
13.5,44.92,87.17,1023.87,468.85,6876
13.88,39.16,75.69,1010.8,464.37,6877
31.26,76.09,63.91,1006.66,430.36,6878
13.55,40.1,86.68,1015.7,474.59,6879
12.8,44.9,66.6,1007.58,466.95,6880
26.96,72.86,59.17,1004.86,441.12,6881
11.49,35.76,60.04,1019.08,472.45,6882
12.27,41.17,52.18,1019.39,473.84,6883
30.95,73.06,74.86,1008.86,431.77,6884
13.7,44.47,70.77,1027.51,468.79,6885
30.28,79.74,70.21,1006.96,433.45,6886
8.61,37.49,82.62,1009.35,477.13,6887
27.18,59.27,64.18,1012.57,439.69,6888
19.8,52.9,66.67,1017.75,456.64,6889
12.88,40.64,92.58,1020.76,474.58,6890
14.19,39.52,77.25,1018.34,467.14,6891
15.15,39.58,73.63,1011.94,466.78,6892
28.8,73.4,54.01,1011.34,439.65,6893
6.69,40.64,92.83,1020.54,483.01,6894
26.43,58.41,64.67,1013.57,444.74,6895
20.13,47.03,83.03,1012.59,459.15,6896
14.24,39.52,77.19,1018.22,468.51,6897
15.92,41.79,79.42,1006.24,458.68,6898
30.74,73.67,57.89,1005.79,428.92,6899
16.55,54.3,60.84,1017.95,460.59,6900
16.39,41.96,94.85,1011.7,463.99,6901
19.73,56.65,69.49,1020.7,457.46,6902
14.62,43.99,86.7,1023.6,461.88,6903
10.12,40.0,95.29,1021.33,476.03,6904
26.1,44.57,55.15,1007.47,446.49,6905
11.23,39.72,60.62,1018.46,475.04,6906
27.24,69.13,70.85,1009.28,432.36,6907
21.48,61.27,61.43,1019.29,450.88,6908
27.52,66.25,78.8,1008.21,438.51,6909
13.74,43.71,86.62,1025.45,465.24,6910
18.65,52.08,99.94,1005.48,449.55,6911
17.38,43.14,61.9,1011.09,459.02,6912
15.25,41.17,62.05,1016.0,468.76,6913
8.04,40.64,89.26,1020.64,477.78,6914
26.59,66.49,49.76,1013.32,439.72,6915
8.49,39.61,87.74,1021.05,483.94,6916
25.15,57.32,41.84,1012.41,440.1,6917
22.02,46.93,55.92,1014.32,451.92,6918
23.23,63.31,75.1,1012.52,441.5,6919
7.78,40.8,85.61,1026.7,488.54,6920
12.93,39.58,75.9,1010.93,473.09,6921
6.87,40.07,57.64,1017.91,491.4,6922
30.35,71.32,64.61,1009.17,434.62,6923
25.89,48.41,68.58,1008.49,440.92,6924
8.11,41.92,91.92,1029.61,483.52,6925
26.22,67.45,44.04,1013.7,440.17,6926
12.64,41.49,94.0,1019.78,468.78,6927
27.89,73.17,64.22,1009.85,432.83,6928
21.11,58.66,68.71,1011.7,457.89,6929
13.51,43.41,75.22,1015.94,463.86,6930
25.07,77.95,83.0,1012.87,438.55,6931
26.53,69.71,76.26,1009.88,446.17,6932
16.13,43.48,50.05,1014.41,459.47,6933
31.4,66.54,57.73,1003.55,425.91,6934
22.65,57.85,68.52,1012.6,445.36,6935
10.22,39.16,96.2,1015.71,478.45,6936
22.72,65.61,70.53,1014.64,449.04,6937
25.77,58.59,55.84,1012.51,449.65,6938
13.6,39.82,86.1,1013.34,470.69,6939
29.59,70.17,71.0,999.71,434.85,6940
14.09,43.99,94.39,1021.02,468.09,6941
13.67,40.71,66.15,1016.19,467.62,6942
14.94,42.77,73.95,1018.9,462.67,6943
14.77,41.39,65.61,1018.95,470.21,6944
20.77,69.51,62.89,1012.96,442.82,6945
12.75,42.86,88.44,1014.9,475.09,6946
16.34,42.28,52.8,1008.08,463.29,6947
14.24,41.16,87.0,1010.16,471.0,6948
10.11,39.35,90.74,1015.19,479.83,6949
23.38,59.07,92.4,1009.29,442.83,6950
21.97,58.79,86.7,1010.93,448.8,6951
17.66,62.1,86.3,1019.49,452.03,6952
5.53,35.79,94.01,1011.19,484.64,6953
23.48,73.67,88.49,1007.07,437.19,6954
11.91,41.49,96.39,1019.69,470.07,6955
10.17,40.46,68.21,1018.54,470.33,6956
21.96,48.78,85.05,1019.56,451.58,6957
23.63,73.5,89.39,1011.46,438.21,6958
32.28,75.33,62.49,1002.14,433.42,6959
30.08,67.25,47.77,1017.57,432.1,6960
30.25,68.24,31.9,1006.58,432.05,6961
29.8,64.69,54.43,1006.6,437.85,6962
16.58,41.79,72.95,1006.24,452.95,6963
16.98,53.16,82.8,1013.95,458.93,6964
29.83,71.43,55.8,1011.93,439.34,6965
6.13,40.81,91.66,1026.31,483.8,6966
15.85,46.18,97.8,1013.14,462.88,6967
13.27,40.27,40.04,1006.1,473.88,6968
29.09,75.33,71.06,1001.61,433.29,6969
18.96,50.16,100.09,1010.72,451.2,6970
18.22,44.34,56.78,1019.35,469.27,6971
19.07,44.63,44.93,1020.23,456.37,6972
24.02,70.94,79.55,1008.0,441.57,6973
24.35,70.04,73.88,1010.92,438.4,6974
16.82,45.0,37.28,1022.05,468.22,6975
23.79,50.16,75.82,1005.32,435.49,6976
25.48,65.12,53.66,1016.12,447.85,6977
23.56,51.86,73.9,1014.04,448.04,6978
15.09,41.76,76.22,1022.4,463.27,6979
18.77,49.39,82.95,1021.06,454.53,6980
18.64,52.08,99.9,1004.24,451.3,6981
9.77,44.68,91.4,1023.37,477.56,6982
26.43,51.43,71.48,1006.3,441.01,6983
4.95,42.07,80.88,1004.87,485.67,6984
10.39,40.22,91.65,1004.95,476.49,6985
18.9,56.03,71.83,1020.77,457.66,6986
17.14,41.66,57.66,1010.97,463.38,6987
28.28,68.67,69.9,1006.36,435.29,6988
18.07,44.92,69.15,1024.72,457.53,6989
28.06,68.24,69.72,1010.27,429.47,6990
24.88,49.16,64.54,1006.04,445.18,6991
31.46,66.54,53.75,1002.86,427.76,6992
27.14,64.27,54.4,1012.71,441.68,6993
22.05,48.14,69.94,1015.81,447.37,6994
15.77,41.79,80.69,1007.96,455.87,6995
18.18,67.71,87.26,1004.5,449.24,6996
15.33,36.71,73.89,1013.99,468.36,6997
25.98,60.95,48.01,1014.5,442.9,6998
18.12,44.63,89.72,1001.26,453.55,6999
23.84,63.47,76.33,1012.54,444.48,7000
21.67,62.39,92.96,1007.98,445.85,7001
23.86,66.54,90.89,1005.23,432.17,7002
31.95,67.17,61.58,1007.11,432.6,7003
17.96,47.83,85.72,1005.0,454.59,7004
15.0,50.88,100.12,1014.04,459.37,7005
21.97,58.95,76.95,1017.78,443.61,7006
19.27,43.14,39.85,1013.17,463.14,7007
30.21,69.4,62.89,1003.69,438.18,7008
8.51,38.5,64.28,1013.33,482.39,7009
8.51,39.96,96.1,1026.34,475.96,7010
7.8,43.65,60.77,1018.92,479.78,7011
15.6,41.7,84.1,1019.15,461.38,7012
10.03,43.13,70.09,1014.85,482.16,7013
22.38,71.85,74.91,1009.56,441.47,7014
11.77,40.92,81.55,1021.85,467.31,7015
29.84,74.87,61.39,1009.64,435.05,7016
32.51,73.56,59.6,1007.06,435.23,7017
14.47,41.76,78.41,1021.98,464.0,7018
21.93,62.91,74.62,1013.45,449.17,7019
31.85,69.04,46.09,1008.35,434.79,7020
23.66,61.86,83.09,1013.33,444.27,7021
18.83,63.91,96.18,1010.8,448.15,7022
26.54,69.34,87.18,1009.5,435.51,7023
17.51,41.85,72.03,1016.25,465.05,7024
14.14,39.59,96.02,1010.84,465.23,7025
30.68,71.25,68.99,999.98,433.47,7026
23.24,51.95,78.08,1006.21,448.5,7027
29.77,67.07,48.38,1005.82,433.89,7028
14.04,40.56,65.79,1018.4,472.98,7029
26.38,59.92,71.91,1009.99,444.85,7030
5.28,42.07,80.84,1003.82,485.24,7031
12.37,46.97,90.76,1013.95,464.4,7032
13.86,35.71,63.16,1015.21,471.63,7033
14.73,39.82,80.82,1012.67,470.41,7034
30.12,69.68,60.64,1012.89,436.34,7035
19.68,44.34,49.5,1019.49,468.27,7036
8.27,35.77,73.36,1015.3,478.13,7037
5.21,35.79,95.08,1011.5,484.03,7038
31.13,67.45,41.34,1015.02,435.14,7039
28.93,72.99,64.41,1007.23,434.45,7040
17.05,44.88,88.19,1017.69,459.63,7041
12.61,43.22,78.94,1013.41,466.85,7042
4.93,35.19,92.94,1018.04,486.39,7043
5.73,40.35,91.84,1012.24,490.5,7044
24.57,72.24,79.19,1011.44,434.93,7045
15.55,39.63,89.82,1004.98,466.83,7046
23.43,71.97,94.27,1009.42,442.19,7047
20.67,63.56,79.39,1013.27,450.7,7048
5.95,35.57,77.61,1025.84,487.72,7049
18.11,43.43,73.3,1008.65,451.38,7050
11.02,39.96,93.58,1025.64,467.41,7051
23.37,63.87,60.44,1016.67,446.42,7052
23.22,69.04,89.05,1009.65,448.6,7053
12.31,41.06,74.38,1021.19,475.76,7054
15.34,41.23,86.56,996.87,465.16,7055
28.69,67.25,44.6,1017.71,436.21,7056
11.34,43.67,87.95,1011.54,472.77,7057
6.02,41.38,88.71,1021.2,490.57,7058
11.2,42.02,96.69,999.99,472.27,7059
9.09,41.92,91.0,1029.36,478.98,7060
29.47,65.51,58.28,1014.71,444.8,7061
23.12,69.71,84.41,1008.98,442.21,7062
10.29,41.46,89.03,1020.84,480.32,7063
13.36,39.64,93.26,1010.3,471.89,7064
18.38,55.28,68.33,1020.22,451.29,7065
22.76,49.02,88.56,1007.5,442.84,7066
28.19,62.6,46.95,1017.34,449.61,7067
24.16,48.98,42.55,1015.19,459.27,7068
29.75,73.5,67.31,1011.13,433.63,7069
25.38,62.96,56.88,1019.98,444.83,7070
21.98,59.39,84.52,1015.25,446.79,7071
9.82,36.18,65.8,1019.18,475.21,7072
27.5,65.34,47.46,1014.93,439.59,7073
7.84,43.52,96.51,1022.23,483.79,7074
23.49,47.45,66.18,1008.46,446.72,7075
10.91,37.92,66.53,1008.66,473.72,7076
12.95,41.23,96.35,993.74,469.05,7077
7.92,41.66,76.12,1014.84,483.38,7078
21.98,55.5,57.9,1017.89,457.29,7079
9.39,41.79,50.09,1021.6,473.73,7080
30.04,67.25,38.14,1017.57,434.83,7081
14.56,39.39,80.61,1014.23,471.72,7082
12.26,43.48,72.95,1016.41,467.83,7083
18.87,60.07,70.91,1015.15,453.27,7084
21.16,45.38,73.06,1014.65,458.63,7085
27.65,67.07,60.42,1005.65,439.03,7086
16.03,65.46,87.56,1013.96,455.17,7087
14.45,44.84,82.79,1023.28,461.0,7088
11.76,39.28,91.06,1016.9,478.07,7089
13.83,43.22,70.8,1010.62,464.39,7090
6.18,41.55,98.79,1001.58,484.87,7091
14.82,40.0,66.3,1016.32,458.46,7092
32.1,69.98,55.84,1013.31,431.09,7093
15.11,45.01,65.03,1014.35,460.91,7094
28.76,69.48,55.86,1008.62,430.14,7095
5.54,45.87,95.91,1008.69,478.02,7096
23.97,62.44,88.5,1013.64,442.46,7097
19.77,54.42,89.26,1011.73,458.21,7098
22.42,71.77,90.62,1005.5,435.06,7099
25.57,66.54,83.48,1005.22,430.92,7100
22.29,43.79,41.75,1015.68,461.23,7101
19.55,39.39,57.82,1013.55,464.36,7102
6.13,40.64,94.57,1020.69,481.13,7103
25.21,46.21,59.35,1010.87,439.55,7104
16.78,58.95,96.24,1017.74,450.02,7105
17.55,45.87,80.98,1008.07,454.29,7106
18.88,40.79,92.65,1004.98,459.06,7107
20.32,49.16,91.12,1007.47,443.59,7108
2.64,39.64,85.24,1011.02,481.29,7109
22.88,69.45,65.13,1014.02,441.76,7110
9.47,36.54,77.65,1007.93,475.48,7111
31.98,64.05,58.01,1010.49,439.56,7112
5.84,41.38,82.41,1020.34,489.4,7113
25.23,60.84,56.42,1017.79,442.02,7114
18.99,44.6,40.11,1014.7,463.48,7115
28.16,73.21,88.26,1002.27,432.78,7116
21.53,52.84,88.22,1005.06,444.04,7117
23.13,72.24,92.3,1010.92,437.67,7118
23.46,59.27,79.79,1010.6,445.57,7119
28.62,59.14,53.1,1016.36,436.09,7120
15.79,38.28,74.84,1014.4,465.64,7121
23.19,45.61,73.46,1013.18,454.62,7122
25.43,60.95,51.39,1014.62,444.65,7123
31.52,76.2,57.35,1008.31,435.31,7124
10.67,40.56,77.92,1022.39,482.36,7125
6.25,39.64,83.45,1010.98,483.43,7126
14.33,43.41,55.4,1015.43,462.94,7127
27.62,68.27,63.04,1008.04,427.67,7128
25.4,70.4,94.78,1006.8,439.04,7129
9.83,41.17,72.29,1019.34,478.21,7130
20.24,56.65,62.9,1020.72,455.49,7131
28.42,73.5,72.79,1011.23,435.59,7132
22.72,58.82,77.72,1012.54,448.67,7133
24.59,72.24,81.5,1011.42,433.31,7134
16.37,36.99,90.11,1006.37,463.76,7135
8.52,41.55,86.81,1002.09,483.63,7136
18.01,62.26,89.29,1011.89,451.14,7137
27.02,72.58,89.13,1009.21,437.8,7138
19.68,51.19,94.88,1008.64,452.04,7139
10.38,43.02,78.53,1013.37,474.44,7140
26.64,69.13,79.23,1010.6,430.41,7141
8.09,43.02,81.06,1014.79,484.35,7142
25.24,57.17,74.0,1010.44,442.77,7143
21.8,65.94,63.52,1012.02,448.66,7144
17.39,42.44,73.79,1013.72,461.55,7145
16.84,39.63,82.98,1004.67,466.06,7146
20.65,66.51,71.83,1014.94,456.49,7147
15.56,41.1,84.58,1004.65,467.32,7148
12.27,43.8,57.0,1023.21,468.55,7149
5.6,38.91,85.33,1019.31,491.1,7150
15.54,41.96,97.46,1011.78,467.1,7151
22.83,58.62,69.76,1017.82,450.96,7152
25.1,43.77,49.68,1010.9,444.99,7153
20.91,58.2,62.8,1018.1,446.19,7154
14.03,44.88,57.63,1019.6,465.51,7155
20.71,46.63,74.49,1013.1,453.05,7156
16.15,44.21,85.41,1020.76,462.02,7157
5.15,35.19,93.94,1018.63,488.42,7158
25.89,74.22,81.55,1007.43,433.73,7159
6.24,35.77,70.7,1019.24,483.36,7160
26.35,69.48,70.47,1008.45,435.23,7161
10.94,39.04,86.41,1021.62,479.8,7162
7.61,39.37,83.73,1015.84,483.74,7163
28.56,69.51,46.59,1012.45,434.35,7164
13.0,39.28,81.94,1016.7,473.6,7165
8.82,34.69,82.54,1026.81,481.44,7166
27.22,66.48,52.66,1004.59,436.06,7167
15.08,42.77,73.89,1018.67,461.6,7168
7.67,42.85,93.35,1012.02,478.94,7169
11.83,44.6,89.06,1018.49,469.96,7170
29.44,64.33,61.78,1011.4,442.32,7171
30.36,74.87,61.87,1008.96,435.31,7172
32.26,73.68,60.9,1014.75,426.48,7173
28.86,73.4,58.76,1011.37,439.33,7174
9.28,40.22,88.43,1009.23,480.73,7175
10.52,41.78,71.52,1013.54,474.58,7176
26.9,60.93,67.32,1007.1,435.87,7177
24.86,44.05,66.65,1005.69,447.2,7178
13.39,49.83,90.88,1007.14,466.04,7179
27.98,71.98,81.0,1005.58,428.44,7180
26.95,70.8,82.95,1009.73,436.8,7181
3.2,41.31,98.84,997.67,489.86,7182
13.45,42.44,83.12,1012.79,473.96,7183
20.08,54.42,89.35,1011.79,457.14,7184
30.07,70.98,75.68,1007.74,437.55,7185
7.5,40.02,82.53,1031.39,476.01,7186
33.59,79.05,63.55,1007.79,436.51,7187
30.39,70.98,72.76,1007.55,435.48,7188
21.64,44.05,74.79,1007.73,447.96,7189
13.08,39.28,77.98,1012.41,474.13,7190
13.39,44.58,79.26,1016.5,474.7,7191
22.94,58.05,80.12,1012.27,433.77,7192
28.07,64.09,64.09,1005.41,436.61,7193
20.27,63.09,90.7,1016.6,446.75,7194
11.83,43.14,88.14,1010.06,471.98,7195
21.25,67.71,55.76,1006.9,444.98,7196
24.35,60.27,75.45,1017.6,441.74,7197
12.41,41.44,76.9,1015.46,472.06,7198
28.61,68.12,46.45,1012.23,435.28,7199
25.6,66.48,69.34,1006.16,435.12,7200
13.11,42.99,97.0,1007.6,472.84,7201
21.39,63.9,70.95,1013.44,449.38,7202
12.41,37.92,65.23,1008.09,470.49,7203
29.06,64.96,62.07,1000.88,430.24,7204
18.38,62.1,77.27,1020.12,452.91,7205
16.6,41.93,48.98,1022.01,467.51,7206
31.18,74.34,63.59,1003.81,434.15,7207
27.88,62.66,56.44,1009.51,441.32,7208
26.18,68.08,55.7,1012.92,436.51,7209
15.07,39.82,84.46,1012.78,471.31,7210
21.47,50.12,93.68,1009.19,448.11,7211
10.35,44.2,88.6,1018.46,478.36,7212
20.3,44.9,64.08,1008.25,457.6,7213
26.94,66.48,60.62,1005.46,440.12,7214
25.72,47.45,58.35,1007.74,442.78,7215
24.19,58.95,58.78,1017.78,441.91,7216
20.71,49.69,69.97,1010.26,455.69,7217
7.81,39.64,86.68,1011.42,482.22,7218
27.11,48.6,53.39,1002.78,439.4,7219
21.26,51.43,80.66,1009.96,455.45,7220
29.12,73.06,80.21,1009.98,434.9,7221
17.3,43.72,77.86,1009.64,456.55,7222
15.02,42.07,83.68,1017.89,460.82,7223
12.79,41.62,81.83,1010.52,466.91,7224
19.89,51.43,91.79,1007.38,448.85,7225
18.39,38.52,66.93,1019.66,453.89,7226
22.8,69.23,76.95,1011.8,439.3,7227
21.98,58.79,86.85,1010.72,448.84,7228
20.01,68.63,69.49,1012.34,454.5,7229
27.2,77.95,78.53,1009.48,433.39,7230
14.07,42.99,96.05,1007.57,468.87,7231
20.29,49.69,69.91,1008.94,454.74,7232
28.22,76.2,62.17,1006.11,437.62,7233
29.98,47.93,42.73,1002.46,438.79,7234
18.55,43.69,47.95,1016.84,465.2,7235
23.74,49.21,42.5,1012.78,447.67,7236
19.13,42.18,98.77,1001.45,456.04,7237
28.85,68.12,46.31,1012.05,436.15,7238
22.76,58.96,55.95,1013.85,454.05,7239
33.2,70.8,59.41,1008.75,430.71,7240
30.85,70.94,54.79,1007.47,431.77,7241
8.07,43.69,87.34,1017.05,485.18,7242
24.78,66.49,68.12,1010.55,436.62,7243
12.45,43.67,91.34,1013.61,474.27,7244
32.8,68.67,44.53,1005.27,432.28,7245
29.7,57.19,55.07,1008.41,436.29,7246
5.4,39.4,91.84,1011.45,485.86,7247
15.85,42.28,82.12,1007.4,467.3,7248
9.16,41.03,76.08,1021.3,484.96,7249
21.53,59.8,74.72,1016.46,454.99,7250
18.16,39.99,68.5,1008.13,461.16,7251
12.31,44.03,94.42,1007.78,468.13,7252
23.77,64.15,55.87,1021.02,448.43,7253
24.94,67.69,68.97,1008.86,439.08,7254
22.53,70.98,93.95,1005.48,440.96,7255
17.04,56.03,68.69,1020.38,462.48,7256
10.48,40.0,88.52,1021.35,478.86,7257
7.08,39.99,91.44,1010.55,482.83,7258
29.95,73.42,66.32,1011.44,432.81,7259
13.56,42.34,93.83,1017.95,462.6,7260
8.16,39.72,82.11,1020.54,480.21,7261
18.95,46.21,81.22,1013.47,457.58,7262
33.45,73.88,44.14,1006.23,435.48,7263
28.03,60.23,66.04,1010.23,438.88,7264
25.19,63.94,75.15,1012.78,438.73,7265
29.9,64.79,48.24,1016.9,441.41,7266
24.13,45.61,71.36,1012.63,453.19,7267
25.6,56.9,81.58,1006.35,437.82,7268
19.83,51.43,91.64,1007.36,449.45,7269
11.75,40.55,97.7,1018.09,472.43,7270
6.28,41.06,90.91,1020.96,489.79,7271
26.12,70.47,72.13,1009.93,434.67,7272
7.92,36.08,81.84,1021.01,482.98,7273
13.63,40.92,80.5,1021.89,462.4,7274
23.84,68.94,71.35,1007.45,436.05,7275
5.25,40.07,67.7,1019.48,495.23,7276
13.91,44.58,78.98,1021.36,472.67,7277
10.63,44.2,90.26,1018.63,477.19,7278
22.48,67.45,63.9,1014.77,445.55,7279
27.36,66.54,45.3,1011.31,436.69,7280
27.99,66.91,59.63,1008.47,439.74,7281
30.93,71.85,58.47,1008.63,427.82,7282
20.37,44.58,66.22,1016.77,463.2,7283
7.01,37.8,62.84,1021.47,483.95,7284
16.98,63.09,95.18,1020.44,450.55,7285
30.03,70.02,64.2,1010.07,436.88,7286
6.34,40.64,94.39,1020.62,478.78,7287
14.59,35.71,54.13,1015.19,469.32,7288
10.72,41.17,60.71,1019.68,479.21,7289
26.89,56.85,43.84,1012.27,436.44,7290
11.84,39.28,90.52,1016.97,477.51,7291
29.59,71.77,62.35,1006.33,426.62,7292
12.02,39.69,84.66,1006.05,470.17,7293
18.89,43.56,38.63,1012.79,463.91,7294
18.18,50.16,99.73,1010.22,451.14,7295
27.82,52.84,52.18,1006.23,440.31,7296
20.77,51.3,88.72,1013.89,450.97,7297
28.21,73.06,86.29,1008.26,430.46,7298
15.86,43.67,82.24,1011.11,465.46,7299
25.65,69.23,62.02,1012.55,435.25,7300
31.18,70.36,56.74,1006.38,438.46,7301
10.05,40.23,90.41,1019.71,475.48,7302
30.33,70.36,70.31,1006.72,438.47,7303
26.19,73.77,91.87,1001.31,433.34,7304
28.09,70.02,51.29,1010.84,437.83,7305
19.02,47.45,76.76,1007.44,453.08,7306
15.49,40.89,82.16,1007.16,465.37,7307
23.26,64.05,88.31,1012.96,442.75,7308
15.99,43.34,78.66,1014.2,465.96,7309
23.95,60.37,79.48,1004.96,440.9,7310
30.91,70.32,65.59,1011.92,433.71,7311
8.35,42.85,90.13,1010.46,483.63,7312
7.0,38.5,81.32,1014.09,489.52,7313
20.53,49.16,90.02,1007.11,444.69,7314
25.04,65.48,57.08,1017.66,440.92,7315
24.51,51.95,63.53,1005.57,449.73,7316
21.23,68.08,74.57,1012.82,445.41,7317
7.01,40.72,86.37,1024.0,489.64,7318
16.78,41.35,70.52,1000.23,459.64,7319
9.08,40.02,75.34,1031.2,476.69,7320
30.78,69.14,62.77,1007.27,433.96,7321
23.02,63.47,80.61,1012.21,443.66,7322
25.56,74.67,76.1,1016.62,435.81,7323
17.53,42.24,60.95,1016.9,470.63,7324
21.12,62.96,69.96,1020.83,454.65,7325
13.01,41.49,92.86,1019.82,466.5,7326
7.47,40.07,50.3,1015.45,489.59,7327
13.17,36.71,72.76,1012.82,474.93,7328
15.25,43.02,41.43,1012.04,467.23,7329
28.89,70.72,70.33,1009.36,433.02,7330
27.19,62.91,53.66,1011.57,444.8,7331
21.46,74.87,86.58,1009.23,445.5,7332
32.16,76.2,51.74,1008.04,433.29,7333
25.42,68.08,76.58,1011.2,433.82,7334
22.83,59.43,83.93,1005.51,440.76,7335
15.63,41.79,78.28,1006.7,455.24,7336
30.83,77.3,57.85,1001.7,435.87,7337
15.78,43.99,83.7,1022.19,461.07,7338
25.46,56.89,62.9,1012.59,443.5,7339
20.57,44.78,38.78,1008.89,465.69,7340
10.02,42.44,99.16,1014.57,478.5,7341
11.61,52.75,77.56,1020.94,464.68,7342
23.14,51.19,77.2,1009.56,443.87,7343
15.04,38.01,78.29,1022.46,468.12,7344
10.27,52.75,76.78,1026.19,470.76,7345
21.19,74.93,80.84,1015.75,443.29,7346
12.69,40.71,80.19,1021.62,477.14,7347
28.37,71.64,71.06,1007.39,434.91,7348
19.12,58.79,92.45,1017.34,447.02,7349
23.49,64.63,65.16,1020.75,450.28,7350
19.0,58.95,83.38,1018.05,451.96,7351
11.58,41.74,74.09,1020.41,478.06,7352
15.2,39.0,72.76,1016.1,463.88,7353
15.71,40.12,97.46,1012.81,462.6,7354
23.27,65.48,61.36,1019.05,443.43,7355
19.78,62.1,78.36,1019.72,450.43,7356
14.1,39.16,74.05,1008.19,464.07,7357
19.62,58.79,87.39,1017.59,446.29,7358
13.9,39.59,94.74,1011.84,465.0,7359
31.37,74.87,56.58,1009.22,436.16,7360
26.86,71.32,81.14,1007.38,430.44,7361
18.35,57.76,77.94,1019.64,458.41,7362
30.29,59.22,60.46,1013.05,441.57,7363
25.91,58.98,75.31,1010.02,442.65,7364
15.98,42.99,83.78,1008.24,467.42,7365
15.72,41.76,66.95,1023.07,462.19,7366
22.81,71.85,75.17,1009.61,440.4,7367
13.73,41.78,49.65,1011.75,464.94,7368
5.33,39.33,94.97,1009.61,491.17,7369
14.71,52.72,70.29,1024.7,462.34,7370
24.26,42.8,61.62,1013.72,459.65,7371
27.78,72.43,74.53,1006.72,429.62,7372
16.5,53.29,95.66,1017.7,458.37,7373
8.51,39.66,86.61,1015.16,483.54,7374
18.6,58.71,86.42,1009.8,430.38,7375
6.52,39.85,86.36,1012.55,483.01,7376
14.76,40.71,71.07,1017.37,465.58,7377
28.8,70.02,49.61,1010.76,435.45,7378
11.53,41.39,85.52,1018.39,474.49,7379
12.15,45.01,90.02,1018.89,468.07,7380
9.61,44.03,91.36,1008.3,473.54,7381
13.67,38.53,81.85,1009.3,470.39,7382
25.88,71.73,72.8,1010.01,430.86,7383
26.82,66.51,55.76,1016.32,439.48,7384
28.11,69.84,67.08,1004.68,427.33,7385
28.9,60.07,45.06,1015.96,440.62,7386
26.97,71.58,75.16,1010.13,433.88,7387
26.84,71.94,79.12,1006.6,427.2,7388
25.28,67.69,68.54,1009.05,445.34,7389
9.02,38.08,69.98,1019.02,478.32,7390
12.89,36.71,87.29,1013.36,475.13,7391
17.35,39.72,64.62,1003.0,459.83,7392
26.86,71.14,76.61,1007.11,426.97,7393
15.43,39.16,79.8,1016.44,470.74,7394
29.72,68.24,66.42,1009.92,426.54,7395
31.4,70.32,65.01,1011.62,433.42,7396
21.6,59.8,76.59,1016.9,450.14,7397
7.06,41.74,90.38,1021.95,448.97,7398
18.9,62.96,80.57,1020.69,455.88,7399
27.77,63.9,51.43,1013.62,441.3,7400
13.2,40.83,94.98,1007.75,472.41,7401
22.59,60.32,78.58,1016.84,447.17,7402
28.5,64.84,54.41,1011.47,441.74,7403
27.98,67.9,73.53,1006.3,436.08,7404
27.64,75.6,54.78,1017.35,441.04,7405
9.6,37.73,77.75,1021.87,481.03,7406
10.61,43.79,76.33,1016.03,480.28,7407
31.41,76.09,70.49,1007.68,430.81,7408
28.53,66.51,40.68,1015.9,436.16,7409
7.24,41.17,80.56,1020.35,486.76,7410
7.32,41.26,95.18,1010.11,482.1,7411
26.93,67.07,60.26,1005.65,437.76,7412
9.76,40.71,91.82,1020.88,470.95,7413
22.85,59.15,63.92,1014.74,448.61,7414
13.24,40.83,87.53,1007.9,472.22,7415
29.14,61.5,39.95,1009.64,437.76,7416
22.18,62.91,68.86,1012.14,449.77,7417
15.07,43.48,57.74,1015.22,459.96,7418
25.43,72.39,88.13,1002.65,436.1,7419
14.64,39.58,71.9,1011.46,467.8,7420
14.43,41.76,83.57,1024.02,467.33,7421
8.44,41.17,70.72,1019.9,486.15,7422
32.33,69.89,50.93,1014.18,427.29,7423
23.62,61.87,48.77,1010.07,447.93,7424
25.83,70.47,81.83,1006.24,434.45,7425
17.74,49.69,80.7,1006.09,457.05,7426
23.54,67.83,65.48,1009.44,426.24,7427
26.07,69.23,54.03,1013.32,436.94,7428
27.38,77.24,82.49,1008.25,435.81,7429
23.54,41.1,38.05,1002.05,448.56,7430
28.73,50.05,52.4,1005.79,436.35,7431
14.93,43.02,45.56,1012.11,468.19,7432
34.76,68.94,41.31,1006.75,427.42,7433
23.64,63.31,61.83,1014.5,440.7,7434
29.84,58.9,56.18,1005.24,440.93,7435
10.33,40.6,88.62,1015.0,478.3,7436
25.74,59.07,79.89,1007.37,441.05,7437
31.92,75.33,65.73,1002.13,431.32,7438
13.97,39.16,84.6,1016.05,470.96,7439
25.44,61.25,87.65,1012.57,441.77,7440
12.88,44.71,51.95,1018.73,469.12,7441
7.74,42.49,90.11,1009.07,481.69,7442
11.8,43.99,98.44,1020.86,466.75,7443
11.87,40.67,62.92,1011.43,479.18,7444
18.41,42.04,64.88,1011.69,465.64,7445
12.65,44.34,92.81,1014.74,473.46,7446
7.05,43.65,72.36,1018.41,480.47,7447
12.6,41.5,86.22,1013.07,472.45,7448
30.69,71.98,65.86,1004.53,430.33,7449
27.76,72.58,84.96,1009.04,429.25,7450
16.31,52.75,55.69,1024.4,456.58,7451
25.21,63.21,85.14,1012.24,441.04,7452
29.53,77.54,66.13,1010.39,432.89,7453
26.71,76.86,74.5,1002.86,437.31,7454
15.94,41.76,67.17,1023.32,462.44,7455
7.33,41.16,92.43,1023.17,466.16,7456
14.31,40.78,76.41,1024.3,463.54,7457
12.57,41.79,87.8,1014.99,461.88,7458
30.61,69.13,55.17,1009.32,429.1,7459
14.94,40.0,65.43,1017.69,456.41,7460
14.65,44.84,87.76,1023.39,467.18,7461
25.76,74.87,65.15,1010.18,443.7,7462
24.4,71.14,59.26,1009.7,436.68,7463
34.18,78.05,66.77,1010.71,432.1,7464
23.02,67.25,72.0,1017.17,443.44,7465
8.22,40.77,95.61,1009.11,480.38,7466
7.16,38.56,70.1,1019.17,486.12,7467
28.32,77.95,77.17,1014.61,436.97,7468
15.5,44.34,65.21,1019.21,468.53,7469
26.79,62.44,72.46,1011.51,440.55,7470
13.62,42.34,89.67,1017.87,464.79,7471
8.86,40.23,90.47,1017.57,478.05,7472
7.14,44.71,71.9,1019.98,487.71,7473
27.29,64.45,45.35,1013.46,446.94,7474
24.06,58.98,81.16,1010.66,443.75,7475
18.36,56.65,82.0,1020.29,456.49,7476
13.83,40.78,73.08,1024.85,458.85,7477
21.43,60.95,75.49,1015.27,449.12,7478
19.08,58.59,68.88,1013.42,451.05,7479
31.46,71.29,41.79,1008.57,430.8,7480
24.54,66.49,69.14,1011.1,437.38,7481
10.41,41.01,94.27,1020.12,472.82,7482
10.49,42.49,78.92,1009.81,478.75,7483
15.03,44.45,65.57,1020.94,460.06,7484
8.53,40.02,85.57,1031.27,476.73,7485
14.64,39.31,79.3,1008.84,462.72,7486
24.31,58.62,64.44,1017.29,449.12,7487
33.95,80.18,56.69,1010.3,432.22,7488
10.39,40.22,87.77,1006.59,479.14,7489
19.69,56.65,62.83,1020.77,456.29,7490
21.45,45.09,52.26,1013.83,453.15,7491
26.04,72.43,84.88,1006.82,432.94,7492
24.39,71.85,72.24,1009.73,438.2,7493
19.69,39.72,60.34,1001.49,456.55,7494
15.37,43.67,91.48,1011.9,468.23,7495
22.3,57.19,75.28,1006.4,445.1,7496
18.64,43.79,51.17,1016.01,465.13,7497
7.3,39.72,77.83,1020.85,485.1,7498
28.59,68.08,42.96,1013.2,436.7,7499
14.48,44.06,75.88,1018.73,467.46,7500
10.16,41.55,58.04,1005.69,477.27,7501
30.75,71.25,65.47,1000.07,431.93,7502
12.54,44.03,84.03,1007.05,471.86,7503
27.28,78.92,75.48,1011.05,434.78,7504
23.54,65.27,64.28,1013.78,445.19,7505
26.68,62.91,60.78,1012.33,441.04,7506
9.88,40.0,92.06,1021.4,481.58,7507
9.27,40.22,89.24,1008.1,481.23,7508
26.38,65.12,47.57,1016.1,441.07,7509
26.64,58.69,75.68,1007.99,439.32,7510
23.63,58.62,69.97,1016.45,445.51,7511
24.39,51.86,59.98,1014.92,447.7,7512
23.09,63.76,72.36,1009.82,443.86,7513
32.38,67.17,60.04,1006.97,438.67,7514
27.44,58.9,66.74,1003.86,442.19,7515
9.37,44.77,87.31,1020.61,474.41,7516
30.96,71.77,52.76,1006.26,425.66,7517
12.06,48.04,100.13,1010.01,465.63,7518
20.1,58.95,80.87,1018.46,446.7,7519
9.64,36.66,70.11,1027.1,479.08,7520
28.02,71.77,72.41,1006.5,428.58,7521
25.24,71.14,79.39,1008.73,435.09,7522
24.96,60.27,69.97,1018.68,442.67,7523
27.5,49.3,59.23,1004.02,439.77,7524
20.83,44.78,35.9,1008.51,460.6,7525
28.44,69.84,68.24,1003.25,426.69,7526
21.89,58.05,85.71,1011.31,441.76,7527
16.87,52.05,71.63,1012.7,460.31,7528
23.48,51.43,84.83,1007.13,441.78,7529
15.23,37.87,85.02,1020.17,464.02,7530
23.57,66.75,80.19,1018.06,439.71,7531
22.17,60.27,89.55,1018.21,443.31,7532
30.97,69.13,58.92,1009.78,435.6,7533
23.84,49.21,47.63,1013.6,447.03,7534
23.55,61.87,54.83,1009.65,443.54,7535
17.32,42.24,62.96,1017.35,472.33,7536
21.61,41.54,75.62,1014.5,458.47,7537
12.85,41.14,86.29,1027.04,464.86,7538
22.39,58.18,87.48,1008.52,448.37,7539
22.22,66.05,80.58,1016.15,442.95,7540
24.67,70.94,75.64,1007.99,443.51,7541
6.76,39.22,77.0,1013.91,487.08,7542
13.35,39.18,61.98,1023.24,469.34,7543
11.43,44.78,82.45,1013.43,471.09,7544
13.18,37.91,88.84,1018.09,469.63,7545
29.53,71.14,53.41,1011.39,431.97,7546
25.07,56.85,51.99,1011.25,442.44,7547
28.36,66.75,52.6,1017.71,433.88,7548
32.67,77.95,50.73,1014.62,432.32,7549
22.3,74.87,86.18,1009.69,442.78,7550
16.85,49.78,100.1,1005.61,455.33,7551
7.0,39.81,87.65,1017.47,484.51,7552
12.74,41.5,86.28,1012.94,469.92,7553
32.88,72.29,62.74,1008.5,431.74,7554
17.46,53.29,91.01,1018.07,458.06,7555
29.05,64.84,51.39,1011.1,442.58,7556
11.32,36.18,64.68,1015.03,472.67,7557
19.65,57.85,93.89,1011.73,450.5,7558
22.69,64.45,45.03,1012.82,450.65,7559
28.31,74.34,79.23,998.42,431.95,7560
27.97,66.17,63.73,1010.81,441.7,7561
21.45,69.94,82.17,1010.5,443.31,7562
21.45,66.05,73.73,1014.81,453.38,7563
20.51,45.38,69.14,1014.29,461.87,7564
14.57,44.45,66.23,1021.42,462.48,7565
22.21,48.14,66.8,1015.08,448.33,7566
15.06,41.85,88.23,1016.78,466.72,7567
24.84,59.22,83.08,1013.18,442.7,7568
24.44,47.93,67.04,1003.13,440.53,7569
27.05,59.15,56.31,1012.83,441.39,7570
33.92,77.95,58.89,1010.15,433.01,7571
15.42,39.82,83.54,1012.89,469.9,7572
26.87,74.99,71.91,1002.48,437.78,7573
8.69,41.04,80.28,1026.87,477.2,7574
14.19,49.83,90.72,1006.52,462.86,7575
18.23,45.01,73.86,1012.24,454.06,7576
25.47,56.89,63.21,1013.02,440.38,7577
12.62,40.83,81.52,1010.06,470.94,7578
13.61,42.34,91.35,1017.57,465.65,7579
23.91,67.69,66.71,1008.28,439.84,7580
14.73,39.52,74.21,1017.01,470.45,7581
21.62,50.05,92.9,1007.2,444.16,7582
15.29,38.73,81.17,1000.9,468.62,7583
23.66,72.43,89.49,1008.0,439.02,7584
25.14,60.29,53.3,1017.91,444.5,7585
22.56,48.92,51.63,1010.7,445.07,7586
13.56,39.58,73.62,1011.05,473.16,7587
28.74,71.14,48.6,1011.53,430.12,7588
6.93,38.68,61.28,1017.61,482.37,7589
13.52,39.3,69.22,1018.99,469.41,7590
28.69,67.79,66.4,1011.01,439.87,7591
7.9,43.79,83.05,1016.14,485.26,7592
19.5,65.12,73.87,1015.53,453.99,7593
22.27,48.98,49.33,1014.47,451.74,7594
27.83,59.57,71.05,1011.22,443.85,7595
25.34,64.27,66.02,1013.38,443.94,7596
23.57,67.9,70.12,1006.08,446.72,7597
29.73,73.06,84.84,1010.27,432.73,7598
27.63,64.96,75.38,1006.3,434.22,7599
17.28,39.99,74.25,1007.09,463.28,7600
20.58,39.53,62.09,1005.68,460.1,7601
24.6,49.3,72.26,1003.72,439.46,7602
29.98,76.09,75.6,1007.62,432.0,7603
12.19,41.17,65.47,1019.43,475.64,7604
30.71,68.27,68.04,1007.76,428.27,7605
24.92,63.94,44.92,1017.7,441.07,7606
25.94,60.75,64.76,1007.22,439.46,7607
23.92,71.98,92.96,1006.22,433.23,7608
11.04,39.96,94.44,1025.75,468.84,7609
22.1,65.94,67.57,1009.79,443.95,7610
19.45,41.1,52.16,1001.88,458.26,7611
24.56,63.21,82.38,1013.79,444.34,7612
31.86,73.88,57.68,1005.6,435.91,7613
22.49,45.61,75.69,1013.1,455.12,7614
19.13,50.78,87.54,1008.51,447.03,7615
20.55,68.63,67.07,1012.5,453.47,7616
15.92,41.2,73.37,1016.04,468.91,7617
18.4,43.69,52.44,1016.59,462.05,7618
12.73,44.34,93.55,1015.11,472.94,7619
7.68,39.96,87.48,1023.73,477.84,7620
14.02,44.85,75.73,1016.54,469.53,7621
30.94,64.44,53.76,1014.36,439.84,7622
9.42,41.4,87.8,1030.38,472.99,7623
11.12,41.54,75.07,1020.13,477.69,7624
3.92,41.31,95.26,999.22,487.35,7625
20.38,66.54,77.8,1013.95,448.93,7626
25.6,73.67,84.82,1005.78,433.25,7627
23.22,59.15,75.18,1014.58,443.7,7628
25.14,60.37,77.17,1006.63,438.39,7629
7.92,42.28,81.68,1008.55,484.75,7630
24.77,69.71,85.56,1009.86,441.29,7631
30.36,69.82,54.22,1010.02,439.05,7632
21.81,65.06,66.41,1014.6,447.13,7633
27.12,70.32,52.67,1009.94,429.08,7634
8.97,39.66,78.94,1021.63,482.62,7635
23.31,60.37,82.75,1005.17,438.52,7636
20.8,69.45,82.48,1013.7,443.77,7637
9.31,41.39,93.68,1018.3,480.25,7638
27.5,59.54,72.7,1004.88,438.81,7639
10.47,41.06,81.16,1022.24,477.47,7640
13.86,50.59,97.22,1019.2,467.23,7641
23.42,50.05,86.45,1006.79,441.8,7642
15.56,41.1,76.92,1003.55,464.42,7643
16.96,46.36,89.11,1019.91,460.57,7644
18.68,62.1,83.67,1019.78,453.25,7645
18.33,49.64,62.57,1025.36,468.14,7646
13.78,40.1,81.86,1014.49,445.98,7647
12.19,41.06,74.98,1021.35,474.63,7648
15.56,41.04,64.81,1025.8,457.11,7649
32.87,70.8,59.85,1009.54,433.1,7650
25.76,57.32,43.61,1011.93,440.26,7651
11.27,40.69,86.63,1014.35,476.27,7652
26.69,70.36,68.29,1006.82,435.04,7653
6.45,35.77,67.84,1018.86,483.12,7654
23.86,74.93,71.44,1016.88,444.38,7655
27.16,47.43,45.79,1009.17,442.85,7656
33.97,72.29,44.32,1008.98,432.33,7657
10.37,40.03,90.47,1017.47,477.91,7658
25.15,71.14,70.33,1011.68,434.99,7659
10.52,41.48,68.99,1018.0,469.8,7660
28.88,66.56,59.15,1006.26,426.66,7661
19.89,68.08,80.25,1012.65,448.71,7662
19.31,43.56,41.54,1013.65,463.35,7663
7.14,41.22,97.09,1016.6,435.58,7664
28.18,71.14,48.03,1011.56,432.72,7665
26.08,57.32,47.06,1012.2,441.32,7666
29.01,64.79,44.31,1017.62,442.12,7667
21.84,58.86,69.67,1014.13,445.16,7668
16.82,49.15,72.07,1020.68,462.22,7669
29.03,67.79,54.03,1010.86,445.03,7670
14.78,41.17,67.42,1016.42,469.69,7671
15.55,43.71,79.61,1024.34,465.14,7672
30.22,70.32,65.97,1011.63,435.98,7673
25.97,68.12,61.97,1013.11,437.11,7674
19.21,53.16,81.64,1013.18,454.01,7675
18.94,48.7,92.88,1007.82,453.36,7676
22.2,44.05,75.13,1007.34,445.32,7677
26.9,77.95,75.58,1017.47,434.18,7678
16.58,46.18,96.29,1010.4,463.51,7679
10.72,35.76,62.26,1019.71,473.48,7680
13.64,34.03,62.2,1018.32,469.61,7681
24.34,70.79,85.66,1006.82,433.83,7682
30.9,73.68,40.9,1014.95,430.29,7683
7.76,39.61,80.67,1021.63,488.32,7684
9.08,36.18,68.37,1020.24,477.26,7685
9.45,39.04,75.81,1023.08,483.66,7686
28.71,51.43,64.79,1006.4,440.17,7687
25.3,49.3,69.08,1003.67,436.62,7688
24.47,48.6,75.04,1002.49,442.08,7689
15.59,52.05,78.55,1013.67,456.07,7690
29.72,77.95,72.73,1014.9,434.99,7691
32.81,71.32,47.29,1007.69,434.38,7692
29.2,70.79,63.74,1004.8,425.2,7693
25.34,70.47,83.94,1006.46,433.34,7694
10.37,37.83,90.99,1006.5,470.66,7695
13.12,52.75,67.5,1023.69,462.7,7696
14.8,44.21,89.24,1021.59,466.21,7697
11.51,41.06,78.11,1021.3,476.91,7698
14.4,41.26,73.11,1021.41,462.78,7699
22.36,58.79,73.6,1016.69,445.76,7700
20.61,44.63,77.54,1008.54,456.68,7701
13.86,41.78,57.9,1010.75,467.39,7702
12.27,39.82,85.58,1012.18,477.54,7703
13.13,50.59,87.44,1020.26,470.03,7704
25.1,60.37,72.53,1005.83,438.44,7705
8.47,42.02,92.73,1005.37,477.67,7706
21.18,60.1,78.19,1011.02,452.39,7707
11.02,43.02,66.54,1012.32,478.81,7708
28.69,58.33,34.1,1013.67,448.54,7709
18.85,41.1,61.75,1001.95,462.4,7710
29.83,62.66,47.07,1007.98,438.71,7711
27.63,71.98,82.88,1005.45,426.0,7712
17.7,49.21,67.91,1015.16,455.97,7713
22.69,48.14,62.05,1013.7,448.52,7714
10.56,39.13,87.12,1010.19,463.14,7715
14.86,44.85,67.43,1016.19,468.87,7716
27.24,44.89,51.89,1009.61,442.84,7717
22.74,61.87,55.03,1009.66,444.59,7718
25.31,61.5,63.31,1009.31,437.03,7719
29.13,68.3,37.08,1014.96,437.25,7720
8.42,43.14,80.32,1011.62,483.49,7721
30.76,73.17,50.43,1009.89,430.98,7722
28.46,49.16,38.1,1004.61,438.02,7723
18.15,41.67,52.69,1012.75,464.44,7724
28.71,71.64,71.11,1005.21,432.05,7725
9.65,44.68,98.08,1022.9,476.71,7726
7.28,38.56,67.98,1018.96,485.57,7727
16.26,44.89,86.57,1010.48,456.86,7728
25.86,60.32,53.37,1015.91,446.58,7729
11.6,39.96,80.79,1011.65,473.22,7730
21.43,63.47,94.47,1011.95,448.17,7731
28.0,74.22,66.0,1008.68,433.94,7732
28.83,72.43,67.04,1006.69,428.85,7733
12.42,43.14,79.48,1015.88,471.1,7734
33.37,71.37,45.26,1003.75,432.67,7735
7.41,40.81,88.96,1026.15,488.48,7736
14.54,42.77,81.82,1019.61,466.37,7737
26.63,61.47,69.0,1008.18,444.16,7738
29.87,69.13,72.75,1001.08,426.47,7739
14.97,42.28,79.25,1007.31,466.62,7740
34.62,69.05,38.35,1000.68,425.41,7741
32.11,78.05,58.78,1010.36,431.31,7742
4.69,39.42,79.35,1024.58,486.34,7743
17.1,48.98,85.63,1016.48,454.43,7744
13.77,42.86,88.83,1012.86,471.94,7745
21.75,59.8,72.94,1016.65,453.17,7746
24.98,58.05,69.97,1011.69,447.15,7747
26.48,73.06,90.73,1008.07,433.31,7748
13.78,40.0,68.67,1018.38,458.74,7749
5.54,41.38,82.91,1020.47,490.07,7750
22.07,69.94,80.86,1011.18,440.09,7751
30.45,43.21,63.59,1011.35,438.68,7752
21.79,61.45,91.78,1011.11,446.99,7753
15.81,54.3,68.45,1017.8,461.63,7754
6.86,38.08,77.37,1019.62,486.92,7755
10.23,43.72,97.93,1011.18,471.61,7756
22.09,65.59,72.44,1015.54,447.28,7757
28.37,75.6,55.19,1017.48,439.25,7758
10.07,40.92,97.15,1021.43,467.01,7759
26.02,59.57,76.93,1011.16,446.5,7760
25.96,60.95,50.03,1014.52,444.19,7761
11.3,25.36,96.18,1008.66,471.19,7762
15.12,41.04,69.67,1025.95,460.58,7763
15.08,37.85,85.9,1009.85,465.58,7764
32.95,67.9,45.15,1005.88,425.89,7765
23.8,48.6,67.32,1002.43,440.89,7766
6.86,41.38,90.78,1021.35,487.49,7767
17.3,58.59,87.17,1015.52,454.88,7768
26.85,75.6,74.55,1017.43,433.48,7769
26.82,60.96,57.41,1012.25,449.81,7770
7.87,41.17,77.77,1020.33,486.2,7771
15.58,40.66,87.42,1016.34,460.61,7772
24.39,60.84,61.73,1018.5,442.72,7773
11.93,41.38,57.63,1021.76,473.88,7774
6.67,36.08,83.51,1022.31,486.52,7775
29.45,68.84,59.7,1011.64,438.41,7776
22.26,60.77,85.94,1018.26,442.58,7777
25.64,47.01,62.29,1014.81,454.48,7778
22.46,58.33,68.68,1013.21,445.9,7779
24.12,51.43,83.77,1006.55,441.49,7780
31.85,68.3,47.06,1014.76,428.72,7781
25.63,58.86,52.75,1014.86,443.84,7782
17.09,42.42,72.01,1009.03,464.11,7783
26.22,69.89,76.63,1015.46,433.61,7784
8.26,39.42,70.53,1025.89,474.72,7785
23.2,73.17,89.92,1012.0,438.64,7786
20.92,63.86,72.98,1020.49,449.09,7787
6.67,39.37,75.61,1019.99,486.84,7788
29.6,71.94,62.65,1007.07,429.02,7789
23.27,67.9,71.01,1006.17,447.25,7790
28.43,63.31,49.99,1013.44,432.62,7791
13.84,42.18,79.76,1015.74,468.66,7792
11.42,40.35,82.71,1011.55,478.7,7793
23.66,69.51,52.59,1012.9,435.39,7794
26.09,70.4,85.37,1007.41,432.52,7795
18.5,47.03,93.6,1013.97,460.08,7796
16.28,42.99,77.27,1007.5,464.13,7797
8.61,41.04,95.6,1024.81,473.62,7798
26.11,62.44,72.59,1010.68,438.87,7799
5.0,40.64,94.84,1021.05,485.27,7800
22.95,63.94,81.52,1013.91,438.33,7801
15.92,39.16,71.32,1006.59,460.45,7802
23.07,65.27,58.38,1013.24,443.42,7803
26.42,59.54,76.28,1007.02,438.5,7804
11.64,38.25,85.79,1013.33,472.34,7805
17.11,49.78,100.09,1007.25,453.22,7806
7.17,41.92,83.86,1031.97,485.08,7807
27.52,66.48,52.54,1004.99,429.67,7808
8.25,43.14,87.1,1011.3,479.95,7809
24.49,59.87,59.95,1018.4,444.54,7810
28.19,71.97,84.67,1008.85,438.8,7811
17.76,40.55,73.77,1002.82,461.8,7812
20.9,67.71,59.02,1007.16,446.57,7813
22.31,61.45,98.56,1009.25,437.05,7814
8.88,41.54,80.77,1019.05,484.99,7815
20.01,52.9,58.88,1018.05,455.57,7816
23.36,59.15,86.64,1013.71,442.53,7817
25.54,61.08,71.15,1013.14,447.06,7818
24.5,58.66,57.92,1011.54,451.03,7819
12.68,43.7,86.89,1016.07,471.8,7820
11.52,39.18,83.29,1023.43,474.35,7821
28.08,64.44,64.34,1013.02,440.26,7822
28.66,74.93,51.26,1014.04,440.79,7823
30.02,69.04,56.01,1009.68,440.49,7824
9.53,40.62,75.49,1015.57,469.9,7825
18.58,63.78,78.74,1016.24,453.96,7826
8.91,40.11,78.39,1022.87,475.43,7827
26.44,59.15,60.71,1013.35,439.65,7828
23.86,73.5,87.32,1011.34,438.62,7829
30.02,73.5,44.91,1010.52,429.84,7830
12.17,49.83,96.44,1008.05,469.52,7831
25.58,61.08,71.27,1013.37,446.32,7832
12.73,40.27,68.77,1005.68,475.61,7833
10.74,44.85,71.61,1014.25,476.83,7834
15.25,46.36,95.83,1019.69,461.68,7835
27.35,77.95,74.14,1012.14,431.72,7836
30.28,67.22,53.32,1014.39,447.67,7837
24.88,51.43,67.38,1011.28,441.03,7838
33.74,69.98,43.3,1012.51,425.35,7839
32.57,65.74,46.27,1011.03,440.56,7840
27.54,68.27,56.42,1008.12,433.0,7841
16.09,44.71,42.74,1017.86,464.95,7842
23.86,52.84,48.94,1006.56,444.66,7843
27.78,70.8,79.57,1009.81,431.44,7844
24.11,68.63,45.28,1014.34,448.45,7845
6.39,35.57,77.23,1025.53,487.69,7846
14.16,39.28,77.29,1015.63,471.27,7847
13.43,43.56,66.36,1013.02,472.94,7848
20.11,42.04,60.31,1010.79,464.13,7849
7.32,39.42,76.51,1026.15,476.12,7850
13.71,45.08,82.93,1023.35,468.43,7851
21.49,68.28,80.64,1004.68,438.0,7852
15.25,39.58,73.05,1012.1,466.21,7853
19.81,56.65,67.99,1020.62,457.72,7854
25.71,71.73,75.29,1009.72,434.16,7855
9.0,36.3,75.89,1027.11,480.31,7856
28.85,57.19,58.4,1008.2,436.8,7857
14.66,40.73,88.57,1017.45,459.23,7858
21.94,57.5,78.52,1014.64,451.1,7859
26.48,66.54,51.9,1011.61,438.87,7860
24.08,49.3,70.42,1003.23,443.46,7861
25.95,63.47,66.22,1011.77,445.5,7862
19.76,62.1,73.55,1020.07,450.44,7863
5.07,40.07,66.17,1019.32,494.87,7864
5.62,41.38,86.21,1020.91,490.83,7865
6.8,37.8,70.02,1021.09,485.96,7866
24.77,57.17,73.0,1010.66,441.12,7867
18.59,44.63,86.22,1003.99,459.65,7868
11.17,44.77,79.6,1018.2,470.85,7869
25.87,47.01,61.87,1014.67,452.32,7870
15.46,37.64,87.53,1014.57,462.96,7871
22.63,58.41,90.32,1013.69,445.43,7872
29.59,74.78,55.75,1009.45,436.77,7873
22.25,60.84,73.67,1018.07,443.99,7874
31.53,74.99,58.29,1003.93,432.34,7875
17.95,49.21,59.44,1012.05,455.1,7876
29.45,64.96,59.92,1005.52,433.04,7877
31.31,64.44,51.08,1014.24,438.14,7878
8.41,40.67,69.2,1019.97,489.25,7879
22.85,60.08,67.12,1018.05,452.5,7880
16.02,39.54,72.81,1007.73,466.15,7881
15.12,43.79,75.62,1016.37,470.11,7882
14.47,48.79,69.87,1017.05,466.25,7883
12.1,41.17,75.61,1013.72,478.1,7884
15.38,43.99,83.41,1022.42,462.48,7885
22.16,65.48,70.51,1017.22,446.0,7886
26.31,72.39,88.43,1001.16,434.53,7887
15.14,39.72,72.52,1002.96,460.15,7888
26.49,61.86,74.24,1012.55,440.21,7889
23.06,56.85,64.03,1012.5,440.03,7890
16.21,50.9,84.45,1012.46,462.68,7891
8.76,41.82,76.5,1033.29,480.08,7892
11.92,40.55,100.07,1016.91,472.45,7893
28.64,73.4,52.84,1011.48,441.32,7894
17.95,59.15,84.27,1012.73,449.14,7895
33.82,73.03,42.17,1013.49,439.3,7896
5.82,40.78,96.01,1024.82,470.02,7897
20.41,48.06,76.21,1012.62,451.26,7898
31.23,72.58,60.8,1006.61,427.58,7899
6.58,40.07,55.44,1014.22,493.72,7900
13.1,41.48,87.41,1009.0,460.34,7901
20.13,40.33,85.42,1005.31,460.09,7902
29.12,74.87,62.51,1009.85,435.51,7903
19.57,68.61,96.4,1011.13,448.73,7904
25.38,72.24,89.64,1010.76,432.3,7905
12.56,41.4,74.26,1019.23,472.54,7906
28.25,57.19,67.9,1007.99,436.99,7907
27.24,77.17,81.51,1009.37,439.12,7908
16.41,44.92,84.16,1024.27,462.12,7909
26.1,63.56,61.0,1013.12,442.75,7910
17.37,41.23,68.44,998.79,461.08,7911
31.81,66.44,53.55,1011.21,426.84,7912
13.83,45.08,80.52,1024.2,465.5,7913
28.43,73.18,71.05,1012.52,427.11,7914
12.07,38.25,81.66,1012.67,470.36,7915
14.73,58.2,82.48,1019.45,458.56,7916
16.65,56.89,87.44,1013.52,452.52,7917
22.56,60.29,67.53,1018.19,447.15,7918
23.76,61.5,68.52,1009.15,441.16,7919
14.72,38.91,61.75,1015.17,468.87,7920
22.63,58.49,72.7,1010.94,448.38,7921
21.82,58.66,64.37,1011.71,452.16,7922
20.88,47.45,76.21,1007.5,449.34,7923
18.4,43.96,77.81,1012.4,464.63,7924
23.29,65.61,70.27,1014.81,447.67,7925
26.65,74.67,77.32,1015.73,435.9,7926
24.62,72.43,84.36,1007.97,436.89,7927
27.94,69.84,70.47,1003.11,428.67,7928
27.96,68.51,63.21,1007.26,432.07,7929
25.52,71.73,79.55,1009.91,434.67,7930
9.28,41.38,72.22,1021.96,486.18,7931
20.5,51.19,91.79,1009.0,445.35,7932
24.38,47.01,68.96,1015.17,454.85,7933
25.69,59.54,81.69,1004.05,439.06,7934
13.86,44.21,83.56,1022.6,468.3,7935
31.44,64.44,49.15,1014.04,437.6,7936
26.88,69.51,45.03,1012.76,436.3,7937
27.83,69.04,63.79,1009.69,443.24,7938
29.66,59.22,61.2,1013.25,441.58,7939
11.49,41.54,70.91,1020.17,476.74,7940
5.62,41.31,89.16,1001.37,485.6,7941
31.0,71.77,48.56,1006.29,431.07,7942
28.18,71.85,82.88,1008.78,427.83,7943
5.76,40.07,62.99,1013.22,494.67,7944
14.73,36.99,90.84,1007.32,468.23,7945
24.91,57.17,72.97,1010.88,446.01,7946
25.12,77.95,82.95,1009.26,433.4,7947
21.42,56.89,84.05,1014.39,444.86,7948
26.06,54.5,67.12,1015.52,451.67,7949
21.14,58.98,94.36,1009.05,448.31,7950
6.91,39.37,71.02,1019.58,488.2,7951
13.97,53.82,62.32,1016.81,465.24,7952
14.64,42.77,79.6,1017.59,464.27,7953
31.58,66.54,54.0,1003.26,429.73,7954
10.27,41.44,77.09,1017.04,479.3,7955
7.94,43.65,59.45,1018.75,479.8,7956
9.32,36.3,73.25,1027.67,479.52,7957
11.87,41.58,90.3,1017.29,464.77,7958
22.58,43.79,44.18,1015.66,460.3,7959
19.2,59.21,89.56,1017.84,450.86,7960
30.18,68.24,64.06,1009.31,427.38,7961
26.27,71.98,86.15,1005.72,427.65,7962
19.39,43.14,44.21,1012.75,464.55,7963
12.81,44.34,90.37,1015.55,474.03,7964
30.93,69.98,62.1,1013.33,432.25,7965
20.03,57.19,81.69,1007.31,446.46,7966
27.34,71.29,56.51,1008.32,434.94,7967
17.7,48.98,83.18,1015.79,454.41,7968
20.61,65.61,83.82,1014.91,449.72,7969
13.82,40.2,90.11,1013.19,466.99,7970
31.77,76.09,73.36,1007.4,431.69,7971
26.55,69.45,55.39,1013.88,435.64,7972
20.42,62.96,84.0,1020.34,452.08,7973
20.76,59.04,85.39,1012.51,448.92,7974
26.08,76.86,79.49,1003.3,436.85,7975
22.86,66.48,71.22,1003.77,435.56,7976
30.33,70.32,52.49,1007.75,430.1,7977
27.22,67.9,57.29,1005.73,441.22,7978
25.22,69.88,80.26,1007.17,443.24,7979
15.3,38.62,70.63,1017.19,462.65,7980
24.01,50.16,75.32,1004.22,443.03,7981
8.01,40.62,86.43,1015.62,476.22,7982
19.31,44.71,30.59,1016.13,463.0,7983
22.07,70.72,82.96,1010.52,442.88,7984
27.31,68.14,50.74,1005.73,437.83,7985
19.89,50.78,92.97,1008.85,446.35,7986
14.07,46.18,87.83,1017.77,465.05,7987
12.07,40.81,68.02,1025.63,475.96,7988
31.19,69.68,52.06,1012.6,440.97,7989
26.7,62.26,71.64,1011.0,435.03,7990
21.94,58.79,88.21,1010.3,447.52,7991
12.19,40.23,81.44,1017.76,474.92,7992
13.03,41.26,79.79,1022.17,466.02,7993
28.55,74.33,73.34,1011.77,426.48,7994
15.73,38.73,76.91,1002.48,466.63,7995
16.22,41.35,79.59,1000.96,462.21,7996
27.44,47.93,59.44,1002.71,437.76,7997
25.51,64.27,61.85,1013.28,444.76,7998
19.14,56.65,82.97,1020.84,458.06,7999
16.5,44.2,63.59,1018.94,458.3,8000
13.78,45.51,69.92,1015.56,468.17,8001
13.29,71.14,75.09,1019.63,464.18,8002
27.06,77.17,90.6,1008.71,432.2,8003
13.67,44.92,85.35,1023.6,467.71,8004
14.7,44.9,83.9,1021.87,468.69,8005
11.48,37.5,69.75,1014.38,472.9,8006
16.95,58.86,87.8,1015.96,453.2,8007
22.3,50.78,81.27,1008.85,449.86,8008
27.37,70.72,67.87,1009.77,441.9,8009
18.61,44.06,75.01,1016.91,452.68,8010
27.98,74.87,66.44,1010.02,435.32,8011
9.39,39.66,75.33,1019.22,482.16,8012
22.19,48.78,76.01,1017.84,446.51,8013
25.48,60.29,51.22,1017.55,443.77,8014
27.51,71.32,80.02,1007.59,433.16,8015
11.37,39.16,87.05,1016.54,480.54,8016
8.68,43.14,79.06,1011.94,480.73,8017
25.3,59.43,58.3,1009.15,442.5,8018
12.82,48.14,81.45,1017.47,467.48,8019
20.31,49.69,69.03,1011.57,455.37,8020
23.0,49.5,66.68,1014.15,454.44,8021
14.24,45.01,88.68,1013.54,461.64,8022
20.17,50.66,82.09,1014.38,454.79,8023
7.69,38.06,83.47,1020.72,483.54,8024
30.36,69.04,58.73,1009.6,436.72,8025
29.12,66.51,37.9,1015.69,432.88,8026
27.01,67.98,67.98,1006.01,434.65,8027
24.24,72.43,86.4,1008.02,436.6,8028
22.49,58.71,76.43,1009.75,443.33,8029
23.76,70.32,78.84,1012.13,434.64,8030
18.09,43.72,74.15,1008.64,453.02,8031
15.96,41.66,55.47,1011.93,466.39,8032
25.54,61.08,69.64,1013.77,448.57,8033
22.96,70.79,93.93,1005.68,434.47,8034
14.76,39.64,81.99,1010.37,465.82,8035
16.16,52.05,75.37,1013.19,463.09,8036
22.36,59.44,84.74,1013.1,446.75,8037
25.79,65.27,55.35,1013.26,440.04,8038
18.78,63.09,80.2,1019.22,452.86,8039
6.49,36.3,69.1,1016.52,483.43,8040
19.4,49.69,75.53,1012.89,455.6,8041
6.16,38.5,93.68,1012.83,490.92,8042
15.31,41.35,95.25,1005.09,466.5,8043
5.74,40.62,84.91,1016.31,481.15,8044
30.31,77.24,67.84,1008.02,435.28,8045
24.54,72.24,74.1,1011.43,435.08,8046
22.97,72.24,95.85,1011.15,437.41,8047
22.45,59.87,72.73,1018.92,445.34,8048
13.9,41.17,72.9,1016.84,468.96,8049
17.78,52.08,100.09,1006.9,453.31,8050
9.59,40.11,74.27,1026.05,470.71,8051
11.91,44.45,84.49,1021.39,466.52,8052
31.26,70.36,60.47,1006.49,438.15,8053
23.82,64.15,60.11,1020.96,447.37,8054
25.02,69.75,91.86,1010.04,437.87,8055
25.47,70.36,77.73,1005.79,437.02,8056
27.13,59.54,73.27,1004.33,438.32,8057
24.6,48.78,73.71,1018.1,442.23,8058
24.95,76.16,76.16,1006.2,437.47,8059
7.55,41.04,83.32,1027.03,476.58,8060
34.24,74.67,25.56,1016.24,425.58,8061
19.94,44.9,74.69,1008.52,459.47,8062
27.14,63.13,75.68,1013.38,438.82,8063
28.56,74.22,69.6,1007.45,434.54,8064
13.05,44.34,81.2,1018.47,473.4,8065
26.72,74.87,70.74,1010.18,441.93,8066
12.5,43.67,90.91,1013.99,473.26,8067
20.62,68.12,79.88,1012.33,447.16,8068
16.17,38.01,70.99,1022.19,462.54,8069
9.58,38.08,67.54,1019.49,478.5,8070
25.42,73.21,93.78,1001.91,432.04,8071
30.31,70.36,59.92,1006.55,439.11,8072
23.76,51.19,70.87,1009.69,442.9,8073
29.42,79.74,61.26,1007.24,437.61,8074
8.8,42.32,86.8,1017.91,483.88,8075
27.16,72.58,90.26,1009.24,429.59,8076
19.75,49.02,92.89,1009.38,446.63,8077
30.44,68.84,55.34,1010.97,438.31,8078
18.6,41.67,64.23,1013.07,458.91,8079
19.65,45.01,56.77,1014.18,451.63,8080
15.99,49.21,76.4,1015.17,463.47,8081
8.73,41.26,91.37,1020.54,476.42,8082
15.99,39.63,89.92,1006.09,464.95,8083
5.56,45.87,96.48,1006.99,476.61,8084
8.88,39.66,88.29,1015.21,481.45,8085
5.42,41.38,86.02,1020.77,491.38,8086
8.97,36.24,90.77,1013.21,477.89,8087
18.18,61.87,66.28,1008.64,453.1,8088
12.87,41.5,85.72,1013.51,469.44,8089
14.23,46.18,87.29,1017.39,463.86,8090
18.17,66.86,78.48,1011.29,452.77,8091
19.73,49.69,73.02,1007.78,454.28,8092
25.36,61.41,55.64,1011.89,452.29,8093
29.78,73.42,52.79,1011.27,445.58,8094
32.0,58.9,51.38,1003.48,437.81,8095
18.64,67.71,89.63,1003.84,442.26,8096
13.16,43.71,85.68,1024.44,469.06,8097
7.64,40.02,71.19,1031.58,479.43,8098
11.87,41.78,64.79,1012.97,470.84,8099
20.56,59.14,68.59,1016.02,448.82,8100
11.41,39.61,69.44,1018.69,467.19,8101
26.11,52.36,59.62,1013.9,453.76,8102
19.06,56.65,82.14,1020.82,455.7,8103
9.13,40.02,74.76,1031.08,473.47,8104
8.44,41.17,70.72,1019.9,486.15,8105
14.44,42.32,76.85,1015.61,462.13,8106
6.3,39.33,94.26,1010.63,489.95,8107
13.47,44.88,93.23,1017.56,476.67,8108
20.66,41.54,79.7,1014.68,461.55,8109
23.62,45.87,58.69,1007.75,445.55,8110
16.69,46.18,97.85,1011.0,458.57,8111
28.01,44.89,48.52,1008.98,444.76,8112
21.73,64.63,68.9,1020.84,450.36,8113
30.35,69.51,39.24,1009.95,430.07,8114
8.67,36.66,84.36,1026.8,480.38,8115
30.51,59.57,61.94,1011.08,436.92,8116
26.12,66.75,79.02,1017.86,433.67,8117
13.11,38.73,89.02,1005.89,473.38,8118
21.41,62.39,88.83,1007.84,452.8,8119
12.33,45.51,79.2,1016.49,471.16,8120
24.02,77.54,83.92,1008.33,438.52,8121
9.37,38.56,62.07,1016.84,482.77,8122
11.26,44.92,88.99,1023.63,474.69,8123
30.12,69.71,52.02,1009.1,435.85,8124
4.65,35.19,94.78,1018.23,489.36,8125
28.21,70.8,77.92,1010.45,435.99,8126
30.83,71.58,48.8,1009.92,432.11,8127
6.59,39.37,77.92,1020.34,488.17,8128
21.84,64.69,77.34,1007.57,450.25,8129
31.63,70.17,59.94,999.4,432.07,8130
4.7,39.9,91.02,1007.45,487.78,8131
31.11,75.33,64.25,1002.32,433.37,8132
18.21,41.23,62.29,993.11,457.53,8133
9.82,39.64,69.22,1010.79,477.93,8134
16.77,38.01,65.5,1023.04,460.16,8135
16.88,39.99,74.29,1007.08,462.83,8136
21.08,70.32,88.79,1011.39,440.59,8137
22.79,69.13,91.47,1010.87,438.08,8138
26.96,62.39,73.95,1008.14,437.41,8139
30.87,67.32,34.54,1013.78,436.96,8140
19.74,45.38,80.67,1015.11,459.39,8141
24.22,71.14,64.53,1009.38,438.88,8142
16.27,44.21,82.22,1020.56,462.11,8143
14.41,46.18,88.88,1016.25,462.49,8144
10.48,41.38,65.22,1021.97,481.41,8145
14.24,44.84,94.06,1023.6,466.67,8146
23.08,74.78,83.67,1009.85,437.86,8147
25.77,73.68,87.53,1014.18,429.84,8148
17.94,62.1,82.65,1019.81,453.55,8149
9.43,41.4,84.92,1028.42,479.28,8150
13.98,41.79,83.84,1010.6,457.12,8151
25.02,47.45,60.42,1008.07,446.62,8152
30.99,69.82,50.84,1009.41,437.46,8153
17.17,63.09,95.98,1020.54,446.75,8154
19.4,42.44,58.63,1013.19,459.76,8155
24.1,68.08,65.24,1012.73,440.33,8156
12.07,39.99,93.27,1009.7,473.06,8157
9.55,40.72,68.06,1023.12,481.08,8158
9.57,52.75,75.4,1022.32,470.93,8159
21.74,70.32,85.95,1011.88,439.19,8160
30.99,68.51,71.35,1008.0,430.09,8161
17.88,45.87,93.63,1008.39,455.83,8162
17.51,53.16,82.86,1013.13,457.45,8163
7.79,43.13,85.35,1019.67,484.42,8164
31.56,66.44,64.16,1008.91,430.11,8165
30.58,68.84,51.29,1011.34,439.71,8166
13.35,39.64,93.3,1010.1,471.69,8167
17.9,67.71,89.59,1004.3,449.73,8168
21.94,50.32,86.98,1008.44,444.89,8169
31.49,69.13,53.9,1009.33,425.74,8170
8.48,42.49,88.68,1010.77,483.5,8171
26.85,73.77,90.13,1001.2,431.24,8172
26.75,60.96,56.77,1012.05,447.93,8173
24.91,64.45,42.34,1013.02,450.84,8174
23.03,68.08,70.37,1012.63,441.71,8175
12.99,40.55,94.15,1007.52,472.18,8176
23.79,48.06,60.03,1012.92,447.59,8177
23.42,63.07,75.81,1011.72,444.23,8178
32.09,69.4,56.91,1003.1,430.62,8179
21.78,51.43,88.71,1007.45,446.56,8180
31.92,69.13,58.91,1000.77,425.19,8181
22.79,50.78,58.39,1008.65,447.12,8182
10.52,42.18,95.67,1014.9,469.03,8183
7.64,42.28,84.29,1008.46,484.78,8184
15.8,41.2,77.83,1016.08,468.55,8185
17.3,46.21,87.57,1013.56,456.77,8186
18.26,61.27,74.74,1019.1,428.67,8187
14.03,41.79,83.32,1008.07,457.98,8188
24.55,58.86,60.53,1015.22,445.8,8189
24.6,57.32,45.14,1012.48,442.64,8190
25.04,70.36,75.91,1006.56,436.47,8191
32.31,62.04,38.01,1010.45,449.65,8192
21.17,64.15,62.38,1021.25,454.15,8193
9.15,40.11,75.4,1023.82,475.01,8194
27.34,63.78,48.4,1016.5,446.56,8195
11.7,43.41,62.27,1016.08,467.51,8196
27.58,73.06,88.31,1009.63,438.1,8197
20.53,54.9,61.28,1016.61,454.67,8198
9.55,41.44,85.94,1015.07,481.75,8199
9.94,41.44,87.02,1015.21,481.24,8200
6.71,40.72,80.69,1022.78,483.11,8201
31.09,64.05,61.14,1011.32,440.62,8202
17.23,40.12,81.55,1013.52,456.2,8203
18.27,58.2,72.73,1018.34,448.17,8204
9.06,36.3,58.71,1015.14,477.38,8205
14.66,41.66,62.41,1012.89,466.87,8206
23.79,58.2,55.88,1016.77,446.88,8207
31.33,58.9,52.34,1003.77,439.54,8208
10.26,43.14,98.97,1019.68,466.75,8209
33.75,64.96,39.28,1002.54,432.62,8210
18.72,60.07,70.55,1015.81,454.35,8211
20.71,58.18,98.44,1007.63,447.06,8212
28.87,71.97,82.61,1008.74,435.86,8213
12.63,48.04,100.13,1013.0,464.6,8214
13.69,34.03,65.76,1018.45,469.12,8215
20.3,67.32,80.9,1013.49,441.51,8216
14.93,42.44,86.8,1012.65,471.24,8217
25.43,69.13,86.44,1002.2,431.53,8218
24.85,71.98,95.09,1005.97,433.64,8219
14.67,45.01,67.91,1014.28,460.47,8220
3.63,38.44,87.38,1016.16,487.87,8221
28.54,72.99,67.87,1007.42,432.0,8222
15.26,41.2,76.06,1016.0,467.98,8223
29.88,68.08,55.78,1011.14,429.33,8224
5.65,40.72,85.17,1022.46,487.09,8225
9.2,39.82,91.25,1013.19,482.89,8226
18.85,44.63,84.75,1009.06,456.72,8227
28.16,61.47,62.53,1009.19,442.48,8228
13.15,42.44,99.53,1014.51,469.34,8229
16.97,50.9,82.65,1012.31,463.28,8230
17.33,42.28,50.33,1007.97,462.26,8231
17.39,46.21,82.73,1013.94,454.06,8232
26.26,65.06,52.72,1013.58,440.92,8233
13.72,45.01,77.0,1014.07,464.59,8234
10.99,44.63,90.09,1020.67,473.29,8235
8.94,41.74,90.74,1022.55,483.53,8236
22.5,59.43,72.17,1010.31,441.92,8237
23.62,68.63,50.57,1013.18,447.3,8238
17.17,44.68,83.58,1018.72,462.53,8239
12.47,38.25,82.89,1012.74,469.56,8240
16.65,46.18,95.69,1010.6,465.6,8241
24.56,71.94,89.59,1006.81,437.97,8242
25.49,47.45,57.04,1007.89,444.52,8243
7.33,40.0,80.76,1018.96,478.16,8244
20.52,43.79,68.1,1015.9,463.93,8245
13.61,41.16,75.09,1020.49,462.67,8246
22.5,45.38,65.08,1014.11,458.19,8247
28.24,65.27,48.74,1013.43,439.36,8248
30.04,67.25,52.84,1017.65,435.17,8249
14.38,44.84,81.68,1024.59,471.6,8250
24.78,68.63,43.7,1013.96,448.43,8251
19.99,40.79,87.55,1003.15,455.28,8252
16.01,43.69,62.43,1017.12,465.89,8253
29.09,72.43,65.47,1006.86,427.3,8254
13.31,40.03,84.48,1017.73,470.31,8255
33.34,69.88,42.72,1007.65,437.84,8256
26.88,59.21,58.13,1013.54,437.11,8257
15.69,37.87,87.71,1022.63,462.16,8258
27.58,78.05,94.98,1010.83,431.95,8259
20.51,63.86,75.36,1020.65,447.18,8260
13.56,39.52,78.35,1016.61,470.67,8261
22.64,59.27,83.55,1012.58,446.2,8262
30.29,71.58,54.03,1010.01,434.27,8263
10.15,41.62,97.4,1015.86,463.89,8264
23.07,57.5,75.47,1015.7,447.49,8265
7.29,40.96,90.78,1023.01,488.65,8266
25.34,69.48,74.79,1008.4,433.81,8267
19.66,58.79,84.16,1017.17,447.93,8268
17.77,56.53,79.89,1019.57,457.94,8269
14.34,42.86,66.81,1031.75,466.17,8270
14.4,42.99,89.72,1010.3,469.34,8271
18.31,62.1,79.02,1020.38,455.24,8272
13.56,40.03,83.76,1017.73,472.59,8273
6.17,41.31,87.59,1002.49,481.27,8274
25.04,51.95,66.53,1005.56,449.45,8275
14.49,41.16,82.17,1000.5,465.24,8276
22.31,43.43,56.44,1010.64,449.67,8277
16.38,46.97,73.67,1013.6,459.87,8278
23.48,65.12,60.83,1015.82,445.66,8279
11.58,39.69,86.55,1005.17,469.6,8280
14.74,43.99,86.31,1023.13,461.82,8281
15.33,42.28,66.15,1008.19,465.2,8282
26.14,69.14,88.27,1007.1,439.03,8283
32.86,68.51,46.78,1008.43,432.38,8284
28.88,63.76,56.34,1010.16,435.54,8285
27.59,54.2,51.61,1013.1,439.31,8286
21.85,69.94,79.4,1010.89,443.0,8287
6.58,43.02,84.95,1014.03,488.22,8288
20.38,62.52,75.56,1017.85,456.56,8289
9.53,38.18,75.33,1018.43,476.54,8290
16.76,53.16,81.87,1014.13,457.98,8291
32.31,68.94,71.78,1006.11,431.14,8292
10.22,39.96,96.05,1025.05,471.36,8293
10.72,39.35,86.43,1015.35,480.18,8294
21.68,64.15,70.88,1021.09,454.32,8295
21.13,51.43,88.72,1007.43,445.4,8296
29.14,75.23,54.87,1010.15,434.82,8297
12.04,43.69,80.16,1016.58,474.97,8298
10.1,41.4,85.94,1024.29,474.28,8299
28.72,68.14,46.52,1005.82,443.26,8300
28.84,60.23,59.0,1009.7,437.82,8301
18.68,52.84,88.27,1004.65,450.19,8302
16.5,44.63,64.11,1020.58,458.78,8303
27.18,64.44,61.27,1012.81,440.3,8304
20.08,58.79,81.59,1017.32,451.21,8305
19.64,56.65,73.88,1020.79,456.03,8306
27.77,62.26,66.45,1010.88,430.19,8307
31.4,71.06,74.77,1008.44,433.34,8308
3.68,39.64,84.05,1011.31,490.02,8309
11.89,40.03,89.48,1019.53,471.85,8310
7.63,40.56,81.01,1023.13,486.7,8311
26.38,71.73,69.45,1010.04,431.66,8312
22.89,48.98,48.21,1014.55,448.56,8313
17.98,53.29,83.46,1018.29,455.71,8314
14.22,48.6,88.05,1006.26,459.69,8315
22.35,57.76,68.18,1017.92,453.74,8316
22.2,57.17,78.43,1009.82,447.75,8317
16.89,49.21,70.39,1015.19,458.25,8318
22.51,59.21,71.97,1018.35,444.66,8319
15.11,42.99,85.75,1007.53,466.25,8320
25.15,73.67,85.48,1007.42,435.9,8321
15.47,44.9,81.74,1021.59,465.61,8322
11.1,40.0,86.58,1021.29,477.2,8323
20.78,60.84,80.4,1018.66,445.82,8324
20.94,68.12,78.2,1012.43,446.41,8325
5.52,42.85,93.82,1012.77,478.98,8326
16.19,36.99,92.4,1007.37,462.94,8327
27.06,72.58,90.31,1009.24,429.18,8328
19.92,48.98,64.99,1014.32,455.57,8329
18.53,61.27,75.22,1019.84,454.72,8330
12.21,41.67,85.19,1012.88,475.07,8331
11.59,40.05,86.22,1014.96,474.46,8332
26.61,72.43,75.82,1007.71,427.61,8333
18.4,44.92,64.89,1024.88,458.36,8334
24.8,66.51,65.72,1016.74,441.34,8335
25.47,60.75,65.91,1007.27,438.42,8336
28.57,75.33,76.14,1003.16,431.58,8337
31.01,73.5,48.61,1010.92,432.41,8338
24.38,57.17,74.46,1009.85,444.59,8339
28.46,60.23,63.38,1010.2,439.88,8340
18.16,43.72,75.22,1008.64,454.98,8341
10.6,41.17,87.92,1018.38,478.47,8342
24.19,68.94,70.83,1007.37,439.52,8343
12.2,39.72,54.83,1018.07,471.33,8344
27.95,73.5,58.01,1010.42,435.45,8345
30.38,71.58,50.45,1010.17,433.75,8346
28.48,54.2,49.51,1013.14,440.55,8347
11.3,43.14,99.83,1019.56,469.73,8348
29.19,70.32,55.42,1008.28,427.9,8349
30.75,71.22,48.06,1006.47,437.96,8350
12.37,43.22,76.06,1009.1,468.49,8351
25.75,60.95,53.3,1014.75,443.73,8352
28.18,67.17,75.55,1006.84,438.49,8353
21.89,74.93,77.88,1016.11,448.47,8354
24.79,50.78,61.88,1008.78,445.3,8355
30.86,70.32,62.68,1011.88,433.71,8356
13.51,43.22,75.02,1009.63,465.89,8357
29.35,68.31,46.2,1010.46,445.86,8358
19.98,60.77,90.71,1017.72,448.46,8359
21.77,42.23,67.44,1013.03,462.51,8360
12.43,41.62,80.57,1011.87,460.61,8361
3.4,39.64,83.43,1011.1,459.86,8362
24.73,74.22,79.83,1010.15,436.55,8363
25.54,70.47,73.5,1009.28,436.16,8364
25.88,63.73,77.17,1009.48,438.42,8365
23.07,70.47,83.37,1008.64,439.04,8366
30.66,70.98,72.08,1007.6,435.66,8367
13.77,41.58,72.94,1020.63,459.75,8368
12.57,43.8,56.85,1023.2,466.68,8369
31.1,71.32,45.87,1008.09,437.54,8370
22.24,64.27,89.54,1012.97,443.76,8371
29.08,52.84,40.09,1006.14,438.24,8372
19.35,39.72,51.24,1002.5,455.29,8373
28.88,54.89,46.6,1007.16,440.99,8374
31.7,70.36,58.18,1006.26,438.38,8375
13.25,44.92,89.34,1024.11,469.18,8376
18.55,41.1,65.16,1002.02,459.97,8377
28.69,71.29,68.35,1009.22,433.07,8378
13.74,42.74,70.0,1029.54,465.92,8379
23.97,64.33,84.65,1010.54,443.87,8380
18.44,39.72,66.83,1001.14,460.44,8381
16.88,56.89,82.1,1014.01,457.0,8382
12.82,46.18,88.46,1018.53,466.06,8383
7.18,38.56,70.37,1016.49,487.63,8384
24.34,62.96,61.44,1019.7,446.09,8385
26.63,62.44,70.82,1010.86,438.25,8386
11.43,41.16,92.04,1022.81,466.86,8387
27.24,66.75,69.6,1017.78,433.65,8388
15.01,42.77,73.22,1018.21,462.6,8389
11.21,40.75,86.14,1016.45,479.2,8390
31.46,71.8,54.88,1010.75,434.96,8391
13.65,42.86,87.67,1015.41,471.75,8392
9.57,39.82,89.15,1013.12,468.02,8393
11.46,44.85,63.24,1014.3,475.33,8394
25.03,60.84,59.23,1017.69,441.58,8395
14.6,44.84,88.21,1023.58,464.88,8396
28.88,73.68,47.73,1015.25,432.93,8397
13.82,44.84,95.24,1023.72,467.95,8398
7.87,41.06,87.64,1020.91,486.57,8399
2.34,39.42,69.68,1028.47,490.34,8400
23.58,70.04,76.32,1010.95,435.47,8401
21.49,70.32,92.25,1009.07,443.04,8402
15.84,41.66,62.81,1009.69,465.5,8403
25.82,61.08,66.4,1013.64,448.46,8404
10.18,40.81,81.42,1015.79,475.13,8405
28.4,69.34,70.4,1009.76,436.5,8406
12.35,41.38,55.38,1021.99,474.94,8407
16.52,43.7,58.36,1015.08,466.73,8408
9.6,42.03,92.27,1017.66,474.65,8409
7.54,38.56,69.1,1016.49,486.76,8410
8.04,41.92,92.21,1029.7,482.58,8411
11.82,41.26,91.14,1020.74,466.95,8412
21.62,48.78,85.09,1020.06,448.52,8413
15.41,44.78,65.17,1007.69,456.83,8414
26.47,63.13,79.4,1013.72,441.81,8415
31.5,74.16,56.42,1011.72,436.43,8416
12.24,49.83,94.28,1007.9,466.83,8417
13.52,41.44,65.97,1015.81,472.11,8418
10.02,39.66,79.98,1016.34,480.05,8419
21.01,44.05,64.12,1010.61,445.07,8420
8.35,43.52,97.34,1022.78,479.31,8421
14.12,39.52,75.89,1016.79,472.32,8422
35.2,73.56,45.72,1006.56,434.37,8423
25.28,72.39,89.43,1002.28,432.52,8424
14.3,41.93,65.38,1020.6,471.32,8425
19.32,52.9,68.2,1016.86,457.66,8426
22.04,69.51,56.15,1013.25,446.34,8427
28.07,66.17,64.11,1010.58,443.77,8428
23.09,60.95,68.78,1015.02,450.31,8429
27.17,61.25,70.43,1013.03,435.9,8430
26.44,71.64,85.53,1004.55,435.61,8431
27.23,44.05,58.91,1005.69,440.2,8432
17.68,40.89,61.37,1011.24,462.08,8433
27.18,79.05,94.32,1008.99,434.01,8434
27.89,68.12,48.72,1012.78,435.69,8435
13.5,54.3,77.46,1016.2,468.92,8436
28.11,66.17,65.16,1010.51,444.2,8437
28.75,70.02,46.55,1010.33,440.31,8438
25.56,74.99,85.75,1005.41,433.63,8439
12.84,50.59,88.08,1020.08,470.96,8440
20.18,56.53,77.1,1020.3,454.14,8441
25.65,69.45,50.42,1013.95,436.24,8442
21.08,52.05,45.25,1012.28,453.4,8443
14.33,45.51,71.55,1015.42,468.92,8444
29.13,62.26,52.94,1010.51,436.37,8445
31.73,74.67,44.51,1016.38,425.34,8446
18.0,53.16,82.47,1013.02,455.69,8447
12.39,44.58,84.95,1016.38,475.37,8448
28.26,63.13,68.35,1012.0,440.58,8449
14.59,42.44,83.92,1012.7,470.86,8450
16.22,46.36,91.73,1020.04,460.73,8451
25.99,59.54,74.48,1007.78,441.32,8452
20.84,59.8,75.05,1016.96,451.13,8453
26.85,74.16,93.8,1008.66,431.16,8454
7.24,39.04,68.69,1019.0,485.57,8455
14.01,43.34,83.41,1016.95,463.81,8456
17.66,44.9,71.33,1020.5,457.11,8457
11.6,40.96,86.83,1023.95,473.66,8458
16.72,44.78,56.79,1007.75,453.39,8459
12.77,40.71,72.81,1014.66,471.59,8460
11.08,38.16,74.99,1014.45,473.32,8461
8.96,40.02,82.32,1031.21,475.47,8462
9.86,41.01,98.71,1018.49,467.37,8463
17.18,46.0,100.1,1002.74,454.02,8464
14.5,53.82,62.89,1016.81,464.27,8465
24.01,65.18,76.02,1012.57,437.27,8466
24.79,67.83,61.46,1009.32,438.36,8467
11.67,44.6,92.53,1018.09,467.96,8468
21.28,70.32,90.12,1011.06,439.0,8469
20.96,69.48,82.63,1011.04,444.31,8470
26.57,73.21,92.51,1002.31,431.68,8471
16.43,48.06,61.26,1010.73,459.63,8472
26.22,65.34,47.25,1015.17,444.06,8473
24.88,52.36,68.39,1014.45,452.31,8474
12.22,40.71,80.83,1021.25,477.07,8475
22.28,58.12,83.27,1014.54,448.97,8476
9.14,37.36,78.06,1015.22,491.97,8477
27.34,70.98,71.42,1008.82,438.73,8478
24.9,58.49,65.14,1011.06,444.19,8479
13.26,40.83,90.63,1007.97,472.14,8480
21.86,64.45,63.36,1015.83,457.8,8481
18.55,41.85,62.47,1015.24,467.51,8482
26.26,74.9,81.94,1003.85,437.44,8483
5.15,40.78,95.84,1025.34,483.03,8484
10.8,39.58,87.54,1011.99,478.24,8485
27.99,71.64,72.67,1007.79,437.81,8486
18.4,50.16,98.07,1011.51,453.78,8487
15.17,36.71,77.44,1013.5,471.93,8488
13.18,40.83,95.44,1007.67,472.36,8489
30.37,67.45,45.6,1015.35,431.38,8490
24.88,71.94,87.32,1006.85,433.3,8491
14.87,42.77,75.06,1017.94,462.03,8492
20.34,69.45,91.05,1012.76,442.73,8493
5.71,40.77,89.58,1022.51,485.75,8494
28.62,79.74,65.39,1008.12,436.12,8495
12.75,39.58,77.31,1010.8,473.46,8496
19.76,48.92,46.57,1010.48,456.69,8497
19.75,54.2,83.5,1011.43,448.89,8498
11.61,41.17,58.82,1019.57,476.81,8499
9.63,43.02,68.41,1012.4,480.21,8500
26.65,63.78,53.95,1015.32,440.26,8501
24.63,65.38,40.68,1010.43,446.23,8502
19.94,56.53,76.43,1020.48,453.8,8503
15.18,43.67,92.58,1011.59,467.74,8504
25.79,63.9,60.49,1014.39,442.7,8505
12.64,40.71,65.21,1024.2,476.37,8506
21.7,70.32,91.3,1009.12,438.52,8507
12.19,40.23,82.07,1017.45,474.91,8508
27.73,67.69,59.42,1007.47,431.72,8509
20.83,70.72,89.37,1009.56,446.48,8510
16.7,46.18,96.84,1011.2,456.2,8511
8.27,39.64,84.64,1011.0,479.91,8512
27.17,67.45,49.03,1015.67,429.87,8513
14.92,46.18,98.82,1014.21,465.63,8514
27.47,66.86,70.2,1006.1,437.45,8515
9.72,41.44,84.41,1015.17,481.85,8516
19.97,50.78,92.7,1008.75,446.57,8517
18.37,51.86,74.3,1018.8,461.14,8518
14.85,40.8,53.29,1025.38,471.78,8519
22.92,60.37,89.94,1007.05,438.86,8520
15.2,40.55,88.4,1005.0,465.09,8521
28.07,61.47,64.83,1008.68,442.59,8522
10.72,41.17,60.71,1019.68,479.21,8523
16.09,48.78,91.12,1015.78,454.23,8524
18.68,53.29,75.01,1018.16,459.89,8525
14.48,40.83,81.74,1009.42,469.64,8526
28.41,61.47,56.56,1008.94,442.54,8527
24.03,62.44,79.88,1010.96,430.66,8528
28.31,74.33,69.77,1011.89,428.46,8529
21.79,60.93,87.68,1006.44,443.01,8530
28.53,69.84,68.03,1004.46,427.72,8531
9.84,36.66,70.02,1026.7,477.62,8532
34.66,74.33,32.19,1012.0,425.89,8533
21.99,58.96,61.3,1014.09,453.38,8534
23.69,73.67,86.73,1007.19,437.57,8535
21.94,64.69,77.58,1007.39,449.36,8536
14.51,49.83,91.65,1006.27,460.45,8537
13.72,45.09,87.41,1012.95,466.24,8538
15.03,43.71,83.25,1025.07,463.12,8539
6.99,39.37,75.06,1020.19,487.18,8540
28.03,68.67,58.16,1005.52,438.8,8541
10.9,41.93,96.24,1014.96,477.93,8542
5.51,41.03,84.5,1022.28,491.84,8543
17.02,51.86,81.28,1021.53,460.0,8544
14.39,44.21,85.7,1019.77,465.03,8545
24.05,70.4,92.35,1006.83,442.07,8546
20.99,50.78,75.14,1008.55,449.07,8547
21.02,61.5,77.74,1008.52,448.08,8548
31.01,69.13,62.96,1000.93,425.69,8549
12.38,41.62,84.15,1012.37,461.07,8550
23.37,70.94,81.28,1008.01,441.56,8551
12.22,40.78,85.46,1024.02,464.12,8552
15.28,48.14,69.65,1012.55,460.75,8553
25.09,57.43,70.42,1013.2,446.11,8554
23.87,50.39,76.05,1012.96,452.59,8555
15.43,40.89,73.03,1010.63,468.35,8556
24.34,48.78,73.44,1018.0,448.54,8557
25.09,71.58,86.01,1010.17,434.51,8558
16.37,53.16,74.84,1014.89,459.52,8559
11.8,41.54,65.85,1020.0,476.12,8560
24.85,68.37,68.37,1006.5,442.66,8561
17.16,40.55,72.21,1000.26,461.58,8562
13.09,54.3,82.38,1017.61,471.0,8563
10.25,41.46,84.41,1018.67,479.28,8564
28.39,65.51,66.48,1014.52,438.78,8565
31.55,69.75,58.36,1010.12,435.01,8566
23.84,49.21,44.72,1013.1,445.44,8567
14.46,42.86,69.84,1031.34,464.44,8568
24.16,65.06,58.96,1013.88,442.32,8569
20.82,63.77,86.37,1014.28,448.9,8570
17.0,49.78,100.1,1005.32,453.77,8571
11.45,45.01,92.12,1018.88,470.4,8572
18.26,58.96,69.7,1014.04,457.43,8573
10.74,43.67,80.1,1011.75,477.32,8574
20.89,67.71,59.12,1006.12,445.39,8575
11.82,41.54,67.65,1019.96,476.97,8576
25.44,65.06,55.72,1013.82,440.09,8577
29.92,69.75,67.15,1009.12,441.5,8578
21.11,58.49,80.44,1011.6,449.16,8579
14.6,53.82,64.83,1016.28,462.86,8580
25.96,63.78,49.47,1016.95,443.8,8581
18.32,39.53,64.85,1008.15,454.44,8582
21.36,68.28,72.37,1007.6,445.91,8583
15.7,42.99,76.05,1007.51,464.59,8584
26.82,75.08,60.81,1005.93,441.14,8585
15.22,41.35,95.45,1003.12,464.56,8586
27.68,69.34,70.9,1008.28,436.37,8587
27.14,70.32,73.08,1007.08,427.21,8588
28.99,54.2,41.9,1012.79,442.6,8589
32.55,69.89,40.09,1013.87,428.84,8590
27.01,63.78,47.89,1016.72,442.6,8591
6.31,42.07,77.74,1004.61,483.27,8592
23.31,60.08,64.35,1017.14,452.65,8593
10.66,41.93,94.16,1016.12,479.61,8594
26.82,64.96,63.55,999.72,427.51,8595
12.36,45.09,88.4,1013.05,467.2,8596
10.2,40.67,73.2,1016.15,482.26,8597
29.17,74.34,82.02,1004.51,433.03,8598
12.03,40.75,85.07,1015.93,474.97,8599
31.27,69.13,57.01,1009.45,425.48,8600
24.8,72.24,83.61,1011.58,435.25,8601
24.43,72.43,85.56,1008.03,434.71,8602
24.14,63.21,89.08,1012.28,440.74,8603
28.13,56.9,51.66,1007.17,436.95,8604
19.15,39.72,58.62,1001.49,457.45,8605
11.05,40.75,87.08,1016.55,478.07,8606
25.23,66.44,51.3,1011.37,438.28,8607
26.86,70.47,72.38,1007.18,434.59,8608
12.15,71.14,86.06,1019.56,462.51,8609
18.5,41.85,64.78,1015.81,466.8,8610
21.93,58.96,58.58,1014.23,453.42,8611
10.14,45.01,94.32,1018.12,473.56,8612
14.04,48.79,75.25,1017.62,464.09,8613
24.14,60.07,58.08,1016.56,440.17,8614
13.48,41.44,71.46,1015.64,471.39,8615
14.26,43.34,81.54,1017.24,464.62,8616
19.99,65.94,75.42,1012.28,447.22,8617
16.52,53.16,76.82,1014.68,457.81,8618
22.75,58.79,84.47,1011.44,445.67,8619
15.31,40.66,84.64,1016.46,458.26,8620
21.33,58.46,79.73,1016.17,445.27,8621
30.28,74.67,55.76,1016.45,428.27,8622
19.08,44.63,41.07,1020.05,455.95,8623
23.94,51.95,71.87,1008.18,451.84,8624
21.12,62.52,78.98,1015.62,450.93,8625
22.61,60.27,83.27,1018.81,440.98,8626
14.85,44.63,75.76,1020.67,460.06,8627
27.26,63.77,66.58,1014.07,436.01,8628
31.96,71.29,47.51,1008.39,433.04,8629
25.3,58.46,69.71,1015.91,439.25,8630
24.49,65.61,63.47,1014.71,447.26,8631
24.44,72.99,91.66,1008.38,435.47,8632
17.89,44.78,53.78,1010.03,457.74,8633
11.92,43.8,60.49,1022.96,470.33,8634
23.34,63.73,79.11,1012.1,443.68,8635
18.89,66.86,71.96,1012.38,454.02,8636
18.63,50.16,97.13,1010.21,450.14,8637
24.43,60.07,59.99,1015.59,444.71,8638
9.83,41.17,72.29,1019.34,478.21,8639
16.68,43.14,76.48,1018.39,459.83,8640
22.29,45.01,51.58,1012.4,449.08,8641
5.63,39.22,77.67,1013.35,486.83,8642
13.72,34.03,65.95,1018.57,469.25,8643
13.02,45.51,80.05,1015.24,468.46,8644
8.9,40.77,90.26,1011.67,479.18,8645
26.44,71.73,81.75,1009.52,430.55,8646
27.07,74.87,58.97,1010.09,440.47,8647
27.74,70.32,50.29,1009.58,433.47,8648
31.5,70.32,64.09,1011.44,435.13,8649
21.81,43.77,64.72,1011.97,453.13,8650
15.86,49.69,87.26,1015.59,462.84,8651
20.31,69.94,86.53,1009.7,446.87,8652
23.23,64.69,76.6,1008.12,444.01,8653
18.39,52.08,100.09,1006.53,449.96,8654
30.68,73.67,57.05,1005.63,429.64,8655
29.09,67.07,41.39,1005.99,429.93,8656
27.35,60.75,67.56,1008.98,435.14,8657
28.46,73.67,71.21,1005.67,429.15,8658
31.21,66.44,65.76,1008.57,430.7,8659
18.89,63.09,84.85,1018.47,450.0,8660
26.71,68.3,62.7,1015.07,436.66,8661
13.52,42.07,90.21,1017.91,464.07,8662
24.17,48.41,76.19,1008.46,442.62,8663
7.67,41.66,77.0,1016.25,485.03,8664
19.44,59.21,88.35,1018.5,448.04,8665
27.0,69.4,82.2,1004.86,433.83,8666
18.16,43.96,78.33,1012.78,465.26,8667
19.28,65.46,64.24,1013.77,448.91,8668
15.43,38.58,81.17,1016.58,463.44,8669
16.32,43.5,72.6,1021.3,460.07,8670
33.12,68.31,42.29,1010.3,441.13,8671
8.48,38.5,66.51,1013.5,485.29,8672
20.76,70.72,89.04,1009.73,448.85,8673
18.76,52.9,64.7,1016.27,458.26,8674
24.5,60.77,73.66,1017.15,439.91,8675
32.4,68.14,34.53,1004.44,425.91,8676
17.82,65.48,86.6,1019.64,449.21,8677
27.27,67.9,62.12,1006.36,436.64,8678
20.14,65.06,80.01,1014.81,444.84,8679
24.8,65.48,62.05,1018.56,442.02,8680
26.42,71.06,87.32,1008.12,435.6,8681
15.34,41.96,100.12,1012.08,468.33,8682
28.66,50.05,47.74,1006.08,435.94,8683
14.2,52.75,61.02,1025.64,465.48,8684
26.12,75.6,72.31,1017.41,439.68,8685
24.14,62.66,73.27,1007.33,439.93,8686
23.43,54.42,70.99,1013.58,454.86,8687
10.41,36.71,84.56,1022.02,474.2,8688
23.27,60.84,67.24,1019.13,440.22,8689
18.36,53.16,79.89,1013.14,457.94,8690
15.8,40.66,88.24,1016.15,458.55,8691
22.95,63.94,80.37,1013.87,447.13,8692
19.79,60.1,84.04,1010.47,452.41,8693
34.43,68.51,34.09,1010.17,431.39,8694
26.31,68.51,68.66,1013.26,435.91,8695
11.94,44.6,85.33,1018.69,468.53,8696
10.82,39.96,95.89,1025.53,468.57,8697
17.49,40.55,73.15,1001.73,462.37,8698
26.23,59.87,66.62,1012.93,447.16,8699
7.26,41.22,97.82,1014.86,488.75,8700
9.42,41.4,86.4,1029.21,474.75,8701
16.85,39.64,80.81,1008.82,464.2,8702
26.31,52.09,53.59,1013.39,447.04,8703
30.69,69.89,42.85,1013.9,431.01,8704
16.55,39.64,77.8,1009.07,465.29,8705
16.29,50.88,99.15,1013.79,456.28,8706
12.49,38.25,83.32,1012.61,470.63,8707
10.15,41.46,81.79,1019.56,479.32,8708
21.71,58.05,85.75,1013.07,449.38,8709
13.92,44.47,70.86,1029.36,467.29,8710
24.04,51.95,73.92,1006.13,450.07,8711
20.03,69.45,86.66,1013.47,441.54,8712
31.7,76.09,72.39,1007.06,441.36,8713
26.0,69.88,87.07,1007.99,434.79,8714
25.35,74.33,77.84,1015.29,435.66,8715
24.49,49.82,64.02,1017.09,451.42,8716
24.27,63.87,53.96,1018.88,420.26,8717
24.51,58.79,61.7,1016.11,443.5,8718
12.06,52.72,80.05,1024.53,467.21,8719
18.53,48.98,74.29,1014.24,452.73,8720
18.31,42.23,79.32,1012.88,464.45,8721
24.97,63.86,52.01,1018.64,441.61,8722
10.02,39.96,96.85,1024.88,473.22,8723
25.45,72.24,80.54,1011.44,434.92,8724
26.74,49.02,67.59,1008.18,438.06,8725
23.45,51.95,76.17,1005.23,449.07,8726
11.1,44.85,65.08,1014.27,477.03,8727
24.16,60.29,63.49,1018.09,446.17,8728
5.45,39.04,77.05,1020.07,487.33,8729
24.99,51.43,79.63,1006.95,441.45,8730
18.32,65.94,86.77,1012.74,450.5,8731
21.63,71.85,76.89,1009.44,434.1,8732
8.53,38.18,76.49,1017.54,480.86,8733
28.85,59.27,51.8,1011.69,440.3,8734
23.23,60.32,78.35,1016.73,447.09,8735
4.93,38.44,71.47,1015.65,485.01,8736
18.76,44.71,30.83,1015.15,462.18,8737
25.52,67.17,85.12,1007.33,440.02,8738
12.38,48.04,100.13,1012.78,465.99,8739
16.05,43.14,79.36,1010.67,463.06,8740
26.75,70.32,54.09,1007.61,433.46,8741
30.03,68.84,53.82,1011.41,439.31,8742
24.78,50.16,70.22,1004.56,448.51,8743
26.97,64.45,53.96,1009.43,443.75,8744
27.98,67.17,75.29,1007.32,440.68,8745
26.33,61.41,52.1,1011.9,452.79,8746
11.34,45.17,96.24,1018.32,472.13,8747
18.8,44.78,46.0,1009.65,462.79,8748
5.23,40.78,92.74,1025.13,483.12,8749
10.8,39.28,82.62,1010.7,478.8,8750
19.32,44.71,28.81,1015.3,464.38,8751
33.15,70.4,53.98,1003.72,430.15,8752
12.8,39.16,89.83,1015.94,472.47,8753
19.3,46.93,66.71,1014.83,456.62,8754
26.33,60.06,41.57,1005.86,450.16,8755
30.8,70.94,63.09,1007.06,432.44,8756
21.52,66.51,72.85,1015.32,444.87,8757
18.63,45.87,79.9,1007.98,453.79,8758
16.69,44.78,58.18,1010.41,456.17,8759
12.49,41.62,82.68,1011.37,461.35,8760
32.06,75.33,63.15,1001.96,432.92,8761
8.82,43.56,81.54,1014.95,482.71,8762
25.14,64.63,54.0,1020.63,446.63,8763
21.71,60.27,89.76,1015.74,441.19,8764
19.65,44.89,75.36,1009.76,451.35,8765
22.63,58.96,56.67,1013.62,451.41,8766
11.82,41.67,84.51,1012.94,476.73,8767
18.41,44.89,77.24,1009.75,448.88,8768
32.09,70.4,55.65,1003.73,434.64,8769
33.4,70.8,57.01,1009.17,432.46,8770
11.83,44.21,85.31,1019.37,463.62,8771
6.33,39.33,93.16,1012.06,492.22,8772
15.02,37.64,83.28,1016.49,463.93,8773
28.93,74.78,56.4,1009.48,437.34,8774
14.81,39.58,73.64,1011.62,467.32,8775
13.25,41.62,77.81,1010.8,457.64,8776
18.27,65.94,84.72,1013.09,450.33,8777
23.77,51.43,84.09,1006.67,441.54,8778
12.8,44.34,86.73,1016.52,473.42,8779
13.94,47.83,81.2,1004.83,465.13,8780
16.44,43.96,76.31,1013.66,468.57,8781
29.53,64.44,59.75,1013.22,440.1,8782
29.1,70.4,77.57,1003.97,430.98,8783
6.04,41.14,87.12,1027.92,481.37,8784
25.11,62.26,78.01,1011.12,434.97,8785
17.13,42.86,73.6,1014.15,463.09,8786
20.54,49.15,56.0,1021.02,458.6,8787
14.02,44.47,68.97,1028.02,465.93,8788
10.22,37.83,93.53,1005.94,471.79,8789
31.46,77.17,59.61,1009.26,435.56,8790
23.64,71.25,93.87,1004.92,442.26,8791
26.69,59.21,57.59,1012.55,436.33,8792
25.1,69.89,85.81,1015.42,434.98,8793
6.23,40.96,93.15,1022.49,488.82,8794
13.74,38.73,82.82,1004.34,470.06,8795
27.35,61.47,70.65,1008.43,443.67,8796
26.84,70.36,71.47,1007.41,442.17,8797
23.69,77.54,89.7,1009.32,440.21,8798
21.06,50.59,66.12,1016.42,454.15,8799
12.28,43.67,70.23,1012.69,475.08,8800
22.35,58.59,79.78,1013.99,444.04,8801
6.12,40.81,88.15,1014.77,487.24,8802
32.31,66.44,63.92,1009.6,428.44,8803
9.1,39.42,68.78,1025.28,471.85,8804
12.99,42.34,96.25,1018.04,465.98,8805
25.75,71.14,77.12,1008.33,433.64,8806
22.92,58.62,71.38,1016.37,447.48,8807
12.33,39.28,80.01,1011.84,476.49,8808
13.66,41.67,80.56,1013.43,469.17,8809
22.24,60.07,62.25,1015.93,446.14,8810
13.48,41.26,78.24,1021.92,466.88,8811
26.6,63.07,61.3,1011.97,442.25,8812
31.82,71.29,41.7,1008.44,431.23,8813
18.35,62.1,78.36,1019.97,455.29,8814
31.44,72.86,61.45,1003.74,433.59,8815
19.94,50.78,92.07,1008.78,449.6,8816
18.13,60.1,84.75,1009.67,455.82,8817
12.28,42.34,95.8,1019.19,467.03,8818
18.6,60.1,87.13,1009.91,453.94,8819
21.01,60.1,78.6,1010.93,450.99,8820
27.64,75.6,54.78,1017.35,441.04,8821
13.47,41.14,82.96,1026.09,463.67,8822
7.96,38.91,89.17,1016.35,482.17,8823
16.81,45.87,98.0,1008.7,455.96,8824
22.69,58.46,75.21,1017.74,443.47,8825
25.74,68.94,67.56,1007.7,433.45,8826
5.75,42.07,78.23,1004.24,485.23,8827
29.54,74.99,69.69,1005.0,432.94,8828
27.36,63.31,51.58,1013.7,440.4,8829
11.75,35.76,57.92,1018.99,473.01,8830
12.02,40.66,96.72,1017.27,464.5,8831
31.02,69.51,47.64,1011.16,431.15,8832
20.11,50.78,93.24,1008.73,447.42,8833
12.24,41.62,90.26,1013.38,461.23,8834
29.11,74.78,56.93,1009.6,438.75,8835
12.58,43.67,94.01,1012.86,472.65,8836
25.21,59.21,62.85,1013.19,438.7,8837
25.64,68.08,71.06,1011.06,431.77,8838
15.5,39.16,78.13,1016.24,469.52,8839
28.61,70.36,73.06,1006.95,440.16,8840
6.57,42.07,74.82,1004.48,483.86,8841
29.5,71.14,52.81,1011.27,430.85,8842
27.4,66.48,51.5,1004.71,439.66,8843
22.06,43.43,58.01,1010.46,448.92,8844
23.35,71.77,90.79,1005.99,434.6,8845
6.76,40.62,87.16,1015.67,478.56,8846
20.62,48.41,87.51,1007.37,445.4,8847
27.2,65.18,47.14,1011.47,436.99,8848
24.17,71.25,90.36,1003.9,435.66,8849
12.88,44.0,88.58,1022.71,470.31,8850
29.23,74.22,57.88,1008.49,428.9,8851
11.62,43.48,76.32,1016.66,468.37,8852
28.41,66.91,57.93,1008.22,440.52,8853
29.25,67.32,38.57,1013.88,437.94,8854
5.43,39.9,86.27,1007.5,487.84,8855
10.28,39.64,74.15,1010.45,477.65,8856
7.95,37.49,80.8,1009.32,479.78,8857
17.33,53.16,82.77,1013.77,459.78,8858
11.02,41.26,92.13,1020.69,471.93,8859
14.41,43.13,59.55,1016.32,467.46,8860
19.69,56.65,70.86,1020.72,456.18,8861
6.65,38.5,87.6,1014.01,491.54,8862
8.88,36.66,76.16,1026.61,480.2,8863
16.46,48.6,89.0,1006.08,449.58,8864
20.2,60.1,84.24,1010.66,451.17,8865
22.87,74.22,93.05,1009.36,438.67,8866
28.83,71.32,75.65,1006.28,437.99,8867
16.7,36.99,89.33,1006.19,464.7,8868
22.36,64.15,68.43,1021.05,453.94,8869
23.96,46.93,47.22,1013.98,450.86,8870
23.19,60.75,82.0,1008.33,439.43,8871
25.65,68.08,75.26,1011.27,435.91,8872
13.22,40.83,92.72,1007.82,472.72,8873
18.75,44.9,75.76,1007.99,452.77,8874
28.02,63.9,46.2,1013.96,444.42,8875
23.09,63.91,83.25,1012.23,447.9,8876
26.21,65.12,44.31,1016.06,444.44,8877
33.8,64.96,49.37,1004.88,427.28,8878
26.45,47.43,53.25,1008.87,442.12,8879
30.82,78.87,70.69,1012.06,432.01,8880
14.22,44.99,75.28,1012.0,460.53,8881
29.45,75.6,50.68,1018.12,437.31,8882
6.99,35.19,68.95,1019.32,480.05,8883
22.43,55.97,85.98,1008.97,443.74,8884
16.57,63.31,81.02,1016.19,454.78,8885
23.75,66.54,85.44,1004.41,436.57,8886
29.05,71.85,78.69,1008.6,428.39,8887
13.28,43.8,63.98,1023.17,466.78,8888
7.76,37.7,76.47,1014.82,480.7,8889
14.93,39.39,80.68,1014.31,468.88,8890
18.5,47.45,83.21,1009.23,450.22,8891
24.35,58.79,72.1,1010.13,448.19,8892
26.66,70.02,58.37,1010.88,439.99,8893
12.05,48.04,100.13,1009.14,464.14,8894
14.79,39.54,82.54,1007.25,469.23,8895
10.33,43.99,96.68,1020.7,474.17,8896
28.23,64.05,75.23,1011.98,442.3,8897
24.91,69.89,82.39,1015.25,438.29,8898
23.82,73.67,88.16,1007.26,438.42,8899
10.44,37.83,97.2,1006.31,474.42,8900
28.74,70.32,45.99,1008.15,431.93,8901
30.7,67.69,51.58,1005.92,429.58,8902
17.12,58.95,90.41,1016.74,451.67,8903
6.71,40.96,91.89,1022.71,486.58,8904
29.08,70.83,51.95,1007.98,430.91,8905
12.48,39.85,60.23,1012.93,477.17,8906
15.92,44.85,59.99,1015.84,467.41,8907
16.37,54.3,63.63,1017.94,459.97,8908
12.05,40.55,100.14,1016.63,472.19,8909
21.55,44.57,71.54,1006.03,446.84,8910
13.52,40.83,87.53,1009.94,470.47,8911
24.21,70.98,95.57,1007.02,441.78,8912
24.87,58.33,54.55,1013.76,440.79,8913
28.55,72.43,65.82,1007.2,430.06,8914
26.93,62.44,70.05,1011.02,435.11,8915
18.59,41.1,58.16,1001.93,459.72,8916
23.59,59.43,65.8,1009.96,440.61,8917
23.83,50.32,72.23,1008.41,445.17,8918
17.86,50.88,88.28,1015.59,457.33,8919
17.01,50.59,80.95,1015.8,463.4,8920
20.04,58.2,74.31,1017.56,448.92,8921
27.32,76.09,74.64,1007.77,443.13,8922
31.13,64.05,61.27,1011.51,439.24,8923
19.69,56.65,70.02,1020.86,454.87,8924
12.0,39.96,77.77,1011.73,471.42,8925
7.97,38.5,72.36,1013.84,487.19,8926
8.14,41.26,91.28,1020.61,477.57,8927
28.07,68.08,44.67,1013.13,437.65,8928
13.44,40.69,77.97,1014.54,473.0,8929
14.8,43.99,85.25,1022.89,461.97,8930
16.98,43.99,81.17,1021.65,456.07,8931
15.29,44.88,73.67,1018.85,463.32,8932
19.35,64.15,68.53,1021.37,457.74,8933
21.65,58.18,95.28,1008.33,441.05,8934
22.18,59.39,85.31,1014.82,440.94,8935
28.15,74.9,76.32,1003.67,433.63,8936
7.74,39.96,95.81,1025.78,475.23,8937
26.48,51.43,74.3,1006.76,438.1,8938
27.6,67.25,54.25,1017.78,438.42,8939
10.57,41.26,97.96,1008.32,472.9,8940
23.28,68.28,81.35,1000.79,442.04,8941
14.6,44.47,69.96,1028.46,465.24,8942
30.6,72.29,41.52,1010.54,441.5,8943
25.4,65.34,53.93,1013.11,445.82,8944
16.52,44.88,90.08,1017.61,459.73,8945
10.42,44.85,88.36,1014.18,479.03,8946
15.55,45.09,62.19,1014.33,457.36,8947
14.12,41.39,76.51,1018.73,472.88,8948
16.57,43.7,71.95,1015.67,465.78,8949
34.09,68.51,32.96,1009.0,431.19,8950
22.25,43.79,52.68,1015.78,461.93,8951
21.51,48.92,38.27,1010.36,455.11,8952
5.37,40.07,63.58,1012.75,494.21,8953
26.94,71.14,62.74,1011.63,434.03,8954
22.57,68.3,87.69,1017.43,440.81,8955
24.33,46.93,53.02,1013.61,450.04,8956
21.3,59.39,84.53,1013.83,444.21,8957
30.9,69.4,66.69,1003.53,425.3,8958
16.29,53.82,73.15,1014.97,459.95,8959
12.46,40.73,93.47,1017.53,464.7,8960
28.44,74.93,52.0,1013.88,441.52,8961
17.85,45.64,82.94,1020.11,459.59,8962
25.56,50.05,69.29,1005.67,442.49,8963
23.85,72.43,88.34,1008.01,439.02,8964
19.83,46.33,96.4,1013.27,451.22,8965
24.12,62.44,88.02,1013.83,443.3,8966
22.54,61.27,54.02,1019.12,450.01,8967
8.94,41.38,79.45,1021.5,479.95,8968
16.0,43.34,78.87,1013.58,461.7,8969
32.83,74.16,60.2,1007.57,432.05,8970
24.6,67.69,67.69,1008.67,440.22,8971
17.9,52.08,100.09,1006.41,451.94,8972
23.81,60.08,62.66,1017.29,450.33,8973
30.55,68.24,63.84,1009.43,426.8,8974
14.39,44.85,75.16,1014.19,465.88,8975
8.36,40.67,73.65,1014.99,489.1,8976
29.03,67.79,55.42,1010.67,444.09,8977
17.68,44.92,69.7,1024.55,458.12,8978
13.51,40.1,86.34,1014.29,470.65,8979
19.11,60.29,76.62,1017.1,454.16,8980
17.46,40.22,91.96,1006.7,461.74,8981
23.7,64.45,38.24,1012.87,451.16,8982
13.68,44.47,69.53,1027.81,469.37,8983
26.39,49.02,70.82,1007.62,438.53,8984
8.05,40.62,73.67,1018.16,477.2,8985
18.4,40.79,92.36,1006.18,461.29,8986
14.75,40.66,81.65,1016.7,463.83,8987
31.66,73.91,68.13,1004.49,431.26,8988
5.28,45.87,97.88,1008.25,479.91,8989
24.42,65.94,65.04,1011.25,439.63,8990
8.68,39.61,77.98,1021.54,486.31,8991
25.68,68.27,68.48,1008.05,434.89,8992
18.19,41.85,61.37,1014.93,466.86,8993
4.44,38.44,75.35,1016.14,486.53,8994
14.42,44.88,59.17,1019.35,462.72,8995
10.57,41.55,67.89,1003.62,475.6,8996
27.83,72.29,48.86,1012.04,445.73,8997
28.94,62.26,50.41,1010.64,436.04,8998
11.02,44.58,83.57,1016.4,481.85,8999
29.05,75.6,51.16,1017.63,439.14,9000
31.37,76.86,62.94,997.34,431.03,9001
7.54,40.72,85.15,1023.82,485.92,9002
27.57,70.36,71.1,1007.18,441.86,9003
18.81,52.08,99.6,1004.43,450.87,9004
14.54,41.16,81.34,1000.0,463.9,9005
9.55,40.67,70.72,1018.56,486.34,9006
18.55,46.48,80.67,1007.34,452.37,9007
14.59,41.23,86.66,999.48,466.83,9008
28.7,49.16,36.51,1004.42,439.45,9009
14.63,40.0,63.4,1018.03,457.09,9010
29.4,57.19,53.95,1008.34,436.92,9011
20.76,57.25,90.31,1011.01,444.85,9012
15.03,35.71,56.55,1015.26,467.61,9013
13.42,40.92,75.89,1022.84,458.49,9014
35.01,74.67,26.3,1016.1,428.48,9015
17.34,47.03,98.13,1013.36,463.89,9016
26.2,72.24,78.29,1011.3,432.65,9017
17.48,44.71,36.71,1014.99,465.61,9018
7.75,38.06,83.39,1020.83,483.56,9019
18.99,59.27,89.39,1012.15,453.4,9020
26.8,49.3,62.75,1003.86,438.56,9021
31.7,69.13,46.27,1000.29,427.95,9022
22.83,41.1,38.62,1002.0,449.99,9023
22.42,62.52,63.27,1016.83,451.64,9024
13.78,39.85,71.99,1012.7,474.9,9025
24.81,60.95,54.71,1014.72,446.09,9026
25.37,58.33,51.42,1013.49,444.46,9027
21.24,44.57,72.57,1008.72,447.03,9028
11.61,39.69,83.69,1006.85,470.78,9029
15.79,49.21,75.8,1015.08,457.7,9030
6.84,41.06,89.59,1021.04,489.96,9031
25.53,71.85,74.7,1009.19,431.26,9032
3.51,35.47,86.56,1017.53,489.07,9033
7.0,35.77,64.84,1018.21,482.8,9034
12.71,43.8,71.16,1023.15,466.2,9035
25.33,71.73,77.78,1009.78,435.23,9036
30.91,79.74,56.32,1006.92,433.84,9037
17.79,43.52,68.29,1020.65,458.57,9038
32.15,72.29,50.19,1010.13,435.71,9039
16.96,63.31,77.09,1016.42,454.14,9040
26.48,68.14,55.96,1004.83,432.19,9041
19.88,47.03,91.99,1012.27,456.44,9042
16.18,50.88,100.09,1014.06,455.14,9043
10.59,38.38,68.23,1021.58,474.94,9044
17.51,39.54,71.53,1010.22,462.12,9045
23.63,63.57,87.96,1011.05,449.01,9046
24.6,71.73,78.77,1010.08,436.28,9047
28.01,73.18,75.02,1012.25,431.02,9048
23.67,71.77,86.13,1004.76,434.47,9049
15.21,43.5,82.06,1021.6,464.08,9050
9.38,41.44,86.8,1015.09,481.96,9051
14.93,41.79,81.48,1008.88,456.75,9052
28.18,73.03,67.72,1014.18,439.74,9053
24.86,60.77,71.24,1016.85,440.68,9054
12.14,40.83,78.31,1010.56,474.82,9055
31.24,72.39,68.17,999.47,430.7,9056
25.2,65.59,71.34,1013.0,439.14,9057
27.02,61.86,70.28,1012.38,442.67,9058
27.09,59.15,55.18,1013.02,438.9,9059
13.7,42.86,79.77,1030.68,470.28,9060
6.61,38.91,92.31,1015.77,484.32,9061
10.1,41.79,78.07,1019.36,474.09,9062
23.02,69.94,64.66,1007.94,439.4,9063
23.69,58.05,74.26,1012.08,444.46,9064
22.5,64.69,74.92,1007.03,440.73,9065
19.66,42.18,95.75,1001.51,454.46,9066
24.71,60.77,69.7,1016.67,443.52,9067
15.62,41.23,83.99,992.89,463.21,9068
15.28,44.58,83.07,1016.45,467.92,9069
20.67,57.5,81.89,1014.42,453.29,9070
20.79,50.66,77.93,1013.39,454.78,9071
24.54,48.41,73.53,1008.61,439.79,9072
25.21,64.63,51.31,1020.56,448.66,9073
34.18,67.9,30.34,1005.87,425.5,9074
29.85,68.24,30.99,1007.01,433.43,9075
18.37,44.89,86.74,1010.61,454.37,9076
19.87,49.69,68.57,1012.23,456.03,9077
25.28,66.25,84.55,1009.77,439.77,9078
13.47,43.34,87.04,1012.75,468.8,9079
13.7,43.22,71.57,1012.01,463.99,9080
20.91,59.14,74.7,1017.25,442.67,9081
19.09,65.94,81.06,1012.53,446.34,9082
9.33,44.03,86.04,1011.73,474.15,9083
10.11,44.85,84.81,1014.2,478.71,9084
28.64,69.23,37.13,1013.11,434.4,9085
29.86,69.34,54.12,1007.76,433.57,9086
24.42,62.66,71.57,1007.65,443.09,9087
13.49,43.41,57.86,1015.75,461.06,9088
30.1,47.93,42.06,1002.64,435.27,9089
9.43,43.69,91.8,1017.28,478.48,9090
24.78,50.78,62.97,1008.81,443.98,9091
20.6,60.08,75.92,1017.84,454.39,9092
14.77,39.16,81.88,1016.12,470.39,9093
17.26,49.78,100.06,1007.38,453.54,9094
24.48,64.45,51.43,1014.69,452.82,9095
25.57,44.05,65.14,1005.79,443.84,9096
11.82,41.17,55.74,1019.5,475.61,9097
25.46,70.32,64.7,1010.65,433.08,9098
23.75,59.07,88.82,1007.73,443.54,9099
24.2,59.43,62.3,1009.69,440.66,9100
27.62,72.43,71.33,1007.54,428.76,9101
14.4,42.18,77.7,1015.47,464.81,9102
14.1,43.34,86.45,1012.91,465.22,9103
6.07,41.14,86.98,1027.57,480.19,9104
17.31,58.49,92.77,1011.8,456.84,9105
9.19,42.44,94.24,1014.38,481.55,9106
17.5,42.44,76.85,1012.55,466.78,9107
20.57,63.78,74.0,1016.76,449.93,9108
12.28,41.49,94.79,1019.73,467.44,9109
22.99,61.02,81.56,1009.88,440.85,9110
28.38,64.05,71.84,1010.19,439.83,9111
17.57,44.06,72.75,1015.43,459.73,9112
8.36,38.91,88.82,1016.27,482.09,9113
4.86,39.4,91.39,1012.73,488.63,9114
16.7,40.56,50.9,1019.04,470.84,9115
6.22,39.33,93.23,1012.31,491.77,9116
27.47,63.78,48.47,1016.07,446.69,9117
21.99,71.85,74.77,1009.5,441.1,9118
24.67,61.5,72.77,1009.06,437.37,9119
8.62,42.49,86.93,1009.06,481.87,9120
18.14,67.71,95.69,1003.82,442.45,9121
20.33,57.76,75.35,1016.47,450.25,9122
26.1,58.9,71.63,1004.18,444.4,9123
4.0,39.9,97.21,1008.46,490.68,9124
22.26,60.37,92.37,1008.14,441.33,9125
23.57,64.15,68.19,1020.95,450.08,9126
17.7,43.69,61.98,1016.98,462.63,9127
9.47,41.4,89.08,1026.21,480.79,9128
16.69,50.9,84.98,1013.21,460.75,9129
9.82,41.04,77.28,1026.72,473.98,9130
10.78,41.93,95.71,1015.56,478.88,9131
25.63,48.92,34.64,1009.99,439.87,9132
9.29,35.77,63.29,1015.34,475.88,9133
9.86,37.83,100.15,1005.05,472.46,9134
11.37,40.56,64.8,1017.56,478.88,9135
25.79,70.4,86.03,1007.11,437.98,9136
24.93,70.32,61.25,1007.34,436.03,9137
28.41,75.6,56.07,1018.48,440.28,9138
9.25,41.26,91.21,1020.51,473.87,9139
26.49,71.73,74.48,1010.07,431.06,9140
15.98,39.64,81.21,1009.31,467.22,9141
20.77,56.85,83.63,1012.4,442.85,9142
13.69,41.74,60.86,1021.19,471.84,9143
26.03,64.44,62.24,1012.75,445.89,9144
9.43,41.4,84.98,1028.03,474.16,9145
26.37,69.84,83.51,1002.71,428.6,9146
7.64,41.17,75.14,1020.01,488.53,9147
28.76,51.43,49.79,1011.88,449.98,9148
27.84,68.08,46.19,1013.34,436.37,9149
9.42,39.64,74.03,1010.86,478.05,9150
25.08,51.43,71.98,1011.8,446.67,9151
21.73,61.45,91.59,1010.27,442.78,9152
5.18,41.31,92.14,1000.59,485.2,9153
21.17,58.46,83.98,1017.71,446.66,9154
22.52,66.48,78.29,1003.87,435.02,9155
12.76,41.48,70.34,1014.06,461.61,9156
27.71,62.39,68.21,1006.43,435.84,9157
24.66,48.78,71.79,1018.39,449.11,9158
7.2,40.02,69.89,1031.71,480.53,9159
6.14,39.4,90.87,1011.21,485.94,9160
23.0,60.27,84.25,1018.72,442.0,9161
13.26,42.99,94.26,1007.58,472.52,9162
22.34,52.84,73.96,1004.05,449.06,9163
12.31,37.73,63.01,1023.3,472.08,9164
23.63,58.98,81.16,1010.99,444.43,9165
23.39,68.51,78.6,1013.09,438.35,9166
28.8,71.77,66.03,1006.41,426.87,9167
23.28,72.24,90.5,1011.3,434.21,9168
28.6,71.22,58.33,1003.15,443.01,9169
15.89,41.7,82.68,1018.93,463.33,9170
15.46,42.07,81.12,1017.9,459.15,9171
22.86,62.4,78.24,1010.59,445.66,9172
20.9,67.07,82.85,1005.43,443.46,9173
17.75,49.25,63.67,1020.86,454.41,9174
25.93,60.29,50.03,1017.62,444.04,9175
23.99,50.32,67.4,1008.41,444.23,9176
18.76,56.53,86.62,1020.04,452.5,9177
7.44,38.5,70.27,1012.81,488.12,9178
25.18,65.06,55.77,1013.64,440.27,9179
9.12,41.49,96.23,1020.58,475.69,9180
20.01,59.87,84.12,1019.0,448.39,9181
30.66,73.77,78.09,1003.13,430.0,9182
32.2,72.29,69.94,1008.61,432.52,9183
14.77,44.47,71.18,1028.38,464.25,9184
13.48,39.35,81.25,1014.56,470.66,9185
20.64,61.86,99.97,1012.81,447.14,9186
17.42,44.06,82.15,1016.63,456.57,9187
18.76,58.79,88.22,1016.66,453.44,9188
31.16,69.88,68.28,1007.01,433.24,9189
18.05,56.03,77.87,1020.69,459.09,9190
7.29,41.04,89.19,1024.06,474.71,9191
30.36,68.08,51.32,1010.76,429.97,9192
8.81,43.14,73.99,1012.46,481.56,9193
21.17,59.8,77.73,1016.06,455.66,9194
18.0,43.7,61.28,1015.4,464.26,9195
13.2,44.9,87.68,1022.43,468.92,9196
28.16,70.72,65.32,1009.81,441.37,9197
14.84,43.69,68.67,1016.31,472.07,9198
30.2,70.02,63.39,1009.85,437.48,9199
6.53,42.85,91.6,1012.65,480.98,9200
29.51,75.6,50.61,1017.92,431.18,9201
12.58,39.72,64.25,1018.08,469.38,9202
12.12,38.28,91.27,1013.7,469.59,9203
3.74,35.19,98.84,1018.58,490.5,9204
30.98,71.29,47.7,1008.78,432.99,9205
14.09,44.47,72.36,1029.08,466.53,9206
24.84,56.89,67.24,1012.15,440.36,9207
14.79,44.06,74.79,1018.53,465.77,9208
9.7,40.71,80.34,1025.63,483.19,9209
28.55,65.27,48.95,1013.34,437.62,9210
20.98,42.23,70.7,1012.9,462.27,9211
15.86,39.82,77.37,1013.12,466.89,9212
15.29,41.35,82.56,1006.32,466.27,9213
13.31,42.18,83.94,1016.0,466.56,9214
16.78,39.63,87.91,1005.84,465.97,9215
19.66,45.01,60.14,1014.42,453.45,9216
23.73,59.15,62.65,1014.08,444.07,9217
33.63,77.54,58.04,1009.82,431.81,9218
25.56,69.13,68.26,1002.46,434.48,9219
27.95,77.54,78.97,1010.12,434.7,9220
26.92,67.25,61.68,1017.74,434.05,9221
10.2,41.46,83.26,1019.12,480.11,9222
16.09,65.46,85.52,1013.84,454.88,9223
33.82,77.17,58.91,1008.96,435.58,9224
13.85,44.9,76.79,1019.11,467.2,9225
15.24,39.39,74.24,1013.01,469.79,9226
10.03,43.72,96.89,1011.46,473.26,9227
17.2,58.49,92.01,1012.06,458.5,9228
12.72,40.64,93.24,1021.11,475.73,9229
25.97,70.32,57.01,1007.48,435.27,9230
10.1,40.22,90.36,1007.1,478.43,9231
10.48,37.5,95.26,1009.81,474.57,9232
25.84,69.14,88.47,1009.22,431.35,9233
18.51,48.06,79.83,1015.14,455.44,9234
22.82,60.08,65.71,1017.95,450.86,9235
8.76,40.96,90.72,1025.21,483.79,9236
6.49,39.33,91.85,1010.85,489.22,9237
21.01,50.9,70.82,1012.24,453.99,9238
13.31,40.1,82.11,1014.81,468.74,9239
26.13,71.64,87.18,1004.16,439.73,9240
5.34,39.22,81.42,1012.73,472.66,9241
8.72,40.72,77.87,1023.48,485.3,9242
25.32,71.94,62.93,1009.94,435.06,9243
25.68,58.41,70.61,1013.71,440.78,9244
24.04,60.77,75.23,1017.62,442.25,9245
20.21,60.84,82.73,1018.5,447.73,9246
25.97,57.32,47.48,1012.13,442.73,9247
25.68,46.21,57.53,1011.01,442.98,9248
19.51,66.51,80.75,1015.28,448.04,9249
27.57,71.32,76.68,1002.59,436.61,9250
10.15,41.46,83.56,1019.78,481.31,9251
13.75,41.49,88.23,1019.9,469.02,9252
11.02,41.44,83.53,1015.28,476.68,9253
19.44,39.53,63.18,1006.99,457.09,9254
14.83,53.82,63.47,1016.57,464.0,9255
25.59,61.5,68.0,1009.12,439.14,9256
27.29,71.32,81.59,1006.39,435.25,9257
31.04,66.54,53.05,1003.83,431.66,9258
28.15,72.24,62.39,1010.88,431.75,9259
25.3,71.29,62.98,1007.86,437.17,9260
10.76,40.78,87.96,1023.81,469.97,9261
6.81,37.49,88.25,1010.74,482.21,9262
25.41,77.54,89.09,1009.68,434.09,9263
9.82,37.83,100.07,1005.29,473.66,9264
15.3,43.67,95.31,1011.75,468.14,9265
12.64,40.69,82.06,1015.86,474.08,9266
12.51,41.92,64.66,1031.21,468.41,9267
17.78,58.95,89.61,1016.32,450.89,9268
28.4,75.23,55.01,1011.12,441.78,9269
7.49,39.81,85.96,1018.2,483.71,9270
11.67,42.74,79.57,1025.92,474.75,9271
28.68,70.32,45.73,1008.51,430.48,9272
10.24,39.28,81.61,1010.13,477.53,9273
22.95,45.61,73.92,1013.65,457.91,9274
7.95,41.26,97.92,1008.48,480.6,9275
5.72,40.81,92.46,1025.78,487.8,9276
24.24,68.3,81.51,1018.03,437.12,9277
30.01,73.18,60.9,1012.23,429.84,9278
9.36,44.03,87.2,1010.3,474.68,9279
22.44,63.86,64.83,1020.0,447.3,9280
21.39,64.27,95.39,1011.71,445.12,9281
26.78,66.54,49.01,1010.14,440.0,9282
16.76,45.09,57.71,1014.28,458.67,9283
10.12,43.72,97.62,1011.33,473.05,9284
19.84,65.48,76.6,1019.54,449.85,9285
28.32,66.54,45.6,1010.28,436.42,9286
8.25,41.26,91.84,1020.59,475.17,9287
24.2,68.67,78.08,1006.72,444.09,9288
28.32,71.32,78.82,1008.02,433.82,9289
22.29,61.27,58.23,1019.05,449.81,9290
29.05,69.71,64.25,1009.03,434.05,9291
17.34,46.48,83.15,1007.18,452.06,9292
17.25,39.39,67.8,1014.27,465.74,9293
13.82,42.32,81.19,1016.32,463.06,9294
27.05,77.95,76.56,1009.57,434.09,9295
15.99,43.5,73.22,1021.34,460.7,9296
26.01,58.41,70.84,1013.56,443.74,9297
31.31,67.48,57.06,1009.71,440.38,9298
25.57,65.46,38.58,1014.81,444.46,9299
16.74,38.01,69.19,1022.63,463.61,9300
20.35,56.53,70.05,1020.23,456.04,9301
6.71,39.37,71.15,1020.28,487.05,9302
12.84,39.54,89.86,1011.47,468.22,9303
29.57,67.83,55.74,1009.19,427.62,9304
20.46,51.43,83.79,1010.06,456.7,9305
29.29,71.14,49.97,1011.49,432.58,9306
10.13,38.16,79.04,1013.57,474.92,9307
26.93,59.54,75.5,1004.02,437.58,9308
14.39,43.56,59.17,1012.97,469.35,9309
5.18,40.27,81.64,1010.84,489.1,9310
20.1,57.17,87.68,1011.96,452.67,9311
8.53,43.14,78.88,1012.25,480.08,9312
24.1,52.84,47.58,1006.47,444.69,9313
9.29,34.03,74.81,1018.84,483.74,9314
22.07,58.95,75.83,1017.98,442.4,9315
23.57,61.47,84.17,1009.27,435.82,9316
20.45,59.8,79.21,1015.13,452.96,9317
9.97,41.62,96.02,1013.99,464.86,9318
26.62,76.2,69.13,1006.06,437.81,9319
27.11,69.59,79.2,1008.56,437.2,9320
19.51,48.78,86.33,1021.03,453.27,9321
18.01,54.9,77.82,1017.04,455.91,9322
14.41,40.71,69.77,1016.78,467.01,9323
24.66,72.24,77.45,1011.35,434.33,9324
10.59,41.54,73.88,1019.94,477.05,9325
12.28,40.55,98.56,1005.72,472.47,9326
11.19,40.64,84.49,1020.57,472.86,9327
14.62,42.86,84.5,1015.56,470.79,9328
10.05,37.14,75.97,1012.64,474.16,9329
24.91,71.29,69.06,1008.29,437.03,9330
30.96,69.82,51.55,1009.6,438.74,9331
30.31,74.16,58.81,1010.69,436.23,9332
17.47,43.77,76.78,1012.25,456.41,9333
30.36,71.8,63.27,1010.9,437.4,9334
25.06,44.57,56.07,1007.39,443.66,9335
20.57,42.8,75.48,1013.1,460.43,9336
17.79,46.21,85.25,1010.38,448.74,9337
18.51,50.9,82.71,1012.95,459.11,9338
13.21,40.56,64.49,1018.12,475.86,9339
30.24,68.3,48.25,1016.21,431.82,9340
24.4,67.45,57.1,1015.63,435.47,9341
8.72,40.02,78.09,1031.32,477.86,9342
11.16,40.96,83.7,1023.49,478.3,9343
20.28,48.78,82.51,1017.4,451.59,9344
8.57,41.17,72.47,1020.18,484.2,9345
31.2,73.17,53.23,1010.28,431.23,9346
21.83,63.07,87.02,1011.57,443.1,9347
14.43,44.47,70.7,1028.57,466.56,9348
31.35,70.8,66.37,1010.11,432.19,9349
12.27,41.17,58.1,1019.41,475.13,9350
10.09,41.62,96.56,1015.21,463.86,9351
5.24,38.68,78.65,1018.03,486.67,9352
7.14,39.4,91.84,1011.68,482.82,9353
6.63,39.42,72.58,1024.81,482.02,9354
27.37,65.06,50.92,1013.09,440.5,9355
30.39,71.8,64.11,1010.87,435.82,9356
15.75,47.45,86.68,1009.86,451.5,9357
28.82,71.43,58.58,1011.51,443.68,9358
24.0,75.23,72.46,1010.69,443.78,9359
28.17,72.43,68.92,1007.37,428.88,9360
27.2,78.05,90.2,1010.15,430.55,9361
30.08,68.14,77.38,1003.99,425.27,9362
9.65,41.03,64.97,1021.09,481.68,9363
28.15,70.72,73.38,1009.76,436.19,9364
27.21,68.12,54.69,1012.96,435.2,9365
14.65,41.92,63.07,1030.61,464.95,9366
32.18,65.74,46.52,1010.89,435.58,9367
7.57,41.14,87.97,1028.23,477.8,9368
27.2,49.16,46.73,1005.33,440.57,9369
25.89,59.22,80.17,1013.4,445.75,9370
25.01,66.56,64.94,1009.68,435.73,9371
26.68,68.08,67.33,1011.41,433.04,9372
17.72,50.9,85.55,1012.02,456.4,9373
28.62,70.94,53.0,1007.38,432.71,9374
27.06,61.41,45.23,1011.99,452.85,9375
24.27,74.99,82.49,1007.73,438.26,9376
32.15,69.98,55.13,1013.3,429.86,9377
17.08,38.58,73.42,1015.41,461.49,9378
22.08,45.61,75.71,1014.02,456.71,9379
13.27,52.75,65.12,1025.86,464.82,9380
30.24,68.24,64.67,1009.68,426.25,9381
13.13,40.75,80.87,1016.05,472.5,9382
26.2,63.56,67.07,1013.39,442.4,9383
9.74,41.01,98.39,1019.12,465.8,9384
23.83,58.79,78.13,1009.77,444.34,9385
24.49,60.27,72.62,1018.96,440.87,9386
26.66,64.27,58.88,1012.83,437.87,9387
14.42,44.66,93.89,1016.1,461.34,9388
10.76,44.58,79.24,1016.41,483.54,9389
21.79,58.2,66.74,1017.21,446.94,9390
9.51,38.38,73.82,1022.77,474.93,9391
11.06,41.16,89.14,1018.52,467.46,9392
27.69,69.71,69.91,1009.9,440.43,9393
20.48,39.72,57.32,1001.61,455.58,9394
22.03,64.79,76.2,1017.95,450.25,9395
5.81,45.87,94.38,1009.63,479.66,9396
12.23,41.58,87.66,1018.76,464.45,9397
6.29,40.78,96.37,1024.75,478.29,9398
24.64,58.79,73.96,1009.82,444.26,9399
24.05,67.83,63.8,1009.35,442.53,9400
11.06,36.71,80.44,1021.67,473.85,9401
32.49,71.32,57.12,1005.03,433.59,9402
19.69,57.32,75.51,1012.41,449.59,9403
23.82,44.89,74.69,1009.39,445.45,9404
11.0,40.23,86.5,1019.08,475.9,9405
10.15,41.14,91.54,1025.5,473.56,9406
23.41,74.99,84.55,1007.22,442.51,9407
19.31,67.71,77.15,1005.31,446.23,9408
30.34,68.08,49.4,1010.85,428.34,9409
25.2,57.5,59.62,1015.19,446.26,9410
28.26,69.23,42.1,1013.01,436.31,9411
23.39,73.5,88.48,1011.37,441.18,9412
5.98,39.61,84.86,1017.27,482.17,9413
29.62,73.18,61.6,1012.21,427.22,9414
22.59,70.32,74.39,1007.07,437.39,9415
21.53,58.05,87.57,1012.9,447.93,9416
15.86,38.62,67.51,1016.65,462.58,9417
12.36,40.56,72.99,1022.11,474.71,9418
21.09,59.8,76.95,1016.94,451.98,9419
25.07,60.27,70.33,1018.13,439.52,9420
31.12,67.69,50.46,1005.3,425.21,9421
30.27,64.69,53.69,1006.3,435.67,9422
19.48,63.09,78.04,1019.28,449.6,9423
12.95,43.71,90.7,1025.63,469.15,9424
23.62,67.45,59.8,1014.63,439.45,9425
18.93,67.71,82.4,1005.04,444.55,9426
14.57,42.18,74.89,1015.13,465.75,9427
22.75,57.76,66.54,1017.83,452.33,9428
25.5,67.83,61.29,1009.29,437.49,9429
29.67,66.51,34.1,1015.6,434.8,9430
25.88,69.13,85.67,1002.44,426.14,9431
14.57,39.28,76.94,1015.1,469.27,9432
13.44,42.34,96.65,1018.0,459.6,9433
18.67,44.06,77.18,1017.13,454.51,9434
29.53,71.97,79.25,1008.6,434.96,9435
18.31,52.9,66.14,1015.99,459.61,9436
13.09,41.62,83.14,1011.82,457.29,9437
26.56,52.3,62.04,1007.4,439.25,9438
10.46,37.5,76.74,1013.12,472.16,9439
20.73,41.1,47.51,1001.86,456.44,9440
28.82,77.24,78.93,1008.35,433.69,9441
28.52,70.72,66.76,1009.64,437.72,9442
16.13,53.82,63.08,1015.63,459.16,9443
22.82,64.63,66.73,1020.78,449.34,9444
22.84,67.32,64.67,1013.77,438.36,9445
30.56,69.04,55.73,1009.29,442.24,9446
29.9,74.99,59.76,1002.28,436.77,9447
8.47,41.03,70.16,1021.72,485.1,9448
27.89,70.94,49.18,1007.54,435.21,9449
12.12,41.17,78.72,1017.68,470.67,9450
20.42,45.01,66.5,1012.23,451.28,9451
33.2,73.88,48.48,1005.67,438.12,9452
23.62,56.85,64.44,1011.11,442.96,9453
14.79,46.48,92.4,1007.46,462.55,9454
19.94,44.63,78.48,1004.73,455.58,9455
17.16,53.16,82.85,1013.2,456.93,9456
8.67,40.77,89.4,1011.81,479.23,9457
21.41,56.9,79.41,1007.03,441.41,9458
7.93,42.28,85.57,1008.43,484.75,9459
29.7,67.17,66.56,1007.31,438.04,9460
15.84,41.04,63.43,1025.64,456.21,9461
25.63,69.89,77.42,1015.17,434.47,9462
5.71,45.87,93.42,1012.04,482.49,9463
25.31,67.9,68.04,1006.34,440.36,9464
29.65,72.86,69.63,1004.26,434.67,9465
20.0,69.48,85.51,1011.05,448.79,9466
13.78,41.16,75.77,1021.65,460.44,9467
14.14,43.34,81.77,1017.1,464.36,9468
23.65,71.98,93.39,1006.09,434.11,9469
15.33,43.13,53.17,1015.41,466.86,9470
26.98,43.77,40.8,1010.95,446.05,9471
29.29,70.36,60.82,1006.64,431.26,9472
30.85,68.94,68.99,1007.31,426.1,9473
11.35,38.91,83.45,1017.93,474.22,9474
30.26,59.22,61.08,1013.18,442.98,9475
28.16,71.94,68.17,1007.69,430.46,9476
34.03,73.56,51.07,1006.49,440.29,9477
20.15,58.59,91.96,1014.13,443.85,9478
17.01,50.9,82.03,1013.23,460.14,9479
9.88,40.71,84.32,1015.34,471.8,9480
12.71,41.39,74.2,1019.3,475.13,9481
30.89,74.87,56.58,1008.99,432.68,9482
10.84,40.27,87.27,1005.24,479.22,9483
27.34,59.87,59.04,1012.06,448.26,9484
14.81,44.88,66.7,1019.1,464.65,9485
18.2,45.01,68.14,1013.82,452.21,9486
22.7,60.84,71.48,1019.15,438.59,9487
22.43,63.94,93.24,1012.76,444.53,9488
30.0,61.5,48.63,1009.4,435.6,9489
25.72,59.21,66.62,1012.37,437.72,9490
20.88,56.85,84.28,1010.91,440.08,9491
28.31,66.17,72.66,1009.75,444.51,9492
12.42,41.58,86.31,1019.49,466.05,9493
21.35,58.16,67.66,1017.21,452.83,9494
26.66,73.56,99.27,1006.9,433.62,9495
16.61,45.87,97.93,1009.34,455.86,9496
17.14,58.16,77.22,1018.59,458.61,9497
20.98,42.23,67.37,1013.12,461.9,9498
13.41,54.3,79.28,1016.48,467.88,9499
11.99,49.83,95.2,1008.33,468.22,9500
17.27,44.9,78.8,1007.85,454.19,9501
22.58,59.14,80.91,1017.2,439.78,9502
18.89,58.66,84.07,1010.96,453.33,9503
22.41,70.98,95.03,1005.67,441.51,9504
24.06,69.94,60.46,1005.47,436.88,9505
30.37,76.09,65.93,1006.95,435.01,9506
13.42,41.74,61.8,1020.96,473.45,9507
10.63,42.28,92.68,1008.37,474.97,9508
10.94,25.36,100.1,1009.47,470.9,9509
31.0,77.95,65.97,1010.14,431.62,9510
8.47,41.26,91.28,1020.57,477.14,9511
18.33,52.08,100.09,1001.78,448.23,9512
28.43,69.59,73.33,1008.79,439.26,9513
24.97,58.95,56.24,1017.19,440.03,9514
10.5,39.28,91.75,1016.55,480.92,9515
27.35,77.95,73.36,1017.43,437.61,9516
25.06,64.63,54.93,1020.66,446.57,9517
29.39,68.24,66.76,1009.06,427.96,9518
24.18,58.49,77.82,1011.3,445.49,9519
15.75,39.99,77.44,1007.02,464.95,9520
10.32,42.02,99.12,998.27,472.16,9521
17.36,39.53,68.87,1008.28,456.57,9522
12.27,41.17,58.1,1019.41,475.13,9523
15.11,40.71,69.31,1017.96,465.42,9524
22.2,63.94,56.17,1017.38,445.6,9525
22.88,59.21,86.93,1011.51,440.25,9526
28.96,75.23,49.45,1010.88,439.03,9527
5.35,35.57,80.81,1027.12,488.65,9528
20.2,64.45,61.77,1009.03,452.33,9529
11.01,37.5,73.36,1015.08,474.36,9530
15.5,44.92,86.44,1024.16,462.12,9531
20.19,62.26,89.69,1011.37,443.58,9532
24.95,64.33,81.05,1011.34,440.97,9533
19.7,51.3,88.1,1014.88,454.94,9534
28.57,65.27,51.11,1013.27,440.51,9535
8.07,41.01,97.5,1023.26,474.09,9536
19.68,68.28,71.57,1002.62,452.47,9537
8.64,38.56,66.03,1016.51,484.45,9538
10.53,37.5,99.91,1008.55,472.32,9539
23.53,50.05,78.4,1005.63,443.71,9540
24.9,67.25,66.17,1017.77,433.71,9541
5.01,39.4,91.9,1003.69,475.34,9542
22.66,69.84,82.79,1006.16,439.06,9543
29.76,57.19,51.1,1008.59,436.21,9544
26.3,61.41,56.85,1012.45,448.55,9545
30.17,74.22,49.27,1007.46,432.0,9546
8.02,40.23,90.26,1017.42,484.22,9547
19.12,50.16,99.71,1011.52,451.49,9548
14.87,42.18,74.41,1015.23,465.89,9549
9.71,42.44,94.03,1014.29,481.03,9550
24.33,77.54,82.45,1008.5,435.38,9551
7.17,39.4,90.38,1011.48,484.33,9552
24.61,62.96,63.83,1020.1,445.79,9553
23.48,66.44,61.11,1011.28,443.21,9554
23.7,70.32,66.85,1007.21,439.59,9555
25.44,69.59,80.73,1008.22,433.97,9556
17.46,62.1,83.99,1019.96,451.06,9557
22.97,62.4,75.18,1010.25,445.3,9558
26.22,49.82,55.8,1015.48,454.2,9559
23.27,68.28,74.83,1005.01,444.86,9560
11.76,41.58,88.35,1020.91,465.45,9561
14.02,40.1,82.44,1015.56,467.32,9562
16.65,49.69,91.0,1014.01,460.03,9563
13.19,39.18,66.78,1023.67,469.62,9564
31.32,74.33,36.48,1012.92,429.57,9565
24.48,69.45,62.39,1013.86,435.74,9566
21.6,62.52,67.87,1017.23,453.28,9567
