feature_fixed_acidity,feature_volatile_acidity,feature_citric_acid,feature_residual_sugar,feature_chlorides,feature_free_sulfur_dioxide,feature_total_sulfur_dioxide,feature_sulphates,feature_wine_type,intermediate_density,intermediate_ph,intermediate_alcohol,target_quality,ID_wine_type,ID_row
7.4,0.7,0.0,1.9,0.076,11.0,34.0,0.56,red,0.9978,3.51,9.4,5,red,0
7.8,0.88,0.0,2.6,0.098,25.0,67.0,0.68,red,0.9968,3.2,9.8,5,red,1
7.8,0.76,0.04,2.3,0.092,15.0,54.0,0.65,red,0.997,3.26,9.8,5,red,2
11.2,0.28,0.56,1.9,0.075,17.0,60.0,0.58,red,0.998,3.16,9.8,6,red,3
7.4,0.7,0.0,1.9,0.076,11.0,34.0,0.56,red,0.9978,3.51,9.4,5,red,4
7.4,0.66,0.0,1.8,0.075,13.0,40.0,0.56,red,0.9978,3.51,9.4,5,red,5
7.9,0.6,0.06,1.6,0.069,15.0,59.0,0.46,red,0.9964,3.3,9.4,5,red,6
7.3,0.65,0.0,1.2,0.065,15.0,21.0,0.47,red,0.9946,3.39,10.0,7,red,7
7.8,0.58,0.02,2.0,0.073,9.0,18.0,0.57,red,0.9968,3.36,9.5,7,red,8
7.5,0.5,0.36,6.1,0.071,17.0,102.0,0.8,red,0.9978,3.35,10.5,5,red,9
6.7,0.58,0.08,1.8,0.097,15.0,65.0,0.54,red,0.9959,3.28,9.2,5,red,10
7.5,0.5,0.36,6.1,0.071,17.0,102.0,0.8,red,0.9978,3.35,10.5,5,red,11
5.6,0.615,0.0,1.6,0.089,16.0,59.0,0.52,red,0.9943,3.58,9.9,5,red,12
7.8,0.61,0.29,1.6,0.114,9.0,29.0,1.56,red,0.9974,3.26,9.1,5,red,13
8.9,0.62,0.18,3.8,0.176,52.0,145.0,0.88,red,0.9986,3.16,9.2,5,red,14
8.9,0.62,0.19,3.9,0.17,51.0,148.0,0.93,red,0.9986,3.17,9.2,5,red,15
8.5,0.28,0.56,1.8,0.092,35.0,103.0,0.75,red,0.9969,3.3,10.5,7,red,16
8.1,0.56,0.28,1.7,0.368,16.0,56.0,1.28,red,0.9968,3.11,9.3,5,red,17
7.4,0.59,0.08,4.4,0.086,6.0,29.0,0.5,red,0.9974,3.38,9.0,4,red,18
7.9,0.32,0.51,1.8,0.341,17.0,56.0,1.08,red,0.9969,3.04,9.2,6,red,19
8.9,0.22,0.48,1.8,0.077,29.0,60.0,0.53,red,0.9968,3.39,9.4,6,red,20
7.6,0.39,0.31,2.3,0.082,23.0,71.0,0.65,red,0.9982,3.52,9.7,5,red,21
7.9,0.43,0.21,1.6,0.106,10.0,37.0,0.91,red,0.9966,3.17,9.5,5,red,22
8.5,0.49,0.11,2.3,0.084,9.0,67.0,0.53,red,0.9968,3.17,9.4,5,red,23
6.9,0.4,0.14,2.4,0.085,21.0,40.0,0.63,red,0.9968,3.43,9.7,6,red,24
6.3,0.39,0.16,1.4,0.08,11.0,23.0,0.56,red,0.9955,3.34,9.3,5,red,25
7.6,0.41,0.24,1.8,0.08,4.0,11.0,0.59,red,0.9962,3.28,9.5,5,red,26
7.9,0.43,0.21,1.6,0.106,10.0,37.0,0.91,red,0.9966,3.17,9.5,5,red,27
7.1,0.71,0.0,1.9,0.08,14.0,35.0,0.55,red,0.9972,3.47,9.4,5,red,28
7.8,0.645,0.0,2.0,0.082,8.0,16.0,0.59,red,0.9964,3.38,9.8,6,red,29
6.7,0.675,0.07,2.4,0.089,17.0,82.0,0.54,red,0.9958,3.35,10.1,5,red,30
6.9,0.685,0.0,2.5,0.105,22.0,37.0,0.57,red,0.9966,3.46,10.6,6,red,31
8.3,0.655,0.12,2.3,0.083,15.0,113.0,0.66,red,0.9966,3.17,9.8,5,red,32
6.9,0.605,0.12,10.7,0.073,40.0,83.0,0.52,red,0.9993,3.45,9.4,6,red,33
5.2,0.32,0.25,1.8,0.103,13.0,50.0,0.55,red,0.9957,3.38,9.2,5,red,34
7.8,0.645,0.0,5.5,0.086,5.0,18.0,0.55,red,0.9986,3.4,9.6,6,red,35
7.8,0.6,0.14,2.4,0.086,3.0,15.0,0.6,red,0.9975,3.42,10.8,6,red,36
8.1,0.38,0.28,2.1,0.066,13.0,30.0,0.73,red,0.9968,3.23,9.7,7,red,37
5.7,1.13,0.09,1.5,0.172,7.0,19.0,0.48,red,0.994,3.5,9.8,4,red,38
7.3,0.45,0.36,5.9,0.074,12.0,87.0,0.83,red,0.9978,3.33,10.5,5,red,39
7.3,0.45,0.36,5.9,0.074,12.0,87.0,0.83,red,0.9978,3.33,10.5,5,red,40
8.8,0.61,0.3,2.8,0.088,17.0,46.0,0.51,red,0.9976,3.26,9.3,4,red,41
7.5,0.49,0.2,2.6,0.332,8.0,14.0,0.9,red,0.9968,3.21,10.5,6,red,42
8.1,0.66,0.22,2.2,0.069,9.0,23.0,1.2,red,0.9968,3.3,10.3,5,red,43
6.8,0.67,0.02,1.8,0.05,5.0,11.0,0.52,red,0.9962,3.48,9.5,5,red,44
4.6,0.52,0.15,2.1,0.054,8.0,65.0,0.56,red,0.9934,3.9,13.1,4,red,45
7.7,0.935,0.43,2.2,0.114,22.0,114.0,0.73,red,0.997,3.25,9.2,5,red,46
8.7,0.29,0.52,1.6,0.113,12.0,37.0,0.58,red,0.9969,3.25,9.5,5,red,47
6.4,0.4,0.23,1.6,0.066,5.0,12.0,0.56,red,0.9958,3.34,9.2,5,red,48
5.6,0.31,0.37,1.4,0.074,12.0,96.0,0.58,red,0.9954,3.32,9.2,5,red,49
8.8,0.66,0.26,1.7,0.074,4.0,23.0,0.74,red,0.9971,3.15,9.2,5,red,50
6.6,0.52,0.04,2.2,0.069,8.0,15.0,0.63,red,0.9956,3.4,9.4,6,red,51
6.6,0.5,0.04,2.1,0.068,6.0,14.0,0.64,red,0.9955,3.39,9.4,6,red,52
8.6,0.38,0.36,3.0,0.081,30.0,119.0,0.56,red,0.997,3.2,9.4,5,red,53
7.6,0.51,0.15,2.8,0.11,33.0,73.0,0.63,red,0.9955,3.17,10.2,6,red,54
7.7,0.62,0.04,3.8,0.084,25.0,45.0,0.53,red,0.9978,3.34,9.5,5,red,55
10.2,0.42,0.57,3.4,0.07,4.0,10.0,0.63,red,0.9971,3.04,9.6,5,red,56
7.5,0.63,0.12,5.1,0.111,50.0,110.0,0.77,red,0.9983,3.26,9.4,5,red,57
7.8,0.59,0.18,2.3,0.076,17.0,54.0,0.59,red,0.9975,3.43,10.0,5,red,58
7.3,0.39,0.31,2.4,0.074,9.0,46.0,0.54,red,0.9962,3.41,9.4,6,red,59
8.8,0.4,0.4,2.2,0.079,19.0,52.0,0.64,red,0.998,3.44,9.2,5,red,60
7.7,0.69,0.49,1.8,0.115,20.0,112.0,0.71,red,0.9968,3.21,9.3,5,red,61
7.5,0.52,0.16,1.9,0.085,12.0,35.0,0.62,red,0.9968,3.38,9.5,7,red,62
7.0,0.735,0.05,2.0,0.081,13.0,54.0,0.57,red,0.9966,3.39,9.8,5,red,63
7.2,0.725,0.05,4.65,0.086,4.0,11.0,0.39,red,0.9962,3.41,10.9,5,red,64
7.2,0.725,0.05,4.65,0.086,4.0,11.0,0.39,red,0.9962,3.41,10.9,5,red,65
7.5,0.52,0.11,1.5,0.079,11.0,39.0,0.58,red,0.9968,3.42,9.6,5,red,66
6.6,0.705,0.07,1.6,0.076,6.0,15.0,0.58,red,0.9962,3.44,10.7,5,red,67
9.3,0.32,0.57,2.0,0.074,27.0,65.0,0.79,red,0.9969,3.28,10.7,5,red,68
8.0,0.705,0.05,1.9,0.074,8.0,19.0,0.95,red,0.9962,3.34,10.5,6,red,69
7.7,0.63,0.08,1.9,0.076,15.0,27.0,0.54,red,0.9967,3.32,9.5,6,red,70
7.7,0.67,0.23,2.1,0.088,17.0,96.0,0.48,red,0.9962,3.32,9.5,5,red,71
7.7,0.69,0.22,1.9,0.084,18.0,94.0,0.48,red,0.9961,3.31,9.5,5,red,72
8.3,0.675,0.26,2.1,0.084,11.0,43.0,0.53,red,0.9976,3.31,9.2,4,red,73
9.7,0.32,0.54,2.5,0.094,28.0,83.0,0.82,red,0.9984,3.28,9.6,5,red,74
8.8,0.41,0.64,2.2,0.093,9.0,42.0,0.66,red,0.9986,3.54,10.5,5,red,75
8.8,0.41,0.64,2.2,0.093,9.0,42.0,0.66,red,0.9986,3.54,10.5,5,red,76
6.8,0.785,0.0,2.4,0.104,14.0,30.0,0.55,red,0.9966,3.52,10.7,6,red,77
6.7,0.75,0.12,2.0,0.086,12.0,80.0,0.52,red,0.9958,3.38,10.1,5,red,78
8.3,0.625,0.2,1.5,0.08,27.0,119.0,1.12,red,0.9972,3.16,9.1,4,red,79
6.2,0.45,0.2,1.6,0.069,3.0,15.0,0.56,red,0.9958,3.41,9.2,5,red,80
7.8,0.43,0.7,1.9,0.464,22.0,67.0,1.28,red,0.9974,3.13,9.4,5,red,81
7.4,0.5,0.47,2.0,0.086,21.0,73.0,0.57,red,0.997,3.36,9.1,5,red,82
7.3,0.67,0.26,1.8,0.401,16.0,51.0,1.14,red,0.9969,3.16,9.4,5,red,83
6.3,0.3,0.48,1.8,0.069,18.0,61.0,0.78,red,0.9959,3.44,10.3,6,red,84
6.9,0.55,0.15,2.2,0.076,19.0,40.0,0.59,red,0.9961,3.41,10.1,5,red,85
8.6,0.49,0.28,1.9,0.11,20.0,136.0,1.95,red,0.9972,2.93,9.9,6,red,86
7.7,0.49,0.26,1.9,0.062,9.0,31.0,0.64,red,0.9966,3.39,9.6,5,red,87
9.3,0.39,0.44,2.1,0.107,34.0,125.0,1.22,red,0.9978,3.14,9.5,5,red,88
7.0,0.62,0.08,1.8,0.076,8.0,24.0,0.53,red,0.9978,3.48,9.0,5,red,89
7.9,0.52,0.26,1.9,0.079,42.0,140.0,0.54,red,0.9964,3.23,9.5,5,red,90
8.6,0.49,0.28,1.9,0.11,20.0,136.0,1.95,red,0.9972,2.93,9.9,6,red,91
8.6,0.49,0.29,2.0,0.11,19.0,133.0,1.98,red,0.9972,2.93,9.8,5,red,92
7.7,0.49,0.26,1.9,0.062,9.0,31.0,0.64,red,0.9966,3.39,9.6,5,red,93
5.0,1.02,0.04,1.4,0.045,41.0,85.0,0.48,red,0.9938,3.75,10.5,4,red,94
4.7,0.6,0.17,2.3,0.058,17.0,106.0,0.6,red,0.9932,3.85,12.9,6,red,95
6.8,0.775,0.0,3.0,0.102,8.0,23.0,0.56,red,0.9965,3.45,10.7,5,red,96
7.0,0.5,0.25,2.0,0.07,3.0,22.0,0.63,red,0.9963,3.25,9.2,5,red,97
7.6,0.9,0.06,2.5,0.079,5.0,10.0,0.56,red,0.9967,3.39,9.8,5,red,98
8.1,0.545,0.18,1.9,0.08,13.0,35.0,0.59,red,0.9972,3.3,9.0,6,red,99
8.3,0.61,0.3,2.1,0.084,11.0,50.0,0.61,red,0.9972,3.4,10.2,6,red,100
7.8,0.5,0.3,1.9,0.075,8.0,22.0,0.56,red,0.9959,3.31,10.4,6,red,101
8.1,0.545,0.18,1.9,0.08,13.0,35.0,0.59,red,0.9972,3.3,9.0,6,red,102
8.1,0.575,0.22,2.1,0.077,12.0,65.0,0.51,red,0.9967,3.29,9.2,5,red,103
7.2,0.49,0.24,2.2,0.07,5.0,36.0,0.48,red,0.996,3.33,9.4,5,red,104
8.1,0.575,0.22,2.1,0.077,12.0,65.0,0.51,red,0.9967,3.29,9.2,5,red,105
7.8,0.41,0.68,1.7,0.467,18.0,69.0,1.31,red,0.9973,3.08,9.3,5,red,106
6.2,0.63,0.31,1.7,0.088,15.0,64.0,0.79,red,0.9969,3.46,9.3,5,red,107
8.0,0.33,0.53,2.5,0.091,18.0,80.0,0.8,red,0.9976,3.37,9.6,6,red,108
8.1,0.785,0.52,2.0,0.122,37.0,153.0,0.69,red,0.9969,3.21,9.3,5,red,109
7.8,0.56,0.19,1.8,0.104,12.0,47.0,0.93,red,0.9964,3.19,9.5,5,red,110
8.4,0.62,0.09,2.2,0.084,11.0,108.0,0.66,red,0.9964,3.15,9.8,5,red,111
8.4,0.6,0.1,2.2,0.085,14.0,111.0,0.66,red,0.9964,3.15,9.8,5,red,112
10.1,0.31,0.44,2.3,0.08,22.0,46.0,0.67,red,0.9988,3.32,9.7,6,red,113
7.8,0.56,0.19,1.8,0.104,12.0,47.0,0.93,red,0.9964,3.19,9.5,5,red,114
9.4,0.4,0.31,2.2,0.09,13.0,62.0,0.63,red,0.9966,3.07,10.5,6,red,115
8.3,0.54,0.28,1.9,0.077,11.0,40.0,0.61,red,0.9978,3.39,10.0,6,red,116
7.8,0.56,0.12,2.0,0.082,7.0,28.0,0.5,red,0.997,3.37,9.4,6,red,117
8.8,0.55,0.04,2.2,0.119,14.0,56.0,0.6,red,0.9962,3.21,10.9,6,red,118
7.0,0.69,0.08,1.8,0.097,22.0,89.0,0.54,red,0.9959,3.34,9.2,6,red,119
7.3,1.07,0.09,1.7,0.178,10.0,89.0,0.57,red,0.9962,3.3,9.0,5,red,120
8.8,0.55,0.04,2.2,0.119,14.0,56.0,0.6,red,0.9962,3.21,10.9,6,red,121
7.3,0.695,0.0,2.5,0.075,3.0,13.0,0.52,red,0.998,3.49,9.2,5,red,122
8.0,0.71,0.0,2.6,0.08,11.0,34.0,0.53,red,0.9976,3.44,9.5,5,red,123
7.8,0.5,0.17,1.6,0.082,21.0,102.0,0.48,red,0.996,3.39,9.5,5,red,124
9.0,0.62,0.04,1.9,0.146,27.0,90.0,0.7,red,0.9984,3.16,9.4,5,red,125
8.2,1.33,0.0,1.7,0.081,3.0,12.0,0.49,red,0.9964,3.53,10.9,5,red,126
8.1,1.33,0.0,1.8,0.082,3.0,12.0,0.48,red,0.9964,3.54,10.9,5,red,127
8.0,0.59,0.16,1.8,0.065,3.0,16.0,0.92,red,0.9962,3.42,10.5,7,red,128
6.1,0.38,0.15,1.8,0.072,6.0,19.0,0.57,red,0.9955,3.42,9.4,5,red,129
8.0,0.745,0.56,2.0,0.118,30.0,134.0,0.66,red,0.9968,3.24,9.4,5,red,130
5.6,0.5,0.09,2.3,0.049,17.0,99.0,0.63,red,0.9937,3.63,13.0,5,red,131
5.6,0.5,0.09,2.3,0.049,17.0,99.0,0.63,red,0.9937,3.63,13.0,5,red,132
6.6,0.5,0.01,1.5,0.06,17.0,26.0,0.58,red,0.9952,3.4,9.8,6,red,133
7.9,1.04,0.05,2.2,0.084,13.0,29.0,0.55,red,0.9959,3.22,9.9,6,red,134
8.4,0.745,0.11,1.9,0.09,16.0,63.0,0.82,red,0.9965,3.19,9.6,5,red,135
8.3,0.715,0.15,1.8,0.089,10.0,52.0,0.77,red,0.9968,3.23,9.5,5,red,136
7.2,0.415,0.36,2.0,0.081,13.0,45.0,0.64,red,0.9972,3.48,9.2,5,red,137
7.8,0.56,0.19,2.1,0.081,15.0,105.0,0.54,red,0.9962,3.33,9.5,5,red,138
7.8,0.56,0.19,2.0,0.081,17.0,108.0,0.54,red,0.9962,3.32,9.5,5,red,139
8.4,0.745,0.11,1.9,0.09,16.0,63.0,0.82,red,0.9965,3.19,9.6,5,red,140
8.3,0.715,0.15,1.8,0.089,10.0,52.0,0.77,red,0.9968,3.23,9.5,5,red,141
5.2,0.34,0.0,1.8,0.05,27.0,63.0,0.79,red,0.9916,3.68,14.0,6,red,142
6.3,0.39,0.08,1.7,0.066,3.0,20.0,0.58,red,0.9954,3.34,9.4,5,red,143
5.2,0.34,0.0,1.8,0.05,27.0,63.0,0.79,red,0.9916,3.68,14.0,6,red,144
8.1,0.67,0.55,1.8,0.117,32.0,141.0,0.62,red,0.9968,3.17,9.4,5,red,145
5.8,0.68,0.02,1.8,0.087,21.0,94.0,0.52,red,0.9944,3.54,10.0,5,red,146
7.6,0.49,0.26,1.6,0.236,10.0,88.0,0.8,red,0.9968,3.11,9.3,5,red,147
6.9,0.49,0.1,2.3,0.074,12.0,30.0,0.58,red,0.9959,3.42,10.2,6,red,148
8.2,0.4,0.44,2.8,0.089,11.0,43.0,0.61,red,0.9975,3.53,10.5,6,red,149
7.3,0.33,0.47,2.1,0.077,5.0,11.0,0.53,red,0.9958,3.33,10.3,6,red,150
9.2,0.52,1.0,3.4,0.61,32.0,69.0,2.0,red,0.9996,2.74,9.4,4,red,151
7.5,0.6,0.03,1.8,0.095,25.0,99.0,0.54,red,0.995,3.35,10.1,5,red,152
7.5,0.6,0.03,1.8,0.095,25.0,99.0,0.54,red,0.995,3.35,10.1,5,red,153
7.1,0.43,0.42,5.5,0.07,29.0,129.0,0.72,red,0.9973,3.42,10.5,5,red,154
7.1,0.43,0.42,5.5,0.071,28.0,128.0,0.71,red,0.9973,3.42,10.5,5,red,155
7.1,0.43,0.42,5.5,0.07,29.0,129.0,0.72,red,0.9973,3.42,10.5,5,red,156
7.1,0.43,0.42,5.5,0.071,28.0,128.0,0.71,red,0.9973,3.42,10.5,5,red,157
7.1,0.68,0.0,2.2,0.073,12.0,22.0,0.5,red,0.9969,3.48,9.3,5,red,158
6.8,0.6,0.18,1.9,0.079,18.0,86.0,0.57,red,0.9968,3.59,9.3,6,red,159
7.6,0.95,0.03,2.0,0.09,7.0,20.0,0.56,red,0.9959,3.2,9.6,5,red,160
7.6,0.68,0.02,1.3,0.072,9.0,20.0,1.08,red,0.9965,3.17,9.2,4,red,161
7.8,0.53,0.04,1.7,0.076,17.0,31.0,0.56,red,0.9964,3.33,10.0,6,red,162
7.4,0.6,0.26,7.3,0.07,36.0,121.0,0.49,red,0.9982,3.37,9.4,5,red,163
7.3,0.59,0.26,7.2,0.07,35.0,121.0,0.49,red,0.9981,3.37,9.4,5,red,164
7.8,0.63,0.48,1.7,0.1,14.0,96.0,0.62,red,0.9961,3.19,9.5,5,red,165
6.8,0.64,0.1,2.1,0.085,18.0,101.0,0.52,red,0.9956,3.34,10.2,5,red,166
7.3,0.55,0.03,1.6,0.072,17.0,42.0,0.48,red,0.9956,3.37,9.0,4,red,167
6.8,0.63,0.07,2.1,0.089,11.0,44.0,0.55,red,0.9953,3.47,10.4,6,red,168
7.5,0.705,0.24,1.8,0.36,15.0,63.0,1.59,red,0.9964,3.0,9.5,5,red,169
7.9,0.885,0.03,1.8,0.058,4.0,8.0,0.33,red,0.9972,3.36,9.1,4,red,170
8.0,0.42,0.17,2.0,0.073,6.0,18.0,0.61,red,0.9972,3.29,9.2,6,red,171
8.0,0.42,0.17,2.0,0.073,6.0,18.0,0.61,red,0.9972,3.29,9.2,6,red,172
7.4,0.62,0.05,1.9,0.068,24.0,42.0,0.57,red,0.9961,3.42,11.5,6,red,173
7.3,0.38,0.21,2.0,0.08,7.0,35.0,0.47,red,0.9961,3.33,9.5,5,red,174
6.9,0.5,0.04,1.5,0.085,19.0,49.0,0.78,red,0.9958,3.35,9.5,5,red,175
7.3,0.38,0.21,2.0,0.08,7.0,35.0,0.47,red,0.9961,3.33,9.5,5,red,176
7.5,0.52,0.42,2.3,0.087,8.0,38.0,0.61,red,0.9972,3.58,10.5,6,red,177
7.0,0.805,0.0,2.5,0.068,7.0,20.0,0.56,red,0.9969,3.48,9.6,5,red,178
8.8,0.61,0.14,2.4,0.067,10.0,42.0,0.59,red,0.9969,3.19,9.5,5,red,179
8.8,0.61,0.14,2.4,0.067,10.0,42.0,0.59,red,0.9969,3.19,9.5,5,red,180
8.9,0.61,0.49,2.0,0.27,23.0,110.0,1.02,red,0.9972,3.12,9.3,5,red,181
7.2,0.73,0.02,2.5,0.076,16.0,42.0,0.52,red,0.9972,3.44,9.3,5,red,182
6.8,0.61,0.2,1.8,0.077,11.0,65.0,0.58,red,0.9971,3.54,9.3,5,red,183
6.7,0.62,0.21,1.9,0.079,8.0,62.0,0.58,red,0.997,3.52,9.3,6,red,184
8.9,0.31,0.57,2.0,0.111,26.0,85.0,0.53,red,0.9971,3.26,9.7,5,red,185
7.4,0.39,0.48,2.0,0.082,14.0,67.0,0.55,red,0.9972,3.34,9.2,5,red,186
7.7,0.705,0.1,2.6,0.084,9.0,26.0,0.49,red,0.9976,3.39,9.7,5,red,187
7.9,0.5,0.33,2.0,0.084,15.0,143.0,0.55,red,0.9968,3.2,9.5,5,red,188
7.9,0.49,0.32,1.9,0.082,17.0,144.0,0.55,red,0.9968,3.2,9.5,5,red,189
8.2,0.5,0.35,2.9,0.077,21.0,127.0,0.62,red,0.9976,3.23,9.4,5,red,190
6.4,0.37,0.25,1.9,0.074,21.0,49.0,0.62,red,0.9974,3.57,9.8,6,red,191
6.8,0.63,0.12,3.8,0.099,16.0,126.0,0.61,red,0.9969,3.28,9.5,5,red,192
7.6,0.55,0.21,2.2,0.071,7.0,28.0,0.55,red,0.9964,3.28,9.7,5,red,193
7.6,0.55,0.21,2.2,0.071,7.0,28.0,0.55,red,0.9964,3.28,9.7,5,red,194
7.8,0.59,0.33,2.0,0.074,24.0,120.0,0.54,red,0.9968,3.25,9.4,5,red,195
7.3,0.58,0.3,2.4,0.074,15.0,55.0,0.59,red,0.9968,3.46,10.2,5,red,196
11.5,0.3,0.6,2.0,0.067,12.0,27.0,0.97,red,0.9981,3.11,10.1,6,red,197
5.4,0.835,0.08,1.2,0.046,13.0,93.0,0.85,red,0.9924,3.57,13.0,7,red,198
6.9,1.09,0.06,2.1,0.061,12.0,31.0,0.43,red,0.9948,3.51,11.4,4,red,199
9.6,0.32,0.47,1.4,0.056,9.0,24.0,0.82,red,0.99695,3.22,10.3,7,red,200
8.8,0.37,0.48,2.1,0.097,39.0,145.0,1.03,red,0.9975,3.04,9.3,5,red,201
6.8,0.5,0.11,1.5,0.075,16.0,49.0,0.79,red,0.99545,3.36,9.5,5,red,202
7.0,0.42,0.35,1.6,0.088,16.0,39.0,0.55,red,0.9961,3.34,9.2,5,red,203
7.0,0.43,0.36,1.6,0.089,14.0,37.0,0.56,red,0.99615,3.34,9.2,6,red,204
12.8,0.3,0.74,2.6,0.095,9.0,28.0,0.77,red,0.9994,3.2,10.8,7,red,205
12.8,0.3,0.74,2.6,0.095,9.0,28.0,0.77,red,0.9994,3.2,10.8,7,red,206
7.8,0.57,0.31,1.8,0.069,26.0,120.0,0.53,red,0.99625,3.29,9.3,5,red,207
7.8,0.44,0.28,2.7,0.1,18.0,95.0,0.67,red,0.9966,3.22,9.4,5,red,208
11.0,0.3,0.58,2.1,0.054,7.0,19.0,0.88,red,0.998,3.31,10.5,7,red,209
9.7,0.53,0.6,2.0,0.039,5.0,19.0,0.86,red,0.99585,3.3,12.4,6,red,210
8.0,0.725,0.24,2.8,0.083,10.0,62.0,0.56,red,0.99685,3.35,10.0,6,red,211
11.6,0.44,0.64,2.1,0.059,5.0,15.0,0.67,red,0.998,3.21,10.2,6,red,212
8.2,0.57,0.26,2.2,0.06,28.0,65.0,0.43,red,0.9959,3.3,10.1,5,red,213
7.8,0.735,0.08,2.4,0.092,10.0,41.0,0.71,red,0.9974,3.24,9.8,6,red,214
7.0,0.49,0.49,5.6,0.06,26.0,121.0,0.76,red,0.9974,3.34,10.5,5,red,215
8.7,0.625,0.16,2.0,0.101,13.0,49.0,0.57,red,0.9962,3.14,11.0,5,red,216
8.1,0.725,0.22,2.2,0.072,11.0,41.0,0.55,red,0.9967,3.36,9.1,5,red,217
7.5,0.49,0.19,1.9,0.076,10.0,44.0,0.54,red,0.9957,3.39,9.7,5,red,218
7.8,0.53,0.33,2.4,0.08,24.0,144.0,0.6,red,0.99655,3.3,9.5,5,red,219
7.8,0.34,0.37,2.0,0.082,24.0,58.0,0.59,red,0.9964,3.34,9.4,6,red,220
7.4,0.53,0.26,2.0,0.101,16.0,72.0,0.57,red,0.9957,3.15,9.4,5,red,221
6.8,0.61,0.04,1.5,0.057,5.0,10.0,0.6,red,0.99525,3.42,9.5,5,red,222
8.6,0.645,0.25,2.0,0.083,8.0,28.0,0.6,red,0.99815,3.28,10.0,6,red,223
8.4,0.635,0.36,2.0,0.089,15.0,55.0,0.57,red,0.99745,3.31,10.4,4,red,224
7.7,0.43,0.25,2.6,0.073,29.0,63.0,0.58,red,0.99615,3.37,10.5,6,red,225
8.9,0.59,0.5,2.0,0.337,27.0,81.0,1.61,red,0.9964,3.04,9.5,6,red,226
9.0,0.82,0.14,2.6,0.089,9.0,23.0,0.63,red,0.9984,3.39,9.8,5,red,227
7.7,0.43,0.25,2.6,0.073,29.0,63.0,0.58,red,0.99615,3.37,10.5,6,red,228
6.9,0.52,0.25,2.6,0.081,10.0,37.0,0.5,red,0.99685,3.46,11.0,5,red,229
5.2,0.48,0.04,1.6,0.054,19.0,106.0,0.62,red,0.9927,3.54,12.2,7,red,230
8.0,0.38,0.06,1.8,0.078,12.0,49.0,0.52,red,0.99625,3.37,9.9,6,red,231
8.5,0.37,0.2,2.8,0.09,18.0,58.0,0.7,red,0.998,3.34,9.6,6,red,232
6.9,0.52,0.25,2.6,0.081,10.0,37.0,0.5,red,0.99685,3.46,11.0,5,red,233
8.2,1.0,0.09,2.3,0.065,7.0,37.0,0.55,red,0.99685,3.32,9.0,6,red,234
7.2,0.63,0.0,1.9,0.097,14.0,38.0,0.58,red,0.99675,3.37,9.0,6,red,235
7.2,0.63,0.0,1.9,0.097,14.0,38.0,0.58,red,0.99675,3.37,9.0,6,red,236
7.2,0.645,0.0,1.9,0.097,15.0,39.0,0.58,red,0.99675,3.37,9.2,6,red,237
7.2,0.63,0.0,1.9,0.097,14.0,38.0,0.58,red,0.99675,3.37,9.0,6,red,238
8.2,1.0,0.09,2.3,0.065,7.0,37.0,0.55,red,0.99685,3.32,9.0,6,red,239
8.9,0.635,0.37,1.7,0.263,5.0,62.0,1.09,red,0.9971,3.0,9.3,5,red,240
12.0,0.38,0.56,2.1,0.093,6.0,24.0,0.71,red,0.99925,3.14,10.9,6,red,241
7.7,0.58,0.1,1.8,0.102,28.0,109.0,0.49,red,0.99565,3.08,9.8,6,red,242
15.0,0.21,0.44,2.2,0.075,10.0,24.0,0.84,red,1.00005,3.07,9.2,7,red,243
15.0,0.21,0.44,2.2,0.075,10.0,24.0,0.84,red,1.00005,3.07,9.2,7,red,244
7.3,0.66,0.0,2.0,0.084,6.0,23.0,0.96,red,0.9983,3.61,9.9,6,red,245
7.1,0.68,0.07,1.9,0.075,16.0,51.0,0.52,red,0.99685,3.38,9.5,5,red,246
8.2,0.6,0.17,2.3,0.072,11.0,73.0,0.45,red,0.9963,3.2,9.3,5,red,247
7.7,0.53,0.06,1.7,0.074,9.0,39.0,0.48,red,0.99615,3.35,9.8,6,red,248
7.3,0.66,0.0,2.0,0.084,6.0,23.0,0.96,red,0.9983,3.61,9.9,6,red,249
10.8,0.32,0.44,1.6,0.063,16.0,37.0,0.78,red,0.9985,3.22,10.0,6,red,250
7.1,0.6,0.0,1.8,0.074,16.0,34.0,0.7,red,0.9972,3.47,9.9,6,red,251
11.1,0.35,0.48,3.1,0.09,5.0,21.0,0.53,red,0.9986,3.17,10.5,5,red,252
7.7,0.775,0.42,1.9,0.092,8.0,86.0,0.59,red,0.9959,3.23,9.5,5,red,253
7.1,0.6,0.0,1.8,0.074,16.0,34.0,0.7,red,0.9972,3.47,9.9,6,red,254
8.0,0.57,0.23,3.2,0.073,17.0,119.0,0.57,red,0.99675,3.26,9.3,5,red,255
9.4,0.34,0.37,2.2,0.075,5.0,13.0,0.62,red,0.998,3.22,9.2,5,red,256
6.6,0.695,0.0,2.1,0.075,12.0,56.0,0.67,red,0.9968,3.49,9.2,5,red,257
7.7,0.41,0.76,1.8,0.611,8.0,45.0,1.26,red,0.9968,3.06,9.4,5,red,258
10.0,0.31,0.47,2.6,0.085,14.0,33.0,0.8,red,0.99965,3.36,10.5,7,red,259
7.9,0.33,0.23,1.7,0.077,18.0,45.0,0.65,red,0.99625,3.29,9.3,5,red,260
7.0,0.975,0.04,2.0,0.087,12.0,67.0,0.6,red,0.99565,3.35,9.4,4,red,261
8.0,0.52,0.03,1.7,0.07,10.0,35.0,0.57,red,0.99575,3.34,10.0,5,red,262
7.9,0.37,0.23,1.8,0.077,23.0,49.0,0.67,red,0.9963,3.28,9.3,5,red,263
12.5,0.56,0.49,2.4,0.064,5.0,27.0,0.87,red,0.9999,3.08,10.9,5,red,264
11.8,0.26,0.52,1.8,0.071,6.0,10.0,0.72,red,0.9968,3.2,10.2,7,red,265
8.1,0.87,0.0,3.3,0.096,26.0,61.0,0.72,red,1.00025,3.6,9.8,4,red,266
7.9,0.35,0.46,3.6,0.078,15.0,37.0,0.86,red,0.9973,3.35,12.8,8,red,267
6.9,0.54,0.04,3.0,0.077,7.0,27.0,0.91,red,0.9987,3.69,9.4,6,red,268
11.5,0.18,0.51,4.0,0.104,4.0,23.0,0.97,red,0.9996,3.28,10.1,6,red,269
7.9,0.545,0.06,4.0,0.087,27.0,61.0,0.67,red,0.9965,3.36,10.7,6,red,270
11.5,0.18,0.51,4.0,0.104,4.0,23.0,0.97,red,0.9996,3.28,10.1,6,red,271
10.9,0.37,0.58,4.0,0.071,17.0,65.0,0.78,red,0.99935,3.22,10.1,5,red,272
8.4,0.715,0.2,2.4,0.076,10.0,38.0,0.64,red,0.99735,3.31,9.4,5,red,273
7.5,0.65,0.18,7.0,0.088,27.0,94.0,0.77,red,0.99915,3.38,9.4,5,red,274
7.9,0.545,0.06,4.0,0.087,27.0,61.0,0.67,red,0.9965,3.36,10.7,6,red,275
6.9,0.54,0.04,3.0,0.077,7.0,27.0,0.91,red,0.9987,3.69,9.4,6,red,276
11.5,0.18,0.51,4.0,0.104,4.0,23.0,0.97,red,0.9996,3.28,10.1,6,red,277
10.3,0.32,0.45,6.4,0.073,5.0,13.0,0.82,red,0.9976,3.23,12.6,8,red,278
8.9,0.4,0.32,5.6,0.087,10.0,47.0,0.77,red,0.9991,3.38,10.5,7,red,279
11.4,0.26,0.44,3.6,0.071,6.0,19.0,0.82,red,0.9986,3.12,9.3,6,red,280
7.7,0.27,0.68,3.5,0.358,5.0,10.0,1.08,red,0.9972,3.25,9.9,7,red,281
7.6,0.52,0.12,3.0,0.067,12.0,53.0,0.57,red,0.9971,3.36,9.1,5,red,282
8.9,0.4,0.32,5.6,0.087,10.0,47.0,0.77,red,0.9991,3.38,10.5,7,red,283
9.9,0.59,0.07,3.4,0.102,32.0,71.0,0.71,red,1.00015,3.31,9.8,5,red,284
9.9,0.59,0.07,3.4,0.102,32.0,71.0,0.71,red,1.00015,3.31,9.8,5,red,285
12.0,0.45,0.55,2.0,0.073,25.0,49.0,0.76,red,0.9997,3.1,10.3,6,red,286
7.5,0.4,0.12,3.0,0.092,29.0,53.0,0.7,red,0.9967,3.37,10.3,6,red,287
8.7,0.52,0.09,2.5,0.091,20.0,49.0,0.86,red,0.9976,3.34,10.6,7,red,288
11.6,0.42,0.53,3.3,0.105,33.0,98.0,0.95,red,1.001,3.2,9.2,5,red,289
8.7,0.52,0.09,2.5,0.091,20.0,49.0,0.86,red,0.9976,3.34,10.6,7,red,290
11.0,0.2,0.48,2.0,0.343,6.0,18.0,0.71,red,0.9979,3.3,10.5,5,red,291
10.4,0.55,0.23,2.7,0.091,18.0,48.0,0.64,red,0.9994,3.22,10.3,6,red,292
6.9,0.36,0.25,2.4,0.098,5.0,16.0,0.6,red,0.9964,3.41,10.1,6,red,293
13.3,0.34,0.52,3.2,0.094,17.0,53.0,0.81,red,1.0014,3.05,9.5,6,red,294
10.8,0.5,0.46,2.5,0.073,5.0,27.0,0.64,red,1.0001,3.05,9.5,5,red,295
10.6,0.83,0.37,2.6,0.086,26.0,70.0,0.52,red,0.9981,3.16,9.9,5,red,296
7.1,0.63,0.06,2.0,0.083,8.0,29.0,0.73,red,0.99855,3.67,9.6,5,red,297
7.2,0.65,0.02,2.3,0.094,5.0,31.0,0.8,red,0.9993,3.67,9.7,5,red,298
6.9,0.67,0.06,2.1,0.08,8.0,33.0,0.71,red,0.99845,3.68,9.6,5,red,299
7.5,0.53,0.06,2.6,0.086,20.0,44.0,0.59,red,0.9965,3.38,10.7,6,red,300
11.1,0.18,0.48,1.5,0.068,7.0,15.0,0.64,red,0.9973,3.22,10.1,6,red,301
8.3,0.705,0.12,2.6,0.092,12.0,28.0,0.72,red,0.9994,3.51,10.0,5,red,302
7.4,0.67,0.12,1.6,0.186,5.0,21.0,0.54,red,0.996,3.39,9.5,5,red,303
8.4,0.65,0.6,2.1,0.112,12.0,90.0,0.52,red,0.9973,3.2,9.2,5,red,304
10.3,0.53,0.48,2.5,0.063,6.0,25.0,0.59,red,0.9998,3.12,9.3,6,red,305
7.6,0.62,0.32,2.2,0.082,7.0,54.0,0.52,red,0.9966,3.36,9.4,5,red,306
10.3,0.41,0.42,2.4,0.213,6.0,14.0,0.62,red,0.9994,3.19,9.5,6,red,307
10.3,0.43,0.44,2.4,0.214,5.0,12.0,0.63,red,0.9994,3.19,9.5,6,red,308
7.4,0.29,0.38,1.7,0.062,9.0,30.0,0.53,red,0.9968,3.41,9.5,6,red,309
10.3,0.53,0.48,2.5,0.063,6.0,25.0,0.59,red,0.9998,3.12,9.3,6,red,310
7.9,0.53,0.24,2.0,0.072,15.0,105.0,0.54,red,0.996,3.27,9.4,6,red,311
9.0,0.46,0.31,2.8,0.093,19.0,98.0,0.63,red,0.99815,3.32,9.5,6,red,312
8.6,0.47,0.3,3.0,0.076,30.0,135.0,0.53,red,0.9976,3.3,9.4,5,red,313
7.4,0.36,0.29,2.6,0.087,26.0,72.0,0.68,red,0.99645,3.39,11.0,5,red,314
7.1,0.35,0.29,2.5,0.096,20.0,53.0,0.65,red,0.9962,3.42,11.0,6,red,315
9.6,0.56,0.23,3.4,0.102,37.0,92.0,0.65,red,0.9996,3.3,10.1,5,red,316
9.6,0.77,0.12,2.9,0.082,30.0,74.0,0.64,red,0.99865,3.3,10.4,6,red,317
9.8,0.66,0.39,3.2,0.083,21.0,59.0,0.71,red,0.9989,3.37,11.5,7,red,318
9.6,0.77,0.12,2.9,0.082,30.0,74.0,0.64,red,0.99865,3.3,10.4,6,red,319
9.8,0.66,0.39,3.2,0.083,21.0,59.0,0.71,red,0.9989,3.37,11.5,7,red,320
9.3,0.61,0.26,3.4,0.09,25.0,87.0,0.62,red,0.99975,3.24,9.7,5,red,321
7.8,0.62,0.05,2.3,0.079,6.0,18.0,0.63,red,0.99735,3.29,9.3,5,red,322
10.3,0.59,0.42,2.8,0.09,35.0,73.0,0.7,red,0.999,3.28,9.5,6,red,323
10.0,0.49,0.2,11.0,0.071,13.0,50.0,0.69,red,1.0015,3.16,9.2,6,red,324
10.0,0.49,0.2,11.0,0.071,13.0,50.0,0.69,red,1.0015,3.16,9.2,6,red,325
11.6,0.53,0.66,3.65,0.121,6.0,14.0,0.74,red,0.9978,3.05,11.5,7,red,326
10.3,0.44,0.5,4.5,0.107,5.0,13.0,0.83,red,0.998,3.28,11.5,5,red,327
13.4,0.27,0.62,2.6,0.082,6.0,21.0,0.67,red,1.0002,3.16,9.7,6,red,328
10.7,0.46,0.39,2.0,0.061,7.0,15.0,0.62,red,0.9981,3.18,9.5,5,red,329
10.2,0.36,0.64,2.9,0.122,10.0,41.0,0.66,red,0.998,3.23,12.5,6,red,330
10.2,0.36,0.64,2.9,0.122,10.0,41.0,0.66,red,0.998,3.23,12.5,6,red,331
8.0,0.58,0.28,3.2,0.066,21.0,114.0,0.54,red,0.9973,3.22,9.4,6,red,332
8.4,0.56,0.08,2.1,0.105,16.0,44.0,0.52,red,0.9958,3.13,11.0,5,red,333
7.9,0.65,0.01,2.5,0.078,17.0,38.0,0.74,red,0.9963,3.34,11.7,7,red,334
11.9,0.695,0.53,3.4,0.128,7.0,21.0,0.84,red,0.9992,3.17,12.2,7,red,335
8.9,0.43,0.45,1.9,0.052,6.0,16.0,0.7,red,0.9948,3.35,12.5,6,red,336
7.8,0.43,0.32,2.8,0.08,29.0,58.0,0.64,red,0.9974,3.31,10.3,5,red,337
12.4,0.49,0.58,3.0,0.103,28.0,99.0,1.0,red,1.0008,3.16,11.5,6,red,338
12.5,0.28,0.54,2.3,0.082,12.0,29.0,1.36,red,0.9997,3.11,9.8,7,red,339
12.2,0.34,0.5,2.4,0.066,10.0,21.0,1.18,red,1.0,3.12,9.2,6,red,340
10.6,0.42,0.48,2.7,0.065,5.0,18.0,0.87,red,0.9972,3.21,11.3,6,red,341
10.9,0.39,0.47,1.8,0.118,6.0,14.0,0.75,red,0.9982,3.3,9.8,6,red,342
10.9,0.39,0.47,1.8,0.118,6.0,14.0,0.75,red,0.9982,3.3,9.8,6,red,343
11.9,0.57,0.5,2.6,0.082,6.0,32.0,0.78,red,1.0006,3.12,10.7,6,red,344
7.0,0.685,0.0,1.9,0.067,40.0,63.0,0.81,red,0.9979,3.6,9.9,5,red,345
6.6,0.815,0.02,2.7,0.072,17.0,34.0,0.89,red,0.9955,3.58,12.3,7,red,346
13.8,0.49,0.67,3.0,0.093,6.0,15.0,0.93,red,0.9986,3.02,12.0,6,red,347
9.6,0.56,0.31,2.8,0.089,15.0,46.0,0.92,red,0.9979,3.11,10.0,6,red,348
9.1,0.785,0.0,2.6,0.093,11.0,28.0,0.86,red,0.9994,3.36,9.4,6,red,349
10.7,0.67,0.22,2.7,0.107,17.0,34.0,0.98,red,1.0004,3.28,9.9,6,red,350
9.1,0.795,0.0,2.6,0.096,11.0,26.0,0.83,red,0.9994,3.35,9.4,6,red,351
7.7,0.665,0.0,2.4,0.09,8.0,19.0,0.73,red,0.9974,3.27,9.3,5,red,352
13.5,0.53,0.79,4.8,0.12,23.0,77.0,0.77,red,1.0018,3.18,13.0,5,red,353
6.1,0.21,0.4,1.4,0.066,40.5,165.0,0.59,red,0.9912,3.25,11.9,6,red,354
6.7,0.75,0.01,2.4,0.078,17.0,32.0,0.61,red,0.9955,3.55,12.8,6,red,355
11.5,0.41,0.52,3.0,0.08,29.0,55.0,0.88,red,1.0001,3.26,11.0,5,red,356
10.5,0.42,0.66,2.95,0.116,12.0,29.0,0.75,red,0.997,3.24,11.7,7,red,357
11.9,0.43,0.66,3.1,0.109,10.0,23.0,0.85,red,1.0,3.15,10.4,7,red,358
12.6,0.38,0.66,2.6,0.088,10.0,41.0,0.68,red,1.001,3.17,9.8,6,red,359
8.2,0.7,0.23,2.0,0.099,14.0,81.0,0.7,red,0.9973,3.19,9.4,5,red,360
8.6,0.45,0.31,2.6,0.086,21.0,50.0,0.91,red,0.9982,3.37,9.9,6,red,361
11.9,0.58,0.66,2.5,0.072,6.0,37.0,0.56,red,0.9992,3.05,10.0,5,red,362
12.5,0.46,0.63,2.0,0.071,6.0,15.0,0.87,red,0.9988,2.99,10.2,5,red,363
12.8,0.615,0.66,5.8,0.083,7.0,42.0,0.73,red,1.0022,3.07,10.0,7,red,364
10.0,0.42,0.5,3.4,0.107,7.0,21.0,0.93,red,0.9979,3.26,11.8,6,red,365
12.8,0.615,0.66,5.8,0.083,7.0,42.0,0.73,red,1.0022,3.07,10.0,7,red,366
10.4,0.575,0.61,2.6,0.076,11.0,24.0,0.69,red,1.0,3.16,9.0,5,red,367
10.3,0.34,0.52,2.8,0.159,15.0,75.0,0.64,red,0.9998,3.18,9.4,5,red,368
9.4,0.27,0.53,2.4,0.074,6.0,18.0,1.13,red,0.9962,3.2,12.0,7,red,369
6.9,0.765,0.02,2.3,0.063,35.0,63.0,0.78,red,0.9975,3.57,9.9,5,red,370
7.9,0.24,0.4,1.6,0.056,11.0,25.0,0.87,red,0.9967,3.32,8.7,6,red,371
9.1,0.28,0.48,1.8,0.067,26.0,46.0,1.04,red,0.9967,3.32,10.6,6,red,372
7.4,0.55,0.22,2.2,0.106,12.0,72.0,0.63,red,0.9959,3.05,9.2,5,red,373
14.0,0.41,0.63,3.8,0.089,6.0,47.0,0.81,red,1.0014,3.01,10.8,6,red,374
11.5,0.54,0.71,4.4,0.124,6.0,15.0,0.83,red,0.9984,3.01,11.8,7,red,375
11.5,0.45,0.5,3.0,0.078,19.0,47.0,1.11,red,1.0003,3.26,11.0,6,red,376
9.4,0.27,0.53,2.4,0.074,6.0,18.0,1.13,red,0.9962,3.2,12.0,7,red,377
11.4,0.625,0.66,6.2,0.088,6.0,24.0,0.99,red,0.9988,3.11,13.3,6,red,378
8.3,0.42,0.38,2.5,0.094,24.0,60.0,0.7,red,0.9979,3.31,10.8,6,red,379
8.3,0.26,0.42,2.0,0.08,11.0,27.0,0.8,red,0.9974,3.21,9.4,6,red,380
13.7,0.415,0.68,2.9,0.085,17.0,43.0,0.8,red,1.0014,3.06,10.0,6,red,381
8.3,0.26,0.42,2.0,0.08,11.0,27.0,0.8,red,0.9974,3.21,9.4,6,red,382
8.3,0.26,0.42,2.0,0.08,11.0,27.0,0.8,red,0.9974,3.21,9.4,6,red,383
7.7,0.51,0.28,2.1,0.087,23.0,54.0,0.74,red,0.998,3.42,9.2,5,red,384
7.4,0.63,0.07,2.4,0.09,11.0,37.0,0.76,red,0.9979,3.43,9.7,6,red,385
7.8,0.54,0.26,2.0,0.088,23.0,48.0,0.74,red,0.9981,3.41,9.2,6,red,386
8.3,0.66,0.15,1.9,0.079,17.0,42.0,0.54,red,0.9972,3.31,9.6,6,red,387
7.8,0.46,0.26,1.9,0.088,23.0,53.0,0.74,red,0.9981,3.43,9.2,6,red,388
9.6,0.38,0.31,2.5,0.096,16.0,49.0,0.7,red,0.9982,3.19,10.0,7,red,389
5.6,0.85,0.05,1.4,0.045,12.0,88.0,0.82,red,0.9924,3.56,12.9,8,red,390
13.7,0.415,0.68,2.9,0.085,17.0,43.0,0.8,red,1.0014,3.06,10.0,6,red,391
9.5,0.37,0.52,2.0,0.082,6.0,26.0,0.51,red,0.998,3.18,9.5,5,red,392
8.4,0.665,0.61,2.0,0.112,13.0,95.0,0.54,red,0.997,3.16,9.1,5,red,393
12.7,0.6,0.65,2.3,0.063,6.0,25.0,0.57,red,0.9997,3.03,9.9,5,red,394
12.0,0.37,0.76,4.2,0.066,7.0,38.0,0.6,red,1.0004,3.22,13.0,7,red,395
6.6,0.735,0.02,7.9,0.122,68.0,124.0,0.53,red,0.9994,3.47,9.9,5,red,396
11.5,0.59,0.59,2.6,0.087,13.0,49.0,0.65,red,0.9988,3.18,11.0,6,red,397
11.5,0.59,0.59,2.6,0.087,13.0,49.0,0.65,red,0.9988,3.18,11.0,6,red,398
8.7,0.765,0.22,2.3,0.064,9.0,42.0,0.55,red,0.9963,3.1,9.4,5,red,399
6.6,0.735,0.02,7.9,0.122,68.0,124.0,0.53,red,0.9994,3.47,9.9,5,red,400
7.7,0.26,0.3,1.7,0.059,20.0,38.0,0.47,red,0.9949,3.29,10.8,6,red,401
12.2,0.48,0.54,2.6,0.085,19.0,64.0,0.61,red,1.0,3.1,10.5,6,red,402
11.4,0.6,0.49,2.7,0.085,10.0,41.0,0.63,red,0.9994,3.15,10.5,6,red,403
7.7,0.69,0.05,2.7,0.075,15.0,27.0,0.61,red,0.9974,3.26,9.1,5,red,404
8.7,0.31,0.46,1.4,0.059,11.0,25.0,0.76,red,0.9966,3.36,10.1,6,red,405
9.8,0.44,0.47,2.5,0.063,9.0,28.0,0.65,red,0.9981,3.24,10.8,6,red,406
12.0,0.39,0.66,3.0,0.093,12.0,30.0,0.63,red,0.9996,3.18,10.8,7,red,407
10.4,0.34,0.58,3.7,0.174,6.0,16.0,0.7,red,0.997,3.19,11.3,6,red,408
12.5,0.46,0.49,4.5,0.07,26.0,49.0,0.57,red,0.9981,3.05,9.6,4,red,409
9.0,0.43,0.34,2.5,0.08,26.0,86.0,0.62,red,0.9987,3.38,9.5,6,red,410
9.1,0.45,0.35,2.4,0.08,23.0,78.0,0.62,red,0.9987,3.38,9.5,5,red,411
7.1,0.735,0.16,1.9,0.1,15.0,77.0,0.64,red,0.9966,3.27,9.3,5,red,412
9.9,0.4,0.53,6.7,0.097,6.0,19.0,0.82,red,0.9986,3.27,11.7,7,red,413
8.8,0.52,0.34,2.7,0.087,24.0,122.0,0.61,red,0.9982,3.26,9.5,5,red,414
8.6,0.725,0.24,6.6,0.117,31.0,134.0,1.07,red,1.0014,3.32,9.3,5,red,415
10.6,0.48,0.64,2.2,0.111,6.0,20.0,0.66,red,0.997,3.26,11.7,6,red,416
7.0,0.58,0.12,1.9,0.091,34.0,124.0,0.48,red,0.9956,3.44,10.5,5,red,417
11.9,0.38,0.51,2.0,0.121,7.0,20.0,0.76,red,0.9996,3.24,10.4,6,red,418
6.8,0.77,0.0,1.8,0.066,34.0,52.0,0.68,red,0.9976,3.62,9.9,5,red,419
9.5,0.56,0.33,2.4,0.089,35.0,67.0,0.73,red,0.9972,3.28,11.8,7,red,420
6.6,0.84,0.03,2.3,0.059,32.0,48.0,0.56,red,0.9952,3.52,12.3,7,red,421
7.7,0.96,0.2,2.0,0.047,15.0,60.0,0.44,red,0.9955,3.36,10.9,5,red,422
10.5,0.24,0.47,2.1,0.066,6.0,24.0,0.9,red,0.9978,3.15,11.0,7,red,423
7.7,0.96,0.2,2.0,0.047,15.0,60.0,0.44,red,0.9955,3.36,10.9,5,red,424
6.6,0.84,0.03,2.3,0.059,32.0,48.0,0.56,red,0.9952,3.52,12.3,7,red,425
6.4,0.67,0.08,2.1,0.045,19.0,48.0,0.49,red,0.9949,3.49,11.4,6,red,426
9.5,0.78,0.22,1.9,0.077,6.0,32.0,0.56,red,0.9988,3.26,10.6,6,red,427
9.1,0.52,0.33,1.3,0.07,9.0,30.0,0.6,red,0.9978,3.24,9.3,5,red,428
12.8,0.84,0.63,2.4,0.088,13.0,35.0,0.6,red,0.9997,3.1,10.4,6,red,429
10.5,0.24,0.47,2.1,0.066,6.0,24.0,0.9,red,0.9978,3.15,11.0,7,red,430
7.8,0.55,0.35,2.2,0.074,21.0,66.0,0.56,red,0.9974,3.25,9.2,5,red,431
11.9,0.37,0.69,2.3,0.078,12.0,24.0,0.65,red,0.9958,3.0,12.8,6,red,432
12.3,0.39,0.63,2.3,0.091,6.0,18.0,0.49,red,1.0004,3.16,9.5,5,red,433
10.4,0.41,0.55,3.2,0.076,22.0,54.0,0.89,red,0.9996,3.15,9.9,6,red,434
12.3,0.39,0.63,2.3,0.091,6.0,18.0,0.49,red,1.0004,3.16,9.5,5,red,435
8.0,0.67,0.3,2.0,0.06,38.0,62.0,0.56,red,0.9958,3.26,10.2,6,red,436
11.1,0.45,0.73,3.2,0.066,6.0,22.0,0.66,red,0.9986,3.17,11.2,6,red,437
10.4,0.41,0.55,3.2,0.076,22.0,54.0,0.89,red,0.9996,3.15,9.9,6,red,438
7.0,0.62,0.18,1.5,0.062,7.0,50.0,0.6,red,0.9951,3.08,9.3,5,red,439
12.6,0.31,0.72,2.2,0.072,6.0,29.0,0.82,red,0.9987,2.88,9.8,8,red,440
11.9,0.4,0.65,2.15,0.068,7.0,27.0,0.68,red,0.9988,3.06,11.3,6,red,441
15.6,0.685,0.76,3.7,0.1,6.0,43.0,0.68,red,1.0032,2.95,11.2,7,red,442
10.0,0.44,0.49,2.7,0.077,11.0,19.0,0.63,red,0.9963,3.23,11.6,7,red,443
5.3,0.57,0.01,1.7,0.054,5.0,27.0,0.84,red,0.9934,3.57,12.5,7,red,444
9.5,0.735,0.1,2.1,0.079,6.0,31.0,0.56,red,0.9986,3.23,10.1,6,red,445
12.5,0.38,0.6,2.6,0.081,31.0,72.0,0.73,red,0.9996,3.1,10.5,5,red,446
9.3,0.48,0.29,2.1,0.127,6.0,16.0,0.72,red,0.9968,3.22,11.2,5,red,447
8.6,0.53,0.22,2.0,0.1,7.0,27.0,0.56,red,0.9967,3.2,10.2,6,red,448
11.9,0.39,0.69,2.8,0.095,17.0,35.0,0.61,red,0.9994,3.1,10.8,6,red,449
11.9,0.39,0.69,2.8,0.095,17.0,35.0,0.61,red,0.9994,3.1,10.8,6,red,450
8.4,0.37,0.53,1.8,0.413,9.0,26.0,1.06,red,0.9979,3.06,9.1,6,red,451
6.8,0.56,0.03,1.7,0.084,18.0,35.0,0.63,red,0.9968,3.44,10.0,6,red,452
10.4,0.33,0.63,2.8,0.084,5.0,22.0,0.74,red,0.9998,3.26,11.2,7,red,453
7.0,0.23,0.4,1.6,0.063,21.0,67.0,0.63,red,0.9952,3.5,11.1,5,red,454
11.3,0.62,0.67,5.2,0.086,6.0,19.0,0.69,red,0.9988,3.22,13.4,8,red,455
8.9,0.59,0.39,2.3,0.095,5.0,22.0,0.58,red,0.9986,3.37,10.3,5,red,456
9.2,0.63,0.21,2.7,0.097,29.0,65.0,0.58,red,0.9988,3.28,9.6,5,red,457
10.4,0.33,0.63,2.8,0.084,5.0,22.0,0.74,red,0.9998,3.26,11.2,7,red,458
11.6,0.58,0.66,2.2,0.074,10.0,47.0,0.57,red,1.0008,3.25,9.0,3,red,459
9.2,0.43,0.52,2.3,0.083,14.0,23.0,0.61,red,0.9976,3.35,11.3,6,red,460
8.3,0.615,0.22,2.6,0.087,6.0,19.0,0.61,red,0.9982,3.26,9.3,5,red,461
11.0,0.26,0.68,2.55,0.085,10.0,25.0,0.61,red,0.997,3.18,11.8,5,red,462
8.1,0.66,0.7,2.2,0.098,25.0,129.0,0.53,red,0.9972,3.08,9.0,5,red,463
11.5,0.315,0.54,2.1,0.084,5.0,15.0,0.7,red,0.9987,2.98,9.2,6,red,464
10.0,0.29,0.4,2.9,0.098,10.0,26.0,0.91,red,1.0006,3.48,9.7,5,red,465
10.3,0.5,0.42,2.0,0.069,21.0,51.0,0.72,red,0.9982,3.16,11.5,6,red,466
8.8,0.46,0.45,2.6,0.065,7.0,18.0,0.79,red,0.9947,3.32,14.0,6,red,467
11.4,0.36,0.69,2.1,0.09,6.0,21.0,0.62,red,1.0,3.17,9.2,6,red,468
8.7,0.82,0.02,1.2,0.07,36.0,48.0,0.58,red,0.9952,3.2,9.8,5,red,469
13.0,0.32,0.65,2.6,0.093,15.0,47.0,0.61,red,0.9996,3.05,10.6,5,red,470
9.6,0.54,0.42,2.4,0.081,25.0,52.0,0.71,red,0.997,3.2,11.4,6,red,471
12.5,0.37,0.55,2.6,0.083,25.0,68.0,0.82,red,0.9995,3.15,10.4,6,red,472
9.9,0.35,0.55,2.1,0.062,5.0,14.0,0.79,red,0.9971,3.26,10.6,5,red,473
10.5,0.28,0.51,1.7,0.08,10.0,24.0,0.89,red,0.9982,3.2,9.4,6,red,474
9.6,0.68,0.24,2.2,0.087,5.0,28.0,0.6,red,0.9988,3.14,10.2,5,red,475
9.3,0.27,0.41,2.0,0.091,6.0,16.0,0.7,red,0.998,3.28,9.7,5,red,476
10.4,0.24,0.49,1.8,0.075,6.0,20.0,1.06,red,0.9977,3.18,11.0,6,red,477
9.6,0.68,0.24,2.2,0.087,5.0,28.0,0.6,red,0.9988,3.14,10.2,5,red,478
9.4,0.685,0.11,2.7,0.077,6.0,31.0,0.7,red,0.9984,3.19,10.1,6,red,479
10.6,0.28,0.39,15.5,0.069,6.0,23.0,0.66,red,1.0026,3.12,9.2,5,red,480
9.4,0.3,0.56,2.8,0.08,6.0,17.0,0.92,red,0.9964,3.15,11.7,8,red,481
10.6,0.36,0.59,2.2,0.152,6.0,18.0,1.05,red,0.9986,3.04,9.4,5,red,482
10.6,0.36,0.6,2.2,0.152,7.0,18.0,1.06,red,0.9986,3.04,9.4,5,red,483
10.6,0.44,0.68,4.1,0.114,6.0,24.0,0.66,red,0.997,3.06,13.4,6,red,484
10.2,0.67,0.39,1.9,0.054,6.0,17.0,0.47,red,0.9976,3.17,10.0,5,red,485
10.2,0.67,0.39,1.9,0.054,6.0,17.0,0.47,red,0.9976,3.17,10.0,5,red,486
10.2,0.645,0.36,1.8,0.053,5.0,14.0,0.42,red,0.9982,3.17,10.0,6,red,487
11.6,0.32,0.55,2.8,0.081,35.0,67.0,0.92,red,1.0002,3.32,10.8,7,red,488
9.3,0.39,0.4,2.6,0.073,10.0,26.0,0.75,red,0.9984,3.34,10.2,6,red,489
9.3,0.775,0.27,2.8,0.078,24.0,56.0,0.67,red,0.9984,3.31,10.6,6,red,490
9.2,0.41,0.5,2.5,0.055,12.0,25.0,0.79,red,0.9952,3.34,13.3,7,red,491
8.9,0.4,0.51,2.6,0.052,13.0,27.0,0.9,red,0.995,3.32,13.4,7,red,492
8.7,0.69,0.31,3.0,0.086,23.0,81.0,0.74,red,1.0002,3.48,11.6,6,red,493
6.5,0.39,0.23,8.3,0.051,28.0,91.0,0.55,red,0.9952,3.44,12.1,6,red,494
10.7,0.35,0.53,2.6,0.07,5.0,16.0,0.65,red,0.9972,3.15,11.0,8,red,495
7.8,0.52,0.25,1.9,0.081,14.0,38.0,0.65,red,0.9984,3.43,9.0,6,red,496
7.2,0.34,0.32,2.5,0.09,43.0,113.0,0.79,red,0.9966,3.32,11.1,5,red,497
10.7,0.35,0.53,2.6,0.07,5.0,16.0,0.65,red,0.9972,3.15,11.0,8,red,498
8.7,0.69,0.31,3.0,0.086,23.0,81.0,0.74,red,1.0002,3.48,11.6,6,red,499
7.8,0.52,0.25,1.9,0.081,14.0,38.0,0.65,red,0.9984,3.43,9.0,6,red,500
10.4,0.44,0.73,6.55,0.074,38.0,76.0,0.85,red,0.999,3.17,12.0,7,red,501
10.4,0.44,0.73,6.55,0.074,38.0,76.0,0.85,red,0.999,3.17,12.0,7,red,502
10.5,0.26,0.47,1.9,0.078,6.0,24.0,1.04,red,0.9976,3.18,10.9,7,red,503
10.5,0.24,0.42,1.8,0.077,6.0,22.0,1.05,red,0.9976,3.21,10.8,7,red,504
10.2,0.49,0.63,2.9,0.072,10.0,26.0,0.78,red,0.9968,3.16,12.5,7,red,505
10.4,0.24,0.46,1.8,0.075,6.0,21.0,1.02,red,0.9976,3.25,10.8,7,red,506
11.2,0.67,0.55,2.3,0.084,6.0,13.0,0.71,red,1.0,3.17,9.5,6,red,507
10.0,0.59,0.31,2.2,0.09,26.0,62.0,0.63,red,0.9994,3.18,10.2,6,red,508
13.3,0.29,0.75,2.8,0.084,23.0,43.0,0.68,red,0.9986,3.04,11.4,7,red,509
12.4,0.42,0.49,4.6,0.073,19.0,43.0,0.61,red,0.9978,3.02,9.5,5,red,510
10.0,0.59,0.31,2.2,0.09,26.0,62.0,0.63,red,0.9994,3.18,10.2,6,red,511
10.7,0.4,0.48,2.1,0.125,15.0,49.0,0.81,red,0.998,3.03,9.7,6,red,512
10.5,0.51,0.64,2.4,0.107,6.0,15.0,0.66,red,0.9973,3.09,11.8,7,red,513
10.5,0.51,0.64,2.4,0.107,6.0,15.0,0.66,red,0.9973,3.09,11.8,7,red,514
8.5,0.655,0.49,6.1,0.122,34.0,151.0,1.14,red,1.001,3.31,9.3,5,red,515
12.5,0.6,0.49,4.3,0.1,5.0,14.0,0.74,red,1.001,3.25,11.9,6,red,516
10.4,0.61,0.49,2.1,0.2,5.0,16.0,0.63,red,0.9994,3.16,8.4,3,red,517
10.9,0.21,0.49,2.8,0.088,11.0,32.0,0.68,red,0.9972,3.22,11.7,6,red,518
7.3,0.365,0.49,2.5,0.088,39.0,106.0,0.78,red,0.9966,3.36,11.0,5,red,519
9.8,0.25,0.49,2.7,0.088,15.0,33.0,0.9,red,0.9982,3.42,10.0,6,red,520
7.6,0.41,0.49,2.0,0.088,16.0,43.0,0.64,red,0.998,3.48,9.1,5,red,521
8.2,0.39,0.49,2.3,0.099,47.0,133.0,0.99,red,0.9979,3.38,9.8,5,red,522
9.3,0.4,0.49,2.5,0.085,38.0,142.0,0.55,red,0.9978,3.22,9.4,5,red,523
9.2,0.43,0.49,2.4,0.086,23.0,116.0,0.64,red,0.9976,3.23,9.5,5,red,524
10.4,0.64,0.24,2.8,0.105,29.0,53.0,0.67,red,0.9998,3.24,9.9,5,red,525
7.3,0.365,0.49,2.5,0.088,39.0,106.0,0.78,red,0.9966,3.36,11.0,5,red,526
7.0,0.38,0.49,2.5,0.097,33.0,85.0,0.77,red,0.9962,3.39,11.4,6,red,527
8.2,0.42,0.49,2.6,0.084,32.0,55.0,0.75,red,0.9988,3.34,8.7,6,red,528
9.9,0.63,0.24,2.4,0.077,6.0,33.0,0.57,red,0.9974,3.09,9.4,5,red,529
9.1,0.22,0.24,2.1,0.078,1.0,28.0,0.87,red,0.999,3.41,10.3,6,red,530
11.9,0.38,0.49,2.7,0.098,12.0,42.0,0.61,red,1.0004,3.16,10.3,5,red,531
11.9,0.38,0.49,2.7,0.098,12.0,42.0,0.61,red,1.0004,3.16,10.3,5,red,532
10.3,0.27,0.24,2.1,0.072,15.0,33.0,0.66,red,0.9956,3.22,12.8,6,red,533
10.0,0.48,0.24,2.7,0.102,13.0,32.0,0.56,red,1.0,3.28,10.0,6,red,534
9.1,0.22,0.24,2.1,0.078,1.0,28.0,0.87,red,0.999,3.41,10.3,6,red,535
9.9,0.63,0.24,2.4,0.077,6.0,33.0,0.57,red,0.9974,3.09,9.4,5,red,536
8.1,0.825,0.24,2.1,0.084,5.0,13.0,0.77,red,0.9972,3.37,10.7,6,red,537
12.9,0.35,0.49,5.8,0.066,5.0,35.0,0.66,red,1.0014,3.2,12.0,7,red,538
11.2,0.5,0.74,5.15,0.1,5.0,17.0,0.62,red,0.9996,3.22,11.2,5,red,539
9.2,0.59,0.24,3.3,0.101,20.0,47.0,0.67,red,0.9988,3.26,9.6,5,red,540
9.5,0.46,0.49,6.3,0.064,5.0,17.0,0.73,red,0.9988,3.21,11.0,6,red,541
9.3,0.715,0.24,2.1,0.07,5.0,20.0,0.59,red,0.9966,3.12,9.9,5,red,542
11.2,0.66,0.24,2.5,0.085,16.0,53.0,0.72,red,0.9993,3.06,11.0,6,red,543
14.3,0.31,0.74,1.8,0.075,6.0,15.0,0.79,red,1.0008,2.86,8.4,6,red,544
9.1,0.47,0.49,2.6,0.094,38.0,106.0,0.59,red,0.9982,3.08,9.1,5,red,545
7.5,0.55,0.24,2.0,0.078,10.0,28.0,0.78,red,0.9983,3.45,9.5,6,red,546
10.6,0.31,0.49,2.5,0.067,6.0,21.0,0.86,red,0.9987,3.26,10.7,6,red,547
12.4,0.35,0.49,2.6,0.079,27.0,69.0,0.75,red,0.9994,3.12,10.4,6,red,548
9.0,0.53,0.49,1.9,0.171,6.0,25.0,0.61,red,0.9975,3.27,9.4,6,red,549
6.8,0.51,0.01,2.1,0.074,9.0,25.0,0.56,red,0.9958,3.33,9.5,6,red,550
9.4,0.43,0.24,2.8,0.092,14.0,45.0,0.73,red,0.998,3.19,10.0,6,red,551
9.5,0.46,0.24,2.7,0.092,14.0,44.0,0.74,red,0.998,3.12,10.0,6,red,552
5.0,1.04,0.24,1.6,0.05,32.0,96.0,0.62,red,0.9934,3.74,11.5,5,red,553
15.5,0.645,0.49,4.2,0.095,10.0,23.0,0.74,red,1.00315,2.92,11.1,5,red,554
15.5,0.645,0.49,4.2,0.095,10.0,23.0,0.74,red,1.00315,2.92,11.1,5,red,555
10.9,0.53,0.49,4.6,0.118,10.0,17.0,0.56,red,1.0002,3.07,11.7,6,red,556
15.6,0.645,0.49,4.2,0.095,10.0,23.0,0.74,red,1.00315,2.92,11.1,5,red,557
10.9,0.53,0.49,4.6,0.118,10.0,17.0,0.56,red,1.0002,3.07,11.7,6,red,558
13.0,0.47,0.49,4.3,0.085,6.0,47.0,0.68,red,1.0021,3.3,12.7,6,red,559
12.7,0.6,0.49,2.8,0.075,5.0,19.0,0.57,red,0.9994,3.14,11.4,5,red,560
9.0,0.44,0.49,2.4,0.078,26.0,121.0,0.58,red,0.9978,3.23,9.2,5,red,561
9.0,0.54,0.49,2.9,0.094,41.0,110.0,0.61,red,0.9982,3.08,9.2,5,red,562
7.6,0.29,0.49,2.7,0.092,25.0,60.0,0.61,red,0.9971,3.31,10.1,6,red,563
13.0,0.47,0.49,4.3,0.085,6.0,47.0,0.68,red,1.0021,3.3,12.7,6,red,564
12.7,0.6,0.49,2.8,0.075,5.0,19.0,0.57,red,0.9994,3.14,11.4,5,red,565
8.7,0.7,0.24,2.5,0.226,5.0,15.0,0.6,red,0.9991,3.32,9.0,6,red,566
8.7,0.7,0.24,2.5,0.226,5.0,15.0,0.6,red,0.9991,3.32,9.0,6,red,567
9.8,0.5,0.49,2.6,0.25,5.0,20.0,0.79,red,0.999,3.31,10.7,6,red,568
6.2,0.36,0.24,2.2,0.095,19.0,42.0,0.57,red,0.9946,3.57,11.7,6,red,569
11.5,0.35,0.49,3.3,0.07,10.0,37.0,0.91,red,1.0003,3.32,11.0,6,red,570
6.2,0.36,0.24,2.2,0.095,19.0,42.0,0.57,red,0.9946,3.57,11.7,6,red,571
10.2,0.24,0.49,2.4,0.075,10.0,28.0,0.61,red,0.9978,3.14,10.4,5,red,572
10.5,0.59,0.49,2.1,0.07,14.0,47.0,0.56,red,0.9991,3.3,9.6,4,red,573
10.6,0.34,0.49,3.2,0.078,20.0,78.0,0.7,red,0.9992,3.19,10.0,6,red,574
12.3,0.27,0.49,3.1,0.079,28.0,46.0,0.8,red,0.9993,3.2,10.2,6,red,575
9.9,0.5,0.24,2.3,0.103,6.0,14.0,0.52,red,0.9978,3.34,10.0,4,red,576
8.8,0.44,0.49,2.8,0.083,18.0,111.0,0.6,red,0.9982,3.3,9.5,5,red,577
8.8,0.47,0.49,2.9,0.085,17.0,110.0,0.6,red,0.9982,3.29,9.8,5,red,578
10.6,0.31,0.49,2.2,0.063,18.0,40.0,0.51,red,0.9976,3.14,9.8,6,red,579
12.3,0.5,0.49,2.2,0.089,5.0,14.0,0.44,red,1.0002,3.19,9.6,5,red,580
12.3,0.5,0.49,2.2,0.089,5.0,14.0,0.44,red,1.0002,3.19,9.6,5,red,581
11.7,0.49,0.49,2.2,0.083,5.0,15.0,0.43,red,1.0,3.19,9.2,5,red,582
12.0,0.28,0.49,1.9,0.074,10.0,21.0,0.66,red,0.9976,2.98,9.9,7,red,583
11.8,0.33,0.49,3.4,0.093,54.0,80.0,0.76,red,1.0002,3.3,10.7,7,red,584
7.6,0.51,0.24,2.4,0.091,8.0,38.0,0.66,red,0.998,3.47,9.6,6,red,585
11.1,0.31,0.49,2.7,0.094,16.0,47.0,1.02,red,0.9986,3.12,10.6,7,red,586
7.3,0.73,0.24,1.9,0.108,18.0,102.0,0.59,red,0.9967,3.26,9.3,5,red,587
5.0,0.42,0.24,2.0,0.06,19.0,50.0,0.74,red,0.9917,3.72,14.0,8,red,588
10.2,0.29,0.49,2.6,0.059,5.0,13.0,0.74,red,0.9976,3.05,10.5,7,red,589
9.0,0.45,0.49,2.6,0.084,21.0,75.0,0.57,red,0.9987,3.35,9.7,5,red,590
6.6,0.39,0.49,1.7,0.07,23.0,149.0,0.5,red,0.9922,3.12,11.5,6,red,591
9.0,0.45,0.49,2.6,0.084,21.0,75.0,0.57,red,0.9987,3.35,9.7,5,red,592
9.9,0.49,0.58,3.5,0.094,9.0,43.0,0.58,red,1.0004,3.29,9.0,5,red,593
7.9,0.72,0.17,2.6,0.096,20.0,38.0,0.53,red,0.9978,3.4,9.5,5,red,594
8.9,0.595,0.41,7.9,0.086,30.0,109.0,0.57,red,0.9998,3.27,9.3,5,red,595
12.4,0.4,0.51,2.0,0.059,6.0,24.0,0.6,red,0.9994,3.04,9.3,6,red,596
11.9,0.58,0.58,1.9,0.071,5.0,18.0,0.63,red,0.998,3.09,10.0,6,red,597
8.5,0.585,0.18,2.1,0.078,5.0,30.0,0.48,red,0.9967,3.2,9.8,6,red,598
12.7,0.59,0.45,2.3,0.082,11.0,22.0,0.7,red,1.0,3.0,9.3,6,red,599
8.2,0.915,0.27,2.1,0.088,7.0,23.0,0.47,red,0.9962,3.26,10.0,4,red,600
13.2,0.46,0.52,2.2,0.071,12.0,35.0,0.56,red,1.0006,3.1,9.0,6,red,601
7.7,0.835,0.0,2.6,0.081,6.0,14.0,0.52,red,0.9975,3.3,9.3,5,red,602
13.2,0.46,0.52,2.2,0.071,12.0,35.0,0.56,red,1.0006,3.1,9.0,6,red,603
8.3,0.58,0.13,2.9,0.096,14.0,63.0,0.62,red,0.9984,3.17,9.1,6,red,604
8.3,0.6,0.13,2.6,0.085,6.0,24.0,0.59,red,0.9984,3.31,9.2,6,red,605
9.4,0.41,0.48,4.6,0.072,10.0,20.0,0.79,red,0.9973,3.34,12.2,7,red,606
8.8,0.48,0.41,3.3,0.092,26.0,52.0,0.53,red,0.9982,3.31,10.5,6,red,607
10.1,0.65,0.37,5.1,0.11,11.0,65.0,0.64,red,1.0026,3.32,10.4,6,red,608
6.3,0.36,0.19,3.2,0.075,15.0,39.0,0.52,red,0.9956,3.56,12.7,6,red,609
8.8,0.24,0.54,2.5,0.083,25.0,57.0,0.54,red,0.9983,3.39,9.2,5,red,610
13.2,0.38,0.55,2.7,0.081,5.0,16.0,0.54,red,1.0006,2.98,9.4,5,red,611
7.5,0.64,0.0,2.4,0.077,18.0,29.0,0.6,red,0.9965,3.32,10.0,6,red,612
8.2,0.39,0.38,1.5,0.058,10.0,29.0,0.74,red,0.9962,3.26,9.8,5,red,613
9.2,0.755,0.18,2.2,0.148,10.0,103.0,1.36,red,0.9969,2.87,10.2,6,red,614
9.6,0.6,0.5,2.3,0.079,28.0,71.0,0.57,red,0.9997,3.5,9.7,5,red,615
9.6,0.6,0.5,2.3,0.079,28.0,71.0,0.57,red,0.9997,3.5,9.7,5,red,616
11.5,0.31,0.51,2.2,0.079,14.0,28.0,0.93,red,0.9982,3.03,9.8,6,red,617
11.4,0.46,0.5,2.7,0.122,4.0,17.0,0.7,red,1.0006,3.13,10.2,5,red,618
11.3,0.37,0.41,2.3,0.088,6.0,16.0,0.8,red,0.9988,3.09,9.3,5,red,619
8.3,0.54,0.24,3.4,0.076,16.0,112.0,0.61,red,0.9976,3.27,9.4,5,red,620
8.2,0.56,0.23,3.4,0.078,14.0,104.0,0.62,red,0.9976,3.28,9.4,5,red,621
10.0,0.58,0.22,1.9,0.08,9.0,32.0,0.55,red,0.9974,3.13,9.5,5,red,622
7.9,0.51,0.25,2.9,0.077,21.0,45.0,0.96,red,0.9974,3.49,12.1,6,red,623
6.8,0.69,0.0,5.6,0.124,21.0,58.0,0.72,red,0.9997,3.46,10.2,5,red,624
6.8,0.69,0.0,5.6,0.124,21.0,58.0,0.72,red,0.9997,3.46,10.2,5,red,625
8.8,0.6,0.29,2.2,0.098,5.0,15.0,0.49,red,0.9988,3.36,9.1,5,red,626
8.8,0.6,0.29,2.2,0.098,5.0,15.0,0.49,red,0.9988,3.36,9.1,5,red,627
8.7,0.54,0.26,2.5,0.097,7.0,31.0,0.6,red,0.9976,3.27,9.3,6,red,628
7.6,0.685,0.23,2.3,0.111,20.0,84.0,0.61,red,0.9964,3.21,9.3,5,red,629
8.7,0.54,0.26,2.5,0.097,7.0,31.0,0.6,red,0.9976,3.27,9.3,6,red,630
10.4,0.28,0.54,2.7,0.105,5.0,19.0,0.63,red,0.9988,3.25,9.5,5,red,631
7.6,0.41,0.14,3.0,0.087,21.0,43.0,0.57,red,0.9964,3.32,10.5,6,red,632
10.1,0.935,0.22,3.4,0.105,11.0,86.0,0.64,red,1.001,3.43,11.3,4,red,633
7.9,0.35,0.21,1.9,0.073,46.0,102.0,0.58,red,0.9964,3.27,9.5,5,red,634
8.7,0.84,0.0,1.4,0.065,24.0,33.0,0.55,red,0.9954,3.27,9.7,5,red,635
9.6,0.88,0.28,2.4,0.086,30.0,147.0,0.53,red,0.9979,3.24,9.4,5,red,636
9.5,0.885,0.27,2.3,0.084,31.0,145.0,0.53,red,0.9978,3.24,9.4,5,red,637
7.7,0.915,0.12,2.2,0.143,7.0,23.0,0.65,red,0.9964,3.35,10.2,7,red,638
8.9,0.29,0.35,1.9,0.067,25.0,57.0,1.36,red,0.997,3.18,10.3,6,red,639
9.9,0.54,0.45,2.3,0.071,16.0,40.0,0.62,red,0.9991,3.39,9.4,5,red,640
9.5,0.59,0.44,2.3,0.071,21.0,68.0,0.63,red,0.9992,3.46,9.5,5,red,641
9.9,0.54,0.45,2.3,0.071,16.0,40.0,0.62,red,0.9991,3.39,9.4,5,red,642
9.5,0.59,0.44,2.3,0.071,21.0,68.0,0.63,red,0.9992,3.46,9.5,5,red,643
9.9,0.54,0.45,2.3,0.071,16.0,40.0,0.62,red,0.9991,3.39,9.4,5,red,644
7.8,0.64,0.1,6.0,0.115,5.0,11.0,0.69,red,0.9984,3.37,10.1,7,red,645
7.3,0.67,0.05,3.6,0.107,6.0,20.0,0.63,red,0.9972,3.4,10.1,5,red,646
8.3,0.845,0.01,2.2,0.07,5.0,14.0,0.58,red,0.9967,3.32,11.0,4,red,647
8.7,0.48,0.3,2.8,0.066,10.0,28.0,0.67,red,0.9964,3.33,11.2,7,red,648
6.7,0.42,0.27,8.6,0.068,24.0,148.0,0.57,red,0.9948,3.16,11.3,6,red,649
10.7,0.43,0.39,2.2,0.106,8.0,32.0,0.5,red,0.9986,2.89,9.6,5,red,650
9.8,0.88,0.25,2.5,0.104,35.0,155.0,0.67,red,1.001,3.41,11.2,5,red,651
15.9,0.36,0.65,7.5,0.096,22.0,71.0,0.84,red,0.9976,2.98,14.9,5,red,652
9.4,0.33,0.59,2.8,0.079,9.0,30.0,0.54,red,0.9976,3.12,12.0,6,red,653
8.6,0.47,0.47,2.4,0.074,7.0,29.0,0.46,red,0.9979,3.08,9.5,5,red,654
9.7,0.55,0.17,2.9,0.087,20.0,53.0,0.61,red,1.0004,3.14,9.4,5,red,655
10.7,0.43,0.39,2.2,0.106,8.0,32.0,0.5,red,0.9986,2.89,9.6,5,red,656
12.0,0.5,0.59,1.4,0.073,23.0,42.0,0.68,red,0.998,2.92,10.5,7,red,657
7.2,0.52,0.07,1.4,0.074,5.0,20.0,0.81,red,0.9973,3.32,9.6,6,red,658
7.1,0.84,0.02,4.4,0.096,5.0,13.0,0.57,red,0.997,3.41,11.0,4,red,659
7.2,0.52,0.07,1.4,0.074,5.0,20.0,0.81,red,0.9973,3.32,9.6,6,red,660
7.5,0.42,0.31,1.6,0.08,15.0,42.0,0.64,red,0.9978,3.31,9.0,5,red,661
7.2,0.57,0.06,1.6,0.076,9.0,27.0,0.7,red,0.9972,3.36,9.6,6,red,662
10.1,0.28,0.46,1.8,0.05,5.0,13.0,0.79,red,0.9974,3.04,10.2,6,red,663
12.1,0.4,0.52,2.0,0.092,15.0,54.0,0.66,red,1.0,3.03,10.2,5,red,664
9.4,0.59,0.14,2.0,0.084,25.0,48.0,0.56,red,0.9981,3.14,9.7,5,red,665
8.3,0.49,0.36,1.8,0.222,6.0,16.0,0.6,red,0.998,3.18,9.5,6,red,666
11.3,0.34,0.45,2.0,0.082,6.0,15.0,0.66,red,0.9988,2.94,9.2,6,red,667
10.0,0.73,0.43,2.3,0.059,15.0,31.0,0.57,red,0.9966,3.15,11.0,5,red,668
11.3,0.34,0.45,2.0,0.082,6.0,15.0,0.66,red,0.9988,2.94,9.2,6,red,669
6.9,0.4,0.24,2.5,0.083,30.0,45.0,0.58,red,0.9959,3.26,10.0,5,red,670
8.2,0.73,0.21,1.7,0.074,5.0,13.0,0.52,red,0.9968,3.2,9.5,5,red,671
9.8,1.24,0.34,2.0,0.079,32.0,151.0,0.53,red,0.998,3.15,9.5,5,red,672
8.2,0.73,0.21,1.7,0.074,5.0,13.0,0.52,red,0.9968,3.2,9.5,5,red,673
10.8,0.4,0.41,2.2,0.084,7.0,17.0,0.67,red,0.9984,3.08,9.3,6,red,674
9.3,0.41,0.39,2.2,0.064,12.0,31.0,0.65,red,0.9984,3.26,10.2,5,red,675
10.8,0.4,0.41,2.2,0.084,7.0,17.0,0.67,red,0.9984,3.08,9.3,6,red,676
8.6,0.8,0.11,2.3,0.084,12.0,31.0,0.48,red,0.9979,3.4,9.9,5,red,677
8.3,0.78,0.1,2.6,0.081,45.0,87.0,0.53,red,0.9983,3.48,10.0,5,red,678
10.8,0.26,0.45,3.3,0.06,20.0,49.0,0.54,red,0.9972,3.13,9.6,5,red,679
13.3,0.43,0.58,1.9,0.07,15.0,40.0,0.49,red,1.0004,3.06,9.0,5,red,680
8.0,0.45,0.23,2.2,0.094,16.0,29.0,0.49,red,0.9962,3.21,10.2,6,red,681
8.5,0.46,0.31,2.25,0.078,32.0,58.0,0.54,red,0.998,3.33,9.8,5,red,682
8.1,0.78,0.23,2.6,0.059,5.0,15.0,0.56,red,0.997,3.37,11.3,5,red,683
9.8,0.98,0.32,2.3,0.078,35.0,152.0,0.48,red,0.998,3.25,9.4,5,red,684
8.1,0.78,0.23,2.6,0.059,5.0,15.0,0.56,red,0.997,3.37,11.3,5,red,685
7.1,0.65,0.18,1.8,0.07,13.0,40.0,0.6,red,0.997,3.44,9.1,5,red,686
9.1,0.64,0.23,3.1,0.095,13.0,38.0,0.59,red,0.9998,3.28,9.7,5,red,687
7.7,0.66,0.04,1.6,0.039,4.0,9.0,0.47,red,0.9962,3.4,9.4,5,red,688
8.1,0.38,0.48,1.8,0.157,5.0,17.0,1.05,red,0.9976,3.3,9.4,5,red,689
7.4,1.185,0.0,4.25,0.097,5.0,14.0,0.54,red,0.9966,3.63,10.7,3,red,690
9.2,0.92,0.24,2.6,0.087,12.0,93.0,0.54,red,0.9998,3.48,9.8,5,red,691
8.6,0.49,0.51,2.0,0.422,16.0,62.0,1.17,red,0.9979,3.03,9.0,5,red,692
9.0,0.48,0.32,2.8,0.084,21.0,122.0,0.62,red,0.9984,3.32,9.4,5,red,693
9.0,0.47,0.31,2.7,0.084,24.0,125.0,0.61,red,0.9984,3.31,9.4,5,red,694
5.1,0.47,0.02,1.3,0.034,18.0,44.0,0.62,red,0.9921,3.9,12.8,6,red,695
7.0,0.65,0.02,2.1,0.066,8.0,25.0,0.67,red,0.9972,3.47,9.5,6,red,696
7.0,0.65,0.02,2.1,0.066,8.0,25.0,0.67,red,0.9972,3.47,9.5,6,red,697
9.4,0.615,0.28,3.2,0.087,18.0,72.0,0.53,red,1.0001,3.31,9.7,5,red,698
11.8,0.38,0.55,2.1,0.071,5.0,19.0,0.62,red,0.9986,3.11,10.8,6,red,699
10.6,1.02,0.43,2.9,0.076,26.0,88.0,0.57,red,0.9984,3.08,10.1,6,red,700
7.0,0.65,0.02,2.1,0.066,8.0,25.0,0.67,red,0.9972,3.47,9.5,6,red,701
7.0,0.64,0.02,2.1,0.067,9.0,23.0,0.67,red,0.997,3.47,9.4,6,red,702
7.5,0.38,0.48,2.6,0.073,22.0,84.0,0.7,red,0.9972,3.32,9.6,4,red,703
9.1,0.765,0.04,1.6,0.078,4.0,14.0,0.54,red,0.998,3.29,9.7,4,red,704
8.4,1.035,0.15,6.0,0.073,11.0,54.0,0.49,red,0.999,3.37,9.9,5,red,705
7.0,0.78,0.08,2.0,0.093,10.0,19.0,0.47,red,0.9956,3.4,10.0,5,red,706
7.4,0.49,0.19,3.0,0.077,16.0,37.0,0.51,red,0.9966,3.37,10.5,5,red,707
7.8,0.545,0.12,2.5,0.068,11.0,35.0,0.61,red,0.996,3.34,11.6,6,red,708
9.7,0.31,0.47,1.6,0.062,13.0,33.0,0.66,red,0.9983,3.27,10.0,6,red,709
10.6,1.025,0.43,2.8,0.08,21.0,84.0,0.57,red,0.9985,3.06,10.1,5,red,710
8.9,0.565,0.34,3.0,0.093,16.0,112.0,0.61,red,0.9998,3.38,9.5,5,red,711
8.7,0.69,0.0,3.2,0.084,13.0,33.0,0.45,red,0.9992,3.36,9.4,5,red,712
8.0,0.43,0.36,2.3,0.075,10.0,48.0,0.46,red,0.9976,3.34,9.4,5,red,713
9.9,0.74,0.28,2.6,0.078,21.0,77.0,0.51,red,0.998,3.28,9.8,5,red,714
7.2,0.49,0.18,2.7,0.069,13.0,34.0,0.48,red,0.9967,3.29,9.2,6,red,715
8.0,0.43,0.36,2.3,0.075,10.0,48.0,0.46,red,0.9976,3.34,9.4,5,red,716
7.6,0.46,0.11,2.6,0.079,12.0,49.0,0.57,red,0.9968,3.21,10.0,5,red,717
8.4,0.56,0.04,2.0,0.082,10.0,22.0,0.44,red,0.9976,3.22,9.6,5,red,718
7.1,0.66,0.0,3.9,0.086,17.0,45.0,0.54,red,0.9976,3.46,9.5,5,red,719
8.4,0.56,0.04,2.0,0.082,10.0,22.0,0.44,red,0.9976,3.22,9.6,5,red,720
8.9,0.48,0.24,2.85,0.094,35.0,106.0,0.53,red,0.9982,3.1,9.2,5,red,721
7.6,0.42,0.08,2.7,0.084,15.0,48.0,0.59,red,0.9968,3.21,10.0,5,red,722
7.1,0.31,0.3,2.2,0.053,36.0,127.0,1.62,red,0.9965,2.94,9.5,5,red,723
7.5,1.115,0.1,3.1,0.086,5.0,12.0,0.6,red,0.9958,3.54,11.2,4,red,724
9.0,0.66,0.17,3.0,0.077,5.0,13.0,0.55,red,0.9976,3.29,10.4,5,red,725
8.1,0.72,0.09,2.8,0.084,18.0,49.0,0.72,red,0.9994,3.43,11.1,6,red,726
6.4,0.57,0.02,1.8,0.067,4.0,11.0,0.68,red,0.997,3.46,9.5,5,red,727
6.4,0.57,0.02,1.8,0.067,4.0,11.0,0.68,red,0.997,3.46,9.5,5,red,728
6.4,0.865,0.03,3.2,0.071,27.0,58.0,0.49,red,0.995,3.61,12.7,6,red,729
9.5,0.55,0.66,2.3,0.387,12.0,37.0,0.67,red,0.9982,3.17,9.6,5,red,730
8.9,0.875,0.13,3.45,0.088,4.0,14.0,0.52,red,0.9994,3.44,11.5,5,red,731
7.3,0.835,0.03,2.1,0.092,10.0,19.0,0.47,red,0.9966,3.39,9.6,5,red,732
7.0,0.45,0.34,2.7,0.082,16.0,72.0,0.6,red,0.998,3.55,9.5,5,red,733
7.7,0.56,0.2,2.0,0.075,9.0,39.0,0.62,red,0.9987,3.48,9.3,5,red,734
7.7,0.965,0.1,2.1,0.112,11.0,22.0,0.5,red,0.9963,3.26,9.5,5,red,735
7.7,0.965,0.1,2.1,0.112,11.0,22.0,0.5,red,0.9963,3.26,9.5,5,red,736
8.2,0.59,0.0,2.5,0.093,19.0,58.0,0.65,red,1.0002,3.5,9.3,6,red,737
9.0,0.46,0.23,2.8,0.092,28.0,104.0,0.56,red,0.9983,3.1,9.2,5,red,738
9.0,0.69,0.0,2.4,0.088,19.0,38.0,0.6,red,0.999,3.35,9.3,5,red,739
8.3,0.76,0.29,4.2,0.075,12.0,16.0,0.68,red,0.9965,3.45,11.5,6,red,740
9.2,0.53,0.24,2.6,0.078,28.0,139.0,0.57,red,0.99788,3.21,9.5,5,red,741
6.5,0.615,0.0,1.9,0.065,9.0,18.0,0.65,red,0.9972,3.46,9.2,5,red,742
11.6,0.41,0.58,2.8,0.096,25.0,101.0,0.53,red,1.00024,3.13,10.0,5,red,743
11.1,0.39,0.54,2.7,0.095,21.0,101.0,0.51,red,1.0001,3.13,9.5,5,red,744
7.3,0.51,0.18,2.1,0.07,12.0,28.0,0.73,red,0.99768,3.52,9.5,6,red,745
8.2,0.34,0.38,2.5,0.08,12.0,57.0,0.47,red,0.9978,3.3,9.0,6,red,746
8.6,0.33,0.4,2.6,0.083,16.0,68.0,0.48,red,0.99782,3.3,9.4,5,red,747
7.2,0.5,0.18,2.1,0.071,12.0,31.0,0.72,red,0.99761,3.52,9.6,6,red,748
7.3,0.51,0.18,2.1,0.07,12.0,28.0,0.73,red,0.99768,3.52,9.5,6,red,749
8.3,0.65,0.1,2.9,0.089,17.0,40.0,0.55,red,0.99803,3.29,9.5,5,red,750
8.3,0.65,0.1,2.9,0.089,17.0,40.0,0.55,red,0.99803,3.29,9.5,5,red,751
7.6,0.54,0.13,2.5,0.097,24.0,66.0,0.61,red,0.99785,3.39,9.4,5,red,752
8.3,0.65,0.1,2.9,0.089,17.0,40.0,0.55,red,0.99803,3.29,9.5,5,red,753
7.8,0.48,0.68,1.7,0.415,14.0,32.0,1.06,red,0.99656,3.09,9.1,6,red,754
7.8,0.91,0.07,1.9,0.058,22.0,47.0,0.43,red,0.99525,3.51,10.7,6,red,755
6.3,0.98,0.01,2.0,0.057,15.0,33.0,0.46,red,0.99488,3.6,11.2,6,red,756
8.1,0.87,0.0,2.2,0.084,10.0,31.0,0.5,red,0.99656,3.25,9.8,5,red,757
8.1,0.87,0.0,2.2,0.084,10.0,31.0,0.5,red,0.99656,3.25,9.8,5,red,758
8.8,0.42,0.21,2.5,0.092,33.0,88.0,0.52,red,0.99823,3.19,9.2,5,red,759
9.0,0.58,0.25,2.8,0.075,9.0,104.0,0.57,red,0.99779,3.23,9.7,5,red,760
9.3,0.655,0.26,2.0,0.096,5.0,35.0,0.42,red,0.99738,3.25,9.6,5,red,761
8.8,0.7,0.0,1.7,0.069,8.0,19.0,0.53,red,0.99701,3.31,10.0,6,red,762
9.3,0.655,0.26,2.0,0.096,5.0,35.0,0.42,red,0.99738,3.25,9.6,5,red,763
9.1,0.68,0.11,2.8,0.093,11.0,44.0,0.55,red,0.99888,3.31,9.5,6,red,764
9.2,0.67,0.1,3.0,0.091,12.0,48.0,0.54,red,0.99888,3.31,9.5,6,red,765
8.8,0.59,0.18,2.9,0.089,12.0,74.0,0.54,red,0.99738,3.14,9.4,5,red,766
7.5,0.6,0.32,2.7,0.103,13.0,98.0,0.62,red,0.99938,3.45,9.5,5,red,767
7.1,0.59,0.02,2.3,0.082,24.0,94.0,0.53,red,0.99744,3.55,9.7,6,red,768
7.9,0.72,0.01,1.9,0.076,7.0,32.0,0.54,red,0.99668,3.39,9.6,5,red,769
7.1,0.59,0.02,2.3,0.082,24.0,94.0,0.53,red,0.99744,3.55,9.7,6,red,770
9.4,0.685,0.26,2.4,0.082,23.0,143.0,0.55,red,0.9978,3.28,9.4,5,red,771
9.5,0.57,0.27,2.3,0.082,23.0,144.0,0.55,red,0.99782,3.27,9.4,5,red,772
7.9,0.4,0.29,1.8,0.157,1.0,44.0,0.92,red,0.9973,3.3,9.5,6,red,773
7.9,0.4,0.3,1.8,0.157,2.0,45.0,0.91,red,0.99727,3.31,9.5,6,red,774
7.2,1.0,0.0,3.0,0.102,7.0,16.0,0.46,red,0.99586,3.43,10.0,5,red,775
6.9,0.765,0.18,2.4,0.243,5.5,48.0,0.6,red,0.99612,3.4,10.3,6,red,776
6.9,0.635,0.17,2.4,0.241,6.0,18.0,0.59,red,0.9961,3.4,10.3,6,red,777
8.3,0.43,0.3,3.4,0.079,7.0,34.0,0.61,red,0.99788,3.36,10.5,5,red,778
7.1,0.52,0.03,2.6,0.076,21.0,92.0,0.6,red,0.99745,3.5,9.8,5,red,779
7.0,0.57,0.0,2.0,0.19,12.0,45.0,0.6,red,0.99676,3.31,9.4,6,red,780
6.5,0.46,0.14,2.4,0.114,9.0,37.0,0.65,red,0.99732,3.66,9.8,5,red,781
9.0,0.82,0.05,2.4,0.081,26.0,96.0,0.53,red,0.99814,3.36,10.0,5,red,782
6.5,0.46,0.14,2.4,0.114,9.0,37.0,0.65,red,0.99732,3.66,9.8,5,red,783
7.1,0.59,0.01,2.5,0.077,20.0,85.0,0.59,red,0.99746,3.55,9.8,5,red,784
9.9,0.35,0.41,2.3,0.083,11.0,61.0,0.5,red,0.9982,3.21,9.5,5,red,785
9.9,0.35,0.41,2.3,0.083,11.0,61.0,0.5,red,0.9982,3.21,9.5,5,red,786
10.0,0.56,0.24,2.2,0.079,19.0,58.0,0.56,red,0.9991,3.18,10.1,6,red,787
10.0,0.56,0.24,2.2,0.079,19.0,58.0,0.56,red,0.9991,3.18,10.1,6,red,788
8.6,0.63,0.17,2.9,0.099,21.0,119.0,0.52,red,0.998,3.09,9.3,5,red,789
7.4,0.37,0.43,2.6,0.082,18.0,82.0,0.68,red,0.99708,3.33,9.7,6,red,790
8.8,0.64,0.17,2.9,0.084,25.0,130.0,0.54,red,0.99818,3.23,9.6,5,red,791
7.1,0.61,0.02,2.5,0.081,17.0,87.0,0.6,red,0.99745,3.48,9.7,6,red,792
7.7,0.6,0.0,2.6,0.055,7.0,13.0,0.56,red,0.99639,3.38,10.8,5,red,793
10.1,0.27,0.54,2.3,0.065,7.0,26.0,0.53,red,0.99531,3.17,12.5,6,red,794
10.8,0.89,0.3,2.6,0.132,7.0,60.0,1.18,red,0.99786,2.99,10.2,5,red,795
8.7,0.46,0.31,2.5,0.126,24.0,64.0,0.74,red,0.99746,3.1,9.6,5,red,796
9.3,0.37,0.44,1.6,0.038,21.0,42.0,0.81,red,0.99526,3.24,10.8,7,red,797
9.4,0.5,0.34,3.6,0.082,5.0,14.0,0.52,red,0.9987,3.29,10.7,6,red,798
9.4,0.5,0.34,3.6,0.082,5.0,14.0,0.52,red,0.9987,3.29,10.7,6,red,799
7.2,0.61,0.08,4.0,0.082,26.0,108.0,0.51,red,0.99641,3.25,9.4,5,red,800
8.6,0.55,0.09,3.3,0.068,8.0,17.0,0.44,red,0.99735,3.23,10.0,5,red,801
5.1,0.585,0.0,1.7,0.044,14.0,86.0,0.94,red,0.99264,3.56,12.9,7,red,802
7.7,0.56,0.08,2.5,0.114,14.0,46.0,0.66,red,0.9971,3.24,9.6,6,red,803
8.4,0.52,0.22,2.7,0.084,4.0,18.0,0.57,red,0.99682,3.26,9.9,6,red,804
8.2,0.28,0.4,2.4,0.052,4.0,10.0,0.7,red,0.99356,3.33,12.8,7,red,805
8.4,0.25,0.39,2.0,0.041,4.0,10.0,0.71,red,0.99386,3.27,12.5,7,red,806
8.2,0.28,0.4,2.4,0.052,4.0,10.0,0.7,red,0.99356,3.33,12.8,7,red,807
7.4,0.53,0.12,1.9,0.165,4.0,12.0,0.86,red,0.99702,3.26,9.2,5,red,808
7.6,0.48,0.31,2.8,0.07,4.0,15.0,0.55,red,0.99693,3.22,10.3,6,red,809
7.3,0.49,0.1,2.6,0.068,4.0,14.0,0.47,red,0.99562,3.3,10.5,5,red,810
12.9,0.5,0.55,2.8,0.072,7.0,24.0,0.68,red,1.00012,3.09,10.9,6,red,811
10.8,0.45,0.33,2.5,0.099,20.0,38.0,0.71,red,0.99818,3.24,10.8,5,red,812
6.9,0.39,0.24,2.1,0.102,4.0,7.0,0.58,red,0.99462,3.44,11.4,4,red,813
12.6,0.41,0.54,2.8,0.103,19.0,41.0,0.76,red,0.99939,3.21,11.3,6,red,814
10.8,0.45,0.33,2.5,0.099,20.0,38.0,0.71,red,0.99818,3.24,10.8,5,red,815
9.8,0.51,0.19,3.2,0.081,8.0,30.0,0.58,red,0.9984,3.23,10.5,6,red,816
10.8,0.29,0.42,1.6,0.084,19.0,27.0,0.73,red,0.99545,3.28,11.9,6,red,817
7.1,0.715,0.0,2.35,0.071,21.0,47.0,0.45,red,0.99632,3.29,9.4,5,red,818
9.1,0.66,0.15,3.2,0.097,9.0,59.0,0.54,red,0.99976,3.28,9.6,5,red,819
7.0,0.685,0.0,1.9,0.099,9.0,22.0,0.6,red,0.99606,3.34,9.7,5,red,820
4.9,0.42,0.0,2.1,0.048,16.0,42.0,0.74,red,0.99154,3.71,14.0,7,red,821
6.7,0.54,0.13,2.0,0.076,15.0,36.0,0.64,red,0.9973,3.61,9.8,5,red,822
6.7,0.54,0.13,2.0,0.076,15.0,36.0,0.64,red,0.9973,3.61,9.8,5,red,823
7.1,0.48,0.28,2.8,0.068,6.0,16.0,0.53,red,0.99682,3.24,10.3,5,red,824
7.1,0.46,0.14,2.8,0.076,15.0,37.0,0.49,red,0.99624,3.36,10.7,5,red,825
7.5,0.27,0.34,2.3,0.05,4.0,8.0,0.64,red,0.9951,3.4,11.0,7,red,826
7.1,0.46,0.14,2.8,0.076,15.0,37.0,0.49,red,0.99624,3.36,10.7,5,red,827
7.8,0.57,0.09,2.3,0.065,34.0,45.0,0.74,red,0.99417,3.46,12.7,8,red,828
5.9,0.61,0.08,2.1,0.071,16.0,24.0,0.77,red,0.99376,3.56,11.1,6,red,829
7.5,0.685,0.07,2.5,0.058,5.0,9.0,0.55,red,0.99632,3.38,10.9,4,red,830
5.9,0.61,0.08,2.1,0.071,16.0,24.0,0.77,red,0.99376,3.56,11.1,6,red,831
10.4,0.44,0.42,1.5,0.145,34.0,48.0,0.86,red,0.99832,3.38,9.9,3,red,832
11.6,0.47,0.44,1.6,0.147,36.0,51.0,0.86,red,0.99836,3.38,9.9,4,red,833
8.8,0.685,0.26,1.6,0.088,16.0,23.0,0.47,red,0.99694,3.32,9.4,5,red,834
7.6,0.665,0.1,1.5,0.066,27.0,55.0,0.51,red,0.99655,3.39,9.3,5,red,835
6.7,0.28,0.28,2.4,0.012,36.0,100.0,0.39,red,0.99064,3.26,11.7,7,red,836
6.7,0.28,0.28,2.4,0.012,36.0,100.0,0.39,red,0.99064,3.26,11.7,7,red,837
10.1,0.31,0.35,1.6,0.075,9.0,28.0,0.83,red,0.99672,3.24,11.2,7,red,838
6.0,0.5,0.04,2.2,0.092,13.0,26.0,0.47,red,0.99647,3.46,10.0,5,red,839
11.1,0.42,0.47,2.65,0.085,9.0,34.0,0.77,red,0.99736,3.24,12.1,7,red,840
6.6,0.66,0.0,3.0,0.115,21.0,31.0,0.63,red,0.99629,3.45,10.3,5,red,841
10.6,0.5,0.45,2.6,0.119,34.0,68.0,0.72,red,0.99708,3.23,10.9,6,red,842
7.1,0.685,0.35,2.0,0.088,9.0,92.0,0.62,red,0.9963,3.28,9.4,5,red,843
9.9,0.25,0.46,1.7,0.062,26.0,42.0,0.83,red,0.9959,3.18,10.6,6,red,844
6.4,0.64,0.21,1.8,0.081,14.0,31.0,0.66,red,0.99689,3.59,9.8,5,red,845
6.4,0.64,0.21,1.8,0.081,14.0,31.0,0.66,red,0.99689,3.59,9.8,5,red,846
7.4,0.68,0.16,1.8,0.078,12.0,39.0,0.7,red,0.9977,3.5,9.9,6,red,847
6.4,0.64,0.21,1.8,0.081,14.0,31.0,0.66,red,0.99689,3.59,9.8,5,red,848
6.4,0.63,0.21,1.6,0.08,12.0,32.0,0.66,red,0.99689,3.58,9.8,5,red,849
9.3,0.43,0.44,1.9,0.085,9.0,22.0,0.55,red,0.99708,3.28,9.5,5,red,850
9.3,0.43,0.44,1.9,0.085,9.0,22.0,0.55,red,0.99708,3.28,9.5,5,red,851
8.0,0.42,0.32,2.5,0.08,26.0,122.0,1.07,red,0.99801,3.22,9.7,5,red,852
9.3,0.36,0.39,1.5,0.08,41.0,55.0,0.73,red,0.99652,3.47,10.9,6,red,853
9.3,0.36,0.39,1.5,0.08,41.0,55.0,0.73,red,0.99652,3.47,10.9,6,red,854
7.6,0.735,0.02,2.5,0.071,10.0,14.0,0.71,red,0.99538,3.51,11.7,7,red,855
9.3,0.36,0.39,1.5,0.08,41.0,55.0,0.73,red,0.99652,3.47,10.9,6,red,856
8.2,0.26,0.34,2.5,0.073,16.0,47.0,0.78,red,0.99594,3.4,11.3,7,red,857
11.7,0.28,0.47,1.7,0.054,17.0,32.0,0.67,red,0.99686,3.15,10.6,7,red,858
6.8,0.56,0.22,1.8,0.074,15.0,24.0,0.82,red,0.99438,3.4,11.2,6,red,859
7.2,0.62,0.06,2.7,0.077,15.0,85.0,0.54,red,0.99746,3.51,9.5,5,red,860
5.8,1.01,0.66,2.0,0.039,15.0,88.0,0.6,red,0.99357,3.66,11.5,6,red,861
7.5,0.42,0.32,2.7,0.067,7.0,25.0,0.44,red,0.99628,3.24,10.4,5,red,862
7.2,0.62,0.06,2.5,0.078,17.0,84.0,0.53,red,0.99746,3.51,9.7,5,red,863
7.2,0.62,0.06,2.7,0.077,15.0,85.0,0.54,red,0.99746,3.51,9.5,5,red,864
7.2,0.635,0.07,2.6,0.077,16.0,86.0,0.54,red,0.99748,3.51,9.7,5,red,865
6.8,0.49,0.22,2.3,0.071,13.0,24.0,0.83,red,0.99438,3.41,11.3,6,red,866
6.9,0.51,0.23,2.0,0.072,13.0,22.0,0.84,red,0.99438,3.4,11.2,6,red,867
6.8,0.56,0.22,1.8,0.074,15.0,24.0,0.82,red,0.99438,3.4,11.2,6,red,868
7.6,0.63,0.03,2.0,0.08,27.0,43.0,0.64,red,0.99578,3.44,10.9,6,red,869
7.7,0.715,0.01,2.1,0.064,31.0,43.0,0.57,red,0.99371,3.41,11.8,6,red,870
6.9,0.56,0.03,1.5,0.086,36.0,46.0,0.57,red,0.99522,3.53,10.6,5,red,871
7.3,0.35,0.24,2.0,0.067,28.0,48.0,0.54,red,0.99576,3.43,10.0,4,red,872
9.1,0.21,0.37,1.6,0.067,6.0,10.0,0.58,red,0.99552,3.23,11.1,7,red,873
10.4,0.38,0.46,2.1,0.104,6.0,10.0,0.65,red,0.99664,3.12,11.8,7,red,874
8.8,0.31,0.4,2.8,0.109,7.0,16.0,0.79,red,0.99614,3.31,11.8,7,red,875
7.1,0.47,0.0,2.2,0.067,7.0,14.0,0.58,red,0.99517,3.4,10.9,4,red,876
7.7,0.715,0.01,2.1,0.064,31.0,43.0,0.57,red,0.99371,3.41,11.8,6,red,877
8.8,0.61,0.19,4.0,0.094,30.0,69.0,0.5,red,0.99787,3.22,10.0,6,red,878
7.2,0.6,0.04,2.5,0.076,18.0,88.0,0.55,red,0.99745,3.53,9.5,5,red,879
9.2,0.56,0.18,1.6,0.078,10.0,21.0,0.49,red,0.99576,3.15,9.9,5,red,880
7.6,0.715,0.0,2.1,0.068,30.0,35.0,0.65,red,0.99533,3.48,11.4,6,red,881
8.4,0.31,0.29,3.1,0.194,14.0,26.0,0.78,red,0.99536,3.22,12.0,6,red,882
7.2,0.6,0.04,2.5,0.076,18.0,88.0,0.55,red,0.99745,3.53,9.5,5,red,883
8.8,0.61,0.19,4.0,0.094,30.0,69.0,0.5,red,0.99787,3.22,10.0,6,red,884
8.9,0.75,0.14,2.5,0.086,9.0,30.0,0.64,red,0.99824,3.34,10.5,5,red,885
9.0,0.8,0.12,2.4,0.083,8.0,28.0,0.65,red,0.99836,3.33,10.4,6,red,886
10.7,0.52,0.38,2.6,0.066,29.0,56.0,0.79,red,0.99577,3.15,12.1,7,red,887
6.8,0.57,0.0,2.5,0.072,32.0,64.0,0.56,red,0.99491,3.43,11.2,6,red,888
10.7,0.9,0.34,6.6,0.112,23.0,99.0,0.68,red,1.00289,3.22,9.3,5,red,889
7.2,0.34,0.24,2.0,0.071,30.0,52.0,0.58,red,0.99576,3.44,10.1,5,red,890
7.2,0.66,0.03,2.3,0.078,16.0,86.0,0.57,red,0.99743,3.53,9.7,5,red,891
10.1,0.45,0.23,1.9,0.082,10.0,18.0,0.65,red,0.99774,3.22,9.3,6,red,892
7.2,0.66,0.03,2.3,0.078,16.0,86.0,0.57,red,0.99743,3.53,9.7,5,red,893
7.2,0.63,0.03,2.2,0.08,17.0,88.0,0.58,red,0.99745,3.53,9.8,6,red,894
7.1,0.59,0.01,2.3,0.08,27.0,43.0,0.58,red,0.9955,3.42,10.7,6,red,895
8.3,0.31,0.39,2.4,0.078,17.0,43.0,0.77,red,0.99444,3.31,12.5,7,red,896
7.1,0.59,0.01,2.3,0.08,27.0,43.0,0.58,red,0.9955,3.42,10.7,6,red,897
8.3,0.31,0.39,2.4,0.078,17.0,43.0,0.77,red,0.99444,3.31,12.5,7,red,898
8.3,1.02,0.02,3.4,0.084,6.0,11.0,0.49,red,0.99892,3.48,11.0,3,red,899
8.9,0.31,0.36,2.6,0.056,10.0,39.0,0.69,red,0.99562,3.4,11.8,5,red,900
7.4,0.635,0.1,2.4,0.08,16.0,33.0,0.69,red,0.99736,3.58,10.8,7,red,901
7.4,0.635,0.1,2.4,0.08,16.0,33.0,0.69,red,0.99736,3.58,10.8,7,red,902
6.8,0.59,0.06,6.0,0.06,11.0,18.0,0.59,red,0.9962,3.41,10.8,7,red,903
6.8,0.59,0.06,6.0,0.06,11.0,18.0,0.59,red,0.9962,3.41,10.8,7,red,904
9.2,0.58,0.2,3.0,0.081,15.0,115.0,0.59,red,0.998,3.23,9.5,5,red,905
7.2,0.54,0.27,2.6,0.084,12.0,78.0,0.71,red,0.9964,3.39,11.0,5,red,906
6.1,0.56,0.0,2.2,0.079,6.0,9.0,0.54,red,0.9948,3.59,11.5,6,red,907
7.4,0.52,0.13,2.4,0.078,34.0,61.0,0.59,red,0.99528,3.43,10.8,6,red,908
7.3,0.305,0.39,1.2,0.059,7.0,11.0,0.52,red,0.99331,3.29,11.5,6,red,909
9.3,0.38,0.48,3.8,0.132,3.0,11.0,0.57,red,0.99577,3.23,13.2,6,red,910
9.1,0.28,0.46,9.0,0.114,3.0,9.0,0.6,red,0.99901,3.18,10.9,6,red,911
10.0,0.46,0.44,2.9,0.065,4.0,8.0,0.62,red,0.99674,3.33,12.2,6,red,912
9.4,0.395,0.46,4.6,0.094,3.0,10.0,0.64,red,0.99639,3.27,12.2,7,red,913
7.3,0.305,0.39,1.2,0.059,7.0,11.0,0.52,red,0.99331,3.29,11.5,6,red,914
8.6,0.315,0.4,2.2,0.079,3.0,6.0,0.67,red,0.99512,3.27,11.9,6,red,915
5.3,0.715,0.19,1.5,0.161,7.0,62.0,0.61,red,0.99395,3.62,11.0,5,red,916
6.8,0.41,0.31,8.8,0.084,26.0,45.0,0.64,red,0.99824,3.38,10.1,6,red,917
8.4,0.36,0.32,2.2,0.081,32.0,79.0,0.72,red,0.9964,3.3,11.0,6,red,918
8.4,0.62,0.12,1.8,0.072,38.0,46.0,0.89,red,0.99504,3.38,11.8,6,red,919
9.6,0.41,0.37,2.3,0.091,10.0,23.0,0.56,red,0.99786,3.24,10.5,5,red,920
8.4,0.36,0.32,2.2,0.081,32.0,79.0,0.72,red,0.9964,3.3,11.0,6,red,921
8.4,0.62,0.12,1.8,0.072,38.0,46.0,0.89,red,0.99504,3.38,11.8,6,red,922
6.8,0.41,0.31,8.8,0.084,26.0,45.0,0.64,red,0.99824,3.38,10.1,6,red,923
8.6,0.47,0.27,2.3,0.055,14.0,28.0,0.8,red,0.99516,3.18,11.2,5,red,924
8.6,0.22,0.36,1.9,0.064,53.0,77.0,0.87,red,0.99604,3.47,11.0,7,red,925
9.4,0.24,0.33,2.3,0.061,52.0,73.0,0.9,red,0.99786,3.47,10.2,6,red,926
8.4,0.67,0.19,2.2,0.093,11.0,75.0,0.59,red,0.99736,3.2,9.2,4,red,927
8.6,0.47,0.27,2.3,0.055,14.0,28.0,0.8,red,0.99516,3.18,11.2,5,red,928
8.7,0.33,0.38,3.3,0.063,10.0,19.0,0.73,red,0.99468,3.3,12.0,7,red,929
6.6,0.61,0.01,1.9,0.08,8.0,25.0,0.73,red,0.99746,3.69,10.5,5,red,930
7.4,0.61,0.01,2.0,0.074,13.0,38.0,0.65,red,0.99748,3.48,9.8,5,red,931
7.6,0.4,0.29,1.9,0.078,29.0,66.0,0.59,red,0.9971,3.45,9.5,6,red,932
7.4,0.61,0.01,2.0,0.074,13.0,38.0,0.65,red,0.99748,3.48,9.8,5,red,933
6.6,0.61,0.01,1.9,0.08,8.0,25.0,0.73,red,0.99746,3.69,10.5,5,red,934
8.8,0.3,0.38,2.3,0.06,19.0,72.0,0.72,red,0.99543,3.39,11.8,6,red,935
8.8,0.3,0.38,2.3,0.06,19.0,72.0,0.72,red,0.99543,3.39,11.8,6,red,936
12.0,0.63,0.5,1.4,0.071,6.0,26.0,0.6,red,0.99791,3.07,10.4,4,red,937
7.2,0.38,0.38,2.8,0.068,23.0,42.0,0.72,red,0.99356,3.34,12.9,7,red,938
6.2,0.46,0.17,1.6,0.073,7.0,11.0,0.54,red,0.99425,3.61,11.4,5,red,939
9.6,0.33,0.52,2.2,0.074,13.0,25.0,0.76,red,0.99509,3.36,12.4,7,red,940
9.9,0.27,0.49,5.0,0.082,9.0,17.0,0.52,red,0.99484,3.19,12.5,7,red,941
10.1,0.43,0.4,2.6,0.092,13.0,52.0,0.64,red,0.99834,3.22,10.0,7,red,942
9.8,0.5,0.34,2.3,0.094,10.0,45.0,0.6,red,0.99864,3.24,9.7,7,red,943
8.3,0.3,0.49,3.8,0.09,11.0,24.0,0.64,red,0.99498,3.27,12.1,7,red,944
10.2,0.44,0.42,2.0,0.071,7.0,20.0,0.79,red,0.99566,3.14,11.1,7,red,945
10.2,0.44,0.58,4.1,0.092,11.0,24.0,0.99,red,0.99745,3.29,12.0,7,red,946
8.3,0.28,0.48,2.1,0.093,6.0,12.0,0.62,red,0.99408,3.26,12.4,7,red,947
8.9,0.12,0.45,1.8,0.075,10.0,21.0,0.76,red,0.99552,3.41,11.9,7,red,948
8.9,0.12,0.45,1.8,0.075,10.0,21.0,0.76,red,0.99552,3.41,11.9,7,red,949
8.9,0.12,0.45,1.8,0.075,10.0,21.0,0.76,red,0.99552,3.41,11.9,7,red,950
8.3,0.28,0.48,2.1,0.093,6.0,12.0,0.62,red,0.99408,3.26,12.4,7,red,951
8.2,0.31,0.4,2.2,0.058,6.0,10.0,0.68,red,0.99536,3.31,11.2,7,red,952
10.2,0.34,0.48,2.1,0.052,5.0,9.0,0.69,red,0.99458,3.2,12.1,7,red,953
7.6,0.43,0.4,2.7,0.082,6.0,11.0,0.54,red,0.99538,3.44,12.2,6,red,954
8.5,0.21,0.52,1.9,0.09,9.0,23.0,0.67,red,0.99648,3.36,10.4,5,red,955
9.0,0.36,0.52,2.1,0.111,5.0,10.0,0.62,red,0.99568,3.31,11.3,6,red,956
9.5,0.37,0.52,2.0,0.088,12.0,51.0,0.58,red,0.99613,3.29,11.1,6,red,957
6.4,0.57,0.12,2.3,0.12,25.0,36.0,0.71,red,0.99519,3.47,11.3,7,red,958
8.0,0.59,0.05,2.0,0.089,12.0,32.0,0.61,red,0.99735,3.36,10.0,5,red,959
8.5,0.47,0.27,1.9,0.058,18.0,38.0,0.85,red,0.99518,3.16,11.1,6,red,960
7.1,0.56,0.14,1.6,0.078,7.0,18.0,0.62,red,0.99592,3.27,9.3,5,red,961
6.6,0.57,0.02,2.1,0.115,6.0,16.0,0.69,red,0.99654,3.38,9.5,5,red,962
8.8,0.27,0.39,2.0,0.1,20.0,27.0,0.69,red,0.99546,3.15,11.2,6,red,963
8.5,0.47,0.27,1.9,0.058,18.0,38.0,0.85,red,0.99518,3.16,11.1,6,red,964
8.3,0.34,0.4,2.4,0.065,24.0,48.0,0.86,red,0.99554,3.34,11.0,6,red,965
9.0,0.38,0.41,2.4,0.103,6.0,10.0,0.58,red,0.99604,3.13,11.9,7,red,966
8.5,0.66,0.2,2.1,0.097,23.0,113.0,0.48,red,0.99733,3.13,9.2,5,red,967
9.0,0.4,0.43,2.4,0.068,29.0,46.0,0.6,red,0.9943,3.2,12.2,6,red,968
6.7,0.56,0.09,2.9,0.079,7.0,22.0,0.61,red,0.99669,3.46,10.2,5,red,969
10.4,0.26,0.48,1.9,0.066,6.0,10.0,0.87,red,0.99724,3.33,10.9,6,red,970
10.4,0.26,0.48,1.9,0.066,6.0,10.0,0.87,red,0.99724,3.33,10.9,6,red,971
10.1,0.38,0.5,2.4,0.104,6.0,13.0,0.65,red,0.99643,3.22,11.6,7,red,972
8.5,0.34,0.44,1.7,0.079,6.0,12.0,0.63,red,0.99605,3.52,10.7,5,red,973
8.8,0.33,0.41,5.9,0.073,7.0,13.0,0.62,red,0.99658,3.3,12.1,7,red,974
7.2,0.41,0.3,2.1,0.083,35.0,72.0,0.52,red,0.997,3.44,9.4,5,red,975
7.2,0.41,0.3,2.1,0.083,35.0,72.0,0.52,red,0.997,3.44,9.4,5,red,976
8.4,0.59,0.29,2.6,0.109,31.0,119.0,0.5,red,0.99801,3.15,9.1,5,red,977
7.0,0.4,0.32,3.6,0.061,9.0,29.0,0.49,red,0.99416,3.28,11.3,7,red,978
12.2,0.45,0.49,1.4,0.075,3.0,6.0,0.63,red,0.9969,3.13,10.4,5,red,979
9.1,0.5,0.3,1.9,0.065,8.0,17.0,0.71,red,0.99774,3.32,10.5,6,red,980
9.5,0.86,0.26,1.9,0.079,13.0,28.0,0.62,red,0.99712,3.25,10.0,5,red,981
7.3,0.52,0.32,2.1,0.07,51.0,70.0,0.82,red,0.99418,3.34,12.9,6,red,982
9.1,0.5,0.3,1.9,0.065,8.0,17.0,0.71,red,0.99774,3.32,10.5,6,red,983
12.2,0.45,0.49,1.4,0.075,3.0,6.0,0.63,red,0.9969,3.13,10.4,5,red,984
7.4,0.58,0.0,2.0,0.064,7.0,11.0,0.58,red,0.99562,3.45,11.3,6,red,985
9.8,0.34,0.39,1.4,0.066,3.0,7.0,0.55,red,0.9947,3.19,11.4,7,red,986
7.1,0.36,0.3,1.6,0.08,35.0,70.0,0.5,red,0.99693,3.44,9.4,5,red,987
7.7,0.39,0.12,1.7,0.097,19.0,27.0,0.49,red,0.99596,3.16,9.4,5,red,988
9.7,0.295,0.4,1.5,0.073,14.0,21.0,0.51,red,0.99556,3.14,10.9,6,red,989
7.7,0.39,0.12,1.7,0.097,19.0,27.0,0.49,red,0.99596,3.16,9.4,5,red,990
7.1,0.34,0.28,2.0,0.082,31.0,68.0,0.48,red,0.99694,3.45,9.4,5,red,991
6.5,0.4,0.1,2.0,0.076,30.0,47.0,0.48,red,0.99554,3.36,9.4,6,red,992
7.1,0.34,0.28,2.0,0.082,31.0,68.0,0.48,red,0.99694,3.45,9.4,5,red,993
10.0,0.35,0.45,2.5,0.092,20.0,88.0,0.43,red,0.99918,3.15,9.4,5,red,994
7.7,0.6,0.06,2.0,0.079,19.0,41.0,0.62,red,0.99697,3.39,10.1,6,red,995
5.6,0.66,0.0,2.2,0.087,3.0,11.0,0.63,red,0.99378,3.71,12.8,7,red,996
5.6,0.66,0.0,2.2,0.087,3.0,11.0,0.63,red,0.99378,3.71,12.8,7,red,997
8.9,0.84,0.34,1.4,0.05,4.0,10.0,0.48,red,0.99554,3.12,9.1,6,red,998
6.4,0.69,0.0,1.65,0.055,7.0,12.0,0.53,red,0.99162,3.47,12.9,6,red,999
7.5,0.43,0.3,2.2,0.062,6.0,12.0,0.72,red,0.99495,3.44,11.5,7,red,1000
9.9,0.35,0.38,1.5,0.058,31.0,47.0,0.82,red,0.99676,3.26,10.6,7,red,1001
9.1,0.29,0.33,2.05,0.063,13.0,27.0,0.84,red,0.99516,3.26,11.7,7,red,1002
6.8,0.36,0.32,1.8,0.067,4.0,8.0,0.55,red,0.9928,3.36,12.8,7,red,1003
8.2,0.43,0.29,1.6,0.081,27.0,45.0,0.54,red,0.99603,3.25,10.3,5,red,1004
6.8,0.36,0.32,1.8,0.067,4.0,8.0,0.55,red,0.9928,3.36,12.8,7,red,1005
9.1,0.29,0.33,2.05,0.063,13.0,27.0,0.84,red,0.99516,3.26,11.7,7,red,1006
9.1,0.3,0.34,2.0,0.064,12.0,25.0,0.84,red,0.99516,3.26,11.7,7,red,1007
8.9,0.35,0.4,3.6,0.11,12.0,24.0,0.7,red,0.99549,3.23,12.0,7,red,1008
9.6,0.5,0.36,2.8,0.116,26.0,55.0,0.68,red,0.99722,3.18,10.9,5,red,1009
8.9,0.28,0.45,1.7,0.067,7.0,12.0,0.55,red,0.99354,3.25,12.3,7,red,1010
8.9,0.32,0.31,2.0,0.088,12.0,19.0,0.55,red,0.9957,3.17,10.4,6,red,1011
7.7,1.005,0.15,2.1,0.102,11.0,32.0,0.48,red,0.99604,3.23,10.0,5,red,1012
7.5,0.71,0.0,1.6,0.092,22.0,31.0,0.58,red,0.99635,3.38,10.0,6,red,1013
8.0,0.58,0.16,2.0,0.12,3.0,7.0,0.58,red,0.99454,3.22,11.2,6,red,1014
10.5,0.39,0.46,2.2,0.075,14.0,27.0,0.84,red,0.99598,3.06,11.4,6,red,1015
8.9,0.38,0.4,2.2,0.068,12.0,28.0,0.75,red,0.99486,3.27,12.6,7,red,1016
8.0,0.18,0.37,0.9,0.049,36.0,109.0,0.44,red,0.99007,2.89,12.7,6,red,1017
8.0,0.18,0.37,0.9,0.049,36.0,109.0,0.44,red,0.99007,2.89,12.7,6,red,1018
7.0,0.5,0.14,1.8,0.078,10.0,23.0,0.61,red,0.99636,3.53,10.4,5,red,1019
11.3,0.36,0.66,2.4,0.123,3.0,8.0,0.53,red,0.99642,3.2,11.9,6,red,1020
11.3,0.36,0.66,2.4,0.123,3.0,8.0,0.53,red,0.99642,3.2,11.9,6,red,1021
7.0,0.51,0.09,2.1,0.062,4.0,9.0,0.54,red,0.99584,3.35,10.5,5,red,1022
8.2,0.32,0.42,2.3,0.098,3.0,9.0,0.55,red,0.99506,3.27,12.3,6,red,1023
7.7,0.58,0.01,1.8,0.088,12.0,18.0,0.56,red,0.99568,3.32,10.5,7,red,1024
8.6,0.83,0.0,2.8,0.095,17.0,43.0,0.6,red,0.99822,3.33,10.4,6,red,1025
7.9,0.31,0.32,1.9,0.066,14.0,36.0,0.56,red,0.99364,3.41,12.6,6,red,1026
6.4,0.795,0.0,2.2,0.065,28.0,52.0,0.52,red,0.99378,3.49,11.6,5,red,1027
7.2,0.34,0.21,2.5,0.075,41.0,68.0,0.54,red,0.99586,3.37,10.1,6,red,1028
7.7,0.58,0.01,1.8,0.088,12.0,18.0,0.56,red,0.99568,3.32,10.5,7,red,1029
7.1,0.59,0.0,2.1,0.091,9.0,14.0,0.55,red,0.99488,3.42,11.5,7,red,1030
7.3,0.55,0.01,1.8,0.093,9.0,15.0,0.58,red,0.99514,3.35,11.0,7,red,1031
8.1,0.82,0.0,4.1,0.095,5.0,14.0,0.53,red,0.99854,3.36,9.6,5,red,1032
7.5,0.57,0.08,2.6,0.089,14.0,27.0,0.59,red,0.99592,3.3,10.4,6,red,1033
8.9,0.745,0.18,2.5,0.077,15.0,48.0,0.47,red,0.99739,3.2,9.7,6,red,1034
10.1,0.37,0.34,2.4,0.085,5.0,17.0,0.65,red,0.99683,3.17,10.6,7,red,1035
7.6,0.31,0.34,2.5,0.082,26.0,35.0,0.59,red,0.99356,3.22,12.5,7,red,1036
7.3,0.91,0.1,1.8,0.074,20.0,56.0,0.56,red,0.99672,3.35,9.2,5,red,1037
8.7,0.41,0.41,6.2,0.078,25.0,42.0,0.77,red,0.9953,3.24,12.6,7,red,1038
8.9,0.5,0.21,2.2,0.088,21.0,39.0,0.83,red,0.99692,3.33,11.1,6,red,1039
7.4,0.965,0.0,2.2,0.088,16.0,32.0,0.67,red,0.99756,3.58,10.2,5,red,1040
6.9,0.49,0.19,1.7,0.079,13.0,26.0,0.64,red,0.99547,3.38,9.8,6,red,1041
8.9,0.5,0.21,2.2,0.088,21.0,39.0,0.83,red,0.99692,3.33,11.1,6,red,1042
9.5,0.39,0.41,8.9,0.069,18.0,39.0,0.81,red,0.99859,3.29,10.9,7,red,1043
6.4,0.39,0.33,3.3,0.046,12.0,53.0,0.62,red,0.99294,3.36,12.2,6,red,1044
6.9,0.44,0.0,1.4,0.07,32.0,38.0,0.58,red,0.99438,3.32,11.4,6,red,1045
7.6,0.78,0.0,1.7,0.076,33.0,45.0,0.62,red,0.99612,3.31,10.7,6,red,1046
7.1,0.43,0.17,1.8,0.082,27.0,51.0,0.64,red,0.99634,3.49,10.4,5,red,1047
9.3,0.49,0.36,1.7,0.081,3.0,14.0,0.78,red,0.99702,3.27,10.9,6,red,1048
9.3,0.5,0.36,1.8,0.084,6.0,17.0,0.77,red,0.99704,3.27,10.8,6,red,1049
7.1,0.43,0.17,1.8,0.082,27.0,51.0,0.64,red,0.99634,3.49,10.4,5,red,1050
8.5,0.46,0.59,1.4,0.414,16.0,45.0,1.34,red,0.99702,3.03,9.2,5,red,1051
5.6,0.605,0.05,2.4,0.073,19.0,25.0,0.55,red,0.99258,3.56,12.9,5,red,1052
8.3,0.33,0.42,2.3,0.07,9.0,20.0,0.77,red,0.99426,3.38,12.7,7,red,1053
8.2,0.64,0.27,2.0,0.095,5.0,77.0,0.62,red,0.99747,3.13,9.1,6,red,1054
8.2,0.64,0.27,2.0,0.095,5.0,77.0,0.62,red,0.99747,3.13,9.1,6,red,1055
8.9,0.48,0.53,4.0,0.101,3.0,10.0,0.59,red,0.99586,3.21,12.1,7,red,1056
7.6,0.42,0.25,3.9,0.104,28.0,90.0,0.57,red,0.99784,3.15,9.1,5,red,1057
9.9,0.53,0.57,2.4,0.093,30.0,52.0,0.76,red,0.9971,3.19,11.6,7,red,1058
8.9,0.48,0.53,4.0,0.101,3.0,10.0,0.59,red,0.99586,3.21,12.1,7,red,1059
11.6,0.23,0.57,1.8,0.074,3.0,8.0,0.7,red,0.9981,3.14,9.9,6,red,1060
9.1,0.4,0.5,1.8,0.071,7.0,16.0,0.69,red,0.99462,3.21,12.5,8,red,1061
8.0,0.38,0.44,1.9,0.098,6.0,15.0,0.64,red,0.9956,3.3,11.4,6,red,1062
10.2,0.29,0.65,2.4,0.075,6.0,17.0,0.63,red,0.99565,3.22,11.8,6,red,1063
8.2,0.74,0.09,2.0,0.067,5.0,10.0,0.57,red,0.99418,3.28,11.8,6,red,1064
7.7,0.61,0.18,2.4,0.083,6.0,20.0,0.6,red,0.9963,3.29,10.2,6,red,1065
6.6,0.52,0.08,2.4,0.07,13.0,26.0,0.72,red,0.99358,3.4,12.5,7,red,1066
11.1,0.31,0.53,2.2,0.06,3.0,10.0,0.83,red,0.99572,3.02,10.9,7,red,1067
11.1,0.31,0.53,2.2,0.06,3.0,10.0,0.83,red,0.99572,3.02,10.9,7,red,1068
8.0,0.62,0.35,2.8,0.086,28.0,52.0,0.62,red,0.997,3.31,10.8,5,red,1069
9.3,0.33,0.45,1.5,0.057,19.0,37.0,0.89,red,0.99498,3.18,11.1,7,red,1070
7.5,0.77,0.2,8.1,0.098,30.0,92.0,0.58,red,0.99892,3.2,9.2,5,red,1071
7.2,0.35,0.26,1.8,0.083,33.0,75.0,0.58,red,0.9968,3.4,9.5,6,red,1072
8.0,0.62,0.33,2.7,0.088,16.0,37.0,0.58,red,0.9972,3.31,10.7,6,red,1073
7.5,0.77,0.2,8.1,0.098,30.0,92.0,0.58,red,0.99892,3.2,9.2,5,red,1074
9.1,0.25,0.34,2.0,0.071,45.0,67.0,0.86,red,0.99769,3.44,10.2,7,red,1075
9.9,0.32,0.56,2.0,0.073,3.0,8.0,0.73,red,0.99534,3.15,11.4,6,red,1076
8.6,0.37,0.65,6.4,0.08,3.0,8.0,0.58,red,0.99817,3.27,11.0,5,red,1077
8.6,0.37,0.65,6.4,0.08,3.0,8.0,0.58,red,0.99817,3.27,11.0,5,red,1078
7.9,0.3,0.68,8.3,0.05,37.5,278.0,0.51,red,0.99316,3.01,12.3,7,red,1079
10.3,0.27,0.56,1.4,0.047,3.0,8.0,0.51,red,0.99471,3.16,11.8,6,red,1080
7.9,0.3,0.68,8.3,0.05,37.5,289.0,0.51,red,0.99316,3.01,12.3,7,red,1081
7.2,0.38,0.3,1.8,0.073,31.0,70.0,0.59,red,0.99685,3.42,9.5,6,red,1082
8.7,0.42,0.45,2.4,0.072,32.0,59.0,0.77,red,0.99617,3.33,12.0,6,red,1083
7.2,0.38,0.3,1.8,0.073,31.0,70.0,0.59,red,0.99685,3.42,9.5,6,red,1084
6.8,0.48,0.08,1.8,0.074,40.0,64.0,0.49,red,0.99529,3.12,9.6,5,red,1085
8.5,0.34,0.4,4.7,0.055,3.0,9.0,0.66,red,0.99738,3.38,11.6,7,red,1086
7.9,0.19,0.42,1.6,0.057,18.0,30.0,0.69,red,0.994,3.29,11.2,6,red,1087
11.6,0.41,0.54,1.5,0.095,22.0,41.0,0.76,red,0.99735,3.02,9.9,7,red,1088
11.6,0.41,0.54,1.5,0.095,22.0,41.0,0.76,red,0.99735,3.02,9.9,7,red,1089
10.0,0.26,0.54,1.9,0.083,42.0,74.0,0.63,red,0.99451,2.98,11.8,8,red,1090
7.9,0.34,0.42,2.0,0.086,8.0,19.0,0.6,red,0.99546,3.35,11.4,6,red,1091
7.0,0.54,0.09,2.0,0.081,10.0,16.0,0.59,red,0.99479,3.43,11.5,6,red,1092
9.2,0.31,0.36,2.2,0.079,11.0,31.0,0.86,red,0.99615,3.33,12.0,7,red,1093
6.6,0.725,0.09,5.5,0.117,9.0,17.0,0.49,red,0.99655,3.35,10.8,6,red,1094
9.4,0.4,0.47,2.5,0.087,6.0,20.0,0.5,red,0.99772,3.15,10.5,5,red,1095
6.6,0.725,0.09,5.5,0.117,9.0,17.0,0.49,red,0.99655,3.35,10.8,6,red,1096
8.6,0.52,0.38,1.5,0.096,5.0,18.0,0.52,red,0.99666,3.2,9.4,5,red,1097
8.0,0.31,0.45,2.1,0.216,5.0,16.0,0.81,red,0.99358,3.15,12.5,7,red,1098
8.6,0.52,0.38,1.5,0.096,5.0,18.0,0.52,red,0.99666,3.2,9.4,5,red,1099
8.4,0.34,0.42,2.1,0.072,23.0,36.0,0.78,red,0.99392,3.11,12.4,6,red,1100
7.4,0.49,0.27,2.1,0.071,14.0,25.0,0.63,red,0.99388,3.35,12.0,6,red,1101
6.1,0.48,0.09,1.7,0.078,18.0,30.0,0.54,red,0.99402,3.45,11.2,6,red,1102
7.4,0.49,0.27,2.1,0.071,14.0,25.0,0.63,red,0.99388,3.35,12.0,6,red,1103
8.0,0.48,0.34,2.2,0.073,16.0,25.0,0.66,red,0.9936,3.28,12.4,6,red,1104
6.3,0.57,0.28,2.1,0.048,13.0,49.0,0.6,red,0.99374,3.41,12.8,5,red,1105
8.2,0.23,0.42,1.9,0.069,9.0,17.0,0.54,red,0.99376,3.21,12.3,6,red,1106
9.1,0.3,0.41,2.0,0.068,10.0,24.0,0.85,red,0.99523,3.27,11.7,7,red,1107
8.1,0.78,0.1,3.3,0.09,4.0,13.0,0.49,red,0.99855,3.36,9.5,5,red,1108
10.8,0.47,0.43,2.1,0.171,27.0,66.0,0.76,red,0.9982,3.17,10.8,6,red,1109
8.3,0.53,0.0,1.4,0.07,6.0,14.0,0.64,red,0.99593,3.25,10.0,6,red,1110
5.4,0.42,0.27,2.0,0.092,23.0,55.0,0.64,red,0.99471,3.78,12.3,7,red,1111
7.9,0.33,0.41,1.5,0.056,6.0,35.0,0.71,red,0.99396,3.29,11.0,6,red,1112
8.9,0.24,0.39,1.6,0.074,3.0,10.0,0.59,red,0.99698,3.12,9.5,6,red,1113
5.0,0.4,0.5,4.3,0.046,29.0,80.0,0.66,red,0.9902,3.49,13.6,6,red,1114
7.0,0.69,0.07,2.5,0.091,15.0,21.0,0.6,red,0.99572,3.38,11.3,6,red,1115
7.0,0.69,0.07,2.5,0.091,15.0,21.0,0.6,red,0.99572,3.38,11.3,6,red,1116
7.0,0.69,0.07,2.5,0.091,15.0,21.0,0.6,red,0.99572,3.38,11.3,6,red,1117
7.1,0.39,0.12,2.1,0.065,14.0,24.0,0.53,red,0.99252,3.3,13.3,6,red,1118
5.6,0.66,0.0,2.5,0.066,7.0,15.0,0.58,red,0.99256,3.52,12.9,5,red,1119
7.9,0.54,0.34,2.5,0.076,8.0,17.0,0.72,red,0.99235,3.2,13.1,8,red,1120
6.6,0.5,0.0,1.8,0.062,21.0,28.0,0.55,red,0.99352,3.44,12.3,6,red,1121
6.3,0.47,0.0,1.4,0.055,27.0,33.0,0.48,red,0.9922,3.45,12.3,6,red,1122
10.7,0.4,0.37,1.9,0.081,17.0,29.0,0.65,red,0.99674,3.12,11.2,6,red,1123
6.5,0.58,0.0,2.2,0.096,3.0,13.0,0.62,red,0.99557,3.62,11.5,4,red,1124
8.8,0.24,0.35,1.7,0.055,13.0,27.0,0.59,red,0.99394,3.14,11.3,7,red,1125
5.8,0.29,0.26,1.7,0.063,3.0,11.0,0.54,red,0.9915,3.39,13.5,6,red,1126
6.3,0.76,0.0,2.9,0.072,26.0,52.0,0.6,red,0.99379,3.51,11.5,6,red,1127
10.0,0.43,0.33,2.7,0.095,28.0,89.0,0.68,red,0.9984,3.22,10.0,5,red,1128
10.5,0.43,0.35,3.3,0.092,24.0,70.0,0.69,red,0.99798,3.21,10.5,6,red,1129
9.1,0.6,0.0,1.9,0.058,5.0,10.0,0.63,red,0.9977,3.18,10.4,6,red,1130
5.9,0.19,0.21,1.7,0.045,57.0,135.0,0.44,red,0.99341,3.32,9.5,5,red,1131
7.4,0.36,0.34,1.8,0.075,18.0,38.0,0.88,red,0.9933,3.38,13.6,7,red,1132
7.2,0.48,0.07,5.5,0.089,10.0,18.0,0.68,red,0.99684,3.37,11.2,7,red,1133
8.5,0.28,0.35,1.7,0.061,6.0,15.0,0.74,red,0.99524,3.3,11.8,7,red,1134
8.0,0.25,0.43,1.7,0.067,22.0,50.0,0.6,red,0.9946,3.38,11.9,6,red,1135
10.4,0.52,0.45,2.0,0.08,6.0,13.0,0.76,red,0.99774,3.22,11.4,6,red,1136
10.4,0.52,0.45,2.0,0.08,6.0,13.0,0.76,red,0.99774,3.22,11.4,6,red,1137
7.5,0.41,0.15,3.7,0.104,29.0,94.0,0.58,red,0.99786,3.14,9.1,5,red,1138
8.2,0.51,0.24,2.0,0.079,16.0,86.0,0.64,red,0.99764,3.34,9.5,6,red,1139
7.3,0.4,0.3,1.7,0.08,33.0,79.0,0.65,red,0.9969,3.41,9.5,6,red,1140
8.2,0.38,0.32,2.5,0.08,24.0,71.0,0.85,red,0.99624,3.27,11.0,6,red,1141
6.9,0.45,0.11,2.4,0.043,6.0,12.0,0.65,red,0.99354,3.3,11.4,6,red,1142
7.0,0.22,0.3,1.8,0.065,16.0,20.0,0.82,red,0.99672,3.61,10.0,6,red,1143
7.3,0.32,0.23,2.3,0.066,35.0,70.0,0.62,red,0.99588,3.43,10.1,5,red,1144
8.2,0.2,0.43,2.5,0.076,31.0,51.0,0.81,red,0.99672,3.53,10.4,6,red,1145
7.8,0.5,0.12,1.8,0.178,6.0,21.0,0.87,red,0.996,3.28,9.8,6,red,1146
10.0,0.41,0.45,6.2,0.071,6.0,14.0,0.49,red,0.99702,3.21,11.8,7,red,1147
7.8,0.39,0.42,2.0,0.086,9.0,21.0,0.66,red,0.99526,3.39,11.6,6,red,1148
10.0,0.35,0.47,2.0,0.061,6.0,11.0,0.52,red,0.99585,3.23,12.0,6,red,1149
8.2,0.33,0.32,2.8,0.067,4.0,12.0,0.76,red,0.99473,3.3,12.8,7,red,1150
6.1,0.58,0.23,2.5,0.044,16.0,70.0,0.65,red,0.99352,3.46,12.5,6,red,1151
8.3,0.6,0.25,2.2,0.118,9.0,38.0,0.53,red,0.99616,3.15,9.8,5,red,1152
9.6,0.42,0.35,2.1,0.083,17.0,38.0,0.66,red,0.99622,3.23,11.1,6,red,1153
6.6,0.58,0.0,2.2,0.1,50.0,63.0,0.68,red,0.99544,3.59,11.4,6,red,1154
8.3,0.6,0.25,2.2,0.118,9.0,38.0,0.53,red,0.99616,3.15,9.8,5,red,1155
8.5,0.18,0.51,1.75,0.071,45.0,88.0,0.76,red,0.99524,3.33,11.8,7,red,1156
5.1,0.51,0.18,2.1,0.042,16.0,101.0,0.87,red,0.9924,3.46,12.9,7,red,1157
6.7,0.41,0.43,2.8,0.076,22.0,54.0,1.16,red,0.99572,3.42,10.6,6,red,1158
10.2,0.41,0.43,2.2,0.11,11.0,37.0,0.67,red,0.99728,3.16,10.8,5,red,1159
10.6,0.36,0.57,2.3,0.087,6.0,20.0,0.72,red,0.99676,3.14,11.1,7,red,1160
8.8,0.45,0.43,1.4,0.076,12.0,21.0,0.75,red,0.99551,3.21,10.2,6,red,1161
8.5,0.32,0.42,2.3,0.075,12.0,19.0,0.71,red,0.99434,3.14,11.8,7,red,1162
9.0,0.785,0.24,1.7,0.078,10.0,21.0,0.67,red,0.99692,3.29,10.0,5,red,1163
9.0,0.785,0.24,1.7,0.078,10.0,21.0,0.67,red,0.99692,3.29,10.0,5,red,1164
8.5,0.44,0.5,1.9,0.369,15.0,38.0,1.1,red,0.99634,3.01,9.4,5,red,1165
9.9,0.54,0.26,2.0,0.111,7.0,60.0,0.98,red,0.99709,2.94,10.2,5,red,1166
8.2,0.33,0.39,2.5,0.074,29.0,48.0,0.88,red,0.99528,3.32,12.4,7,red,1167
6.5,0.34,0.27,2.8,0.067,8.0,44.0,0.56,red,0.99384,3.21,12.0,6,red,1168
7.6,0.5,0.29,2.3,0.086,5.0,14.0,0.62,red,0.99502,3.32,11.5,6,red,1169
9.2,0.36,0.34,1.6,0.062,5.0,12.0,0.67,red,0.99667,3.2,10.5,6,red,1170
7.1,0.59,0.0,2.2,0.078,26.0,44.0,0.68,red,0.99522,3.42,10.8,6,red,1171
9.7,0.42,0.46,2.1,0.074,5.0,16.0,0.74,red,0.99649,3.27,12.3,6,red,1172
7.6,0.36,0.31,1.7,0.079,26.0,65.0,0.62,red,0.99716,3.46,9.5,6,red,1173
7.6,0.36,0.31,1.7,0.079,26.0,65.0,0.62,red,0.99716,3.46,9.5,6,red,1174
6.5,0.61,0.0,2.2,0.095,48.0,59.0,0.7,red,0.99541,3.61,11.5,6,red,1175
6.5,0.88,0.03,5.6,0.079,23.0,47.0,0.5,red,0.99572,3.58,11.2,4,red,1176
7.1,0.66,0.0,2.4,0.052,6.0,11.0,0.66,red,0.99318,3.35,12.7,7,red,1177
5.6,0.915,0.0,2.1,0.041,17.0,78.0,0.73,red,0.99346,3.68,11.4,5,red,1178
8.2,0.35,0.33,2.4,0.076,11.0,47.0,0.81,red,0.99599,3.27,11.0,6,red,1179
8.2,0.35,0.33,2.4,0.076,11.0,47.0,0.81,red,0.99599,3.27,11.0,6,red,1180
9.8,0.39,0.43,1.65,0.068,5.0,11.0,0.46,red,0.99478,3.19,11.4,5,red,1181
10.2,0.4,0.4,2.5,0.068,41.0,54.0,0.86,red,0.99754,3.38,10.5,6,red,1182
6.8,0.66,0.07,1.6,0.07,16.0,61.0,0.6,red,0.99572,3.29,9.3,5,red,1183
6.7,0.64,0.23,2.1,0.08,11.0,119.0,0.7,red,0.99538,3.36,10.9,5,red,1184
7.0,0.43,0.3,2.0,0.085,6.0,39.0,0.46,red,0.99346,3.33,11.9,6,red,1185
6.6,0.8,0.03,7.8,0.079,6.0,12.0,0.5,red,0.9963,3.52,12.2,5,red,1186
7.0,0.43,0.3,2.0,0.085,6.0,39.0,0.46,red,0.99346,3.33,11.9,6,red,1187
6.7,0.64,0.23,2.1,0.08,11.0,119.0,0.7,red,0.99538,3.36,10.9,5,red,1188
8.8,0.955,0.05,1.8,0.075,5.0,19.0,0.44,red,0.99616,3.3,9.6,4,red,1189
9.1,0.4,0.57,4.6,0.08,6.0,20.0,0.57,red,0.99652,3.28,12.5,6,red,1190
6.5,0.885,0.0,2.3,0.166,6.0,12.0,0.51,red,0.99551,3.56,10.8,5,red,1191
7.2,0.25,0.37,2.5,0.063,11.0,41.0,0.8,red,0.99439,3.52,12.4,7,red,1192
6.4,0.885,0.0,2.3,0.166,6.0,12.0,0.51,red,0.99551,3.56,10.8,5,red,1193
7.0,0.745,0.12,1.8,0.114,15.0,64.0,0.59,red,0.99588,3.22,9.5,6,red,1194
6.2,0.43,0.22,1.8,0.078,21.0,56.0,0.6,red,0.99633,3.52,9.5,6,red,1195
7.9,0.58,0.23,2.3,0.076,23.0,94.0,0.58,red,0.99686,3.21,9.5,6,red,1196
7.7,0.57,0.21,1.5,0.069,4.0,9.0,0.54,red,0.99458,3.16,9.8,6,red,1197
7.7,0.26,0.26,2.0,0.052,19.0,77.0,0.79,red,0.9951,3.15,10.9,6,red,1198
7.9,0.58,0.23,2.3,0.076,23.0,94.0,0.58,red,0.99686,3.21,9.5,6,red,1199
7.7,0.57,0.21,1.5,0.069,4.0,9.0,0.54,red,0.99458,3.16,9.8,6,red,1200
7.9,0.34,0.36,1.9,0.065,5.0,10.0,0.54,red,0.99419,3.27,11.2,7,red,1201
8.6,0.42,0.39,1.8,0.068,6.0,12.0,0.69,red,0.99516,3.35,11.7,8,red,1202
9.9,0.74,0.19,5.8,0.111,33.0,76.0,0.55,red,0.99878,3.14,9.4,5,red,1203
7.2,0.36,0.46,2.1,0.074,24.0,44.0,0.85,red,0.99534,3.4,11.0,7,red,1204
7.2,0.36,0.46,2.1,0.074,24.0,44.0,0.85,red,0.99534,3.4,11.0,7,red,1205
7.2,0.36,0.46,2.1,0.074,24.0,44.0,0.85,red,0.99534,3.4,11.0,7,red,1206
9.9,0.72,0.55,1.7,0.136,24.0,52.0,0.94,red,0.99752,3.35,10.0,5,red,1207
7.2,0.36,0.46,2.1,0.074,24.0,44.0,0.85,red,0.99534,3.4,11.0,7,red,1208
6.2,0.39,0.43,2.0,0.071,14.0,24.0,0.87,red,0.99428,3.45,11.2,7,red,1209
6.8,0.65,0.02,2.1,0.078,8.0,15.0,0.62,red,0.99498,3.35,10.4,6,red,1210
6.6,0.44,0.15,2.1,0.076,22.0,53.0,0.62,red,0.9957,3.32,9.3,5,red,1211
6.8,0.65,0.02,2.1,0.078,8.0,15.0,0.62,red,0.99498,3.35,10.4,6,red,1212
9.6,0.38,0.42,1.9,0.071,5.0,13.0,0.75,red,0.99659,3.15,10.5,6,red,1213
10.2,0.33,0.46,1.9,0.081,6.0,9.0,0.48,red,0.99628,3.1,10.4,6,red,1214
8.8,0.27,0.46,2.1,0.095,20.0,29.0,0.56,red,0.99488,3.26,11.3,6,red,1215
7.9,0.57,0.31,2.0,0.079,10.0,79.0,0.69,red,0.99677,3.29,9.5,6,red,1216
8.2,0.34,0.37,1.9,0.057,43.0,74.0,0.81,red,0.99408,3.23,12.0,6,red,1217
8.2,0.4,0.31,1.9,0.082,8.0,24.0,0.69,red,0.996,3.24,10.6,6,red,1218
9.0,0.39,0.4,1.3,0.044,25.0,50.0,0.83,red,0.99478,3.2,10.9,6,red,1219
10.9,0.32,0.52,1.8,0.132,17.0,44.0,0.77,red,0.99734,3.28,11.5,6,red,1220
10.9,0.32,0.52,1.8,0.132,17.0,44.0,0.77,red,0.99734,3.28,11.5,6,red,1221
8.1,0.53,0.22,2.2,0.078,33.0,89.0,0.46,red,0.99678,3.26,9.6,6,red,1222
10.5,0.36,0.47,2.2,0.074,9.0,23.0,0.76,red,0.99638,3.23,12.0,6,red,1223
12.6,0.39,0.49,2.5,0.08,8.0,20.0,0.82,red,0.9992,3.07,10.3,6,red,1224
9.2,0.46,0.23,2.6,0.091,18.0,77.0,0.51,red,0.99922,3.15,9.4,5,red,1225
7.5,0.58,0.03,4.1,0.08,27.0,46.0,0.47,red,0.99592,3.02,9.2,5,red,1226
9.0,0.58,0.25,2.0,0.104,8.0,21.0,0.72,red,0.99769,3.27,9.6,5,red,1227
5.1,0.42,0.0,1.8,0.044,18.0,88.0,0.73,red,0.99157,3.68,13.6,7,red,1228
7.6,0.43,0.29,2.1,0.075,19.0,66.0,0.64,red,0.99718,3.4,9.5,5,red,1229
7.7,0.18,0.34,2.7,0.066,15.0,58.0,0.78,red,0.9947,3.37,11.8,6,red,1230
7.8,0.815,0.01,2.6,0.074,48.0,90.0,0.62,red,0.99621,3.38,10.8,5,red,1231
7.6,0.43,0.29,2.1,0.075,19.0,66.0,0.64,red,0.99718,3.4,9.5,5,red,1232
10.2,0.23,0.37,2.2,0.057,14.0,36.0,0.49,red,0.99614,3.23,9.3,4,red,1233
7.1,0.75,0.01,2.2,0.059,11.0,18.0,0.4,red,0.99242,3.39,12.8,6,red,1234
6.0,0.33,0.32,12.9,0.054,6.0,113.0,0.56,red,0.99572,3.3,11.5,4,red,1235
7.8,0.55,0.0,1.7,0.07,7.0,17.0,0.64,red,0.99659,3.26,9.4,6,red,1236
7.1,0.75,0.01,2.2,0.059,11.0,18.0,0.4,red,0.99242,3.39,12.8,6,red,1237
8.1,0.73,0.0,2.5,0.081,12.0,24.0,0.46,red,0.99798,3.38,9.6,4,red,1238
6.5,0.67,0.0,4.3,0.057,11.0,20.0,0.56,red,0.99488,3.45,11.8,4,red,1239
7.5,0.61,0.2,1.7,0.076,36.0,60.0,0.4,red,0.99494,3.1,9.3,5,red,1240
9.8,0.37,0.39,2.5,0.079,28.0,65.0,0.59,red,0.99729,3.16,9.8,5,red,1241
9.0,0.4,0.41,2.0,0.058,15.0,40.0,0.6,red,0.99414,3.22,12.2,6,red,1242
8.3,0.56,0.22,2.4,0.082,10.0,86.0,0.62,red,0.9983,3.37,9.5,5,red,1243
5.9,0.29,0.25,13.4,0.067,72.0,160.0,0.54,red,0.99721,3.33,10.3,6,red,1244
7.4,0.55,0.19,1.8,0.082,15.0,34.0,0.68,red,0.99655,3.49,10.5,5,red,1245
7.4,0.74,0.07,1.7,0.086,15.0,48.0,0.48,red,0.99502,3.12,10.0,5,red,1246
7.4,0.55,0.19,1.8,0.082,15.0,34.0,0.68,red,0.99655,3.49,10.5,5,red,1247
6.9,0.41,0.33,2.2,0.081,22.0,36.0,0.75,red,0.9949,3.41,11.1,6,red,1248
7.1,0.6,0.01,2.3,0.079,24.0,37.0,0.61,red,0.99514,3.4,10.9,6,red,1249
7.1,0.6,0.01,2.3,0.079,24.0,37.0,0.61,red,0.99514,3.4,10.9,6,red,1250
7.5,0.58,0.14,2.2,0.077,27.0,60.0,0.59,red,0.9963,3.28,9.8,5,red,1251
7.1,0.72,0.0,1.8,0.123,6.0,14.0,0.58,red,0.99627,3.45,9.8,5,red,1252
7.9,0.66,0.0,1.4,0.096,6.0,13.0,0.58,red,0.99569,3.43,9.5,5,red,1253
7.8,0.7,0.06,1.9,0.079,20.0,35.0,0.69,red,0.99628,3.4,10.9,5,red,1254
6.1,0.64,0.02,2.4,0.069,26.0,46.0,0.45,red,0.99358,3.47,11.0,5,red,1255
7.5,0.59,0.22,1.8,0.082,43.0,60.0,0.42,red,0.99499,3.1,9.2,5,red,1256
7.0,0.58,0.28,4.8,0.085,12.0,69.0,0.7,red,0.99633,3.32,11.0,6,red,1257
6.8,0.64,0.0,2.7,0.123,15.0,33.0,0.63,red,0.99538,3.44,11.3,6,red,1258
6.8,0.64,0.0,2.7,0.123,15.0,33.0,0.63,red,0.99538,3.44,11.3,6,red,1259
8.6,0.635,0.68,1.8,0.403,19.0,56.0,1.15,red,0.99632,3.02,9.3,5,red,1260
6.3,1.02,0.0,2.0,0.083,17.0,24.0,0.55,red,0.99437,3.59,11.2,4,red,1261
9.8,0.45,0.38,2.5,0.081,34.0,66.0,0.58,red,0.99726,3.15,9.8,5,red,1262
8.2,0.78,0.0,2.2,0.089,13.0,26.0,0.46,red,0.9978,3.37,9.6,4,red,1263
8.5,0.37,0.32,1.8,0.066,26.0,51.0,0.72,red,0.99456,3.38,11.8,6,red,1264
7.2,0.57,0.05,2.3,0.081,16.0,36.0,0.6,red,0.99564,3.38,10.3,6,red,1265
7.2,0.57,0.05,2.3,0.081,16.0,36.0,0.6,red,0.99564,3.38,10.3,6,red,1266
10.4,0.43,0.5,2.3,0.068,13.0,19.0,0.87,red,0.996,3.1,11.4,6,red,1267
6.9,0.41,0.31,2.0,0.079,21.0,51.0,0.55,red,0.99668,3.47,9.5,6,red,1268
5.5,0.49,0.03,1.8,0.044,28.0,87.0,0.82,red,0.9908,3.5,14.0,8,red,1269
5.0,0.38,0.01,1.6,0.048,26.0,60.0,0.75,red,0.99084,3.7,14.0,6,red,1270
7.3,0.44,0.2,1.6,0.049,24.0,64.0,0.57,red,0.9935,3.38,11.7,6,red,1271
5.9,0.46,0.0,1.9,0.077,25.0,44.0,0.53,red,0.99385,3.5,11.2,5,red,1272
7.5,0.58,0.2,2.0,0.073,34.0,44.0,0.43,red,0.99494,3.1,9.3,5,red,1273
7.8,0.58,0.13,2.1,0.102,17.0,36.0,0.53,red,0.9944,3.24,11.2,6,red,1274
8.0,0.715,0.22,2.3,0.075,13.0,81.0,0.54,red,0.99688,3.24,9.5,6,red,1275
8.5,0.4,0.4,6.3,0.05,3.0,10.0,0.56,red,0.99566,3.28,12.0,4,red,1276
7.0,0.69,0.0,1.9,0.114,3.0,10.0,0.6,red,0.99636,3.35,9.7,6,red,1277
8.0,0.715,0.22,2.3,0.075,13.0,81.0,0.54,red,0.99688,3.24,9.5,6,red,1278
9.8,0.3,0.39,1.7,0.062,3.0,9.0,0.57,red,0.9948,3.14,11.5,7,red,1279
7.1,0.46,0.2,1.9,0.077,28.0,54.0,0.64,red,0.9956,3.37,10.4,6,red,1280
7.1,0.46,0.2,1.9,0.077,28.0,54.0,0.64,red,0.9956,3.37,10.4,6,red,1281
7.9,0.765,0.0,2.0,0.084,9.0,22.0,0.68,red,0.99619,3.33,10.9,6,red,1282
8.7,0.63,0.28,2.7,0.096,17.0,69.0,0.63,red,0.99734,3.26,10.2,6,red,1283
7.0,0.42,0.19,2.3,0.071,18.0,36.0,0.56,red,0.99476,3.39,10.9,5,red,1284
11.3,0.37,0.5,1.8,0.09,20.0,47.0,0.57,red,0.99734,3.15,10.5,5,red,1285
7.1,0.16,0.44,2.5,0.068,17.0,31.0,0.54,red,0.99328,3.35,12.4,6,red,1286
8.0,0.6,0.08,2.6,0.056,3.0,7.0,0.37,red,0.99286,3.22,13.0,5,red,1287
7.0,0.6,0.3,4.5,0.068,20.0,110.0,1.17,red,0.99914,3.3,10.2,5,red,1288
7.0,0.6,0.3,4.5,0.068,20.0,110.0,1.17,red,0.99914,3.3,10.2,5,red,1289
7.6,0.74,0.0,1.9,0.1,6.0,12.0,0.59,red,0.99521,3.36,11.0,5,red,1290
8.2,0.635,0.1,2.1,0.073,25.0,60.0,0.75,red,0.99638,3.29,10.9,6,red,1291
5.9,0.395,0.13,2.4,0.056,14.0,28.0,0.67,red,0.99362,3.62,12.4,6,red,1292
7.5,0.755,0.0,1.9,0.084,6.0,12.0,0.49,red,0.99672,3.34,9.7,4,red,1293
8.2,0.635,0.1,2.1,0.073,25.0,60.0,0.75,red,0.99638,3.29,10.9,6,red,1294
6.6,0.63,0.0,4.3,0.093,51.0,77.5,0.45,red,0.99558,3.2,9.5,5,red,1295
6.6,0.63,0.0,4.3,0.093,51.0,77.5,0.45,red,0.99558,3.2,9.5,5,red,1296
7.2,0.53,0.14,2.1,0.064,15.0,29.0,0.61,red,0.99323,3.35,12.1,6,red,1297
5.7,0.6,0.0,1.4,0.063,11.0,18.0,0.56,red,0.99191,3.45,12.2,6,red,1298
7.6,1.58,0.0,2.1,0.137,5.0,9.0,0.4,red,0.99476,3.5,10.9,3,red,1299
5.2,0.645,0.0,2.15,0.08,15.0,28.0,0.61,red,0.99444,3.78,12.5,6,red,1300
6.7,0.86,0.07,2.0,0.1,20.0,57.0,0.74,red,0.99598,3.6,11.7,6,red,1301
9.1,0.37,0.32,2.1,0.064,4.0,15.0,0.8,red,0.99576,3.3,11.2,6,red,1302
8.0,0.28,0.44,1.8,0.081,28.0,68.0,0.66,red,0.99501,3.36,11.2,5,red,1303
7.6,0.79,0.21,2.3,0.087,21.0,68.0,0.44,red,0.9955,3.12,9.2,5,red,1304
7.5,0.61,0.26,1.9,0.073,24.0,88.0,0.53,red,0.99612,3.3,9.8,5,red,1305
9.7,0.69,0.32,2.5,0.088,22.0,91.0,0.62,red,0.9979,3.29,10.1,5,red,1306
6.8,0.68,0.09,3.9,0.068,15.0,29.0,0.52,red,0.99524,3.41,11.1,4,red,1307
9.7,0.69,0.32,2.5,0.088,22.0,91.0,0.62,red,0.9979,3.29,10.1,5,red,1308
7.0,0.62,0.1,1.4,0.071,27.0,63.0,0.61,red,0.996,3.28,9.2,5,red,1309
7.5,0.61,0.26,1.9,0.073,24.0,88.0,0.53,red,0.99612,3.3,9.8,5,red,1310
6.5,0.51,0.15,3.0,0.064,12.0,27.0,0.59,red,0.9929,3.33,12.8,6,red,1311
8.0,1.18,0.21,1.9,0.083,14.0,41.0,0.47,red,0.99532,3.34,10.5,5,red,1312
7.0,0.36,0.21,2.3,0.086,20.0,65.0,0.54,red,0.99558,3.4,10.1,6,red,1313
7.0,0.36,0.21,2.4,0.086,24.0,69.0,0.53,red,0.99556,3.4,10.1,6,red,1314
7.5,0.63,0.27,2.0,0.083,17.0,91.0,0.58,red,0.99616,3.26,9.8,6,red,1315
5.4,0.74,0.0,1.2,0.041,16.0,46.0,0.59,red,0.99258,4.01,12.5,6,red,1316
9.9,0.44,0.46,2.2,0.091,10.0,41.0,0.69,red,0.99638,3.18,11.9,6,red,1317
7.5,0.63,0.27,2.0,0.083,17.0,91.0,0.58,red,0.99616,3.26,9.8,6,red,1318
9.1,0.76,0.68,1.7,0.414,18.0,64.0,1.33,red,0.99652,2.9,9.1,6,red,1319
9.7,0.66,0.34,2.6,0.094,12.0,88.0,0.66,red,0.99796,3.26,10.1,5,red,1320
5.0,0.74,0.0,1.2,0.041,16.0,46.0,0.59,red,0.99258,4.01,12.5,6,red,1321
9.1,0.34,0.42,1.8,0.058,9.0,18.0,0.55,red,0.99392,3.18,11.4,5,red,1322
9.1,0.36,0.39,1.8,0.06,21.0,55.0,0.82,red,0.99495,3.18,11.0,7,red,1323
6.7,0.46,0.24,1.7,0.077,18.0,34.0,0.6,red,0.9948,3.39,10.6,6,red,1324
6.7,0.46,0.24,1.7,0.077,18.0,34.0,0.6,red,0.9948,3.39,10.6,6,red,1325
6.7,0.46,0.24,1.7,0.077,18.0,34.0,0.6,red,0.9948,3.39,10.6,6,red,1326
6.7,0.46,0.24,1.7,0.077,18.0,34.0,0.6,red,0.9948,3.39,10.6,6,red,1327
6.5,0.52,0.11,1.8,0.073,13.0,38.0,0.52,red,0.9955,3.34,9.3,5,red,1328
7.4,0.6,0.26,2.1,0.083,17.0,91.0,0.56,red,0.99616,3.29,9.8,6,red,1329
7.4,0.6,0.26,2.1,0.083,17.0,91.0,0.56,red,0.99616,3.29,9.8,6,red,1330
7.8,0.87,0.26,3.8,0.107,31.0,67.0,0.46,red,0.99668,3.26,9.2,5,red,1331
8.4,0.39,0.1,1.7,0.075,6.0,25.0,0.43,red,0.99581,3.09,9.7,6,red,1332
9.1,0.775,0.22,2.2,0.079,12.0,48.0,0.51,red,0.9976,3.18,9.6,5,red,1333
7.2,0.835,0.0,2.0,0.166,4.0,11.0,0.52,red,0.99608,3.39,10.0,5,red,1334
6.6,0.58,0.02,2.4,0.069,19.0,40.0,0.66,red,0.99387,3.38,12.6,6,red,1335
6.0,0.5,0.0,1.4,0.057,15.0,26.0,0.45,red,0.99448,3.36,9.5,5,red,1336
6.0,0.5,0.0,1.4,0.057,15.0,26.0,0.45,red,0.99448,3.36,9.5,5,red,1337
6.0,0.5,0.0,1.4,0.057,15.0,26.0,0.45,red,0.99448,3.36,9.5,5,red,1338
7.5,0.51,0.02,1.7,0.084,13.0,31.0,0.54,red,0.99538,3.36,10.5,6,red,1339
7.5,0.51,0.02,1.7,0.084,13.0,31.0,0.54,red,0.99538,3.36,10.5,6,red,1340
7.5,0.51,0.02,1.7,0.084,13.0,31.0,0.54,red,0.99538,3.36,10.5,6,red,1341
7.6,0.54,0.02,1.7,0.085,17.0,31.0,0.51,red,0.99589,3.37,10.4,6,red,1342
7.5,0.51,0.02,1.7,0.084,13.0,31.0,0.54,red,0.99538,3.36,10.5,6,red,1343
11.5,0.42,0.48,2.6,0.077,8.0,20.0,0.53,red,0.99852,3.09,11.0,5,red,1344
8.2,0.44,0.24,2.3,0.063,10.0,28.0,0.53,red,0.99613,3.25,10.2,6,red,1345
6.1,0.59,0.01,2.1,0.056,5.0,13.0,0.56,red,0.99472,3.52,11.4,5,red,1346
7.2,0.655,0.03,1.8,0.078,7.0,12.0,0.39,red,0.99587,3.34,9.5,5,red,1347
7.2,0.655,0.03,1.8,0.078,7.0,12.0,0.39,red,0.99587,3.34,9.5,5,red,1348
6.9,0.57,0.0,2.8,0.081,21.0,41.0,0.52,red,0.99518,3.41,10.8,5,red,1349
9.0,0.6,0.29,2.0,0.069,32.0,73.0,0.57,red,0.99654,3.34,10.0,5,red,1350
7.2,0.62,0.01,2.3,0.065,8.0,46.0,0.51,red,0.99332,3.32,11.8,6,red,1351
7.6,0.645,0.03,1.9,0.086,14.0,57.0,0.46,red,0.9969,3.37,10.3,5,red,1352
7.6,0.645,0.03,1.9,0.086,14.0,57.0,0.46,red,0.9969,3.37,10.3,5,red,1353
7.2,0.58,0.03,2.3,0.077,7.0,28.0,0.52,red,0.99568,3.35,10.0,5,red,1354
6.1,0.32,0.25,1.8,0.086,5.0,32.0,0.44,red,0.99464,3.36,10.1,5,red,1355
6.1,0.34,0.25,1.8,0.084,4.0,28.0,0.44,red,0.99464,3.36,10.1,5,red,1356
7.3,0.43,0.24,2.5,0.078,27.0,67.0,0.59,red,0.99648,3.6,11.1,6,red,1357
7.4,0.64,0.17,5.4,0.168,52.0,98.0,0.5,red,0.99736,3.28,9.5,5,red,1358
11.6,0.475,0.4,1.4,0.091,6.0,28.0,0.65,red,0.99704,3.07,10.0333333333333,6,red,1359
9.2,0.54,0.31,2.3,0.112,11.0,38.0,0.56,red,0.99699,3.24,10.9,5,red,1360
8.3,0.85,0.14,2.5,0.093,13.0,54.0,0.54,red,0.99724,3.36,10.1,5,red,1361
11.6,0.475,0.4,1.4,0.091,6.0,28.0,0.65,red,0.99704,3.07,10.0333333333333,6,red,1362
8.0,0.83,0.27,2.0,0.08,11.0,63.0,0.48,red,0.99652,3.29,9.8,4,red,1363
7.2,0.605,0.02,1.9,0.096,10.0,31.0,0.53,red,0.995,3.46,11.8,6,red,1364
7.8,0.5,0.09,2.2,0.115,10.0,42.0,0.62,red,0.9971,3.18,9.5,5,red,1365
7.3,0.74,0.08,1.7,0.094,10.0,45.0,0.5,red,0.99576,3.24,9.8,5,red,1366
6.9,0.54,0.3,2.2,0.088,9.0,105.0,1.18,red,0.99725,3.25,10.5,6,red,1367
8.0,0.77,0.32,2.1,0.079,16.0,74.0,0.5,red,0.99656,3.27,9.8,6,red,1368
6.6,0.61,0.0,1.6,0.069,4.0,8.0,0.37,red,0.99396,3.33,10.4,4,red,1369
8.7,0.78,0.51,1.7,0.415,12.0,66.0,1.17,red,0.99623,3.0,9.2,5,red,1370
7.5,0.58,0.56,3.1,0.153,5.0,14.0,1.03,red,0.99476,3.21,11.6,6,red,1371
8.7,0.78,0.51,1.7,0.415,12.0,66.0,1.17,red,0.99623,3.0,9.2,5,red,1372
7.7,0.75,0.27,3.8,0.11,34.0,89.0,0.45,red,0.99664,3.24,9.3,5,red,1373
6.8,0.815,0.0,1.2,0.267,16.0,29.0,0.51,red,0.99471,3.32,9.8,3,red,1374
7.2,0.56,0.26,2.0,0.083,13.0,100.0,0.52,red,0.99586,3.26,9.9,5,red,1375
8.2,0.885,0.2,1.4,0.086,7.0,31.0,0.46,red,0.9946,3.11,10.0,5,red,1376
5.2,0.49,0.26,2.3,0.09,23.0,74.0,0.62,red,0.9953,3.71,12.2,6,red,1377
7.2,0.45,0.15,2.0,0.078,10.0,28.0,0.51,red,0.99609,3.29,9.9,6,red,1378
7.5,0.57,0.02,2.6,0.077,11.0,35.0,0.62,red,0.99557,3.36,10.8,6,red,1379
7.5,0.57,0.02,2.6,0.077,11.0,35.0,0.62,red,0.99557,3.36,10.8,6,red,1380
6.8,0.83,0.09,1.8,0.074,4.0,25.0,0.45,red,0.99534,3.38,9.6,5,red,1381
8.0,0.6,0.22,2.1,0.08,25.0,105.0,0.49,red,0.99613,3.3,9.9,5,red,1382
8.0,0.6,0.22,2.1,0.08,25.0,105.0,0.49,red,0.99613,3.3,9.9,5,red,1383
7.1,0.755,0.15,1.8,0.107,20.0,84.0,0.5,red,0.99593,3.19,9.5,5,red,1384
8.0,0.81,0.25,3.4,0.076,34.0,85.0,0.42,red,0.99668,3.19,9.2,5,red,1385
7.4,0.64,0.07,1.8,0.1,8.0,23.0,0.58,red,0.9961,3.3,9.6,5,red,1386
7.4,0.64,0.07,1.8,0.1,8.0,23.0,0.58,red,0.9961,3.3,9.6,5,red,1387
6.6,0.64,0.31,6.1,0.083,7.0,49.0,0.68,red,0.99718,3.35,10.3,5,red,1388
6.7,0.48,0.02,2.2,0.08,36.0,111.0,0.53,red,0.99524,3.1,9.7,5,red,1389
6.0,0.49,0.0,2.3,0.068,15.0,33.0,0.59,red,0.99292,3.58,12.5,6,red,1390
8.0,0.64,0.22,2.4,0.094,5.0,33.0,0.58,red,0.99612,3.37,11.0,5,red,1391
7.1,0.62,0.06,1.3,0.07,5.0,12.0,0.48,red,0.9942,3.17,9.8,5,red,1392
8.0,0.52,0.25,2.0,0.078,19.0,59.0,0.48,red,0.99612,3.3,10.2,5,red,1393
6.4,0.57,0.14,3.9,0.07,27.0,73.0,0.48,red,0.99669,3.32,9.2,5,red,1394
8.6,0.685,0.1,1.6,0.092,3.0,12.0,0.65,red,0.99745,3.31,9.55,6,red,1395
8.7,0.675,0.1,1.6,0.09,4.0,11.0,0.65,red,0.99745,3.31,9.55,5,red,1396
7.3,0.59,0.26,2.0,0.08,17.0,104.0,0.52,red,0.99584,3.28,9.9,5,red,1397
7.0,0.6,0.12,2.2,0.083,13.0,28.0,0.62,red,0.9966,3.52,10.2,7,red,1398
7.2,0.67,0.0,2.2,0.068,10.0,24.0,0.72,red,0.9956,3.42,11.1,6,red,1399
7.9,0.69,0.21,2.1,0.08,33.0,141.0,0.51,red,0.9962,3.25,9.9,5,red,1400
7.9,0.69,0.21,2.1,0.08,33.0,141.0,0.51,red,0.9962,3.25,9.9,5,red,1401
7.6,0.3,0.42,2.0,0.052,6.0,24.0,0.82,red,0.9963,3.44,11.9,6,red,1402
7.2,0.33,0.33,1.7,0.061,3.0,13.0,1.1,red,0.996,3.23,10.0,8,red,1403
8.0,0.5,0.39,2.6,0.082,12.0,46.0,0.62,red,0.9985,3.43,10.7,6,red,1404
7.7,0.28,0.3,2.0,0.062,18.0,34.0,0.9,red,0.9952,3.28,11.3,7,red,1405
8.2,0.24,0.34,5.1,0.062,8.0,22.0,0.94,red,0.9974,3.22,10.9,6,red,1406
6.0,0.51,0.0,2.1,0.064,40.0,54.0,0.93,red,0.995,3.54,10.7,6,red,1407
8.1,0.29,0.36,2.2,0.048,35.0,53.0,1.01,red,0.995,3.27,12.4,7,red,1408
6.0,0.51,0.0,2.1,0.064,40.0,54.0,0.93,red,0.995,3.54,10.7,6,red,1409
6.6,0.96,0.0,1.8,0.082,5.0,16.0,0.44,red,0.9936,3.5,11.9,6,red,1410
6.4,0.47,0.4,2.4,0.071,8.0,19.0,0.73,red,0.9963,3.56,10.6,6,red,1411
8.2,0.24,0.34,5.1,0.062,8.0,22.0,0.94,red,0.9974,3.22,10.9,6,red,1412
9.9,0.57,0.25,2.0,0.104,12.0,89.0,0.9,red,0.9963,3.04,10.1,5,red,1413
10.0,0.32,0.59,2.2,0.077,3.0,15.0,0.78,red,0.9994,3.2,9.6,5,red,1414
6.2,0.58,0.0,1.6,0.065,8.0,18.0,0.84,red,0.9966,3.56,9.4,5,red,1415
10.0,0.32,0.59,2.2,0.077,3.0,15.0,0.78,red,0.9994,3.2,9.6,5,red,1416
7.3,0.34,0.33,2.5,0.064,21.0,37.0,0.77,red,0.9952,3.35,12.1,7,red,1417
7.8,0.53,0.01,1.6,0.077,3.0,19.0,0.46,red,0.995,3.16,9.8,5,red,1418
7.7,0.64,0.21,2.2,0.077,32.0,133.0,0.45,red,0.9956,3.27,9.9,5,red,1419
7.8,0.53,0.01,1.6,0.077,3.0,19.0,0.46,red,0.995,3.16,9.8,5,red,1420
7.5,0.4,0.18,1.6,0.079,24.0,58.0,0.58,red,0.9965,3.34,9.4,5,red,1421
7.0,0.54,0.0,2.1,0.079,39.0,55.0,0.84,red,0.9956,3.39,11.4,6,red,1422
6.4,0.53,0.09,3.9,0.123,14.0,31.0,0.67,red,0.9968,3.5,11.0,4,red,1423
8.3,0.26,0.37,1.4,0.076,8.0,23.0,0.7,red,0.9974,3.26,9.6,6,red,1424
8.3,0.26,0.37,1.4,0.076,8.0,23.0,0.7,red,0.9974,3.26,9.6,6,red,1425
7.7,0.23,0.37,1.8,0.046,23.0,60.0,0.71,red,0.9971,3.41,12.1,6,red,1426
7.6,0.41,0.33,2.5,0.078,6.0,23.0,0.58,red,0.9957,3.3,11.2,5,red,1427
7.8,0.64,0.0,1.9,0.072,27.0,55.0,0.63,red,0.9962,3.31,11.0,5,red,1428
7.9,0.18,0.4,2.2,0.049,38.0,67.0,0.93,red,0.996,3.33,11.3,5,red,1429
7.4,0.41,0.24,1.8,0.066,18.0,47.0,0.62,red,0.9956,3.37,10.4,5,red,1430
7.6,0.43,0.31,2.1,0.069,13.0,74.0,0.54,red,0.9958,3.26,9.9,6,red,1431
5.9,0.44,0.0,1.6,0.042,3.0,11.0,0.85,red,0.9944,3.48,11.7,6,red,1432
6.1,0.4,0.16,1.8,0.069,11.0,25.0,0.74,red,0.9955,3.42,10.1,7,red,1433
10.2,0.54,0.37,15.4,0.214,55.0,95.0,0.77,red,1.00369,3.18,9.0,6,red,1434
10.2,0.54,0.37,15.4,0.214,55.0,95.0,0.77,red,1.00369,3.18,9.0,6,red,1435
10.0,0.38,0.38,1.6,0.169,27.0,90.0,0.65,red,0.99914,3.15,8.5,5,red,1436
6.8,0.915,0.29,4.8,0.07,15.0,39.0,0.54,red,0.99577,3.53,11.1,5,red,1437
7.0,0.59,0.0,1.7,0.052,3.0,8.0,0.47,red,0.996,3.41,10.3,5,red,1438
7.3,0.67,0.02,2.2,0.072,31.0,92.0,0.68,red,0.99566,3.32,11.0666666666667,6,red,1439
7.2,0.37,0.32,2.0,0.062,15.0,28.0,0.73,red,0.9947,3.23,11.3,7,red,1440
7.4,0.785,0.19,5.2,0.094,19.0,98.0,0.52,red,0.99713,3.16,9.56666666666667,6,red,1441
6.9,0.63,0.02,1.9,0.078,18.0,30.0,0.75,red,0.99712,3.4,9.8,5,red,1442
6.9,0.58,0.2,1.75,0.058,8.0,22.0,0.49,red,0.99322,3.38,11.7,5,red,1443
7.3,0.67,0.02,2.2,0.072,31.0,92.0,0.68,red,0.99566,3.32,11.1,6,red,1444
7.4,0.785,0.19,5.2,0.094,19.0,98.0,0.52,red,0.99713,3.16,9.6,6,red,1445
6.9,0.63,0.02,1.9,0.078,18.0,30.0,0.75,red,0.99712,3.4,9.8,5,red,1446
6.8,0.67,0.0,1.9,0.08,22.0,39.0,0.74,red,0.99701,3.4,9.7,5,red,1447
6.9,0.58,0.01,1.9,0.08,40.0,54.0,0.73,red,0.99683,3.4,9.7,5,red,1448
7.2,0.38,0.31,2.0,0.056,15.0,29.0,0.76,red,0.99472,3.23,11.3,8,red,1449
7.2,0.37,0.32,2.0,0.062,15.0,28.0,0.73,red,0.9947,3.23,11.3,7,red,1450
7.8,0.32,0.44,2.7,0.104,8.0,17.0,0.78,red,0.99732,3.33,11.0,7,red,1451
6.6,0.58,0.02,2.0,0.062,37.0,53.0,0.76,red,0.99374,3.35,11.6,7,red,1452
7.6,0.49,0.33,1.9,0.074,27.0,85.0,0.58,red,0.99706,3.41,9.0,5,red,1453
11.7,0.45,0.63,2.2,0.073,7.0,23.0,0.69,red,0.99974,3.21,10.9,6,red,1454
6.5,0.9,0.0,1.6,0.052,9.0,17.0,0.63,red,0.99467,3.5,10.9,6,red,1455
6.0,0.54,0.06,1.8,0.05,38.0,89.0,0.5,red,0.99236,3.3,10.55,6,red,1456
7.6,0.49,0.33,1.9,0.074,27.0,85.0,0.58,red,0.99706,3.41,9.0,5,red,1457
8.4,0.29,0.4,1.7,0.067,8.0,20.0,0.6,red,0.99603,3.39,10.5,5,red,1458
7.9,0.2,0.35,1.7,0.054,7.0,15.0,0.8,red,0.99458,3.32,11.9,7,red,1459
6.4,0.42,0.09,2.3,0.054,34.0,64.0,0.68,red,0.99724,3.41,10.4,6,red,1460
6.2,0.785,0.0,2.1,0.06,6.0,13.0,0.61,red,0.99664,3.59,10.0,4,red,1461
6.8,0.64,0.03,2.3,0.075,14.0,31.0,0.58,red,0.99545,3.36,10.4,6,red,1462
6.9,0.63,0.01,2.4,0.076,14.0,39.0,0.53,red,0.99522,3.34,10.8,6,red,1463
6.8,0.59,0.1,1.7,0.063,34.0,53.0,0.67,red,0.9958,3.41,9.7,5,red,1464
6.8,0.59,0.1,1.7,0.063,34.0,53.0,0.67,red,0.9958,3.41,9.7,5,red,1465
7.3,0.48,0.32,2.1,0.062,31.0,54.0,0.65,red,0.99728,3.3,10.0,7,red,1466
6.7,1.04,0.08,2.3,0.067,19.0,32.0,0.57,red,0.99648,3.52,11.0,4,red,1467
7.3,0.48,0.32,2.1,0.062,31.0,54.0,0.65,red,0.99728,3.3,10.0,7,red,1468
7.3,0.98,0.05,2.1,0.061,20.0,49.0,0.55,red,0.99705,3.31,9.7,3,red,1469
10.0,0.69,0.11,1.4,0.084,8.0,24.0,0.47,red,0.99578,2.88,9.7,5,red,1470
6.7,0.7,0.08,3.75,0.067,8.0,16.0,0.52,red,0.99334,3.43,12.6,5,red,1471
7.6,0.35,0.6,2.6,0.073,23.0,44.0,0.79,red,0.99656,3.38,11.1,6,red,1472
6.1,0.6,0.08,1.8,0.071,14.0,45.0,0.54,red,0.99336,3.38,11.0,5,red,1473
9.9,0.5,0.5,13.8,0.205,48.0,82.0,0.75,red,1.00242,3.16,8.8,5,red,1474
5.3,0.47,0.11,2.2,0.048,16.0,89.0,0.88,red,0.99182,3.54,13.5666666666667,7,red,1475
9.9,0.5,0.5,13.8,0.205,48.0,82.0,0.75,red,1.00242,3.16,8.8,5,red,1476
5.3,0.47,0.11,2.2,0.048,16.0,89.0,0.88,red,0.99182,3.54,13.6,7,red,1477
7.1,0.875,0.05,5.7,0.082,3.0,14.0,0.52,red,0.99808,3.4,10.2,3,red,1478
8.2,0.28,0.6,3.0,0.104,10.0,22.0,0.68,red,0.99828,3.39,10.6,5,red,1479
5.6,0.62,0.03,1.5,0.08,6.0,13.0,0.62,red,0.99498,3.66,10.1,4,red,1480
8.2,0.28,0.6,3.0,0.104,10.0,22.0,0.68,red,0.99828,3.39,10.6,5,red,1481
7.2,0.58,0.54,2.1,0.114,3.0,9.0,0.57,red,0.99719,3.33,10.3,4,red,1482
8.1,0.33,0.44,1.5,0.042,6.0,12.0,0.61,red,0.99542,3.35,10.7,5,red,1483
6.8,0.91,0.06,2.0,0.06,4.0,11.0,0.64,red,0.99592,3.53,10.9,4,red,1484
7.0,0.655,0.16,2.1,0.074,8.0,25.0,0.55,red,0.99606,3.37,9.7,5,red,1485
6.8,0.68,0.21,2.1,0.07,9.0,23.0,0.6,red,0.99546,3.38,10.3,5,red,1486
6.0,0.64,0.05,1.9,0.066,9.0,17.0,0.78,red,0.99496,3.52,10.6,5,red,1487
5.6,0.54,0.04,1.7,0.049,5.0,13.0,0.58,red,0.9942,3.72,11.4,5,red,1488
6.2,0.57,0.1,2.1,0.048,4.0,11.0,0.76,red,0.99448,3.44,10.8,6,red,1489
7.1,0.22,0.49,1.8,0.039,8.0,18.0,0.56,red,0.99344,3.39,12.4,6,red,1490
5.6,0.54,0.04,1.7,0.049,5.0,13.0,0.58,red,0.9942,3.72,11.4,5,red,1491
6.2,0.65,0.06,1.6,0.05,6.0,18.0,0.54,red,0.99348,3.57,11.95,5,red,1492
7.7,0.54,0.26,1.9,0.089,23.0,147.0,0.59,red,0.99636,3.26,9.7,5,red,1493
6.4,0.31,0.09,1.4,0.066,15.0,28.0,0.7,red,0.99459,3.42,10.0,7,red,1494
7.0,0.43,0.02,1.9,0.08,15.0,28.0,0.81,red,0.99492,3.35,10.6,6,red,1495
7.7,0.54,0.26,1.9,0.089,23.0,147.0,0.59,red,0.99636,3.26,9.7,5,red,1496
6.9,0.74,0.03,2.3,0.054,7.0,16.0,0.63,red,0.99508,3.45,11.5,6,red,1497
6.6,0.895,0.04,2.3,0.068,7.0,13.0,0.58,red,0.99582,3.53,10.8,6,red,1498
6.9,0.74,0.03,2.3,0.054,7.0,16.0,0.63,red,0.99508,3.45,11.5,6,red,1499
7.5,0.725,0.04,1.5,0.076,8.0,15.0,0.53,red,0.99508,3.26,9.6,5,red,1500
7.8,0.82,0.29,4.3,0.083,21.0,64.0,0.53,red,0.99642,3.16,9.4,5,red,1501
7.3,0.585,0.18,2.4,0.078,15.0,60.0,0.54,red,0.99638,3.31,9.8,5,red,1502
6.2,0.44,0.39,2.5,0.077,6.0,14.0,0.69,red,0.99555,3.51,11.0,6,red,1503
7.5,0.38,0.57,2.3,0.106,5.0,12.0,0.55,red,0.99605,3.36,11.4,6,red,1504
6.7,0.76,0.02,1.8,0.078,6.0,12.0,0.63,red,0.996,3.55,9.95,3,red,1505
6.8,0.81,0.05,2.0,0.07,6.0,14.0,0.66,red,0.99562,3.51,10.8,6,red,1506
7.5,0.38,0.57,2.3,0.106,5.0,12.0,0.55,red,0.99605,3.36,11.4,6,red,1507
7.1,0.27,0.6,2.1,0.074,17.0,25.0,0.72,red,0.99814,3.38,10.6,6,red,1508
7.9,0.18,0.4,1.8,0.062,7.0,20.0,0.7,red,0.9941,3.28,11.1,5,red,1509
6.4,0.36,0.21,2.2,0.047,26.0,48.0,0.77,red,0.99661,3.47,9.7,6,red,1510
7.1,0.69,0.04,2.1,0.068,19.0,27.0,0.67,red,0.99712,3.44,9.8,5,red,1511
6.4,0.79,0.04,2.2,0.061,11.0,17.0,0.65,red,0.99588,3.53,10.4,6,red,1512
6.4,0.56,0.15,1.8,0.078,17.0,65.0,0.6,red,0.99294,3.33,10.5,6,red,1513
6.9,0.84,0.21,4.1,0.074,16.0,65.0,0.72,red,0.99842,3.53,9.23333333333333,6,red,1514
6.9,0.84,0.21,4.1,0.074,16.0,65.0,0.72,red,0.99842,3.53,9.25,6,red,1515
6.1,0.32,0.25,2.3,0.071,23.0,58.0,0.97,red,0.99633,3.42,10.6,5,red,1516
6.5,0.53,0.06,2.0,0.063,29.0,44.0,0.83,red,0.99489,3.38,10.3,6,red,1517
7.4,0.47,0.46,2.2,0.114,7.0,20.0,0.63,red,0.99647,3.32,10.5,5,red,1518
6.6,0.7,0.08,2.6,0.106,14.0,27.0,0.58,red,0.99665,3.44,10.2,5,red,1519
6.5,0.53,0.06,2.0,0.063,29.0,44.0,0.83,red,0.99489,3.38,10.3,6,red,1520
6.9,0.48,0.2,1.9,0.082,9.0,23.0,0.43,red,0.99585,3.39,9.05,4,red,1521
6.1,0.32,0.25,2.3,0.071,23.0,58.0,0.97,red,0.99633,3.42,10.6,5,red,1522
6.8,0.48,0.25,2.0,0.076,29.0,61.0,0.6,red,0.9953,3.34,10.4,5,red,1523
6.0,0.42,0.19,2.0,0.075,22.0,47.0,0.78,red,0.99522,3.39,10.0,6,red,1524
6.7,0.48,0.08,2.1,0.064,18.0,34.0,0.64,red,0.99552,3.33,9.7,5,red,1525
6.8,0.47,0.08,2.2,0.064,18.0,38.0,0.65,red,0.99553,3.3,9.6,6,red,1526
7.1,0.53,0.07,1.7,0.071,15.0,24.0,0.66,red,0.9951,3.29,10.8,6,red,1527
7.9,0.29,0.49,2.2,0.096,21.0,59.0,0.67,red,0.99714,3.31,10.1,6,red,1528
7.1,0.69,0.08,2.1,0.063,42.0,52.0,0.6,red,0.99608,3.42,10.2,6,red,1529
6.6,0.44,0.09,2.2,0.063,9.0,18.0,0.69,red,0.99444,3.42,11.3,6,red,1530
6.1,0.705,0.1,2.8,0.081,13.0,28.0,0.66,red,0.99631,3.6,10.2,5,red,1531
7.2,0.53,0.13,2.0,0.058,18.0,22.0,0.68,red,0.99573,3.21,9.9,6,red,1532
8.0,0.39,0.3,1.9,0.074,32.0,84.0,0.61,red,0.99717,3.39,9.0,5,red,1533
6.6,0.56,0.14,2.4,0.064,13.0,29.0,0.62,red,0.99397,3.42,11.7,7,red,1534
7.0,0.55,0.13,2.2,0.075,15.0,35.0,0.59,red,0.9959,3.36,9.7,6,red,1535
6.1,0.53,0.08,1.9,0.077,24.0,45.0,0.68,red,0.99528,3.6,10.3,6,red,1536
5.4,0.58,0.08,1.9,0.059,20.0,31.0,0.64,red,0.99484,3.5,10.2,6,red,1537
6.2,0.64,0.09,2.5,0.081,15.0,26.0,0.63,red,0.99538,3.57,12.0,5,red,1538
7.2,0.39,0.32,1.8,0.065,34.0,60.0,0.78,red,0.99714,3.46,9.9,5,red,1539
6.2,0.52,0.08,4.4,0.071,11.0,32.0,0.63,red,0.99646,3.56,11.6,6,red,1540
7.4,0.25,0.29,2.2,0.054,19.0,49.0,0.76,red,0.99666,3.4,10.9,7,red,1541
6.7,0.855,0.02,1.9,0.064,29.0,38.0,0.56,red,0.99472,3.3,10.75,6,red,1542
11.1,0.44,0.42,2.2,0.064,14.0,19.0,0.57,red,0.99758,3.25,10.4,6,red,1543
8.4,0.37,0.43,2.3,0.063,12.0,19.0,0.81,red,0.9955,3.17,11.2,7,red,1544
6.5,0.63,0.33,1.8,0.059,16.0,28.0,0.64,red,0.99531,3.36,10.1,6,red,1545
7.0,0.57,0.02,2.0,0.072,17.0,26.0,0.61,red,0.99575,3.36,10.2,5,red,1546
6.3,0.6,0.1,1.6,0.048,12.0,26.0,0.51,red,0.99306,3.55,12.1,5,red,1547
11.2,0.4,0.5,2.0,0.099,19.0,50.0,0.58,red,0.99783,3.1,10.4,5,red,1548
7.4,0.36,0.3,1.8,0.074,17.0,24.0,0.7,red,0.99419,3.24,11.4,8,red,1549
7.1,0.68,0.0,2.3,0.087,17.0,26.0,0.53,red,0.99783,3.45,9.5,5,red,1550
7.1,0.67,0.0,2.3,0.083,18.0,27.0,0.54,red,0.99768,3.44,9.4,5,red,1551
6.3,0.68,0.01,3.7,0.103,32.0,54.0,0.66,red,0.99586,3.51,11.3,6,red,1552
7.3,0.735,0.0,2.2,0.08,18.0,28.0,0.6,red,0.99765,3.41,9.4,5,red,1553
6.6,0.855,0.02,2.4,0.062,15.0,23.0,0.6,red,0.99627,3.54,11.0,6,red,1554
7.0,0.56,0.17,1.7,0.065,15.0,24.0,0.68,red,0.99514,3.44,10.55,7,red,1555
6.6,0.88,0.04,2.2,0.066,12.0,20.0,0.56,red,0.99636,3.53,9.9,5,red,1556
6.6,0.855,0.02,2.4,0.062,15.0,23.0,0.6,red,0.99627,3.54,11.0,6,red,1557
6.9,0.63,0.33,6.7,0.235,66.0,115.0,0.56,red,0.99787,3.22,9.5,5,red,1558
7.8,0.6,0.26,2.0,0.08,31.0,131.0,0.52,red,0.99622,3.21,9.9,5,red,1559
7.8,0.6,0.26,2.0,0.08,31.0,131.0,0.52,red,0.99622,3.21,9.9,5,red,1560
7.8,0.6,0.26,2.0,0.08,31.0,131.0,0.52,red,0.99622,3.21,9.9,5,red,1561
7.2,0.695,0.13,2.0,0.076,12.0,20.0,0.54,red,0.99546,3.29,10.1,5,red,1562
7.2,0.695,0.13,2.0,0.076,12.0,20.0,0.54,red,0.99546,3.29,10.1,5,red,1563
7.2,0.695,0.13,2.0,0.076,12.0,20.0,0.54,red,0.99546,3.29,10.1,5,red,1564
6.7,0.67,0.02,1.9,0.061,26.0,42.0,0.82,red,0.99489,3.39,10.9,6,red,1565
6.7,0.16,0.64,2.1,0.059,24.0,52.0,0.71,red,0.99494,3.34,11.2,6,red,1566
7.2,0.695,0.13,2.0,0.076,12.0,20.0,0.54,red,0.99546,3.29,10.1,5,red,1567
7.0,0.56,0.13,1.6,0.077,25.0,42.0,0.59,red,0.99629,3.34,9.2,5,red,1568
6.2,0.51,0.14,1.9,0.056,15.0,34.0,0.57,red,0.99396,3.48,11.5,6,red,1569
6.4,0.36,0.53,2.2,0.23,19.0,35.0,0.93,red,0.9934,3.37,12.4,6,red,1570
6.4,0.38,0.14,2.2,0.038,15.0,25.0,0.65,red,0.99514,3.44,11.1,6,red,1571
7.3,0.69,0.32,2.2,0.069,35.0,104.0,0.51,red,0.99632,3.33,9.5,5,red,1572
6.0,0.58,0.2,2.4,0.075,15.0,50.0,0.67,red,0.99467,3.58,12.5,6,red,1573
5.6,0.31,0.78,13.9,0.074,23.0,92.0,0.48,red,0.99677,3.39,10.5,6,red,1574
7.5,0.52,0.4,2.2,0.06,12.0,20.0,0.64,red,0.99474,3.26,11.8,6,red,1575
8.0,0.3,0.63,1.6,0.081,16.0,29.0,0.78,red,0.99588,3.3,10.8,6,red,1576
6.2,0.7,0.15,5.1,0.076,13.0,27.0,0.6,red,0.99622,3.54,11.9,6,red,1577
6.8,0.67,0.15,1.8,0.118,13.0,20.0,0.67,red,0.9954,3.42,11.3,6,red,1578
6.2,0.56,0.09,1.7,0.053,24.0,32.0,0.6,red,0.99402,3.54,11.3,5,red,1579
7.4,0.35,0.33,2.4,0.068,9.0,26.0,0.6,red,0.9947,3.36,11.9,6,red,1580
6.2,0.56,0.09,1.7,0.053,24.0,32.0,0.6,red,0.99402,3.54,11.3,5,red,1581
6.1,0.715,0.1,2.6,0.053,13.0,27.0,0.5,red,0.99362,3.57,11.9,5,red,1582
6.2,0.46,0.29,2.1,0.074,32.0,98.0,0.62,red,0.99578,3.33,9.8,5,red,1583
6.7,0.32,0.44,2.4,0.061,24.0,34.0,0.8,red,0.99484,3.29,11.6,7,red,1584
7.2,0.39,0.44,2.6,0.066,22.0,48.0,0.84,red,0.99494,3.3,11.5,6,red,1585
7.5,0.31,0.41,2.4,0.065,34.0,60.0,0.85,red,0.99492,3.34,11.4,6,red,1586
5.8,0.61,0.11,1.8,0.066,18.0,28.0,0.66,red,0.99483,3.55,10.9,6,red,1587
7.2,0.66,0.33,2.5,0.068,34.0,102.0,0.78,red,0.99414,3.27,12.8,6,red,1588
6.6,0.725,0.2,7.8,0.073,29.0,79.0,0.54,red,0.9977,3.29,9.2,5,red,1589
6.3,0.55,0.15,1.8,0.077,26.0,35.0,0.82,red,0.99314,3.32,11.6,6,red,1590
5.4,0.74,0.09,1.7,0.089,16.0,26.0,0.56,red,0.99402,3.67,11.6,6,red,1591
6.3,0.51,0.13,2.3,0.076,29.0,40.0,0.75,red,0.99574,3.42,11.0,6,red,1592
6.8,0.62,0.08,1.9,0.068,28.0,38.0,0.82,red,0.99651,3.42,9.5,6,red,1593
6.2,0.6,0.08,2.0,0.09,32.0,44.0,0.58,red,0.9949,3.45,10.5,5,red,1594
5.9,0.55,0.1,2.2,0.062,39.0,51.0,0.76,red,0.99512,3.52,11.2,6,red,1595
6.3,0.51,0.13,2.3,0.076,29.0,40.0,0.75,red,0.99574,3.42,11.0,6,red,1596
5.9,0.645,0.12,2.0,0.075,32.0,44.0,0.71,red,0.99547,3.57,10.2,5,red,1597
6.0,0.31,0.47,3.6,0.067,18.0,42.0,0.66,red,0.99549,3.39,11.0,6,red,1598
7.0,0.27,0.36,20.7,0.045,45.0,170.0,0.45,white,1.001,3.0,8.8,6,white,0
6.3,0.3,0.34,1.6,0.049,14.0,132.0,0.49,white,0.994,3.3,9.5,6,white,1
8.1,0.28,0.4,6.9,0.05,30.0,97.0,0.44,white,0.9951,3.26,10.1,6,white,2
7.2,0.23,0.32,8.5,0.058,47.0,186.0,0.4,white,0.9956,3.19,9.9,6,white,3
7.2,0.23,0.32,8.5,0.058,47.0,186.0,0.4,white,0.9956,3.19,9.9,6,white,4
8.1,0.28,0.4,6.9,0.05,30.0,97.0,0.44,white,0.9951,3.26,10.1,6,white,5
6.2,0.32,0.16,7.0,0.045,30.0,136.0,0.47,white,0.9949,3.18,9.6,6,white,6
7.0,0.27,0.36,20.7,0.045,45.0,170.0,0.45,white,1.001,3.0,8.8,6,white,7
6.3,0.3,0.34,1.6,0.049,14.0,132.0,0.49,white,0.994,3.3,9.5,6,white,8
8.1,0.22,0.43,1.5,0.044,28.0,129.0,0.45,white,0.9938,3.22,11.0,6,white,9
8.1,0.27,0.41,1.45,0.033,11.0,63.0,0.56,white,0.9908,2.99,12.0,5,white,10
8.6,0.23,0.4,4.2,0.035,17.0,109.0,0.53,white,0.9947,3.14,9.7,5,white,11
7.9,0.18,0.37,1.2,0.04,16.0,75.0,0.63,white,0.992,3.18,10.8,5,white,12
6.6,0.16,0.4,1.5,0.044,48.0,143.0,0.52,white,0.9912,3.54,12.4,7,white,13
8.3,0.42,0.62,19.25,0.04,41.0,172.0,0.67,white,1.0002,2.98,9.7,5,white,14
6.6,0.17,0.38,1.5,0.032,28.0,112.0,0.55,white,0.9914,3.25,11.4,7,white,15
6.3,0.48,0.04,1.1,0.046,30.0,99.0,0.36,white,0.9928,3.24,9.6,6,white,16
6.2,0.66,0.48,1.2,0.029,29.0,75.0,0.39,white,0.9892,3.33,12.8,8,white,17
7.4,0.34,0.42,1.1,0.033,17.0,171.0,0.53,white,0.9917,3.12,11.3,6,white,18
6.5,0.31,0.14,7.5,0.044,34.0,133.0,0.5,white,0.9955,3.22,9.5,5,white,19
6.2,0.66,0.48,1.2,0.029,29.0,75.0,0.39,white,0.9892,3.33,12.8,8,white,20
6.4,0.31,0.38,2.9,0.038,19.0,102.0,0.35,white,0.9912,3.17,11.0,7,white,21
6.8,0.26,0.42,1.7,0.049,41.0,122.0,0.48,white,0.993,3.47,10.5,8,white,22
7.6,0.67,0.14,1.5,0.074,25.0,168.0,0.51,white,0.9937,3.05,9.3,5,white,23
6.6,0.27,0.41,1.3,0.052,16.0,142.0,0.47,white,0.9951,3.42,10.0,6,white,24
7.0,0.25,0.32,9.0,0.046,56.0,245.0,0.5,white,0.9955,3.25,10.4,6,white,25
6.9,0.24,0.35,1.0,0.052,35.0,146.0,0.44,white,0.993,3.45,10.0,6,white,26
7.0,0.28,0.39,8.7,0.051,32.0,141.0,0.53,white,0.9961,3.38,10.5,6,white,27
7.4,0.27,0.48,1.1,0.047,17.0,132.0,0.49,white,0.9914,3.19,11.6,6,white,28
7.2,0.32,0.36,2.0,0.033,37.0,114.0,0.71,white,0.9906,3.1,12.3,7,white,29
8.5,0.24,0.39,10.4,0.044,20.0,142.0,0.53,white,0.9974,3.2,10.0,6,white,30
8.3,0.14,0.34,1.1,0.042,7.0,47.0,0.4,white,0.9934,3.47,10.2,6,white,31
7.4,0.25,0.36,2.05,0.05,31.0,100.0,0.44,white,0.992,3.19,10.8,6,white,32
6.2,0.12,0.34,1.5,0.045,43.0,117.0,0.51,white,0.9939,3.42,9.0,6,white,33
5.8,0.27,0.2,14.95,0.044,22.0,179.0,0.37,white,0.9962,3.37,10.2,5,white,34
7.3,0.28,0.43,1.7,0.08,21.0,123.0,0.42,white,0.9905,3.19,12.8,5,white,35
6.5,0.39,0.23,5.4,0.051,25.0,149.0,0.35,white,0.9934,3.24,10.0,5,white,36
7.0,0.33,0.32,1.2,0.053,38.0,138.0,0.28,white,0.9906,3.13,11.2,6,white,37
7.3,0.24,0.39,17.95,0.057,45.0,149.0,0.36,white,0.9999,3.21,8.6,5,white,38
7.3,0.24,0.39,17.95,0.057,45.0,149.0,0.36,white,0.9999,3.21,8.6,5,white,39
6.7,0.23,0.39,2.5,0.172,63.0,158.0,0.36,white,0.9937,3.11,9.4,6,white,40
6.7,0.24,0.39,2.9,0.173,63.0,157.0,0.34,white,0.9937,3.1,9.4,6,white,41
7.0,0.31,0.26,7.4,0.069,28.0,160.0,0.46,white,0.9954,3.13,9.8,6,white,42
6.6,0.24,0.27,1.4,0.057,33.0,152.0,0.56,white,0.9934,3.22,9.5,6,white,43
6.7,0.23,0.26,1.4,0.06,33.0,154.0,0.56,white,0.9934,3.24,9.5,6,white,44
7.4,0.18,0.31,1.4,0.058,38.0,167.0,0.53,white,0.9931,3.16,10.0,7,white,45
6.2,0.45,0.26,4.4,0.063,63.0,206.0,0.52,white,0.994,3.27,9.8,4,white,46
6.2,0.46,0.25,4.4,0.066,62.0,207.0,0.52,white,0.9939,3.25,9.8,5,white,47
7.0,0.31,0.26,7.4,0.069,28.0,160.0,0.46,white,0.9954,3.13,9.8,6,white,48
6.9,0.19,0.35,5.0,0.067,32.0,150.0,0.48,white,0.995,3.36,9.8,5,white,49
7.2,0.19,0.31,1.6,0.062,31.0,173.0,0.44,white,0.9917,3.35,11.7,6,white,50
6.6,0.25,0.29,1.1,0.068,39.0,124.0,0.58,white,0.9914,3.34,11.0,7,white,51
6.2,0.16,0.33,1.1,0.057,21.0,82.0,0.46,white,0.991,3.32,10.9,7,white,52
6.4,0.18,0.35,1.0,0.045,39.0,108.0,0.35,white,0.9911,3.31,10.9,6,white,53
6.8,0.2,0.59,0.9,0.147,38.0,132.0,0.38,white,0.993,3.05,9.1,6,white,54
6.9,0.25,0.35,1.3,0.039,29.0,191.0,0.52,white,0.9908,3.13,11.0,6,white,55
7.2,0.21,0.34,11.9,0.043,37.0,213.0,0.5,white,0.9962,3.09,9.6,6,white,56
6.0,0.19,0.26,12.4,0.048,50.0,147.0,0.36,white,0.9972,3.3,8.9,6,white,57
6.6,0.38,0.15,4.6,0.044,25.0,78.0,0.38,white,0.9931,3.11,10.2,6,white,58
7.4,0.2,0.36,1.2,0.038,44.0,111.0,0.34,white,0.9926,3.36,9.9,6,white,59
6.8,0.22,0.24,4.9,0.092,30.0,123.0,0.46,white,0.9951,3.03,8.6,6,white,60
6.0,0.19,0.26,12.4,0.048,50.0,147.0,0.36,white,0.9972,3.3,8.9,6,white,61
7.0,0.47,0.07,1.1,0.035,17.0,151.0,0.34,white,0.991,3.02,10.5,5,white,62
6.6,0.38,0.15,4.6,0.044,25.0,78.0,0.38,white,0.9931,3.11,10.2,6,white,63
7.2,0.24,0.27,1.4,0.038,31.0,122.0,0.46,white,0.9927,3.15,10.3,6,white,64
6.2,0.35,0.03,1.2,0.064,29.0,120.0,0.54,white,0.9934,3.22,9.1,5,white,65
6.4,0.26,0.24,6.4,0.04,27.0,124.0,0.49,white,0.9903,3.22,12.6,7,white,66
6.7,0.25,0.13,1.2,0.041,81.0,174.0,0.42,white,0.992,3.14,9.8,5,white,67
6.7,0.23,0.31,2.1,0.046,30.0,96.0,0.64,white,0.9926,3.33,10.7,8,white,68
7.4,0.24,0.29,10.1,0.05,21.0,105.0,0.35,white,0.9962,3.13,9.5,5,white,69
6.2,0.27,0.43,7.8,0.056,48.0,244.0,0.51,white,0.9956,3.1,9.0,6,white,70
6.8,0.3,0.23,4.6,0.061,50.5,238.5,0.6,white,0.9958,3.32,9.5,5,white,71
6.0,0.27,0.28,4.8,0.063,31.0,201.0,0.71,white,0.9964,3.69,10.0,5,white,72
8.6,0.23,0.46,1.0,0.054,9.0,72.0,0.49,white,0.9941,2.95,9.1,6,white,73
6.7,0.23,0.31,2.1,0.046,30.0,96.0,0.64,white,0.9926,3.33,10.7,8,white,74
7.4,0.24,0.29,10.1,0.05,21.0,105.0,0.35,white,0.9962,3.13,9.5,5,white,75
7.1,0.18,0.36,1.4,0.043,31.0,87.0,0.37,white,0.9898,3.26,12.7,7,white,76
7.0,0.32,0.34,1.3,0.042,20.0,69.0,0.65,white,0.9912,3.31,12.0,7,white,77
7.4,0.18,0.3,8.8,0.064,26.0,103.0,0.56,white,0.9961,2.94,9.3,5,white,78
6.7,0.54,0.28,5.4,0.06,21.0,105.0,0.37,white,0.9949,3.27,9.0,5,white,79
6.8,0.22,0.31,1.4,0.053,34.0,114.0,0.77,white,0.9929,3.39,10.6,6,white,80
7.1,0.2,0.34,16.0,0.05,51.0,166.0,0.6,white,0.9985,3.21,9.2,6,white,81
7.1,0.34,0.2,6.1,0.063,47.0,164.0,0.42,white,0.9946,3.17,10.0,5,white,82
7.3,0.22,0.3,8.2,0.047,42.0,207.0,0.46,white,0.9966,3.33,9.5,6,white,83
7.1,0.43,0.61,11.8,0.045,54.0,155.0,0.45,white,0.9974,3.11,8.7,5,white,84
7.1,0.44,0.62,11.8,0.044,52.0,152.0,0.46,white,0.9975,3.12,8.7,6,white,85
7.2,0.39,0.63,11.0,0.044,55.0,156.0,0.44,white,0.9974,3.09,8.7,6,white,86
6.8,0.25,0.31,13.3,0.05,69.0,202.0,0.48,white,0.9972,3.22,9.7,6,white,87
7.1,0.43,0.61,11.8,0.045,54.0,155.0,0.45,white,0.9974,3.11,8.7,5,white,88
7.1,0.44,0.62,11.8,0.044,52.0,152.0,0.46,white,0.9975,3.12,8.7,6,white,89
7.2,0.39,0.63,11.0,0.044,55.0,156.0,0.44,white,0.9974,3.09,8.7,6,white,90
6.1,0.27,0.43,7.5,0.049,65.0,243.0,0.47,white,0.9957,3.12,9.0,5,white,91
6.9,0.24,0.33,1.7,0.035,47.0,136.0,0.4,white,0.99,3.26,12.6,7,white,92
6.9,0.21,0.33,1.8,0.034,48.0,136.0,0.41,white,0.9899,3.25,12.6,7,white,93
7.5,0.17,0.32,1.7,0.04,51.0,148.0,0.44,white,0.9916,3.21,11.5,7,white,94
7.1,0.26,0.29,12.4,0.044,62.0,240.0,0.42,white,0.9969,3.04,9.2,6,white,95
6.0,0.34,0.66,15.9,0.046,26.0,164.0,0.5,white,0.9979,3.14,8.8,6,white,96
8.6,0.265,0.36,1.2,0.034,15.0,80.0,0.36,white,0.9913,2.95,11.4,7,white,97
9.8,0.36,0.46,10.5,0.038,4.0,83.0,0.3,white,0.9956,2.89,10.1,4,white,98
6.0,0.34,0.66,15.9,0.046,26.0,164.0,0.5,white,0.9979,3.14,8.8,6,white,99
7.4,0.25,0.37,13.5,0.06,52.0,192.0,0.44,white,0.9975,3.0,9.1,5,white,100
7.1,0.12,0.32,9.6,0.054,64.0,162.0,0.41,white,0.9962,3.4,9.4,5,white,101
6.0,0.21,0.24,12.1,0.05,55.0,164.0,0.39,white,0.997,3.34,9.4,5,white,102
7.5,0.305,0.4,18.9,0.059,44.0,170.0,0.46,white,1.0,2.99,9.0,5,white,103
7.4,0.25,0.37,13.5,0.06,52.0,192.0,0.44,white,0.9975,3.0,9.1,5,white,104
7.3,0.13,0.32,14.4,0.051,34.0,109.0,0.35,white,0.9974,3.2,9.2,6,white,105
7.1,0.12,0.32,9.6,0.054,64.0,162.0,0.41,white,0.9962,3.4,9.4,5,white,106
7.1,0.23,0.35,16.5,0.04,60.0,171.0,0.59,white,0.999,3.16,9.1,6,white,107
7.1,0.23,0.35,16.5,0.04,60.0,171.0,0.59,white,0.999,3.16,9.1,6,white,108
6.9,0.33,0.28,1.3,0.051,37.0,187.0,0.6,white,0.9927,3.27,10.3,5,white,109
6.5,0.17,0.54,8.5,0.082,64.0,163.0,0.39,white,0.9959,2.89,8.8,6,white,110
7.2,0.27,0.46,18.75,0.052,45.0,255.0,0.52,white,1.0,3.04,8.9,5,white,111
7.2,0.31,0.5,13.3,0.056,68.0,195.0,0.47,white,0.9982,3.01,9.2,5,white,112
6.7,0.41,0.34,9.2,0.049,29.0,150.0,0.51,white,0.9968,3.22,9.1,5,white,113
6.7,0.41,0.34,9.2,0.049,29.0,150.0,0.51,white,0.9968,3.22,9.1,5,white,114
5.5,0.485,0.0,1.5,0.065,8.0,103.0,0.4,white,0.994,3.63,9.7,4,white,115
6.0,0.31,0.24,3.3,0.041,25.0,143.0,0.44,white,0.9914,3.31,11.3,6,white,116
7.0,0.14,0.4,1.7,0.035,16.0,85.0,0.42,white,0.9911,3.19,11.8,6,white,117
7.2,0.31,0.5,13.3,0.056,68.0,195.0,0.47,white,0.9982,3.01,9.2,5,white,118
7.3,0.32,0.48,13.3,0.06,57.0,196.0,0.5,white,0.9982,3.04,9.2,5,white,119
5.9,0.36,0.04,5.7,0.046,21.0,87.0,0.51,white,0.9934,3.22,10.2,5,white,120
7.8,0.24,0.32,12.2,0.054,42.0,138.0,0.54,white,0.9984,3.01,8.8,5,white,121
7.4,0.16,0.31,6.85,0.059,31.0,131.0,0.34,white,0.9952,3.29,9.7,5,white,122
6.9,0.19,0.28,5.0,0.058,14.0,146.0,0.36,white,0.9952,3.29,9.1,6,white,123
6.4,0.13,0.47,1.6,0.092,40.0,158.0,0.36,white,0.9928,3.21,9.8,6,white,124
6.7,0.19,0.36,1.1,0.026,63.0,143.0,0.48,white,0.9912,3.27,11.0,6,white,125
7.4,0.39,0.23,7.0,0.033,29.0,126.0,0.42,white,0.994,3.14,10.5,5,white,126
6.5,0.24,0.32,7.6,0.038,48.0,203.0,0.54,white,0.9958,3.45,9.7,7,white,127
6.1,0.3,0.56,2.8,0.044,47.0,179.0,0.57,white,0.9924,3.3,10.9,7,white,128
6.1,0.3,0.56,2.7,0.046,46.0,184.0,0.57,white,0.9924,3.31,10.9,6,white,129
5.7,0.26,0.25,10.4,0.02,7.0,57.0,0.37,white,0.994,3.39,10.6,5,white,130
6.5,0.24,0.32,7.6,0.038,48.0,203.0,0.54,white,0.9958,3.45,9.7,7,white,131
6.5,0.425,0.4,13.1,0.038,59.0,241.0,0.57,white,0.9979,3.23,9.0,5,white,132
6.6,0.24,0.27,15.8,0.035,46.0,188.0,0.51,white,0.9982,3.24,9.2,5,white,133
6.8,0.27,0.22,8.1,0.034,55.0,203.0,0.52,white,0.9961,3.19,8.9,5,white,134
6.7,0.27,0.31,15.7,0.036,44.0,179.0,0.56,white,0.9979,3.26,9.6,5,white,135
8.2,0.23,0.4,1.2,0.027,36.0,121.0,0.38,white,0.992,3.12,10.7,6,white,136
7.1,0.37,0.67,10.5,0.045,49.0,155.0,0.44,white,0.9975,3.16,8.7,5,white,137
6.8,0.19,0.36,1.9,0.035,30.0,96.0,0.54,white,0.9917,3.15,10.8,7,white,138
8.1,0.28,0.39,1.9,0.029,18.0,79.0,0.52,white,0.9923,3.23,11.8,6,white,139
6.3,0.31,0.34,2.2,0.045,20.0,77.0,0.43,white,0.9927,3.3,10.2,5,white,140
7.1,0.37,0.67,10.5,0.045,49.0,155.0,0.44,white,0.9975,3.16,8.7,5,white,141
7.9,0.21,0.4,1.2,0.039,38.0,107.0,0.54,white,0.992,3.21,10.8,6,white,142
8.5,0.21,0.41,4.3,0.036,24.0,99.0,0.53,white,0.9947,3.18,9.7,6,white,143
8.1,0.2,0.4,2.0,0.037,19.0,87.0,0.54,white,0.9921,3.12,11.2,6,white,144
6.3,0.255,0.37,1.1,0.04,37.0,114.0,0.39,white,0.9905,3.0,10.9,6,white,145
5.6,0.16,0.27,1.4,0.044,53.0,168.0,0.37,white,0.9918,3.28,10.1,6,white,146
6.4,0.595,0.14,5.2,0.058,15.0,97.0,0.36,white,0.9951,3.38,9.0,4,white,147
6.3,0.34,0.33,4.6,0.034,19.0,80.0,0.58,white,0.9917,3.38,12.0,7,white,148
6.9,0.25,0.3,4.1,0.054,23.0,116.0,0.38,white,0.994,2.99,9.4,6,white,149
7.9,0.22,0.38,8.0,0.043,46.0,152.0,0.32,white,0.9934,3.12,11.5,7,white,150
7.6,0.18,0.46,10.2,0.055,58.0,135.0,0.43,white,0.9968,3.14,9.9,6,white,151
6.9,0.25,0.3,4.1,0.054,23.0,116.0,0.38,white,0.994,2.99,9.4,6,white,152
7.2,0.18,0.41,1.2,0.048,41.0,97.0,0.45,white,0.9919,3.14,10.4,5,white,153
8.2,0.23,0.4,7.5,0.049,12.0,76.0,0.84,white,0.9966,3.06,9.7,6,white,154
7.4,0.24,0.42,14.0,0.066,48.0,198.0,0.42,white,0.9979,2.89,8.9,6,white,155
7.4,0.24,0.42,14.0,0.066,48.0,198.0,0.42,white,0.9979,2.89,8.9,6,white,156
6.1,0.32,0.24,1.5,0.036,38.0,124.0,0.42,white,0.9898,3.29,12.4,7,white,157
5.2,0.44,0.04,1.4,0.036,43.0,119.0,0.33,white,0.9894,3.36,12.1,8,white,158
5.2,0.44,0.04,1.4,0.036,43.0,119.0,0.33,white,0.9894,3.36,12.1,8,white,159
6.1,0.32,0.24,1.5,0.036,38.0,124.0,0.42,white,0.9898,3.29,12.4,7,white,160
6.4,0.22,0.56,14.5,0.055,27.0,159.0,0.4,white,0.998,2.98,9.1,5,white,161
6.3,0.36,0.3,4.8,0.049,14.0,85.0,0.39,white,0.9932,3.28,10.6,5,white,162
7.4,0.24,0.42,14.0,0.066,48.0,198.0,0.42,white,0.9979,2.89,8.9,6,white,163
6.7,0.24,0.35,13.1,0.05,64.0,205.0,0.5,white,0.997,3.15,9.5,5,white,164
7.0,0.23,0.36,13.0,0.051,72.0,177.0,0.49,white,0.9972,3.16,9.8,5,white,165
8.4,0.27,0.46,8.7,0.048,39.0,197.0,0.59,white,0.9974,3.14,9.6,6,white,166
6.7,0.46,0.18,2.4,0.034,25.0,98.0,0.44,white,0.9896,3.08,12.6,7,white,167
7.5,0.29,0.31,8.95,0.055,20.0,151.0,0.54,white,0.9968,3.08,9.3,5,white,168
9.8,0.42,0.48,9.85,0.034,5.0,110.0,0.29,white,0.9958,2.87,10.0,5,white,169
7.1,0.3,0.46,1.5,0.066,29.0,133.0,0.54,white,0.9906,3.12,12.7,6,white,170
7.9,0.19,0.45,1.5,0.045,17.0,96.0,0.39,white,0.9917,3.13,11.0,6,white,171
7.6,0.48,0.37,0.8,0.037,4.0,100.0,0.39,white,0.9902,3.03,11.4,4,white,172
6.3,0.22,0.43,4.55,0.038,31.0,130.0,0.33,white,0.9918,3.35,11.5,7,white,173
7.5,0.27,0.31,17.7,0.051,33.0,173.0,0.64,white,0.999,3.09,10.2,5,white,174
6.9,0.23,0.4,7.5,0.04,50.0,151.0,0.27,white,0.9927,3.11,11.4,6,white,175
7.2,0.32,0.47,5.1,0.044,19.0,65.0,0.41,white,0.991,3.03,12.6,4,white,176
5.9,0.23,0.3,12.9,0.054,57.0,170.0,0.39,white,0.9972,3.28,9.4,5,white,177
6.0,0.67,0.07,1.2,0.06,9.0,108.0,0.35,white,0.9931,3.11,8.7,4,white,178
6.4,0.25,0.32,5.5,0.049,41.0,176.0,0.68,white,0.995,3.19,9.2,6,white,179
6.4,0.33,0.31,5.5,0.048,42.0,173.0,0.66,white,0.9951,3.19,9.3,6,white,180
7.1,0.34,0.15,1.2,0.053,61.0,183.0,0.43,white,0.9936,3.09,9.2,5,white,181
6.8,0.28,0.4,22.0,0.048,48.0,167.0,0.5,white,1.001,2.93,8.7,5,white,182
6.9,0.27,0.4,14.0,0.05,64.0,227.0,0.58,white,0.9979,3.18,9.6,6,white,183
6.8,0.26,0.56,11.9,0.043,64.0,226.0,0.63,white,0.997,3.02,9.3,5,white,184
6.8,0.29,0.56,11.9,0.043,66.0,230.0,0.63,white,0.9972,3.02,9.3,5,white,185
6.7,0.24,0.41,9.4,0.04,49.0,166.0,0.61,white,0.9954,3.12,9.9,6,white,186
5.9,0.3,0.23,4.2,0.038,42.0,119.0,0.5,white,0.9924,3.15,11.0,5,white,187
6.8,0.53,0.35,3.8,0.034,26.0,109.0,0.57,white,0.9906,3.26,12.7,8,white,188
6.5,0.28,0.28,8.5,0.047,54.0,210.0,0.54,white,0.9962,3.09,8.9,4,white,189
6.6,0.28,0.28,8.5,0.052,55.0,211.0,0.55,white,0.9962,3.09,8.9,6,white,190
6.8,0.28,0.4,22.0,0.048,48.0,167.0,0.5,white,1.001,2.93,8.7,5,white,191
6.8,0.28,0.36,8.0,0.045,28.0,123.0,0.37,white,0.9928,3.02,11.4,6,white,192
6.6,0.15,0.34,5.1,0.055,34.0,125.0,0.42,white,0.9942,3.36,9.6,5,white,193
6.4,0.29,0.44,3.6,0.2,75.0,181.0,0.41,white,0.9942,3.02,9.1,5,white,194
6.4,0.3,0.45,3.5,0.197,76.0,180.0,0.39,white,0.9942,3.02,9.1,6,white,195
6.4,0.29,0.44,3.6,0.197,75.0,183.0,0.38,white,0.9942,3.01,9.1,5,white,196
6.8,0.26,0.24,7.8,0.052,54.0,214.0,0.47,white,0.9961,3.13,8.9,5,white,197
7.1,0.32,0.24,13.1,0.05,52.0,204.0,0.49,white,0.998,3.1,8.8,5,white,198
6.8,0.26,0.24,7.8,0.052,54.0,214.0,0.47,white,0.9961,3.13,8.9,5,white,199
6.8,0.27,0.26,16.1,0.049,55.0,196.0,0.5,white,0.9984,3.15,9.3,5,white,200
7.1,0.32,0.24,13.1,0.05,52.0,204.0,0.49,white,0.998,3.1,8.8,5,white,201
6.9,0.54,0.32,13.2,0.05,53.0,236.0,0.5,white,0.9973,3.2,9.6,5,white,202
6.8,0.26,0.34,13.9,0.034,39.0,134.0,0.53,white,0.9949,3.33,12.0,6,white,203
5.8,0.28,0.35,2.3,0.053,36.0,114.0,0.5,white,0.9924,3.28,10.2,4,white,204
6.4,0.21,0.5,11.6,0.042,45.0,153.0,0.43,white,0.9972,3.15,8.8,5,white,205
7.0,0.16,0.32,8.3,0.045,38.0,126.0,0.34,white,0.9958,3.21,9.2,5,white,206
10.2,0.44,0.88,6.2,0.049,20.0,124.0,0.51,white,0.9968,2.99,9.9,4,white,207
6.8,0.57,0.29,2.2,0.04,15.0,77.0,0.74,white,0.9938,3.32,10.2,5,white,208
6.1,0.4,0.31,0.9,0.048,23.0,170.0,0.77,white,0.993,3.22,9.5,6,white,209
5.6,0.245,0.25,9.7,0.032,12.0,68.0,0.34,white,0.994,3.31,10.5,5,white,210
6.8,0.18,0.38,1.4,0.038,35.0,111.0,0.59,white,0.9918,3.32,11.2,7,white,211
7.0,0.16,0.32,8.3,0.045,38.0,126.0,0.34,white,0.9958,3.21,9.2,5,white,212
6.7,0.13,0.29,5.3,0.051,31.0,122.0,0.37,white,0.9944,3.44,9.7,6,white,213
6.2,0.25,0.25,1.4,0.03,35.0,105.0,0.44,white,0.9912,3.3,11.1,7,white,214
5.8,0.26,0.24,9.2,0.044,55.0,152.0,0.38,white,0.9961,3.31,9.4,5,white,215
7.5,0.27,0.36,7.0,0.036,45.0,164.0,0.33,white,0.9939,3.03,11.0,5,white,216
5.8,0.26,0.24,9.2,0.044,55.0,152.0,0.38,white,0.9961,3.31,9.4,5,white,217
5.7,0.28,0.24,17.5,0.044,60.0,167.0,0.44,white,0.9989,3.31,9.4,5,white,218
7.5,0.23,0.36,7.0,0.036,43.0,161.0,0.32,white,0.9938,3.04,11.0,5,white,219
7.5,0.27,0.36,7.0,0.036,45.0,164.0,0.33,white,0.9939,3.03,11.0,5,white,220
7.2,0.685,0.21,9.5,0.07,33.0,172.0,0.55,white,0.9971,3.0,9.1,6,white,221
6.2,0.25,0.25,1.4,0.03,35.0,105.0,0.44,white,0.9912,3.3,11.1,7,white,222
6.5,0.19,0.3,0.8,0.043,33.0,144.0,0.39,white,0.9936,3.42,9.1,6,white,223
6.3,0.495,0.22,1.8,0.046,31.0,140.0,0.54,white,0.9929,3.39,10.4,6,white,224
7.1,0.24,0.41,17.8,0.046,39.0,145.0,0.39,white,0.9998,3.32,8.7,5,white,225
6.4,0.17,0.32,2.4,0.048,41.0,200.0,0.5,white,0.9938,3.5,9.7,6,white,226
7.1,0.25,0.32,10.3,0.041,66.0,272.0,0.52,white,0.9969,3.17,9.1,6,white,227
6.4,0.17,0.32,2.4,0.048,41.0,200.0,0.5,white,0.9938,3.5,9.7,6,white,228
7.1,0.24,0.41,17.8,0.046,39.0,145.0,0.39,white,0.9998,3.32,8.7,5,white,229
6.8,0.64,0.08,9.7,0.062,26.0,142.0,0.46,white,0.9972,3.37,8.9,4,white,230
8.3,0.28,0.4,7.8,0.041,38.0,194.0,0.51,white,0.9976,3.34,9.6,6,white,231
8.2,0.27,0.39,7.8,0.039,49.0,208.0,0.51,white,0.9976,3.31,9.5,6,white,232
7.2,0.23,0.38,14.3,0.058,55.0,194.0,0.44,white,0.9979,3.09,9.0,6,white,233
7.2,0.23,0.38,14.3,0.058,55.0,194.0,0.44,white,0.9979,3.09,9.0,6,white,234
7.2,0.23,0.38,14.3,0.058,55.0,194.0,0.44,white,0.9979,3.09,9.0,6,white,235
7.2,0.23,0.38,14.3,0.058,55.0,194.0,0.44,white,0.9979,3.09,9.0,6,white,236
6.8,0.52,0.32,13.2,0.044,54.0,221.0,0.5,white,0.9972,3.27,9.6,6,white,237
7.0,0.26,0.59,1.4,0.037,40.0,120.0,0.41,white,0.9918,3.34,11.1,7,white,238
6.2,0.25,0.21,15.55,0.039,28.0,159.0,0.64,white,0.9982,3.48,9.6,6,white,239
7.3,0.32,0.23,13.7,0.05,49.0,197.0,0.46,white,0.9985,3.2,8.7,5,white,240
7.7,0.31,0.26,7.8,0.031,23.0,90.0,0.5,white,0.9944,3.13,10.4,5,white,241
7.1,0.21,0.37,2.4,0.026,23.0,100.0,0.38,white,0.9903,3.15,11.4,7,white,242
6.8,0.24,0.34,2.7,0.047,64.5,218.5,0.58,white,0.9934,3.3,9.7,6,white,243
6.9,0.4,0.56,11.2,0.043,40.0,142.0,0.46,white,0.9975,3.14,8.7,5,white,244
6.1,0.18,0.36,2.0,0.038,20.0,249.5,0.79,white,0.9923,3.37,11.3,6,white,245
6.8,0.21,0.27,2.1,0.03,26.0,139.0,0.61,white,0.99,3.16,12.6,7,white,246
5.8,0.2,0.27,1.4,0.031,12.0,77.0,0.36,white,0.9905,3.25,10.9,7,white,247
5.6,0.19,0.26,1.4,0.03,12.0,76.0,0.37,white,0.9905,3.25,10.9,7,white,248
6.1,0.41,0.14,10.4,0.037,18.0,119.0,0.45,white,0.996,3.38,10.0,5,white,249
5.9,0.21,0.28,4.6,0.053,40.0,199.0,0.7,white,0.9964,3.72,10.0,4,white,250
8.5,0.26,0.21,16.2,0.074,41.0,197.0,0.5,white,0.998,3.02,9.8,3,white,251
6.9,0.4,0.56,11.2,0.043,40.0,142.0,0.46,white,0.9975,3.14,8.7,5,white,252
5.8,0.24,0.44,3.5,0.029,5.0,109.0,0.43,white,0.9913,3.53,11.7,3,white,253
5.8,0.24,0.39,1.5,0.054,37.0,158.0,0.52,white,0.9932,3.21,9.3,6,white,254
6.7,0.26,0.39,1.1,0.04,45.0,147.0,0.58,white,0.9935,3.32,9.6,8,white,255
6.3,0.35,0.3,5.7,0.035,8.0,97.0,0.41,white,0.9927,3.27,11.0,7,white,256
6.3,0.35,0.3,5.7,0.035,8.0,97.0,0.41,white,0.9927,3.27,11.0,7,white,257
6.4,0.23,0.39,1.8,0.032,23.0,118.0,0.5,white,0.9912,3.32,11.8,6,white,258
5.8,0.36,0.38,0.9,0.037,3.0,75.0,0.34,white,0.9904,3.28,11.4,4,white,259
6.9,0.115,0.35,5.4,0.048,36.0,108.0,0.42,white,0.9939,3.32,10.2,6,white,260
6.9,0.29,0.4,19.45,0.043,36.0,156.0,0.47,white,0.9996,2.93,8.9,5,white,261
6.9,0.28,0.4,8.2,0.036,15.0,95.0,0.33,white,0.9944,3.17,10.2,5,white,262
7.2,0.29,0.4,13.6,0.045,66.0,231.0,0.59,white,0.9977,3.08,9.6,6,white,263
6.2,0.24,0.35,1.2,0.038,22.0,167.0,0.48,white,0.9912,3.1,10.6,6,white,264
6.9,0.29,0.4,19.45,0.043,36.0,156.0,0.47,white,0.9996,2.93,8.9,5,white,265
6.9,0.32,0.26,8.3,0.053,32.0,180.0,0.51,white,0.9965,3.25,9.2,6,white,266
5.3,0.58,0.07,6.9,0.043,34.0,149.0,0.57,white,0.9944,3.34,9.7,5,white,267
5.3,0.585,0.07,7.1,0.044,34.0,145.0,0.57,white,0.9945,3.34,9.7,6,white,268
5.4,0.59,0.07,7.0,0.045,36.0,147.0,0.57,white,0.9944,3.34,9.7,6,white,269
6.9,0.32,0.26,8.3,0.053,32.0,180.0,0.51,white,0.9965,3.25,9.2,6,white,270
5.2,0.6,0.07,7.0,0.044,33.0,147.0,0.58,white,0.9944,3.33,9.7,5,white,271
5.8,0.25,0.26,13.1,0.051,44.0,148.0,0.38,white,0.9972,3.29,9.3,5,white,272
6.6,0.58,0.3,5.1,0.057,30.0,123.0,0.38,white,0.9949,3.24,9.0,5,white,273
7.0,0.29,0.54,10.7,0.046,59.0,234.0,0.61,white,0.9966,3.05,9.5,5,white,274
6.6,0.19,0.41,8.9,0.046,51.0,169.0,0.57,white,0.9954,3.14,9.8,6,white,275
6.7,0.2,0.41,9.1,0.044,50.0,166.0,0.58,white,0.9954,3.14,9.8,6,white,276
7.7,0.26,0.4,1.1,0.042,9.0,60.0,0.5,white,0.9915,2.89,10.6,5,white,277
6.8,0.32,0.34,1.2,0.044,14.0,67.0,0.47,white,0.9919,3.05,10.6,4,white,278
7.0,0.3,0.49,4.7,0.036,17.0,105.0,0.68,white,0.9916,3.26,12.4,7,white,279
7.0,0.24,0.36,2.8,0.034,22.0,112.0,0.38,white,0.99,3.19,12.6,8,white,280
6.1,0.31,0.58,5.0,0.039,36.0,114.0,0.6,white,0.9909,3.3,12.3,8,white,281
6.8,0.44,0.37,5.1,0.047,46.0,201.0,0.65,white,0.9938,3.08,10.5,4,white,282
6.7,0.34,0.3,15.6,0.054,51.0,196.0,0.49,white,0.9982,3.19,9.3,5,white,283
7.1,0.35,0.24,15.4,0.055,46.0,198.0,0.49,white,0.9988,3.12,8.8,5,white,284
7.3,0.32,0.25,7.2,0.056,47.0,180.0,0.47,white,0.9961,3.08,8.8,5,white,285
6.5,0.28,0.33,15.7,0.053,51.0,190.0,0.51,white,0.9978,3.22,9.7,6,white,286
7.2,0.23,0.39,14.2,0.058,49.0,192.0,0.48,white,0.9979,2.98,9.0,7,white,287
7.2,0.23,0.39,14.2,0.058,49.0,192.0,0.48,white,0.9979,2.98,9.0,7,white,288
7.2,0.23,0.39,14.2,0.058,49.0,192.0,0.48,white,0.9979,2.98,9.0,7,white,289
7.2,0.23,0.39,14.2,0.058,49.0,192.0,0.48,white,0.9979,2.98,9.0,7,white,290
5.9,0.15,0.31,5.8,0.041,53.0,155.0,0.46,white,0.9945,3.52,10.5,6,white,291
7.4,0.28,0.42,19.8,0.066,53.0,195.0,0.44,white,1.0,2.96,9.1,5,white,292
6.2,0.28,0.22,7.3,0.041,26.0,157.0,0.64,white,0.9957,3.44,9.8,7,white,293
9.1,0.59,0.38,1.6,0.066,34.0,182.0,0.38,white,0.9968,3.23,8.5,3,white,294
6.3,0.33,0.27,1.2,0.046,34.0,175.0,0.54,white,0.9934,3.37,9.4,6,white,295
8.3,0.39,0.7,10.6,0.045,33.0,169.0,0.57,white,0.9976,3.09,9.4,5,white,296
7.2,0.19,0.46,3.8,0.041,82.0,187.0,0.6,white,0.9932,3.19,11.2,7,white,297
7.5,0.17,0.44,11.3,0.046,65.0,146.0,0.45,white,0.997,3.17,10.0,6,white,298
6.7,0.17,0.5,2.1,0.043,27.0,122.0,0.45,white,0.9923,3.15,10.3,6,white,299
6.1,0.41,0.0,1.6,0.063,36.0,87.0,0.67,white,0.9914,3.27,10.8,6,white,300
8.3,0.2,0.35,0.9,0.05,12.0,74.0,0.38,white,0.992,3.13,10.5,6,white,301
6.1,0.41,0.0,1.6,0.063,36.0,87.0,0.67,white,0.9914,3.27,10.8,6,white,302
6.0,0.29,0.21,1.3,0.055,42.0,168.0,0.43,white,0.9914,3.32,11.1,6,white,303
7.3,0.41,0.24,6.8,0.057,41.0,163.0,0.41,white,0.9949,3.2,9.9,6,white,304
7.3,0.41,0.24,6.8,0.057,41.0,163.0,0.41,white,0.9949,3.2,9.9,6,white,305
7.2,0.43,0.24,6.7,0.058,40.0,163.0,0.41,white,0.995,3.2,9.9,5,white,306
7.3,0.4,0.24,6.7,0.058,41.0,166.0,0.41,white,0.995,3.2,9.9,6,white,307
6.2,0.33,0.27,4.9,0.036,30.0,134.0,0.42,white,0.9927,3.2,10.4,7,white,308
6.2,0.31,0.26,4.8,0.037,36.0,148.0,0.41,white,0.9928,3.21,10.4,6,white,309
6.1,0.36,0.27,2.1,0.035,16.0,100.0,0.71,white,0.9917,3.4,11.5,7,white,310
5.0,0.55,0.14,8.3,0.032,35.0,164.0,0.51,white,0.9918,3.53,12.5,8,white,311
7.8,0.25,0.41,3.7,0.042,37.0,149.0,0.45,white,0.9954,3.36,10.0,6,white,312
5.7,0.36,0.21,6.7,0.038,51.0,166.0,0.63,white,0.9941,3.29,10.0,6,white,313
5.8,0.34,0.21,6.6,0.04,50.0,167.0,0.62,white,0.9941,3.29,10.0,5,white,314
6.8,0.28,0.6,1.1,0.132,42.0,127.0,0.44,white,0.9934,3.09,9.1,6,white,315
6.8,0.25,0.34,4.7,0.031,34.0,134.0,0.38,white,0.9927,3.21,10.6,6,white,316
6.6,0.24,0.35,7.7,0.031,36.0,135.0,0.37,white,0.9938,3.19,10.5,5,white,317
5.9,0.3,0.47,7.85,0.03,19.0,133.0,0.43,white,0.9933,3.52,11.5,7,white,318
6.1,0.125,0.25,3.3,0.04,10.0,69.0,0.59,white,0.9934,3.54,10.1,6,white,319
6.0,0.1,0.24,1.1,0.041,15.0,65.0,0.61,white,0.9927,3.61,10.3,7,white,320
6.6,0.24,0.35,7.7,0.031,36.0,135.0,0.37,white,0.9938,3.19,10.5,5,white,321
6.8,0.25,0.34,4.7,0.031,34.0,134.0,0.38,white,0.9927,3.21,10.6,6,white,322
6.8,0.28,0.44,9.3,0.031,35.0,137.0,0.36,white,0.9946,3.16,10.4,6,white,323
8.3,0.41,0.51,2.0,0.046,11.0,207.0,0.55,white,0.993,3.02,11.4,5,white,324
7.5,0.27,0.31,5.8,0.057,131.0,313.0,0.59,white,0.9946,3.18,10.5,5,white,325
7.9,0.26,0.41,15.15,0.04,38.0,216.0,0.6,white,0.9976,2.96,10.0,6,white,326
6.4,0.34,0.23,6.3,0.039,37.0,143.0,0.65,white,0.9944,3.19,10.0,6,white,327
6.5,0.28,0.35,15.4,0.042,55.0,195.0,0.5,white,0.9978,3.23,9.6,6,white,328
7.2,0.21,0.41,1.3,0.036,33.0,85.0,0.51,white,0.992,3.17,10.4,5,white,329
6.4,0.32,0.35,4.8,0.03,34.0,101.0,0.6,white,0.9912,3.36,12.5,8,white,330
6.8,0.24,0.34,4.6,0.032,37.0,135.0,0.39,white,0.9927,3.2,10.6,5,white,331
6.3,0.23,0.3,1.8,0.033,16.0,91.0,0.4,white,0.9906,3.28,11.8,6,white,332
6.5,0.28,0.34,9.9,0.038,30.0,133.0,0.44,white,0.9954,3.11,9.8,5,white,333
5.6,0.26,0.26,5.7,0.031,12.0,80.0,0.38,white,0.9923,3.25,10.8,5,white,334
6.3,0.23,0.3,1.8,0.033,16.0,91.0,0.4,white,0.9906,3.28,11.8,6,white,335
6.3,0.23,0.33,1.5,0.036,15.0,105.0,0.42,white,0.991,3.32,11.2,6,white,336
5.8,0.27,0.27,12.3,0.045,55.0,170.0,0.42,white,0.9972,3.28,9.3,6,white,337
5.9,0.26,0.4,1.3,0.047,12.0,139.0,0.53,white,0.9945,3.45,10.4,5,white,338
6.6,0.18,0.35,1.5,0.049,49.0,141.0,0.85,white,0.9934,3.43,10.2,7,white,339
7.4,0.2,0.43,7.8,0.045,27.0,153.0,0.55,white,0.9964,3.19,9.0,7,white,340
8.0,0.24,0.36,1.5,0.047,17.0,129.0,0.54,white,0.9948,3.2,10.0,6,white,341
6.4,0.26,0.42,9.7,0.044,30.0,140.0,0.47,white,0.9962,3.18,9.1,6,white,342
5.4,0.31,0.47,3.0,0.053,46.0,144.0,0.76,white,0.9931,3.29,10.0,5,white,343
5.4,0.29,0.47,3.0,0.052,47.0,145.0,0.75,white,0.993,3.29,10.0,6,white,344
7.1,0.145,0.33,4.6,0.05,33.0,131.0,0.4,white,0.9942,3.28,9.6,6,white,345
5.6,0.34,0.1,1.3,0.031,20.0,68.0,0.51,white,0.9906,3.36,11.2,7,white,346
6.7,0.19,0.41,15.6,0.056,75.0,155.0,0.44,white,0.9995,3.2,8.8,6,white,347
7.8,0.18,0.46,13.6,0.052,38.0,118.0,0.5,white,0.998,3.15,10.0,6,white,348
7.6,0.17,0.45,11.2,0.054,56.0,137.0,0.47,white,0.997,3.15,10.0,5,white,349
6.3,0.12,0.36,2.1,0.044,47.0,146.0,0.74,white,0.9914,3.27,11.4,7,white,350
7.3,0.33,0.4,6.85,0.038,32.0,138.0,0.3,white,0.992,3.03,11.9,7,white,351
5.5,0.335,0.3,2.5,0.071,27.0,128.0,0.51,white,0.9924,3.14,9.6,6,white,352
7.3,0.33,0.4,6.85,0.038,32.0,138.0,0.3,white,0.992,3.03,11.9,7,white,353
5.8,0.4,0.42,4.4,0.047,38.5,245.0,0.57,white,0.9937,3.25,9.6,6,white,354
7.3,0.22,0.37,14.3,0.063,48.0,191.0,0.38,white,0.9978,2.89,9.0,6,white,355
7.3,0.22,0.37,14.3,0.063,48.0,191.0,0.38,white,0.9978,2.89,9.0,6,white,356
6.1,0.36,0.33,1.1,0.05,24.0,169.0,0.78,white,0.9927,3.15,9.5,6,white,357
10.0,0.2,0.39,1.4,0.05,19.0,152.0,0.42,white,0.994,3.0,10.4,6,white,358
6.9,0.24,0.34,4.7,0.04,43.0,161.0,0.59,white,0.9935,3.2,10.6,6,white,359
6.4,0.24,0.32,14.9,0.047,54.0,162.0,0.5,white,0.9968,3.28,10.2,6,white,360
7.1,0.365,0.14,1.2,0.055,24.0,84.0,0.43,white,0.9941,3.15,8.9,5,white,361
6.8,0.15,0.3,5.3,0.05,40.0,127.0,0.39,white,0.9942,3.4,9.7,6,white,362
7.3,0.22,0.37,14.3,0.063,48.0,191.0,0.38,white,0.9978,2.89,9.0,6,white,363
6.8,0.16,0.4,2.3,0.037,18.0,102.0,0.42,white,0.9923,3.49,11.4,7,white,364
6.0,0.26,0.32,3.5,0.028,29.0,113.0,0.71,white,0.9912,3.4,12.3,7,white,365
6.0,0.18,0.27,1.5,0.089,40.0,143.0,0.62,white,0.9923,3.49,10.8,6,white,366
6.9,0.33,0.21,1.0,0.053,39.0,148.0,0.45,white,0.9927,3.12,9.4,6,white,367
7.7,0.29,0.48,2.3,0.049,36.0,178.0,0.64,white,0.9931,3.17,10.6,6,white,368
7.1,0.39,0.35,12.5,0.044,26.0,72.0,0.29,white,0.9941,3.17,11.6,5,white,369
6.9,0.33,0.21,1.0,0.053,39.0,148.0,0.45,white,0.9927,3.12,9.4,6,white,370
7.7,0.29,0.48,2.3,0.049,36.0,178.0,0.64,white,0.9931,3.17,10.6,6,white,371
6.6,0.905,0.19,0.8,0.048,17.0,204.0,0.56,white,0.9934,3.34,10.0,5,white,372
7.2,0.27,0.27,2.4,0.048,30.0,149.0,0.51,white,0.9936,3.1,9.2,6,white,373
5.1,0.33,0.22,1.6,0.027,18.0,89.0,0.38,white,0.9893,3.51,12.5,7,white,374
5.1,0.33,0.22,1.6,0.027,18.0,89.0,0.38,white,0.9893,3.51,12.5,7,white,375
6.4,0.31,0.28,1.5,0.037,12.0,119.0,0.51,white,0.9919,3.32,10.4,7,white,376
7.3,0.2,0.44,1.4,0.045,21.0,98.0,0.46,white,0.9924,3.15,10.0,7,white,377
5.7,0.32,0.5,2.6,0.049,17.0,155.0,0.64,white,0.9927,3.22,10.0,6,white,378
6.4,0.31,0.28,1.5,0.037,12.0,119.0,0.51,white,0.9919,3.32,10.4,7,white,379
7.3,0.2,0.44,1.4,0.045,21.0,98.0,0.46,white,0.9924,3.15,10.0,7,white,380
7.2,0.28,0.26,12.5,0.046,48.0,179.0,0.52,white,0.9975,3.1,9.0,6,white,381
7.5,0.35,0.28,9.6,0.051,26.0,157.0,0.53,white,0.9969,3.12,9.2,6,white,382
7.2,0.27,0.27,2.4,0.048,30.0,149.0,0.51,white,0.9936,3.1,9.2,6,white,383
6.0,0.36,0.39,3.2,0.027,20.0,125.0,0.39,white,0.991,3.38,11.3,7,white,384
5.1,0.33,0.22,1.6,0.027,18.0,89.0,0.38,white,0.9893,3.51,12.5,7,white,385
5.0,0.17,0.56,1.5,0.026,24.0,115.0,0.39,white,0.9906,3.48,10.8,7,white,386
6.3,0.39,0.35,5.9,0.04,82.5,260.0,0.66,white,0.9941,3.12,10.1,5,white,387
6.7,0.21,0.32,5.4,0.047,29.0,140.0,0.46,white,0.995,3.39,9.7,6,white,388
7.0,0.3,0.38,14.9,0.032,60.0,181.0,0.61,white,0.9983,3.18,9.3,7,white,389
7.0,0.3,0.38,14.9,0.032,60.0,181.0,0.61,white,0.9983,3.18,9.3,7,white,390
6.5,0.36,0.32,1.1,0.031,13.0,66.0,0.46,white,0.9916,3.1,10.6,5,white,391
6.1,0.55,0.15,9.8,0.031,19.0,125.0,0.47,white,0.9957,3.36,10.2,6,white,392
7.3,0.24,0.43,2.0,0.021,20.0,69.0,0.56,white,0.99,3.08,12.2,6,white,393
6.8,0.37,0.51,11.8,0.044,62.0,163.0,0.44,white,0.9976,3.19,8.8,5,white,394
6.8,0.27,0.12,1.3,0.04,87.0,168.0,0.41,white,0.992,3.18,10.0,5,white,395
8.2,0.28,0.42,1.8,0.031,30.0,93.0,0.39,white,0.9917,3.09,11.4,5,white,396
6.3,0.2,0.4,1.5,0.037,35.0,107.0,0.5,white,0.9917,3.46,11.4,6,white,397
5.9,0.26,0.27,18.2,0.048,52.0,168.0,0.44,white,0.9993,3.35,9.4,5,white,398
6.4,0.19,0.42,2.9,0.032,32.0,83.0,0.41,white,0.9908,3.3,11.7,6,white,399
6.3,0.2,0.4,1.5,0.037,35.0,107.0,0.5,white,0.9917,3.46,11.4,6,white,400
6.8,0.37,0.51,11.8,0.044,62.0,163.0,0.44,white,0.9976,3.19,8.8,5,white,401
6.1,0.35,0.07,1.4,0.069,22.0,108.0,0.52,white,0.9934,3.23,9.2,5,white,402
7.1,0.27,0.31,18.2,0.046,55.0,252.0,0.56,white,1.0,3.07,8.7,5,white,403
6.8,0.22,0.31,6.3,0.035,33.0,170.0,0.66,white,0.9918,3.24,12.6,6,white,404
6.8,0.27,0.12,1.3,0.04,87.0,168.0,0.41,white,0.992,3.18,10.0,5,white,405
5.8,0.28,0.34,4.0,0.031,40.0,99.0,0.39,white,0.9896,3.39,12.8,7,white,406
6.9,0.49,0.24,1.2,0.049,13.0,125.0,0.51,white,0.9932,3.17,9.4,5,white,407
6.3,0.14,0.39,1.2,0.044,26.0,116.0,0.53,white,0.992,3.26,10.3,6,white,408
8.2,0.28,0.42,1.8,0.031,30.0,93.0,0.39,white,0.9917,3.09,11.4,5,white,409
7.2,0.25,0.39,18.95,0.038,42.0,155.0,0.47,white,0.9999,2.97,9.0,6,white,410
7.3,0.28,0.36,12.7,0.04,38.0,140.0,0.79,white,0.998,3.3,9.6,6,white,411
7.2,0.19,0.39,1.2,0.036,32.0,85.0,0.5,white,0.9918,3.16,10.5,5,white,412
7.2,0.19,0.39,1.2,0.036,32.0,85.0,0.5,white,0.9918,3.16,10.5,5,white,413
7.2,0.25,0.39,18.95,0.038,42.0,155.0,0.47,white,0.9999,2.97,9.0,6,white,414
7.3,0.28,0.36,12.7,0.04,38.0,140.0,0.79,white,0.998,3.3,9.6,6,white,415
7.4,0.21,0.27,1.2,0.041,27.0,99.0,0.33,white,0.9927,3.19,9.8,6,white,416
6.8,0.26,0.22,7.7,0.047,57.0,210.0,0.47,white,0.9959,3.1,9.0,5,white,417
7.4,0.21,0.27,1.2,0.041,27.0,99.0,0.33,white,0.9927,3.19,9.8,6,white,418
7.4,0.31,0.28,1.6,0.05,33.0,137.0,0.56,white,0.9929,3.31,10.5,6,white,419
7.0,0.22,0.31,2.7,0.03,41.0,136.0,0.37,white,0.9898,3.16,12.7,7,white,420
7.0,0.21,0.28,8.7,0.045,37.0,222.0,0.54,white,0.9954,3.25,10.4,6,white,421
7.0,0.21,0.28,8.6,0.045,37.0,221.0,0.54,white,0.9954,3.25,10.4,6,white,422
7.0,0.21,0.28,8.6,0.045,37.0,221.0,0.54,white,0.9954,3.25,10.4,6,white,423
6.9,0.23,0.38,8.3,0.047,47.0,162.0,0.52,white,0.9954,3.34,10.5,7,white,424
7.0,0.21,0.28,8.7,0.045,37.0,222.0,0.54,white,0.9954,3.25,10.4,6,white,425
7.0,0.21,0.28,8.6,0.045,37.0,221.0,0.54,white,0.9954,3.25,10.4,6,white,426
6.8,0.29,0.5,13.3,0.053,48.0,194.0,0.45,white,0.9974,3.09,9.4,5,white,427
7.8,0.21,0.27,1.2,0.051,20.0,89.0,0.46,white,0.9936,3.06,9.1,5,white,428
7.1,0.31,0.47,13.6,0.056,54.0,197.0,0.49,white,0.9978,3.1,9.3,5,white,429
6.8,0.29,0.5,13.3,0.053,48.0,194.0,0.45,white,0.9974,3.09,9.4,5,white,430
6.4,0.34,0.1,1.1,0.048,19.0,84.0,0.38,white,0.9927,3.21,9.8,5,white,431
7.4,0.155,0.34,2.3,0.045,73.5,214.0,0.61,white,0.9934,3.18,9.9,7,white,432
7.2,0.55,0.09,1.5,0.108,16.0,151.0,0.57,white,0.9938,3.07,9.2,4,white,433
7.0,0.23,0.36,7.1,0.028,31.0,104.0,0.47,white,0.9922,3.35,12.1,8,white,434
6.9,0.2,0.37,6.2,0.027,24.0,97.0,0.49,white,0.992,3.38,12.2,7,white,435
6.1,0.28,0.32,2.5,0.042,23.0,218.5,0.6,white,0.9935,3.27,9.8,5,white,436
6.6,0.16,0.32,1.4,0.035,49.0,186.0,0.64,white,0.9906,3.35,12.4,8,white,437
7.4,0.155,0.34,2.3,0.045,73.5,214.0,0.61,white,0.9934,3.18,9.9,7,white,438
6.2,0.35,0.04,1.2,0.06,23.0,108.0,0.54,white,0.9934,3.26,9.2,5,white,439
6.7,0.22,0.37,1.6,0.028,24.0,102.0,0.59,white,0.9913,3.29,11.6,7,white,440
6.1,0.38,0.2,6.6,0.033,25.0,137.0,0.69,white,0.9938,3.3,10.4,6,white,441
6.0,0.25,0.28,2.2,0.026,54.0,126.0,0.65,white,0.9898,3.43,12.9,8,white,442
6.6,0.52,0.44,12.2,0.048,54.0,245.0,0.54,white,0.9975,3.26,9.3,6,white,443
6.9,0.24,0.36,20.8,0.031,40.0,139.0,0.33,white,0.9975,3.2,11.0,6,white,444
7.1,0.32,0.32,11.0,0.038,16.0,66.0,0.4,white,0.9937,3.24,11.5,3,white,445
5.8,0.28,0.27,2.6,0.054,30.0,156.0,0.42,white,0.9914,3.53,12.4,5,white,446
6.5,0.41,0.24,14.0,0.048,24.0,113.0,0.53,white,0.9982,3.44,9.8,6,white,447
6.5,0.41,0.24,14.0,0.048,24.0,113.0,0.53,white,0.9982,3.44,9.8,6,white,448
6.4,0.28,0.29,1.6,0.052,34.0,127.0,0.56,white,0.9929,3.48,10.5,7,white,449
7.2,0.6,0.2,9.9,0.07,21.0,174.0,0.54,white,0.9971,3.03,9.1,5,white,450
6.1,0.2,0.25,1.2,0.038,34.0,128.0,0.44,white,0.9921,3.24,10.1,5,white,451
5.9,0.46,0.14,2.7,0.042,27.0,160.0,0.51,white,0.9931,3.46,10.6,7,white,452
6.0,0.27,0.27,1.6,0.046,32.0,113.0,0.51,white,0.9924,3.41,10.5,7,white,453
6.4,0.28,0.29,1.6,0.052,34.0,127.0,0.56,white,0.9929,3.48,10.5,7,white,454
6.4,0.41,0.24,14.0,0.048,24.0,113.0,0.53,white,0.9982,3.44,9.8,6,white,455
6.3,0.23,0.31,1.5,0.022,11.0,82.0,0.4,white,0.9892,3.3,12.9,7,white,456
7.1,0.21,0.27,8.6,0.056,26.0,111.0,0.52,white,0.9956,2.95,9.5,5,white,457
6.0,0.37,0.32,1.0,0.053,31.0,218.5,0.72,white,0.9924,3.29,9.8,6,white,458
6.1,0.43,0.35,9.1,0.059,83.0,249.0,0.5,white,0.9971,3.37,8.5,5,white,459
7.1,0.21,0.27,8.6,0.056,26.0,111.0,0.52,white,0.9956,2.95,9.5,5,white,460
7.0,0.25,0.29,15.2,0.047,40.0,171.0,0.45,white,0.9982,3.22,9.3,5,white,461
5.9,0.25,0.19,12.4,0.047,50.0,162.0,0.38,white,0.9973,3.35,9.5,5,white,462
6.8,0.32,0.21,2.2,0.044,15.0,68.0,0.39,white,0.9932,3.17,9.4,6,white,463
7.2,0.39,0.62,11.0,0.047,66.0,178.0,0.5,white,0.9976,3.16,8.7,5,white,464
6.3,0.21,0.58,10.0,0.081,34.0,126.0,0.46,white,0.9962,2.95,8.9,5,white,465
7.0,0.14,0.32,9.0,0.039,54.0,141.0,0.43,white,0.9956,3.22,9.4,6,white,466
6.8,0.32,0.21,2.2,0.044,15.0,68.0,0.39,white,0.9932,3.17,9.4,6,white,467
7.2,0.39,0.62,11.0,0.047,66.0,178.0,0.5,white,0.9976,3.16,8.7,5,white,468
7.2,0.29,0.53,18.15,0.047,59.0,182.0,0.52,white,0.9992,3.09,9.6,5,white,469
8.6,0.37,0.7,12.15,0.039,21.0,158.0,0.73,white,0.9983,3.0,9.3,6,white,470
6.5,0.38,0.34,3.4,0.036,34.0,200.0,0.76,white,0.9937,3.14,10.0,5,white,471
6.6,0.24,0.29,2.0,0.023,19.0,86.0,0.45,white,0.99,3.25,12.5,6,white,472
7.0,0.17,0.31,4.8,0.034,34.0,132.0,0.48,white,0.9944,3.36,9.6,7,white,473
5.5,0.16,0.22,4.5,0.03,30.0,102.0,0.36,white,0.9938,3.24,9.4,6,white,474
7.0,0.24,0.51,11.0,0.029,55.0,227.0,0.61,white,0.9965,3.03,9.5,5,white,475
7.4,0.28,0.36,1.1,0.028,42.0,105.0,0.39,white,0.9893,2.99,12.4,7,white,476
7.0,0.22,0.28,1.5,0.037,29.0,115.0,0.55,white,0.9927,3.11,10.5,6,white,477
7.1,0.55,0.13,1.7,0.073,21.0,165.0,0.58,white,0.994,2.97,9.2,6,white,478
6.3,0.22,0.33,1.7,0.041,67.0,164.0,0.56,white,0.9928,3.32,10.4,6,white,479
6.7,0.47,0.34,8.9,0.043,31.0,172.0,0.6,white,0.9964,3.22,9.2,5,white,480
5.9,0.36,0.41,1.3,0.047,45.0,104.0,0.51,white,0.9917,3.33,10.6,6,white,481
5.8,0.25,0.24,13.3,0.044,41.0,137.0,0.42,white,0.9972,3.34,9.5,5,white,482
6.7,0.47,0.34,8.9,0.043,31.0,172.0,0.6,white,0.9964,3.22,9.2,5,white,483
6.2,0.37,0.3,6.6,0.346,79.0,200.0,0.58,white,0.9954,3.29,9.6,5,white,484
6.2,0.18,0.38,1.5,0.028,36.0,117.0,0.54,white,0.993,3.47,9.7,6,white,485
6.0,0.16,0.37,1.5,0.025,43.0,117.0,0.51,white,0.9928,3.46,9.7,6,white,486
6.6,0.34,0.28,1.3,0.035,32.0,90.0,0.42,white,0.9916,3.1,10.7,6,white,487
7.4,0.29,0.29,1.6,0.045,53.0,180.0,0.68,white,0.9936,3.34,10.5,6,white,488
7.4,0.26,0.31,7.6,0.047,52.0,177.0,0.45,white,0.9962,3.13,8.9,6,white,489
7.0,0.28,0.36,1.0,0.035,8.0,70.0,0.46,white,0.9899,3.09,12.1,6,white,490
7.1,0.23,0.39,1.6,0.032,12.0,65.0,0.4,white,0.9898,3.25,12.7,7,white,491
7.8,0.19,0.26,8.9,0.039,42.0,182.0,0.46,white,0.996,3.18,9.9,6,white,492
6.3,0.19,0.28,1.8,0.022,28.0,158.0,0.64,white,0.9907,3.2,11.4,6,white,493
6.8,0.2,0.38,4.7,0.04,27.0,103.0,0.58,white,0.994,3.37,10.7,6,white,494
5.7,0.44,0.13,7.0,0.025,28.0,173.0,0.48,white,0.9913,3.33,12.5,6,white,495
7.2,0.4,0.62,10.8,0.041,70.0,189.0,0.49,white,0.9976,3.08,8.6,4,white,496
6.8,0.23,0.32,1.6,0.026,43.0,147.0,0.54,white,0.9904,3.29,12.5,6,white,497
5.7,0.335,0.34,1.0,0.04,13.0,174.0,0.66,white,0.992,3.27,10.0,5,white,498
7.2,0.4,0.62,10.8,0.041,70.0,189.0,0.49,white,0.9976,3.08,8.6,4,white,499
7.2,0.28,0.54,16.7,0.045,54.0,200.0,0.49,white,0.999,3.08,9.5,6,white,500
6.8,0.19,0.58,14.2,0.038,51.0,164.0,0.48,white,0.9975,3.12,9.6,6,white,501
6.4,0.3,0.3,2.25,0.038,8.0,210.0,0.62,white,0.9937,3.2,9.9,6,white,502
6.5,0.3,0.29,2.25,0.037,8.0,210.0,0.62,white,0.9937,3.19,9.9,5,white,503
7.8,0.18,0.31,12.2,0.053,46.0,140.0,0.53,white,0.998,3.06,8.9,6,white,504
7.8,0.18,0.31,12.2,0.053,46.0,140.0,0.53,white,0.998,3.06,8.9,6,white,505
7.3,0.51,0.26,3.3,0.09,7.0,135.0,0.52,white,0.9944,3.01,8.8,5,white,506
6.0,0.24,0.27,1.9,0.048,40.0,170.0,0.54,white,0.9938,3.64,10.0,7,white,507
5.9,0.62,0.28,3.5,0.039,55.0,152.0,0.44,white,0.9907,3.44,12.0,6,white,508
6.0,0.24,0.27,1.9,0.048,40.0,170.0,0.54,white,0.9938,3.64,10.0,7,white,509
6.7,0.27,0.12,1.3,0.041,62.0,138.0,0.42,white,0.9921,3.21,10.0,6,white,510
7.8,0.34,0.35,1.8,0.042,8.0,167.0,0.41,white,0.9908,3.11,12.1,6,white,511
7.3,0.26,0.36,5.2,0.04,31.0,141.0,0.59,white,0.9931,3.16,11.0,6,white,512
7.4,0.36,0.33,1.4,0.025,27.0,55.0,0.33,white,0.9915,3.21,11.2,6,white,513
7.8,0.28,0.32,9.0,0.036,34.0,115.0,0.39,white,0.9952,3.17,10.3,7,white,514
6.1,0.31,0.26,2.2,0.051,28.0,167.0,0.47,white,0.9926,3.37,10.4,6,white,515
6.8,0.18,0.37,1.6,0.055,47.0,154.0,0.45,white,0.9934,3.08,9.1,5,white,516
7.4,0.15,0.42,1.7,0.045,49.0,154.0,0.6,white,0.992,3.0,10.4,6,white,517
5.9,0.13,0.28,1.9,0.05,20.0,78.0,0.64,white,0.9918,3.43,10.8,6,white,518
7.2,0.34,0.34,12.6,0.048,7.0,41.0,0.4,white,0.9942,3.19,11.7,5,white,519
7.9,0.19,0.26,2.1,0.039,8.0,143.0,0.74,white,0.9942,3.05,9.8,5,white,520
7.9,0.19,0.26,2.1,0.039,8.0,143.0,0.74,white,0.9942,3.05,9.8,5,white,521
6.9,0.25,0.4,1.3,0.038,22.0,101.0,0.39,white,0.9901,3.03,11.4,6,white,522
5.8,0.36,0.32,1.7,0.033,22.0,96.0,0.38,white,0.9898,3.03,11.2,6,white,523
5.6,0.35,0.37,1.0,0.038,6.0,72.0,0.34,white,0.9902,3.37,11.4,5,white,524
5.9,0.32,0.39,3.3,0.114,24.0,140.0,0.45,white,0.9934,3.09,9.2,6,white,525
7.2,0.31,0.46,5.0,0.04,3.0,29.0,0.53,white,0.9906,3.04,12.5,4,white,526
6.1,0.28,0.22,1.8,0.034,32.0,116.0,0.44,white,0.9898,3.36,12.6,6,white,527
5.2,0.36,0.02,1.6,0.031,24.0,104.0,0.35,white,0.9896,3.44,12.2,6,white,528
5.6,0.19,0.47,4.5,0.03,19.0,112.0,0.45,white,0.9922,3.56,11.2,6,white,529
6.4,0.1,0.35,4.9,0.048,31.0,103.0,0.79,white,0.9947,3.43,9.7,6,white,530
6.4,0.18,0.48,4.0,0.186,64.0,150.0,0.4,white,0.9945,3.06,9.3,5,white,531
7.4,0.25,0.36,13.2,0.067,53.0,178.0,0.48,white,0.9976,3.01,9.0,6,white,532
7.4,0.25,0.36,13.2,0.067,53.0,178.0,0.48,white,0.9976,3.01,9.0,6,white,533
7.4,0.25,0.36,13.2,0.067,53.0,178.0,0.48,white,0.9976,3.01,9.0,6,white,534
7.9,0.345,0.51,15.3,0.047,54.0,171.0,0.51,white,0.9987,3.09,9.1,5,white,535
7.9,0.345,0.51,15.3,0.047,54.0,171.0,0.51,white,0.9987,3.09,9.1,5,white,536
7.4,0.25,0.36,13.2,0.067,53.0,178.0,0.48,white,0.9976,3.01,9.0,6,white,537
6.1,0.24,0.3,1.5,0.045,22.0,61.0,0.54,white,0.992,3.31,10.4,5,white,538
6.8,0.25,0.24,4.55,0.053,41.0,211.0,0.67,white,0.9955,3.37,9.5,6,white,539
6.7,0.31,0.31,9.9,0.04,10.0,175.0,0.55,white,0.9953,3.46,11.4,4,white,540
7.2,0.46,0.65,10.4,0.05,76.0,192.0,0.42,white,0.9976,3.16,8.7,5,white,541
5.5,0.35,0.35,1.1,0.045,14.0,167.0,0.68,white,0.992,3.34,9.9,6,white,542
6.7,0.24,0.41,8.7,0.036,29.0,148.0,0.62,white,0.9952,3.22,9.9,6,white,543
6.8,0.28,0.17,13.9,0.047,49.0,162.0,0.51,white,0.9983,3.21,9.0,6,white,544
6.4,0.16,0.22,1.4,0.04,41.0,149.0,0.58,white,0.9933,3.49,10.0,6,white,545
6.3,0.26,0.24,7.2,0.039,38.0,172.0,0.64,white,0.9958,3.49,9.7,6,white,546
7.7,0.22,0.42,1.9,0.052,10.0,87.0,0.49,white,0.9922,3.3,11.8,6,white,547
6.5,0.18,0.31,1.7,0.044,30.0,127.0,0.5,white,0.9928,3.49,10.2,7,white,548
7.2,0.46,0.65,10.4,0.05,76.0,192.0,0.42,white,0.9976,3.16,8.7,5,white,549
7.0,0.3,0.51,13.6,0.05,40.0,168.0,0.52,white,0.9976,3.07,9.6,7,white,550
9.2,0.25,0.34,1.2,0.026,31.0,93.0,0.37,white,0.9916,2.93,11.3,7,white,551
7.8,0.28,0.34,1.6,0.028,32.0,118.0,0.38,white,0.9901,3.0,12.1,7,white,552
7.0,0.3,0.51,13.6,0.05,40.0,168.0,0.52,white,0.9976,3.07,9.6,7,white,553
7.8,0.28,0.34,1.6,0.028,32.0,118.0,0.38,white,0.9901,3.0,12.1,7,white,554
9.2,0.25,0.34,1.2,0.026,31.0,93.0,0.37,white,0.9916,2.93,11.3,7,white,555
8.4,0.35,0.71,12.2,0.046,22.0,160.0,0.65,white,0.9982,2.98,9.4,5,white,556
6.1,0.41,0.24,1.6,0.049,16.0,137.0,0.5,white,0.993,3.32,10.4,6,white,557
5.9,0.21,0.24,12.1,0.044,53.0,165.0,0.39,white,0.9969,3.25,9.5,5,white,558
7.2,0.34,0.44,4.2,0.047,51.0,144.0,0.76,white,0.991,3.01,12.3,6,white,559
6.7,0.21,0.42,9.1,0.049,31.0,150.0,0.74,white,0.9953,3.12,9.9,7,white,560
5.9,0.37,0.1,1.6,0.057,39.0,128.0,0.48,white,0.9924,3.24,10.1,5,white,561
7.7,0.34,0.27,8.8,0.063,39.0,184.0,0.63,white,0.9969,3.09,9.2,6,white,562
7.4,0.3,0.22,1.4,0.046,16.0,135.0,0.77,white,0.9928,3.08,10.4,7,white,563
6.8,0.51,0.3,4.2,0.066,38.0,165.0,0.42,white,0.9945,3.2,9.1,5,white,564
7.8,0.22,0.38,10.3,0.059,28.0,99.0,0.47,white,0.9967,3.12,10.0,6,white,565
7.2,0.35,0.34,12.4,0.051,6.0,37.0,0.39,white,0.9944,3.13,11.5,6,white,566
6.0,0.26,0.5,2.2,0.048,59.0,153.0,0.61,white,0.9928,3.08,9.8,5,white,567
6.1,0.26,0.51,2.2,0.05,61.0,154.0,0.6,white,0.9929,3.08,9.8,6,white,568
6.5,0.28,0.27,5.2,0.04,44.0,179.0,0.69,white,0.9948,3.19,9.4,6,white,569
7.4,0.41,0.66,10.8,0.051,77.0,194.0,0.46,white,0.9976,3.05,8.7,5,white,570
6.5,0.28,0.29,2.7,0.038,26.0,107.0,0.41,white,0.9912,3.32,11.6,7,white,571
6.7,0.34,0.54,16.3,0.047,44.0,181.0,0.56,white,0.9987,3.04,8.8,5,white,572
7.2,0.2,0.34,2.7,0.032,49.0,151.0,0.39,white,0.99,3.16,12.7,7,white,573
7.4,0.2,0.33,1.9,0.035,39.0,138.0,0.44,white,0.991,3.17,11.7,7,white,574
8.2,0.22,0.3,1.8,0.047,47.0,185.0,0.5,white,0.9933,3.13,10.2,6,white,575
8.2,0.23,0.29,1.8,0.047,47.0,187.0,0.5,white,0.9933,3.13,10.2,6,white,576
7.1,0.22,0.33,2.8,0.033,48.0,153.0,0.38,white,0.9899,3.15,12.7,7,white,577
6.5,0.28,0.29,2.7,0.038,26.0,107.0,0.41,white,0.9912,3.32,11.6,7,white,578
6.0,0.38,0.26,6.0,0.034,42.0,134.0,0.38,white,0.9912,3.38,12.3,7,white,579
7.4,0.41,0.66,10.8,0.051,77.0,194.0,0.46,white,0.9976,3.05,8.7,5,white,580
5.7,0.18,0.22,4.2,0.042,25.0,111.0,0.39,white,0.994,3.35,9.4,5,white,581
7.3,0.3,0.22,6.4,0.056,44.0,168.0,0.35,white,0.9947,3.13,10.1,6,white,582
7.4,0.24,0.22,10.7,0.042,26.0,81.0,0.36,white,0.9954,2.86,9.7,6,white,583
6.6,0.25,0.3,1.6,0.046,32.0,134.0,0.51,white,0.993,3.42,10.1,7,white,584
7.4,0.24,0.22,10.7,0.042,26.0,81.0,0.36,white,0.9954,2.86,9.7,6,white,585
7.4,0.26,0.3,7.9,0.049,38.0,157.0,0.48,white,0.9963,3.13,8.9,6,white,586
6.1,0.32,0.25,1.7,0.034,37.0,136.0,0.5,white,0.992,3.47,10.8,7,white,587
6.9,0.28,0.27,2.1,0.036,42.0,121.0,0.49,white,0.9926,3.42,10.8,7,white,588
7.0,0.23,0.33,5.8,0.04,25.0,136.0,0.58,white,0.995,3.19,9.5,6,white,589
7.1,0.31,0.5,14.5,0.059,6.0,148.0,0.44,white,0.9983,2.94,9.1,5,white,590
7.3,0.2,0.37,1.2,0.037,48.0,119.0,0.49,white,0.992,3.32,10.9,6,white,591
6.9,0.41,0.33,10.1,0.043,28.0,152.0,0.52,white,0.9968,3.2,9.4,5,white,592
6.4,0.45,0.07,1.1,0.03,10.0,131.0,0.28,white,0.9905,2.97,10.8,5,white,593
6.4,0.475,0.06,1.0,0.03,9.0,131.0,0.29,white,0.9904,2.97,10.8,5,white,594
6.3,0.27,0.38,0.9,0.051,7.0,140.0,0.5,white,0.9926,3.45,10.5,7,white,595
6.9,0.41,0.33,10.1,0.043,28.0,152.0,0.52,white,0.9968,3.2,9.4,5,white,596
7.0,0.29,0.37,4.9,0.034,26.0,127.0,0.44,white,0.9928,3.17,10.8,6,white,597
5.9,0.27,0.29,11.4,0.036,31.0,115.0,0.48,white,0.9949,3.35,10.5,8,white,598
6.9,0.19,0.4,1.4,0.036,14.0,55.0,0.68,white,0.9909,3.08,11.5,7,white,599
6.7,0.3,0.35,1.4,0.18,36.0,160.0,0.54,white,0.9937,3.11,9.4,6,white,600
7.2,0.24,0.4,1.4,0.045,31.0,106.0,0.38,white,0.9914,2.88,10.8,6,white,601
6.4,0.45,0.07,1.1,0.03,10.0,131.0,0.28,white,0.9905,2.97,10.8,5,white,602
6.4,0.475,0.06,1.0,0.03,9.0,131.0,0.29,white,0.9904,2.97,10.8,5,white,603
6.3,0.26,0.49,1.5,0.052,34.0,134.0,0.61,white,0.9924,2.99,9.8,6,white,604
6.3,0.26,0.49,1.5,0.052,34.0,134.0,0.61,white,0.9924,2.99,9.8,6,white,605
7.3,0.25,0.29,7.5,0.049,38.0,158.0,0.38,white,0.9965,3.43,9.6,5,white,606
7.3,0.25,0.29,7.5,0.049,38.0,158.0,0.38,white,0.9965,3.43,9.6,5,white,607
6.1,0.28,0.25,17.75,0.044,48.0,161.0,0.48,white,0.9993,3.34,9.5,5,white,608
7.4,0.37,0.35,5.7,0.061,12.0,94.0,0.69,white,0.9965,3.48,10.7,6,white,609
6.5,0.36,0.28,3.2,0.037,29.0,119.0,0.65,white,0.9908,3.25,12.4,8,white,610
7.4,0.24,0.4,4.3,0.032,9.0,95.0,0.39,white,0.992,3.09,11.1,6,white,611
7.5,0.23,0.68,11.0,0.047,37.0,133.0,0.38,white,0.9978,2.99,8.8,5,white,612
7.5,0.21,0.68,10.9,0.045,38.0,133.0,0.36,white,0.9978,3.0,8.7,5,white,613
7.5,0.21,0.68,10.9,0.045,38.0,133.0,0.36,white,0.9978,3.0,8.7,5,white,614
7.5,0.23,0.68,11.0,0.047,37.0,133.0,0.38,white,0.9978,2.99,8.8,5,white,615
7.8,0.32,0.33,2.4,0.037,18.0,101.0,0.65,white,0.9912,3.21,11.7,7,white,616
7.8,0.26,0.27,1.9,0.051,52.0,195.0,0.5,white,0.9928,3.23,10.9,6,white,617
7.7,0.24,0.27,1.8,0.051,52.0,190.0,0.5,white,0.9928,3.23,10.8,6,white,618
7.4,0.19,0.3,1.4,0.057,33.0,135.0,0.5,white,0.993,3.12,9.6,6,white,619
6.5,0.46,0.41,16.8,0.084,59.0,222.0,0.58,white,0.9993,3.18,9.0,5,white,620
6.5,0.26,0.43,8.9,0.083,50.0,171.0,0.5,white,0.9965,2.85,9.0,5,white,621
5.3,0.32,0.12,6.6,0.043,22.0,141.0,0.6,white,0.9937,3.36,10.4,6,white,622
7.2,0.24,0.34,1.1,0.045,3.0,64.0,0.51,white,0.9913,3.23,11.4,5,white,623
6.0,0.36,0.06,1.4,0.066,27.0,128.0,0.55,white,0.9934,3.26,9.3,5,white,624
6.2,0.24,0.29,13.3,0.039,49.0,130.0,0.46,white,0.9952,3.33,11.0,8,white,625
7.6,0.56,0.12,10.4,0.096,22.0,177.0,0.45,white,0.9983,3.32,9.1,4,white,626
7.0,0.32,0.24,6.2,0.048,31.0,228.0,0.62,white,0.9957,3.23,9.4,6,white,627
7.0,0.32,0.24,6.2,0.048,31.0,228.0,0.62,white,0.9957,3.23,9.4,6,white,628
5.8,0.31,0.33,1.2,0.036,23.0,99.0,0.6,white,0.9916,3.18,10.5,6,white,629
7.0,0.23,0.42,18.05,0.05,35.0,144.0,0.42,white,0.9999,3.22,8.8,5,white,630
7.0,0.23,0.42,18.05,0.05,35.0,144.0,0.42,white,0.9999,3.22,8.8,5,white,631
6.9,0.24,0.33,4.8,0.04,16.0,131.0,0.64,white,0.9936,3.26,10.7,6,white,632
6.0,0.29,0.2,12.6,0.045,45.0,187.0,0.42,white,0.9972,3.33,9.5,5,white,633
6.1,0.17,0.28,4.5,0.033,46.0,150.0,0.49,white,0.9933,3.43,10.9,6,white,634
5.9,0.14,0.25,4.5,0.027,34.0,140.0,0.51,white,0.9934,3.49,10.8,6,white,635
6.2,0.17,0.28,4.7,0.037,39.0,133.0,0.46,white,0.9931,3.41,10.8,7,white,636
7.4,0.28,0.25,11.9,0.053,25.0,148.0,0.62,white,0.9976,3.1,9.2,5,white,637
5.6,0.35,0.14,5.0,0.046,48.0,198.0,0.71,white,0.9937,3.3,10.3,5,white,638
5.8,0.335,0.14,5.8,0.046,49.0,197.0,0.71,white,0.9937,3.3,10.3,5,white,639
5.6,0.235,0.29,1.2,0.047,33.0,127.0,0.5,white,0.991,3.34,11.0,7,white,640
6.1,0.28,0.25,12.9,0.054,34.0,189.0,0.43,white,0.9979,3.25,9.0,4,white,641
6.3,0.21,0.33,13.9,0.046,68.0,179.0,0.5,white,0.9971,3.36,10.4,6,white,642
6.4,0.24,0.28,11.5,0.05,34.0,163.0,0.45,white,0.9969,3.31,9.5,5,white,643
6.4,0.24,0.29,11.4,0.051,32.0,166.0,0.45,white,0.9968,3.31,9.5,5,white,644
6.3,0.26,0.25,7.8,0.058,44.0,166.0,0.41,white,0.9961,3.24,9.0,5,white,645
6.5,0.33,0.72,1.1,0.061,7.0,151.0,0.57,white,0.993,3.09,9.5,4,white,646
7.4,0.105,0.34,12.2,0.05,57.0,146.0,0.37,white,0.9973,3.16,9.0,6,white,647
6.0,0.32,0.12,5.9,0.041,34.0,190.0,0.72,white,0.9944,3.16,10.0,5,white,648
7.1,0.26,0.34,14.4,0.067,35.0,189.0,0.53,white,0.9986,3.07,9.1,7,white,649
7.1,0.26,0.34,14.4,0.067,35.0,189.0,0.53,white,0.9986,3.07,9.1,7,white,650
7.1,0.26,0.34,14.4,0.067,35.0,189.0,0.53,white,0.9986,3.07,9.1,7,white,651
7.1,0.26,0.34,14.4,0.067,35.0,189.0,0.53,white,0.9986,3.07,9.1,7,white,652
5.9,0.24,0.26,12.3,0.053,34.0,134.0,0.45,white,0.9972,3.34,9.5,6,white,653
6.5,0.21,0.37,2.5,0.048,70.0,138.0,0.75,white,0.9917,3.33,11.4,7,white,654
7.7,0.27,0.35,5.3,0.03,30.0,117.0,0.42,white,0.992,3.11,12.2,6,white,655
9.0,0.27,0.35,4.9,0.028,27.0,95.0,0.4,white,0.9932,3.04,11.3,6,white,656
7.3,0.34,0.21,3.2,0.05,14.0,136.0,0.44,white,0.9936,3.25,10.2,5,white,657
6.6,0.27,0.25,3.1,0.052,41.0,188.0,0.4,white,0.9915,3.24,11.3,5,white,658
6.8,0.29,0.16,1.4,0.038,122.5,234.5,0.47,white,0.9922,3.15,10.0,4,white,659
7.1,0.28,0.26,1.9,0.049,12.0,86.0,0.38,white,0.9934,3.15,9.4,5,white,660
6.8,0.25,0.34,14.0,0.032,47.0,133.0,0.5,white,0.9952,3.37,12.2,7,white,661
7.0,0.57,0.1,8.3,0.094,23.0,188.0,0.47,white,0.9972,3.4,9.2,4,white,662
7.1,0.28,0.26,1.9,0.049,12.0,86.0,0.38,white,0.9934,3.15,9.4,5,white,663
7.1,0.17,0.38,7.4,0.052,49.0,182.0,0.52,white,0.9958,3.35,9.6,6,white,664
7.8,0.28,0.22,1.4,0.056,24.0,130.0,0.48,white,0.9944,3.28,9.5,5,white,665
6.8,0.22,0.37,1.7,0.036,38.0,195.0,0.72,white,0.9908,3.35,12.5,6,white,666
7.1,0.17,0.38,7.4,0.052,49.0,182.0,0.52,white,0.9958,3.35,9.6,6,white,667
6.1,0.14,0.25,1.3,0.047,37.0,173.0,0.46,white,0.9925,3.35,10.0,6,white,668
6.4,0.24,0.5,11.6,0.047,60.0,211.0,0.57,white,0.9966,3.18,9.3,5,white,669
7.8,0.42,0.26,9.2,0.058,34.0,199.0,0.55,white,0.9972,3.14,9.3,6,white,670
6.6,0.28,0.36,1.7,0.038,22.0,101.0,0.57,white,0.9912,3.29,11.6,6,white,671
7.1,0.32,0.34,14.5,0.039,46.0,150.0,0.5,white,0.995,3.38,12.5,8,white,672
6.7,0.31,0.3,2.1,0.038,18.0,130.0,0.63,white,0.9928,3.36,10.6,6,white,673
6.4,0.32,0.5,10.7,0.047,57.0,206.0,0.6,white,0.9968,3.08,9.4,5,white,674
6.1,0.28,0.25,6.9,0.056,44.0,201.0,0.4,white,0.9955,3.19,9.1,6,white,675
5.9,0.29,0.25,12.0,0.057,48.0,224.0,0.41,white,0.9981,3.23,9.0,6,white,676
5.8,0.32,0.38,4.75,0.033,23.0,94.0,0.42,white,0.991,3.42,11.8,7,white,677
5.8,0.32,0.38,4.75,0.033,23.0,94.0,0.42,white,0.991,3.42,11.8,7,white,678
5.7,0.32,0.38,4.75,0.033,23.0,94.0,0.42,white,0.991,3.42,11.8,7,white,679
6.7,0.28,0.14,1.4,0.043,64.0,159.0,0.39,white,0.992,3.17,10.0,5,white,680
6.8,0.34,0.69,1.3,0.058,12.0,171.0,0.47,white,0.9931,3.06,9.7,5,white,681
5.9,0.25,0.25,11.3,0.052,30.0,165.0,0.44,white,0.997,3.24,9.5,6,white,682
6.4,0.27,0.32,4.5,0.24,61.0,174.0,0.48,white,0.9948,3.12,9.4,5,white,683
8.1,0.46,0.31,1.7,0.052,50.0,183.0,0.42,white,0.9923,3.03,11.2,5,white,684
6.2,0.36,0.26,13.2,0.051,54.0,201.0,0.46,white,0.9976,3.25,9.0,5,white,685
6.8,0.22,0.35,5.5,0.043,21.0,114.0,0.53,white,0.9938,3.3,10.7,7,white,686
6.8,0.67,0.3,13.0,0.29,22.0,193.0,0.67,white,0.9984,3.08,9.0,4,white,687
7.2,0.28,0.3,10.7,0.044,61.0,222.0,0.5,white,0.9972,3.14,9.1,6,white,688
6.7,0.17,0.37,2.0,0.039,34.0,125.0,0.6,white,0.9922,3.26,10.8,7,white,689
6.9,0.2,0.34,1.9,0.043,25.0,136.0,0.6,white,0.9935,3.31,10.1,4,white,690
6.1,0.36,0.16,6.4,0.037,36.0,198.0,0.62,white,0.9944,3.17,9.9,6,white,691
6.0,0.36,0.16,6.3,0.036,36.0,191.0,0.62,white,0.9942,3.17,9.8,5,white,692
5.9,0.37,0.14,6.3,0.036,34.0,185.0,0.63,white,0.9944,3.17,9.8,5,white,693
7.6,0.29,0.58,17.5,0.041,51.0,225.0,0.66,white,0.9997,3.16,9.5,6,white,694
6.3,0.34,0.28,14.7,0.047,49.0,198.0,0.46,white,0.9977,3.23,9.5,5,white,695
6.7,0.19,0.34,1.0,0.022,22.0,94.0,0.57,white,0.9912,3.23,11.1,6,white,696
7.5,0.31,0.51,14.8,0.039,62.0,204.0,0.6,white,0.9982,3.06,9.5,5,white,697
7.5,0.31,0.51,14.8,0.039,62.0,204.0,0.6,white,0.9982,3.06,9.5,5,white,698
7.4,0.31,0.48,14.2,0.042,62.0,204.0,0.59,white,0.9983,3.06,9.4,5,white,699
8.4,0.4,0.7,13.1,0.042,29.0,197.0,0.64,white,0.998,3.06,9.7,5,white,700
5.9,0.34,0.22,2.4,0.03,19.0,135.0,0.78,white,0.9894,3.41,13.9,7,white,701
6.6,0.38,0.18,1.2,0.042,20.0,84.0,0.45,white,0.9927,3.22,10.1,4,white,702
6.4,0.33,0.28,1.1,0.038,30.0,110.0,0.42,white,0.9917,3.12,10.5,6,white,703
5.6,0.25,0.26,3.6,0.037,18.0,115.0,0.5,white,0.9904,3.42,12.6,6,white,704
8.6,0.27,0.46,6.1,0.032,13.0,41.0,0.34,white,0.993,2.89,10.9,5,white,705
6.2,0.31,0.21,6.3,0.041,50.0,218.0,0.6,white,0.9941,3.15,10.0,5,white,706
7.2,0.18,0.45,4.4,0.046,57.0,166.0,0.62,white,0.9943,3.13,11.2,6,white,707
7.7,0.2,0.44,13.9,0.05,44.0,130.0,0.48,white,0.99855,3.11,10.0,6,white,708
6.2,0.47,0.21,1.0,0.044,13.0,98.0,0.46,white,0.99345,3.14,9.2,5,white,709
6.1,0.25,0.24,12.1,0.046,51.0,172.0,0.45,white,0.998,3.35,9.5,5,white,710
8.2,0.27,0.43,1.6,0.035,31.0,128.0,0.5,white,0.9916,3.1,12.3,6,white,711
8.2,0.27,0.43,1.6,0.035,31.0,128.0,0.5,white,0.9916,3.1,12.3,6,white,712
6.4,0.31,0.39,7.5,0.04,57.0,213.0,0.43,white,0.99475,3.32,10.0,5,white,713
6.0,0.39,0.26,2.7,0.038,39.0,187.0,0.5,white,0.99325,3.41,10.8,6,white,714
6.2,0.21,0.27,1.7,0.038,41.0,150.0,0.71,white,0.9933,3.49,10.5,7,white,715
7.7,0.42,0.31,9.2,0.048,22.0,221.0,0.61,white,0.9969,3.06,9.2,6,white,716
7.0,0.27,0.41,18.75,0.042,34.0,157.0,0.5,white,1.0002,2.96,9.1,5,white,717
6.2,0.21,0.27,1.7,0.038,41.0,150.0,0.71,white,0.9933,3.49,10.5,7,white,718
7.4,0.29,0.5,1.8,0.042,35.0,127.0,0.5,white,0.9937,3.45,10.2,7,white,719
6.6,0.29,0.44,9.0,0.053,62.0,178.0,0.45,white,0.99685,3.02,8.9,5,white,720
6.0,0.3,0.44,1.5,0.046,15.0,182.0,0.52,white,0.99455,3.5,10.4,5,white,721
6.9,0.31,0.34,1.6,0.032,23.0,128.0,0.47,white,0.9917,3.37,11.7,6,white,722
6.6,0.33,0.31,1.3,0.02,29.0,89.0,0.44,white,0.99035,3.26,12.4,8,white,723
7.8,0.3,0.4,1.8,0.028,23.0,122.0,0.39,white,0.9914,3.14,10.9,7,white,724
6.4,0.39,0.21,1.2,0.041,35.0,136.0,0.46,white,0.99225,3.15,10.2,5,white,725
6.4,0.24,0.31,2.8,0.038,41.0,114.0,0.66,white,0.99155,3.37,11.7,7,white,726
7.0,0.21,0.34,8.0,0.057,19.0,101.0,0.59,white,0.9954,2.99,9.4,5,white,727
6.4,0.16,0.31,5.3,0.043,42.0,157.0,0.47,white,0.99455,3.35,10.5,5,white,728
6.0,0.33,0.27,0.8,0.185,12.0,188.0,0.62,white,0.9924,3.12,9.4,5,white,729
6.5,0.23,0.33,13.8,0.042,25.0,139.0,0.56,white,0.99695,3.35,10.4,6,white,730
6.2,0.25,0.48,10.0,0.044,78.0,240.0,0.47,white,0.99655,3.25,9.5,6,white,731
8.8,0.28,0.45,6.0,0.022,14.0,49.0,0.33,white,0.9934,3.01,11.1,7,white,732
6.6,0.25,0.3,14.4,0.052,40.0,183.0,0.5,white,0.998,3.02,9.1,6,white,733
6.9,0.38,0.25,9.8,0.04,28.0,191.0,0.61,white,0.9971,3.28,9.2,5,white,734
6.4,0.25,0.3,5.5,0.038,15.0,129.0,0.49,white,0.9948,3.14,9.6,6,white,735
6.6,0.25,0.3,14.4,0.052,40.0,183.0,0.5,white,0.998,3.02,9.1,6,white,736
6.9,0.38,0.25,9.8,0.04,28.0,191.0,0.61,white,0.9971,3.28,9.2,5,white,737
7.1,0.21,0.31,3.8,0.021,40.0,142.0,0.39,white,0.99215,3.17,10.8,7,white,738
6.4,0.25,0.3,5.5,0.038,15.0,129.0,0.49,white,0.9948,3.14,9.6,6,white,739
6.9,0.39,0.4,4.6,0.022,5.0,19.0,0.37,white,0.9915,3.31,12.6,3,white,740
5.8,0.2,0.3,1.5,0.031,21.0,57.0,0.55,white,0.99115,3.44,11.0,6,white,741
7.0,0.2,0.37,2.0,0.03,26.0,136.0,0.61,white,0.9932,3.28,10.2,6,white,742
5.9,0.26,0.25,12.5,0.034,38.0,152.0,0.43,white,0.9977,3.33,9.4,5,white,743
7.4,0.38,0.27,7.5,0.041,24.0,160.0,0.43,white,0.99535,3.17,10.0,5,white,744
7.4,0.2,1.66,2.1,0.022,34.0,113.0,0.55,white,0.99165,3.26,12.2,6,white,745
7.0,0.21,0.34,8.5,0.033,31.0,253.0,0.56,white,0.9953,3.22,10.5,6,white,746
7.2,0.29,0.4,7.6,0.024,56.0,177.0,0.32,white,0.9928,3.04,11.5,6,white,747
6.9,0.18,0.38,8.1,0.049,44.0,176.0,0.54,white,0.9958,3.3,9.8,6,white,748
7.3,0.3,0.42,7.35,0.025,51.0,175.0,0.32,white,0.9928,3.04,11.4,6,white,749
7.2,0.29,0.4,7.6,0.024,56.0,177.0,0.32,white,0.9928,3.04,11.5,6,white,750
6.9,0.2,0.5,10.0,0.036,78.0,167.0,0.55,white,0.9964,3.15,10.2,6,white,751
6.7,0.2,0.42,14.0,0.038,83.0,160.0,0.5,white,0.9987,3.16,9.4,6,white,752
7.0,0.21,0.34,8.5,0.033,31.0,253.0,0.56,white,0.9953,3.22,10.5,6,white,753
5.9,0.35,0.47,2.2,0.11,14.0,138.0,0.5,white,0.9932,3.09,9.1,5,white,754
7.1,0.28,0.44,1.8,0.032,32.0,107.0,0.48,white,0.9907,3.25,12.2,7,white,755
5.8,0.25,0.28,11.1,0.056,45.0,175.0,0.43,white,0.99755,3.42,9.5,5,white,756
6.8,0.22,0.37,15.2,0.051,68.0,178.0,0.85,white,0.99935,3.4,9.3,6,white,757
7.1,0.14,0.4,1.2,0.051,55.0,136.0,0.96,white,0.9932,3.3,9.8,7,white,758
7.1,0.13,0.4,1.2,0.047,54.0,134.0,0.97,white,0.9932,3.3,9.8,7,white,759
6.9,0.18,0.38,8.1,0.049,44.0,176.0,0.54,white,0.9958,3.3,9.8,6,white,760
7.0,0.2,0.38,8.1,0.05,42.0,173.0,0.54,white,0.99585,3.3,9.8,6,white,761
6.8,0.24,0.49,19.3,0.057,55.0,247.0,0.56,white,1.00055,3.0,8.7,5,white,762
5.0,0.44,0.04,18.6,0.039,38.0,128.0,0.57,white,0.9985,3.37,10.2,6,white,763
6.3,0.3,0.28,5.0,0.042,36.0,168.0,0.69,white,0.99505,3.22,9.5,6,white,764
7.2,0.27,0.42,1.6,0.05,35.0,135.0,0.46,white,0.992,2.94,11.0,6,white,765
6.7,0.5,0.63,13.4,0.078,81.0,238.0,0.44,white,0.9988,3.08,9.2,5,white,766
6.8,0.2,0.36,1.6,0.028,7.0,46.0,0.6,white,0.99175,3.21,10.9,6,white,767
6.7,0.11,0.34,8.8,0.043,41.0,113.0,0.4,white,0.9962,3.42,9.3,7,white,768
6.7,0.11,0.34,8.8,0.043,41.0,113.0,0.4,white,0.9962,3.42,9.3,7,white,769
6.8,0.12,0.31,5.2,0.045,29.0,120.0,0.46,white,0.9942,3.41,9.8,7,white,770
6.6,0.16,0.57,1.1,0.13,58.0,140.0,0.39,white,0.9927,3.12,9.3,7,white,771
6.6,0.21,0.6,1.1,0.135,61.0,144.0,0.39,white,0.9927,3.12,9.3,7,white,772
6.1,0.27,0.3,16.7,0.039,49.0,172.0,0.45,white,0.99985,3.4,9.4,5,white,773
9.1,0.27,0.45,10.6,0.035,28.0,124.0,0.46,white,0.997,3.2,10.4,9,white,774
6.4,0.225,0.48,2.2,0.115,29.0,104.0,0.58,white,0.9918,3.24,12.1,6,white,775
8.3,0.14,0.45,1.5,0.039,18.0,98.0,0.56,white,0.99215,3.02,11.0,6,white,776
7.2,0.23,0.19,13.7,0.052,47.0,197.0,0.53,white,0.99865,3.12,9.0,5,white,777
6.9,0.22,0.37,15.0,0.053,59.0,178.0,0.82,white,0.9992,3.37,9.5,7,white,778
8.1,0.17,0.44,14.1,0.053,43.0,145.0,0.75,white,1.0006,3.28,8.8,8,white,779
6.0,0.395,0.0,1.4,0.042,7.0,55.0,0.38,white,0.99135,3.37,11.2,4,white,780
7.8,0.29,0.22,9.5,0.056,44.0,213.0,0.61,white,0.99715,3.08,9.3,6,white,781
6.9,0.22,0.37,15.0,0.053,59.0,178.0,0.82,white,0.9992,3.37,9.5,7,white,782
8.1,0.17,0.44,14.1,0.053,43.0,145.0,0.75,white,1.0006,3.28,8.8,8,white,783
7.2,0.23,0.19,13.7,0.052,47.0,197.0,0.53,white,0.99865,3.12,9.0,5,white,784
7.6,0.3,0.27,10.6,0.039,31.0,119.0,0.3,white,0.99815,3.27,9.3,6,white,785
7.7,0.34,0.28,11.0,0.04,31.0,117.0,0.29,white,0.99815,3.27,9.2,6,white,786
7.7,0.34,0.28,11.0,0.04,31.0,117.0,0.29,white,0.99815,3.27,9.2,6,white,787
5.8,0.34,0.16,7.0,0.037,26.0,116.0,0.45,white,0.9949,3.46,10.0,7,white,788
7.6,0.3,0.27,10.6,0.039,31.0,119.0,0.3,white,0.99815,3.27,9.3,6,white,789
7.7,0.34,0.28,11.0,0.04,31.0,117.0,0.29,white,0.99815,3.27,9.2,6,white,790
5.9,0.24,0.3,2.0,0.033,28.0,92.0,0.69,white,0.99225,3.39,10.9,7,white,791
6.4,0.46,0.08,4.9,0.046,34.0,144.0,0.56,white,0.99445,3.1,10.0,5,white,792
5.9,0.24,0.3,2.0,0.033,28.0,92.0,0.69,white,0.99225,3.39,10.9,7,white,793
7.4,0.32,0.27,1.4,0.049,38.0,173.0,0.52,white,0.99335,3.03,9.3,5,white,794
7.2,0.31,0.26,7.3,0.05,37.0,157.0,0.43,white,0.99625,3.09,9.0,5,white,795
7.8,0.42,0.23,8.8,0.054,42.0,215.0,0.58,white,0.9971,3.02,9.2,6,white,796
6.9,0.24,0.33,12.5,0.046,47.0,153.0,0.77,white,0.9983,3.28,9.6,6,white,797
5.4,0.18,0.24,4.8,0.041,30.0,113.0,0.4,white,0.99445,3.42,9.4,6,white,798
6.0,0.18,0.31,1.4,0.036,14.0,75.0,0.58,white,0.99085,3.34,11.1,8,white,799
7.8,0.27,0.58,11.2,0.036,44.0,161.0,0.41,white,0.9977,3.06,8.9,6,white,800
6.0,0.28,0.49,6.8,0.048,61.0,222.0,0.47,white,0.9953,3.19,9.3,5,white,801
6.8,0.39,0.35,11.6,0.044,57.0,220.0,0.53,white,0.99775,3.07,9.3,5,white,802
6.6,0.21,0.31,11.4,0.039,46.0,165.0,0.44,white,0.99795,3.41,9.8,7,white,803
7.3,0.32,0.34,6.6,0.032,24.0,112.0,0.46,white,0.99505,3.22,9.8,6,white,804
7.8,0.27,0.58,11.2,0.036,44.0,161.0,0.41,white,0.9977,3.06,8.9,6,white,805
6.4,0.31,0.26,13.2,0.046,57.0,205.0,0.41,white,0.9975,3.17,9.6,5,white,806
6.2,0.29,0.26,13.1,0.046,55.0,204.0,0.41,white,0.99745,3.16,9.6,6,white,807
6.0,0.39,0.17,12.0,0.046,65.0,246.0,0.38,white,0.9976,3.15,9.0,6,white,808
6.2,0.3,0.26,13.4,0.046,57.0,206.0,0.43,white,0.99775,3.17,9.5,6,white,809
6.0,0.28,0.49,6.8,0.048,61.0,222.0,0.47,white,0.9953,3.19,9.3,5,white,810
6.0,0.41,0.05,1.5,0.063,17.0,120.0,0.56,white,0.9932,3.21,9.2,6,white,811
6.4,0.35,0.28,1.1,0.055,9.0,160.0,0.5,white,0.99405,3.42,9.1,7,white,812
6.5,0.26,0.32,16.5,0.045,44.0,166.0,0.46,white,1.0,3.38,9.5,6,white,813
7.9,0.35,0.24,15.6,0.072,44.0,229.0,0.59,white,0.99785,3.03,10.5,6,white,814
6.2,0.3,0.17,2.8,0.04,24.0,125.0,0.46,white,0.9939,3.01,9.0,5,white,815
8.4,0.18,0.42,5.1,0.036,7.0,77.0,0.52,white,0.9939,3.16,11.7,5,white,816
6.6,0.56,0.22,8.9,0.034,27.0,133.0,0.51,white,0.99675,3.2,9.1,5,white,817
6.2,0.3,0.17,2.8,0.04,24.0,125.0,0.46,white,0.9939,3.01,9.0,5,white,818
6.6,0.56,0.22,8.9,0.034,27.0,133.0,0.51,white,0.99675,3.2,9.1,5,white,819
6.6,0.36,0.29,1.6,0.021,24.0,85.0,0.61,white,0.98965,3.41,12.4,9,white,820
7.3,0.655,0.2,10.2,0.071,28.0,212.0,0.58,white,0.9971,2.96,9.2,6,white,821
6.8,0.18,0.21,5.4,0.053,34.0,104.0,0.43,white,0.99445,3.3,9.4,5,white,822
6.7,0.19,0.23,6.2,0.047,36.0,117.0,0.43,white,0.9945,3.34,9.6,6,white,823
8.4,0.18,0.42,5.1,0.036,7.0,77.0,0.52,white,0.9939,3.16,11.7,5,white,824
7.0,0.21,0.37,7.2,0.042,36.0,167.0,0.56,white,0.9958,3.26,9.8,6,white,825
6.8,0.25,0.38,8.1,0.046,24.0,155.0,0.59,white,0.9956,3.33,10.2,6,white,826
7.4,0.24,0.36,2.0,0.031,27.0,139.0,0.48,white,0.99055,3.28,12.5,9,white,827
7.1,0.16,0.36,10.7,0.044,20.0,90.0,0.44,white,0.9959,3.16,10.9,7,white,828
7.1,0.16,0.36,1.2,0.043,21.0,90.0,0.42,white,0.9925,3.16,11.0,7,white,829
7.3,0.205,0.31,1.7,0.06,34.0,110.0,0.69,white,0.9963,3.72,10.5,6,white,830
7.4,0.17,0.4,5.5,0.037,34.0,161.0,0.62,white,0.9935,3.05,11.5,4,white,831
7.3,0.3,0.34,2.7,0.044,34.0,108.0,0.53,white,0.99105,3.36,12.8,8,white,832
6.9,0.25,0.34,1.3,0.035,27.0,82.0,0.44,white,0.99045,3.18,12.2,6,white,833
7.3,0.205,0.31,1.7,0.06,34.0,110.0,0.69,white,0.9963,3.72,10.5,6,white,834
7.5,0.42,0.34,4.3,0.04,34.0,108.0,0.45,white,0.99155,3.14,12.8,8,white,835
7.3,0.25,0.36,2.1,0.034,30.0,177.0,0.4,white,0.99085,3.25,11.9,8,white,836
7.3,0.25,0.36,2.1,0.034,30.0,177.0,0.4,white,0.99085,3.25,11.9,8,white,837
7.3,0.25,0.36,2.1,0.034,30.0,177.0,0.4,white,0.99085,3.25,11.9,8,white,838
7.5,0.34,0.35,6.0,0.034,12.0,126.0,0.39,white,0.9924,3.16,12.0,7,white,839
7.6,0.33,0.35,6.3,0.036,12.0,126.0,0.39,white,0.9924,3.16,12.0,7,white,840
8.7,0.23,0.32,13.4,0.044,35.0,169.0,0.47,white,0.99975,3.12,8.8,7,white,841
8.7,0.23,0.32,13.4,0.044,35.0,169.0,0.47,white,0.99975,3.12,8.8,7,white,842
6.9,0.19,0.35,1.7,0.036,33.0,101.0,0.54,white,0.99315,3.21,10.8,7,white,843
7.3,0.21,0.29,1.6,0.034,29.0,118.0,0.5,white,0.9917,3.3,11.0,8,white,844
7.3,0.21,0.29,1.6,0.034,29.0,118.0,0.5,white,0.9917,3.3,11.0,8,white,845
6.6,0.22,0.37,15.4,0.035,62.0,153.0,0.4,white,0.99845,3.02,9.3,5,white,846
9.2,0.34,0.27,1.2,0.026,17.0,73.0,0.39,white,0.9921,3.08,10.8,5,white,847
8.7,0.23,0.32,13.4,0.044,35.0,169.0,0.47,white,0.99975,3.12,8.8,7,white,848
6.0,0.2,0.24,1.8,0.03,30.0,105.0,0.47,white,0.9909,3.31,11.5,6,white,849
6.9,0.19,0.35,1.7,0.036,33.0,101.0,0.54,white,0.99315,3.21,10.8,7,white,850
8.2,0.38,0.49,13.6,0.042,58.0,166.0,0.54,white,0.99855,3.1,9.4,5,white,851
6.9,0.18,0.36,1.3,0.036,40.0,117.0,0.95,white,0.9934,3.27,9.5,7,white,852
7.7,0.34,0.58,11.1,0.039,41.0,151.0,0.49,white,0.9978,3.06,8.6,5,white,853
6.9,0.18,0.36,1.3,0.036,40.0,117.0,0.95,white,0.9934,3.27,9.5,7,white,854
7.4,0.2,0.35,2.1,0.038,30.0,116.0,0.77,white,0.9949,3.49,10.3,7,white,855
8.2,0.38,0.49,13.6,0.042,58.0,166.0,0.54,white,0.99855,3.1,9.4,5,white,856
8.2,0.4,0.48,13.7,0.042,59.0,169.0,0.52,white,0.9986,3.1,9.4,5,white,857
6.7,0.22,0.39,10.2,0.038,60.0,149.0,0.54,white,0.99725,3.17,10.0,7,white,858
6.6,0.3,0.3,4.8,0.17,60.0,166.0,0.47,white,0.9946,3.18,9.4,5,white,859
8.1,0.27,0.35,1.7,0.03,38.0,103.0,0.63,white,0.99255,3.22,10.4,8,white,860
7.3,0.25,0.42,14.2,0.041,57.0,182.0,0.75,white,0.9996,3.29,9.1,7,white,861
4.8,0.34,0.0,6.5,0.028,33.0,163.0,0.61,white,0.9939,3.36,9.9,6,white,862
6.2,0.28,0.33,1.7,0.029,24.0,111.0,0.5,white,0.99,3.24,12.1,6,white,863
4.8,0.33,0.0,6.5,0.028,34.0,163.0,0.61,white,0.9937,3.35,9.9,5,white,864
6.1,0.27,0.33,2.2,0.021,26.0,117.0,0.3,white,0.9886,3.12,12.5,6,white,865
6.9,0.18,0.36,1.3,0.036,40.0,117.0,0.95,white,0.9934,3.27,9.5,7,white,866
7.8,0.18,0.46,12.6,0.042,41.0,143.0,0.76,white,1.0,3.24,8.5,8,white,867
7.3,0.28,0.42,14.4,0.04,49.0,173.0,0.82,white,0.9994,3.28,9.0,7,white,868
7.3,0.24,0.29,1.2,0.037,37.0,97.0,0.7,white,0.9926,3.19,10.1,6,white,869
6.0,0.45,0.65,9.7,0.08,11.0,159.0,0.48,white,0.9956,3.04,9.4,5,white,870
7.7,0.34,0.58,11.1,0.039,41.0,151.0,0.49,white,0.9978,3.06,8.6,5,white,871
6.3,0.26,0.21,4.0,0.03,24.0,125.0,0.34,white,0.9915,3.06,10.7,6,white,872
10.3,0.17,0.47,1.4,0.037,5.0,33.0,0.28,white,0.9939,2.89,9.6,3,white,873
7.7,0.15,0.29,1.3,0.029,10.0,64.0,0.39,white,0.9932,3.35,10.1,5,white,874
7.1,0.21,0.32,2.2,0.037,28.0,141.0,0.57,white,0.993,3.2,10.0,7,white,875
6.9,0.36,0.34,4.2,0.018,57.0,119.0,0.36,white,0.9898,3.28,12.7,9,white,876
6.0,0.28,0.34,1.6,0.119,33.0,104.0,0.38,white,0.9921,3.19,10.2,6,white,877
6.2,0.16,0.54,1.4,0.126,37.0,110.0,0.37,white,0.9932,3.23,8.9,6,white,878
6.9,0.12,0.36,2.2,0.037,18.0,111.0,0.82,white,0.9919,3.41,11.9,8,white,879
7.1,0.21,0.32,2.2,0.037,28.0,141.0,0.57,white,0.993,3.2,10.0,7,white,880
8.8,0.36,0.44,1.9,0.04,9.0,121.0,0.48,white,0.9953,3.19,9.9,6,white,881
7.4,0.26,0.43,6.0,0.022,22.0,125.0,0.55,white,0.9928,3.13,11.5,6,white,882
7.4,0.26,0.43,6.0,0.022,22.0,125.0,0.55,white,0.9928,3.13,11.5,6,white,883
6.8,0.23,0.29,12.2,0.035,38.0,236.0,0.52,white,0.9976,3.35,9.8,6,white,884
6.1,0.34,0.27,2.6,0.024,20.0,105.0,0.67,white,0.9906,3.4,12.2,7,white,885
7.3,0.26,0.31,1.6,0.04,39.0,173.0,0.51,white,0.9918,3.19,11.4,6,white,886
6.5,0.3,0.32,2.0,0.044,34.0,90.0,0.68,white,0.99185,3.37,11.0,7,white,887
7.3,0.26,0.31,1.6,0.04,39.0,173.0,0.51,white,0.9918,3.19,11.4,6,white,888
6.5,0.3,0.32,2.0,0.044,34.0,90.0,0.68,white,0.99185,3.37,11.0,7,white,889
5.0,0.31,0.0,6.4,0.046,43.0,166.0,0.63,white,0.994,3.3,9.9,6,white,890
5.8,0.26,0.18,1.2,0.031,40.0,114.0,0.4,white,0.9908,3.42,11.0,7,white,891
5.9,0.26,0.3,1.0,0.036,38.0,114.0,0.48,white,0.9928,3.58,9.4,5,white,892
7.0,0.31,0.29,1.4,0.037,33.0,128.0,0.36,white,0.9896,3.12,12.2,7,white,893
5.8,0.26,0.18,1.2,0.031,40.0,114.0,0.4,white,0.9908,3.42,11.0,7,white,894
5.6,0.19,0.39,1.1,0.043,17.0,67.0,0.53,white,0.9918,3.23,10.3,6,white,895
6.8,0.18,0.28,8.7,0.047,52.0,242.0,0.53,white,0.9952,3.22,10.5,6,white,896
7.0,0.29,0.26,1.6,0.044,12.0,87.0,0.46,white,0.9923,3.08,10.5,6,white,897
6.6,0.26,0.29,1.4,0.039,13.0,67.0,0.49,white,0.9915,3.05,10.9,6,white,898
6.8,0.18,0.28,8.5,0.047,52.0,242.0,0.53,white,0.9952,3.22,10.5,6,white,899
6.6,0.2,0.38,7.9,0.052,30.0,145.0,0.56,white,0.9947,3.32,11.0,7,white,900
8.0,0.29,0.29,13.2,0.046,26.0,113.0,0.37,white,0.9983,3.25,9.7,6,white,901
6.1,0.28,0.35,12.8,0.048,63.0,229.0,0.4,white,0.9975,3.08,8.9,5,white,902
5.9,0.31,0.3,7.7,0.047,60.0,206.0,0.39,white,0.995,3.2,9.6,6,white,903
6.9,0.21,0.28,2.4,0.056,49.0,159.0,0.47,white,0.9944,3.02,8.8,8,white,904
8.4,0.19,0.42,1.6,0.047,9.0,101.0,0.65,white,0.994,3.06,11.1,4,white,905
8.3,0.27,0.45,1.3,0.048,8.0,72.0,0.61,white,0.9944,3.08,10.3,4,white,906
7.1,0.25,0.39,2.1,0.036,30.0,124.0,0.43,white,0.9908,3.28,12.2,8,white,907
8.0,0.23,0.37,9.6,0.054,23.0,159.0,0.47,white,0.99795,3.32,9.8,4,white,908
7.5,0.24,0.31,13.0,0.049,46.0,217.0,0.53,white,0.9985,3.08,8.8,5,white,909
6.3,0.33,0.2,5.8,0.04,24.0,144.0,0.63,white,0.99425,3.15,9.9,5,white,910
6.2,0.33,0.19,5.6,0.042,22.0,143.0,0.63,white,0.99425,3.15,9.9,5,white,911
6.3,0.34,0.19,5.8,0.041,22.0,145.0,0.63,white,0.9943,3.15,9.9,5,white,912
5.8,0.29,0.05,0.8,0.038,11.0,30.0,0.35,white,0.9924,3.36,9.2,5,white,913
8.0,0.32,0.26,1.2,0.05,11.5,88.0,0.37,white,0.9946,3.24,9.5,4,white,914
5.6,0.29,0.05,0.8,0.038,11.0,30.0,0.35,white,0.9924,3.36,9.2,5,white,915
7.4,0.13,0.39,4.7,0.042,36.0,137.0,0.56,white,0.995,3.36,10.3,7,white,916
7.7,0.3,0.32,1.6,0.037,23.0,124.0,0.33,white,0.9919,2.93,11.0,6,white,917
7.0,0.24,0.34,1.4,0.031,27.0,107.0,0.39,white,0.99,3.06,11.9,6,white,918
8.6,0.18,0.4,1.1,0.04,20.0,107.0,0.32,white,0.9923,2.94,10.2,7,white,919
7.0,0.11,0.32,4.6,0.057,59.0,144.0,0.44,white,0.9956,3.55,9.4,7,white,920
7.7,0.32,0.62,10.6,0.036,56.0,153.0,0.44,white,0.9978,3.13,8.9,6,white,921
7.7,0.32,0.62,10.6,0.036,56.0,153.0,0.44,white,0.9978,3.13,8.9,6,white,922
6.5,0.26,0.27,12.9,0.044,69.0,215.0,0.43,white,0.9967,3.17,10.0,6,white,923
7.9,0.28,0.41,2.0,0.044,50.0,152.0,0.49,white,0.9934,3.45,10.7,8,white,924
6.3,0.27,0.23,2.9,0.047,13.0,100.0,0.43,white,0.9936,3.28,9.8,5,white,925
5.4,0.595,0.1,2.8,0.042,26.0,80.0,0.38,white,0.9932,3.36,9.3,5,white,926
6.7,0.25,0.33,2.9,0.057,52.0,173.0,0.48,white,0.9934,3.02,9.5,7,white,927
6.5,0.25,0.35,12.0,0.055,47.0,179.0,0.47,white,0.998,3.58,10.0,5,white,928
6.1,0.36,0.58,15.0,0.044,42.0,115.0,0.51,white,0.9978,3.15,9.0,5,white,929
7.7,0.17,0.52,5.9,0.017,21.0,84.0,0.4,white,0.9929,3.14,11.9,7,white,930
6.4,0.26,0.43,12.6,0.033,64.0,230.0,0.38,white,0.9974,3.08,8.9,5,white,931
6.5,0.26,0.28,12.5,0.046,80.0,225.0,0.41,white,0.99685,3.18,10.0,6,white,932
5.9,0.29,0.33,7.4,0.037,58.0,205.0,0.41,white,0.99495,3.26,9.6,5,white,933
6.2,0.28,0.43,13.0,0.039,64.0,233.0,0.38,white,0.99745,3.08,8.9,5,white,934
6.1,0.27,0.44,6.7,0.041,61.0,230.0,0.4,white,0.99505,3.12,8.9,5,white,935
6.4,0.43,0.32,1.4,0.048,10.0,67.0,0.41,white,0.992,3.08,11.4,5,white,936
6.1,0.36,0.58,15.0,0.044,42.0,115.0,0.51,white,0.9978,3.15,9.0,5,white,937
6.2,0.35,0.29,7.3,0.044,56.0,244.0,0.55,white,0.9956,3.36,10.0,6,white,938
7.7,0.24,0.29,15.3,0.044,39.0,194.0,0.47,white,0.9982,3.06,9.6,7,white,939
6.2,0.34,0.28,7.5,0.034,40.0,197.0,0.6,white,0.99485,3.14,9.7,5,white,940
6.3,0.27,0.46,11.75,0.037,61.0,212.0,0.53,white,0.9971,3.25,9.5,6,white,941
5.4,0.415,0.19,1.6,0.039,27.0,88.0,0.41,white,0.99265,3.54,10.0,7,white,942
6.9,0.48,0.36,3.5,0.03,31.0,135.0,0.38,white,0.9904,3.14,12.2,7,white,943
6.5,0.18,0.33,8.0,0.051,16.0,131.0,0.44,white,0.9965,3.28,8.7,7,white,944
6.7,0.15,0.29,5.0,0.058,28.0,105.0,0.44,white,0.9946,3.52,10.2,7,white,945
8.2,0.345,1.0,18.2,0.047,55.0,205.0,0.43,white,0.99965,2.96,9.6,5,white,946
8.5,0.16,0.35,1.6,0.039,24.0,147.0,0.36,white,0.9935,2.96,10.0,5,white,947
6.8,0.705,0.25,3.2,0.048,10.0,57.0,0.52,white,0.996,3.36,9.5,4,white,948
7.3,0.25,0.39,6.4,0.034,8.0,84.0,0.46,white,0.9942,3.18,11.5,5,white,949
7.6,0.345,0.26,1.9,0.043,15.0,134.0,0.38,white,0.9936,3.08,9.5,5,white,950
7.6,0.22,0.34,9.7,0.035,26.0,143.0,0.49,white,0.9965,3.08,9.8,6,white,951
6.5,0.17,0.33,1.4,0.028,14.0,99.0,0.55,white,0.9928,3.23,10.1,6,white,952
8.2,0.23,0.37,1.3,0.042,39.0,117.0,0.36,white,0.9928,2.99,10.0,5,white,953
7.6,0.22,0.34,9.7,0.035,26.0,143.0,0.49,white,0.9965,3.08,9.8,6,white,954
7.6,0.345,0.26,1.9,0.043,15.0,134.0,0.38,white,0.9936,3.08,9.5,5,white,955
7.5,0.32,0.26,1.8,0.042,13.0,133.0,0.38,white,0.9938,3.07,9.5,5,white,956
6.6,0.23,0.32,0.9,0.041,25.0,79.0,0.54,white,0.9926,3.39,10.2,7,white,957
6.6,0.2,0.32,1.1,0.039,25.0,78.0,0.54,white,0.9926,3.39,10.2,7,white,958
7.3,0.24,0.34,15.4,0.05,38.0,174.0,0.42,white,0.9983,3.03,9.0,6,white,959
7.3,0.24,0.34,15.4,0.05,38.0,174.0,0.42,white,0.9983,3.03,9.0,6,white,960
8.0,0.42,0.36,5.0,0.037,34.0,101.0,0.57,white,0.992,3.13,12.3,7,white,961
7.3,0.24,0.34,15.4,0.05,38.0,174.0,0.42,white,0.9983,3.03,9.0,6,white,962
6.1,0.19,0.25,4.0,0.023,23.0,112.0,0.51,white,0.9923,3.37,11.6,6,white,963
5.9,0.26,0.21,12.5,0.034,36.0,152.0,0.43,white,0.9972,3.28,9.5,6,white,964
8.3,0.23,0.43,3.2,0.035,14.0,101.0,0.36,white,0.9928,3.15,11.5,5,white,965
6.5,0.34,0.28,1.8,0.041,43.0,188.0,0.37,white,0.9928,3.13,9.6,6,white,966
6.8,0.22,0.35,17.5,0.039,38.0,153.0,0.42,white,0.9994,3.24,9.0,6,white,967
6.5,0.08,0.33,1.9,0.028,23.0,93.0,0.7,white,0.991,3.34,12.0,7,white,968
5.5,0.42,0.09,1.6,0.019,18.0,68.0,0.51,white,0.9906,3.33,11.4,7,white,969
5.1,0.42,0.01,1.5,0.017,25.0,102.0,0.36,white,0.9894,3.38,12.3,7,white,970
6.0,0.27,0.19,1.7,0.02,24.0,110.0,0.47,white,0.9898,3.32,12.6,7,white,971
6.8,0.22,0.35,17.5,0.039,38.0,153.0,0.42,white,0.9994,3.24,9.0,6,white,972
6.5,0.08,0.33,1.9,0.028,23.0,93.0,0.7,white,0.991,3.34,12.0,7,white,973
7.1,0.13,0.38,1.8,0.046,14.0,114.0,0.9,white,0.9925,3.32,11.7,6,white,974
7.6,0.3,0.25,4.3,0.054,22.0,111.0,0.49,white,0.9956,3.12,9.2,5,white,975
6.6,0.13,0.3,4.9,0.058,47.0,131.0,0.45,white,0.9946,3.51,10.3,6,white,976
6.5,0.14,0.33,7.6,0.05,53.0,189.0,0.49,white,0.9966,3.25,8.6,5,white,977
7.7,0.28,0.33,6.7,0.037,32.0,155.0,0.62,white,0.9951,3.39,10.7,7,white,978
6.0,0.2,0.71,1.6,0.15,10.0,54.0,0.47,white,0.9927,3.12,9.8,5,white,979
6.0,0.19,0.71,1.5,0.152,9.0,55.0,0.46,white,0.9927,3.12,9.8,6,white,980
7.7,0.28,0.33,6.7,0.037,32.0,155.0,0.62,white,0.9951,3.39,10.7,7,white,981
5.1,0.39,0.21,1.7,0.027,15.0,72.0,0.45,white,0.9894,3.5,12.5,6,white,982
5.7,0.36,0.34,4.2,0.026,21.0,77.0,0.45,white,0.9907,3.41,11.9,6,white,983
6.9,0.19,0.33,1.6,0.043,63.0,149.0,0.52,white,0.9925,3.44,10.8,5,white,984
6.0,0.41,0.21,1.9,0.05,29.0,122.0,0.52,white,0.9928,3.42,10.5,6,white,985
7.4,0.28,0.3,5.3,0.054,44.0,161.0,0.48,white,0.9941,3.12,10.3,6,white,986
7.4,0.3,0.3,5.2,0.053,45.0,163.0,0.45,white,0.9941,3.12,10.3,6,white,987
6.9,0.19,0.33,1.6,0.043,63.0,149.0,0.52,white,0.9925,3.44,10.8,5,white,988
7.7,0.28,0.39,8.9,0.036,8.0,117.0,0.38,white,0.9935,3.06,12.0,7,white,989
8.6,0.16,0.38,3.4,0.04,41.0,143.0,0.39,white,0.9932,2.95,10.2,6,white,990
8.2,0.26,0.44,1.3,0.046,7.0,69.0,0.62,white,0.9944,3.14,10.2,4,white,991
6.5,0.25,0.27,15.2,0.049,75.0,217.0,0.39,white,0.9972,3.19,9.9,5,white,992
7.0,0.24,0.18,1.3,0.046,9.0,62.0,0.47,white,0.994,3.38,10.1,4,white,993
8.6,0.18,0.36,1.8,0.04,24.0,187.0,0.55,white,0.9956,3.25,9.5,6,white,994
7.8,0.27,0.34,1.6,0.046,27.0,154.0,0.45,white,0.9927,3.05,10.5,6,white,995
6.0,0.26,0.34,1.3,0.046,6.0,29.0,0.63,white,0.9924,3.29,10.4,5,white,996
6.1,0.24,0.27,9.8,0.062,33.0,152.0,0.47,white,0.9966,3.31,9.5,6,white,997
8.0,0.24,0.3,17.45,0.056,43.0,184.0,0.5,white,0.9997,3.05,9.2,6,white,998
7.6,0.21,0.6,2.1,0.046,47.0,165.0,0.54,white,0.9936,3.05,10.1,7,white,999
8.0,0.19,0.36,1.8,0.05,16.0,84.0,0.45,white,0.9936,3.15,9.8,7,white,1000
6.4,0.28,0.41,6.8,0.045,61.0,216.0,0.46,white,0.9952,3.09,9.4,5,white,1001
6.4,0.28,0.43,7.1,0.045,60.0,221.0,0.45,white,0.9952,3.09,9.4,6,white,1002
6.9,0.24,0.39,1.3,0.063,18.0,136.0,0.48,white,0.9928,3.31,10.4,7,white,1003
5.8,0.36,0.26,3.3,0.038,40.0,153.0,0.55,white,0.9911,3.34,11.3,6,white,1004
6.6,0.18,0.28,3.3,0.044,18.0,91.0,0.64,white,0.993,3.42,10.8,6,white,1005
5.8,0.36,0.26,3.3,0.038,40.0,153.0,0.55,white,0.9911,3.34,11.3,6,white,1006
5.1,0.52,0.06,2.7,0.052,30.0,79.0,0.43,white,0.9932,3.32,9.3,5,white,1007
6.6,0.22,0.37,1.2,0.059,45.0,199.0,0.55,white,0.993,3.37,10.3,7,white,1008
8.3,0.15,0.39,1.3,0.055,32.0,146.0,0.39,white,0.993,3.08,10.5,6,white,1009
7.6,0.16,0.44,1.4,0.043,25.0,109.0,0.75,white,0.9932,3.11,10.3,6,white,1010
7.7,0.16,0.41,1.7,0.048,60.0,173.0,0.66,white,0.9932,3.24,11.2,7,white,1011
8.3,0.16,0.48,1.7,0.057,31.0,98.0,0.41,white,0.9943,3.15,10.3,6,white,1012
6.2,0.25,0.47,11.6,0.048,62.0,210.0,0.5,white,0.9968,3.19,9.5,5,white,1013
6.1,0.16,0.27,12.6,0.064,63.0,162.0,0.43,white,0.9994,3.66,8.9,5,white,1014
7.6,0.39,0.22,2.8,0.036,19.0,113.0,0.29,white,0.9926,3.03,10.2,5,white,1015
6.8,0.37,0.47,11.2,0.071,44.0,136.0,0.88,white,0.9968,2.98,9.2,5,white,1016
7.6,0.16,0.44,1.4,0.043,25.0,109.0,0.75,white,0.9932,3.11,10.3,6,white,1017
7.1,0.18,0.42,1.4,0.045,47.0,157.0,0.31,white,0.9916,2.95,10.5,6,white,1018
8.3,0.14,0.26,1.5,0.049,56.0,189.0,0.62,white,0.9946,3.21,9.5,6,white,1019
8.6,0.2,0.42,1.5,0.041,35.0,125.0,0.49,white,0.9925,3.11,11.4,7,white,1020
8.6,0.2,0.42,1.5,0.041,35.0,125.0,0.49,white,0.9925,3.11,11.4,7,white,1021
6.8,0.19,0.32,7.05,0.019,54.0,188.0,0.37,white,0.9935,3.25,11.1,8,white,1022
7.6,0.19,0.38,10.6,0.06,48.0,174.0,0.38,white,0.9962,3.13,10.5,6,white,1023
6.8,0.34,0.74,2.8,0.088,23.0,185.0,0.7,white,0.9928,3.51,12.0,6,white,1024
6.2,0.15,0.46,1.6,0.039,38.0,123.0,0.51,white,0.993,3.38,9.7,6,white,1025
6.6,0.14,0.44,1.6,0.042,47.0,140.0,0.51,white,0.993,3.32,10.2,6,white,1026
8.0,0.55,0.17,8.2,0.04,13.0,60.0,0.3,white,0.9956,3.09,9.5,4,white,1027
7.0,0.24,0.35,1.5,0.052,51.0,128.0,0.59,white,0.9941,3.41,10.4,7,white,1028
6.3,0.6,0.44,11.0,0.05,50.0,245.0,0.57,white,0.9972,3.19,9.3,4,white,1029
7.1,0.2,0.41,2.1,0.054,24.0,166.0,0.62,white,0.9948,3.48,10.5,6,white,1030
6.2,0.34,0.29,7.6,0.047,45.0,232.0,0.62,white,0.9955,3.35,10.0,6,white,1031
7.1,0.3,0.36,6.8,0.055,44.5,234.0,0.64,white,0.9972,3.49,10.2,6,white,1032
7.1,0.3,0.36,6.8,0.055,44.5,234.0,0.64,white,0.9972,3.49,10.2,6,white,1033
7.9,0.64,0.46,10.6,0.244,33.0,227.0,0.74,white,0.9983,2.87,9.1,3,white,1034
8.8,0.17,0.38,1.8,0.04,39.0,148.0,0.67,white,0.9942,3.16,10.2,6,white,1035
7.5,0.17,0.37,1.5,0.06,18.0,75.0,0.88,white,0.9936,3.54,10.7,5,white,1036
7.1,0.47,0.24,6.0,0.044,11.0,77.0,0.56,white,0.9956,3.21,9.7,5,white,1037
7.1,0.15,0.34,5.3,0.034,33.0,104.0,0.52,white,0.9953,3.37,9.3,7,white,1038
7.5,0.17,0.34,1.4,0.035,13.0,102.0,0.74,white,0.9918,3.05,11.0,5,white,1039
8.2,0.68,0.3,2.1,0.047,17.0,138.0,0.71,white,0.995,3.22,10.8,4,white,1040
7.7,0.275,0.3,1.0,0.039,19.0,75.0,0.56,white,0.992,3.01,10.7,5,white,1041
7.3,0.49,0.32,5.2,0.043,18.0,104.0,0.45,white,0.9952,3.24,10.7,4,white,1042
7.5,0.33,0.48,19.45,0.048,55.0,243.0,0.4,white,1.001,2.95,8.8,5,white,1043
7.2,0.21,0.37,1.6,0.049,23.0,94.0,0.48,white,0.9924,3.16,10.9,7,white,1044
7.3,0.15,0.4,2.0,0.05,24.0,92.0,0.45,white,0.9932,3.14,10.5,5,white,1045
6.5,0.19,0.1,1.3,0.046,23.0,107.0,0.45,white,0.9937,3.29,10.0,5,white,1046
7.0,0.31,0.52,1.7,0.029,5.0,61.0,0.43,white,0.9918,3.07,10.4,5,white,1047
8.3,0.4,0.38,1.1,0.038,15.0,75.0,0.43,white,0.9934,3.03,9.2,5,white,1048
6.1,0.37,0.36,4.7,0.035,36.0,116.0,0.62,white,0.991,3.31,12.6,6,white,1049
7.3,0.24,0.34,7.5,0.048,29.0,152.0,0.54,white,0.9962,3.1,9.0,5,white,1050
6.9,0.21,0.81,1.1,0.137,52.0,123.0,0.39,white,0.9932,3.03,9.2,6,white,1051
7.6,0.29,0.42,1.3,0.035,18.0,86.0,0.39,white,0.9908,2.99,11.3,5,white,1052
9.4,0.29,0.55,2.2,0.05,17.0,119.0,0.69,white,0.9962,3.12,10.3,4,white,1053
7.0,0.31,0.52,1.7,0.029,5.0,61.0,0.43,white,0.9918,3.07,10.4,5,white,1054
8.6,0.26,0.41,2.2,0.049,29.0,111.0,0.44,white,0.9941,2.96,10.0,5,white,1055
7.5,0.21,0.34,1.2,0.06,26.0,111.0,0.47,white,0.9931,3.51,10.7,6,white,1056
7.2,0.51,0.24,10.0,0.093,35.0,197.0,0.47,white,0.9981,3.41,9.0,5,white,1057
7.5,0.21,0.34,1.2,0.06,26.0,111.0,0.47,white,0.9931,3.51,10.7,6,white,1058
5.3,0.3,0.2,1.1,0.077,48.0,166.0,0.54,white,0.9944,3.3,8.7,4,white,1059
8.0,0.26,0.36,2.0,0.054,30.0,121.0,0.72,white,0.992,3.09,11.6,7,white,1060
7.0,0.21,0.28,7.5,0.07,45.0,185.0,0.55,white,0.9966,3.34,9.4,5,white,1061
6.7,0.26,0.26,4.0,0.079,35.5,216.0,0.68,white,0.9956,3.31,9.5,5,white,1062
6.7,0.26,0.26,4.1,0.073,36.0,202.0,0.67,white,0.9956,3.3,9.5,5,white,1063
8.1,0.26,0.37,1.9,0.072,48.0,159.0,0.7,white,0.9949,3.37,10.9,6,white,1064
8.3,0.22,0.38,14.8,0.054,32.0,126.0,0.5,white,1.0002,3.22,9.7,5,white,1065
6.4,0.3,0.51,5.5,0.048,62.0,172.0,0.45,white,0.9942,3.08,9.1,6,white,1066
7.5,0.19,0.34,2.6,0.037,33.0,125.0,0.49,white,0.9923,3.1,11.1,7,white,1067
8.8,0.33,0.44,6.35,0.024,9.0,87.0,0.4,white,0.9917,2.96,12.6,7,white,1068
6.9,0.2,0.36,1.5,0.031,38.0,147.0,0.56,white,0.9931,3.35,11.0,6,white,1069
8.0,0.37,0.32,1.6,0.04,32.0,166.0,0.55,white,0.992,3.0,11.3,7,white,1070
8.3,0.22,0.38,14.8,0.054,32.0,126.0,0.5,white,1.0002,3.22,9.7,5,white,1071
8.2,0.29,0.33,9.1,0.036,28.0,118.0,0.4,white,0.9953,2.96,10.9,7,white,1072
7.7,0.34,0.3,8.0,0.048,25.0,192.0,0.47,white,0.9951,2.97,10.9,5,white,1073
6.2,0.55,0.45,12.0,0.049,27.0,186.0,0.5,white,0.9974,3.17,9.3,6,white,1074
6.4,0.4,0.19,3.2,0.033,28.0,124.0,0.54,white,0.9904,3.22,12.7,7,white,1075
7.5,0.28,0.33,7.7,0.048,42.0,180.0,0.59,white,0.9974,3.37,10.1,6,white,1076
7.8,0.26,0.44,1.3,0.037,43.0,132.0,0.65,white,0.9944,3.18,10.0,5,white,1077
6.5,0.26,0.34,16.3,0.051,56.0,197.0,0.42,white,1.0004,3.49,9.8,5,white,1078
6.3,0.34,0.29,6.2,0.046,29.0,227.0,0.53,white,0.9952,3.29,10.1,6,white,1079
6.8,0.15,0.33,4.7,0.059,31.0,118.0,0.39,white,0.9956,3.43,9.0,7,white,1080
6.3,0.27,0.25,5.8,0.038,52.0,155.0,0.38,white,0.995,3.28,9.4,6,white,1081
6.3,0.27,0.25,5.8,0.038,52.0,155.0,0.38,white,0.995,3.28,9.4,6,white,1082
7.4,0.2,0.37,16.95,0.048,43.0,190.0,0.42,white,0.9995,3.03,9.2,6,white,1083
6.3,0.23,0.21,5.1,0.035,29.0,142.0,0.33,white,0.9942,3.36,10.1,7,white,1084
7.3,0.31,0.69,10.2,0.041,58.0,160.0,0.45,white,0.9977,3.06,8.6,5,white,1085
5.2,0.24,0.45,3.8,0.027,21.0,128.0,0.49,white,0.992,3.55,11.2,8,white,1086
7.0,0.24,0.32,1.3,0.037,39.0,123.0,0.42,white,0.992,3.17,11.2,8,white,1087
7.4,0.2,0.37,16.95,0.048,43.0,190.0,0.42,white,0.9995,3.03,9.2,6,white,1088
7.0,0.17,0.33,4.0,0.034,17.0,127.0,0.39,white,0.9934,3.19,10.6,7,white,1089
8.3,0.21,0.58,17.1,0.049,62.0,213.0,0.51,white,1.0006,3.01,9.3,6,white,1090
7.2,0.21,0.35,14.5,0.048,35.0,178.0,0.47,white,0.9982,3.05,8.9,6,white,1091
7.1,0.21,0.4,1.2,0.069,24.0,156.0,0.43,white,0.9928,3.42,10.6,6,white,1092
8.4,0.17,0.31,6.7,0.038,29.0,132.0,0.32,white,0.9945,3.1,10.6,7,white,1093
7.4,0.24,0.31,8.4,0.045,52.0,183.0,0.32,white,0.9963,3.09,8.8,5,white,1094
5.3,0.24,0.33,1.3,0.033,25.0,97.0,0.38,white,0.9906,3.59,11.0,8,white,1095
6.5,0.28,0.26,8.8,0.04,44.0,139.0,0.37,white,0.9956,3.32,10.2,6,white,1096
6.3,0.23,0.21,5.1,0.035,29.0,142.0,0.33,white,0.9942,3.36,10.1,7,white,1097
6.5,0.29,0.25,10.6,0.039,32.0,120.0,0.34,white,0.9962,3.31,10.1,6,white,1098
5.8,0.29,0.21,2.6,0.025,12.0,120.0,0.79,white,0.9894,3.39,14.0,7,white,1099
6.3,0.27,0.25,5.8,0.038,52.0,155.0,0.38,white,0.995,3.28,9.4,6,white,1100
6.3,0.17,0.42,2.8,0.028,45.0,107.0,0.43,white,0.9908,3.27,11.8,6,white,1101
6.3,0.16,0.4,1.6,0.033,59.0,148.0,0.53,white,0.9914,3.44,11.4,5,white,1102
7.9,0.29,0.39,6.7,0.036,6.0,117.0,0.42,white,0.9938,3.12,10.7,5,white,1103
7.3,0.31,0.69,10.2,0.041,58.0,160.0,0.45,white,0.9977,3.06,8.6,5,white,1104
5.5,0.32,0.45,4.9,0.028,25.0,191.0,0.49,white,0.9922,3.51,11.5,7,white,1105
5.2,0.24,0.45,3.8,0.027,21.0,128.0,0.49,white,0.992,3.55,11.2,8,white,1106
7.2,0.37,0.15,2.0,0.029,27.0,87.0,0.59,white,0.9903,3.3,12.6,7,white,1107
6.1,0.29,0.27,1.7,0.024,13.0,76.0,0.51,white,0.9893,3.21,12.6,7,white,1108
9.2,0.22,0.4,2.4,0.054,18.0,151.0,0.46,white,0.9952,3.04,9.3,4,white,1109
7.2,0.37,0.15,2.0,0.029,27.0,87.0,0.59,white,0.9903,3.3,12.6,7,white,1110
8.0,0.18,0.37,1.3,0.04,15.0,96.0,0.61,white,0.9912,3.06,12.1,6,white,1111
6.5,0.22,0.34,12.0,0.053,55.0,177.0,0.44,white,0.9983,3.52,9.9,6,white,1112
7.4,0.18,0.4,1.6,0.047,22.0,102.0,0.44,white,0.9937,3.28,10.7,5,white,1113
6.5,0.52,0.17,1.4,0.047,5.0,26.0,0.32,white,0.9932,3.26,10.0,4,white,1114
7.0,0.15,0.38,2.2,0.047,33.0,96.0,0.39,white,0.9928,3.13,10.4,8,white,1115
5.9,0.415,0.13,1.4,0.04,11.0,64.0,0.52,white,0.9922,3.29,10.5,5,white,1116
8.1,0.45,0.34,8.3,0.037,33.0,216.0,0.64,white,0.9976,3.31,9.7,5,white,1117
5.8,0.415,0.13,1.4,0.04,11.0,64.0,0.52,white,0.9922,3.29,10.5,5,white,1118
6.4,0.5,0.16,12.9,0.042,26.0,138.0,0.33,white,0.9974,3.28,9.0,5,white,1119
6.7,0.105,0.32,12.4,0.051,34.0,106.0,0.45,white,0.998,3.54,9.2,6,white,1120
6.0,0.4,0.3,1.6,0.047,30.0,117.0,0.48,white,0.9931,3.17,10.1,6,white,1121
6.6,0.25,0.39,1.45,0.04,40.0,89.0,0.4,white,0.9911,3.35,11.4,7,white,1122
9.8,0.36,0.45,1.6,0.042,11.0,124.0,0.46,white,0.9944,2.93,10.8,5,white,1123
9.6,0.23,0.4,1.5,0.044,19.0,135.0,0.49,white,0.9937,2.96,10.9,5,white,1124
6.3,0.55,0.45,13.0,0.047,33.0,182.0,0.46,white,0.9974,3.2,9.2,6,white,1125
6.5,0.115,0.29,1.95,0.038,73.0,166.0,0.25,white,0.989,3.12,12.9,7,white,1126
6.4,0.125,0.29,5.85,0.042,24.0,99.0,0.32,white,0.992,3.23,12.0,7,white,1127
5.7,0.1,0.27,1.3,0.047,21.0,100.0,0.46,white,0.9928,3.27,9.5,5,white,1128
7.9,0.25,0.29,5.3,0.031,33.0,117.0,0.32,white,0.9918,3.06,11.8,7,white,1129
6.9,0.2,0.28,1.2,0.048,36.0,159.0,0.43,white,0.9936,3.19,9.1,6,white,1130
6.9,0.23,0.34,4.0,0.047,24.0,128.0,0.52,white,0.9944,3.2,9.7,6,white,1131
6.8,0.39,0.31,14.35,0.043,28.0,162.0,0.54,white,0.9988,3.17,9.1,5,white,1132
8.7,0.22,0.42,2.3,0.053,27.0,114.0,0.43,white,0.994,2.99,10.0,5,white,1133
7.4,0.41,0.34,4.7,0.042,19.0,127.0,0.42,white,0.9953,3.25,10.4,5,white,1134
6.7,0.25,0.34,12.85,0.048,30.0,161.0,0.47,white,0.9986,3.44,9.5,6,white,1135
6.0,0.26,0.42,5.2,0.027,70.0,178.0,0.4,white,0.9914,3.4,12.3,8,white,1136
6.1,0.31,0.37,8.4,0.031,70.0,170.0,0.4,white,0.9934,3.42,11.7,8,white,1137
9.2,0.28,0.46,3.2,0.058,39.0,133.0,0.58,white,0.996,3.14,9.5,5,white,1138
9.0,0.31,0.49,6.9,0.034,26.0,91.0,0.34,white,0.9937,2.99,11.5,5,white,1139
8.5,0.16,0.33,1.0,0.076,17.0,57.0,0.46,white,0.9921,3.14,10.6,6,white,1140
9.3,0.34,0.49,7.3,0.052,30.0,146.0,0.61,white,0.998,3.17,10.2,5,white,1141
9.2,0.28,0.46,3.2,0.058,39.0,133.0,0.58,white,0.996,3.14,9.5,5,white,1142
7.2,0.24,0.3,1.6,0.048,27.0,131.0,0.45,white,0.9933,3.25,10.5,5,white,1143
7.2,0.25,0.32,1.5,0.047,27.0,132.0,0.44,white,0.9933,3.26,10.5,5,white,1144
6.8,0.32,0.18,7.5,0.041,71.0,223.0,0.41,white,0.9959,3.14,8.9,5,white,1145
9.1,0.27,0.32,1.1,0.031,15.0,151.0,0.41,white,0.9936,3.03,10.6,5,white,1146
8.9,0.34,0.32,1.3,0.041,12.0,188.0,0.49,white,0.9953,3.17,9.5,5,white,1147
7.0,0.17,0.37,5.7,0.025,29.0,111.0,0.49,white,0.9938,3.2,10.8,6,white,1148
6.7,0.25,0.23,7.2,0.038,61.0,220.0,0.35,white,0.9952,3.14,9.5,5,white,1149
6.9,0.32,0.17,7.6,0.042,69.0,219.0,0.4,white,0.9959,3.13,8.9,5,white,1150
6.8,0.32,0.18,7.5,0.041,71.0,223.0,0.41,white,0.9959,3.14,8.9,5,white,1151
6.1,0.6,0.0,1.3,0.042,24.0,79.0,0.38,white,0.9937,3.31,9.4,4,white,1152
5.3,0.395,0.07,1.3,0.035,26.0,102.0,0.35,white,0.992,3.5,10.6,6,white,1153
7.9,0.16,0.3,4.8,0.037,37.0,171.0,0.44,white,0.9967,3.47,9.0,4,white,1154
7.6,0.33,0.36,2.1,0.034,26.0,172.0,0.48,white,0.9944,3.42,10.5,4,white,1155
7.8,0.3,0.29,16.85,0.054,23.0,135.0,0.38,white,0.9998,3.16,9.0,6,white,1156
7.8,0.3,0.29,16.85,0.054,23.0,135.0,0.38,white,0.9998,3.16,9.0,6,white,1157
5.7,0.26,0.27,4.1,0.201,73.5,189.5,0.38,white,0.9942,3.27,9.4,6,white,1158
7.8,0.3,0.29,16.85,0.054,23.0,135.0,0.38,white,0.9998,3.16,9.0,6,white,1159
7.5,0.14,0.34,1.3,0.055,50.0,153.0,0.8,white,0.9945,3.29,9.6,6,white,1160
7.8,0.3,0.29,16.85,0.054,23.0,135.0,0.38,white,0.9998,3.16,9.0,6,white,1161
6.6,0.25,0.41,7.4,0.043,29.0,151.0,0.6,white,0.9946,3.15,10.2,7,white,1162
5.7,0.26,0.27,4.1,0.201,73.5,189.5,0.38,white,0.9942,3.27,9.4,6,white,1163
8.2,0.23,0.49,0.9,0.057,15.0,73.0,0.38,white,0.9928,3.07,10.4,6,white,1164
6.0,0.24,0.32,6.3,0.03,34.0,129.0,0.41,white,0.9946,3.52,10.4,5,white,1165
6.1,0.45,0.27,0.8,0.039,13.0,82.0,0.32,white,0.9927,3.23,9.5,5,white,1166
7.4,0.23,0.43,1.4,0.044,22.0,113.0,0.62,white,0.9938,3.22,10.6,6,white,1167
7.2,0.2,0.38,1.0,0.037,21.0,74.0,0.37,white,0.9918,3.21,11.0,5,white,1168
7.5,0.14,0.34,1.3,0.055,50.0,153.0,0.8,white,0.9945,3.29,9.6,6,white,1169
7.7,0.25,0.43,4.5,0.062,20.0,115.0,0.5,white,0.9966,3.38,9.9,6,white,1170
8.2,0.61,0.45,5.4,0.03,15.0,118.0,0.34,white,0.9954,3.14,9.6,5,white,1171
7.6,0.21,0.44,1.9,0.036,10.0,119.0,0.7,white,0.9913,3.01,12.8,6,white,1172
7.4,0.22,0.33,2.0,0.045,31.0,101.0,0.55,white,0.9931,3.42,11.4,5,white,1173
7.2,0.26,0.26,12.7,0.036,49.0,214.0,0.5,white,0.9986,3.41,10.0,6,white,1174
6.4,0.25,0.41,8.6,0.042,57.0,173.0,0.44,white,0.9965,3.0,9.1,5,white,1175
6.3,0.32,0.35,11.1,0.039,29.0,198.0,0.5,white,0.9984,3.36,9.4,7,white,1176
6.8,0.25,0.29,2.0,0.042,19.0,189.0,0.54,white,0.9952,3.46,10.2,6,white,1177
9.8,0.44,0.4,2.8,0.036,35.0,167.0,0.39,white,0.9956,2.97,9.2,5,white,1178
7.2,0.2,0.25,4.5,0.044,31.0,109.0,0.36,white,0.9949,3.23,9.4,5,white,1179
8.2,0.61,0.45,5.4,0.03,15.0,118.0,0.34,white,0.9954,3.14,9.6,5,white,1180
7.5,0.42,0.45,9.1,0.029,20.0,125.0,0.36,white,0.996,3.12,10.1,6,white,1181
7.4,0.22,0.33,2.0,0.045,31.0,101.0,0.55,white,0.9931,3.42,11.4,5,white,1182
6.4,0.26,0.3,2.2,0.025,33.0,134.0,0.47,white,0.992,3.21,10.6,6,white,1183
7.9,0.46,0.32,4.1,0.033,40.0,138.0,0.44,white,0.9912,3.18,12.8,7,white,1184
6.5,0.41,0.64,11.8,0.065,65.0,225.0,0.51,white,0.9978,3.12,8.9,5,white,1185
7.5,0.32,0.37,1.2,0.048,22.0,184.0,0.43,white,0.9938,3.09,9.3,5,white,1186
6.6,0.21,0.38,2.2,0.026,40.0,104.0,0.4,white,0.9914,3.25,11.1,8,white,1187
7.1,0.21,0.3,1.4,0.037,45.0,143.0,0.33,white,0.9932,3.13,9.9,6,white,1188
7.6,0.26,0.47,1.6,0.068,5.0,55.0,0.45,white,0.9944,3.1,9.6,5,white,1189
7.6,0.21,0.44,1.9,0.036,10.0,119.0,0.7,white,0.9913,3.01,12.8,6,white,1190
6.9,0.25,0.26,5.2,0.024,36.0,135.0,0.72,white,0.9948,3.16,10.7,7,white,1191
7.1,0.26,0.32,14.45,0.074,29.0,107.0,0.42,white,0.998,2.96,9.2,6,white,1192
7.3,0.22,0.4,14.75,0.042,44.5,129.5,0.41,white,0.9998,3.36,9.1,7,white,1193
6.2,0.37,0.22,8.3,0.025,36.0,216.0,0.6,white,0.9964,3.33,9.6,6,white,1194
7.9,0.22,0.45,14.2,0.038,53.0,141.0,0.46,white,0.9992,3.03,9.2,6,white,1195
6.9,0.25,0.26,5.2,0.024,36.0,135.0,0.72,white,0.9948,3.16,10.7,7,white,1196
7.3,0.22,0.4,14.75,0.042,44.5,129.5,0.41,white,0.9998,3.36,9.1,7,white,1197
7.1,0.26,0.32,14.45,0.074,29.0,107.0,0.42,white,0.998,2.96,9.2,6,white,1198
7.4,0.25,0.37,6.9,0.02,14.0,93.0,0.48,white,0.9939,3.0,10.7,7,white,1199
6.8,0.18,0.37,1.5,0.027,37.0,93.0,0.45,white,0.992,3.3,10.8,6,white,1200
7.0,0.17,0.37,1.5,0.028,26.0,75.0,0.46,white,0.9922,3.3,10.8,7,white,1201
6.4,0.3,0.38,7.8,0.046,35.0,192.0,0.37,white,0.9955,3.1,9.0,5,white,1202
5.0,0.33,0.16,1.5,0.049,10.0,97.0,0.44,white,0.9917,3.48,10.7,6,white,1203
5.0,0.33,0.16,1.5,0.049,10.0,97.0,0.44,white,0.9917,3.48,10.7,6,white,1204
8.9,0.33,0.32,1.5,0.047,11.0,200.0,0.46,white,0.9954,3.19,9.4,5,white,1205
7.0,0.26,0.46,15.55,0.037,61.0,171.0,0.35,white,0.9986,2.94,8.8,6,white,1206
6.4,0.3,0.38,7.8,0.046,35.0,192.0,0.37,white,0.9955,3.1,9.0,5,white,1207
6.3,0.21,0.4,1.7,0.031,48.0,134.0,0.49,white,0.9917,3.42,11.5,6,white,1208
8.0,0.23,0.46,1.5,0.03,30.0,125.0,0.47,white,0.9907,3.23,12.5,6,white,1209
9.2,0.28,0.41,1.0,0.042,14.0,59.0,0.25,white,0.9922,2.96,10.5,6,white,1210
7.3,0.27,0.39,6.7,0.064,28.0,188.0,0.3,white,0.9958,3.29,9.7,5,white,1211
7.6,0.32,0.36,1.6,0.04,32.0,155.0,0.52,white,0.993,3.23,11.3,6,white,1212
5.0,0.33,0.16,1.5,0.049,10.0,97.0,0.44,white,0.9917,3.48,10.7,6,white,1213
9.7,0.24,0.45,1.2,0.033,11.0,59.0,0.47,white,0.9926,2.74,10.8,6,white,1214
8.0,0.28,0.42,7.1,0.045,41.0,169.0,0.43,white,0.9959,3.17,10.6,5,white,1215
8.2,0.37,0.36,1.0,0.034,17.0,93.0,0.32,white,0.9906,3.04,11.7,8,white,1216
8.0,0.61,0.38,12.1,0.301,24.0,220.0,0.48,white,0.9993,2.94,9.2,5,white,1217
7.2,0.26,0.44,7.1,0.027,25.0,126.0,0.34,white,0.993,3.02,11.1,8,white,1218
8.2,0.37,0.36,1.0,0.034,17.0,93.0,0.32,white,0.9906,3.04,11.7,8,white,1219
6.4,0.23,0.33,1.15,0.044,15.5,217.5,0.44,white,0.992,3.33,11.0,6,white,1220
5.9,0.4,0.32,6.0,0.034,50.0,127.0,0.58,white,0.992,3.51,12.5,7,white,1221
7.6,0.28,0.39,1.2,0.038,21.0,115.0,0.67,white,0.994,3.16,10.0,6,white,1222
8.0,0.28,0.42,7.1,0.045,41.0,169.0,0.43,white,0.9959,3.17,10.6,5,white,1223
7.2,0.23,0.39,2.3,0.033,29.0,102.0,0.54,white,0.9908,3.26,12.3,7,white,1224
6.8,0.32,0.37,3.4,0.023,19.0,87.0,0.53,white,0.9902,3.14,12.7,6,white,1225
7.2,0.23,0.39,2.3,0.033,29.0,102.0,0.54,white,0.9908,3.26,12.3,7,white,1226
6.9,0.18,0.38,6.5,0.039,20.0,110.0,0.42,white,0.9943,3.1,10.5,5,white,1227
9.4,0.26,0.53,1.2,0.047,25.0,109.0,0.28,white,0.9921,3.23,12.5,6,white,1228
8.3,0.33,0.42,1.15,0.033,18.0,96.0,0.32,white,0.9911,3.2,12.4,3,white,1229
7.3,0.29,0.3,13.0,0.043,46.0,238.0,0.41,white,0.9986,3.06,8.7,6,white,1230
7.9,0.41,0.37,4.5,0.03,40.0,114.0,0.54,white,0.992,3.17,12.4,7,white,1231
7.9,0.44,0.37,5.85,0.033,27.0,93.0,0.54,white,0.992,3.16,12.6,7,white,1232
7.7,0.39,0.3,5.2,0.037,29.0,131.0,0.44,white,0.9943,3.38,11.0,6,white,1233
7.7,0.26,0.31,1.3,0.043,47.0,155.0,0.5,white,0.9937,3.42,10.1,6,white,1234
7.8,0.32,0.31,1.7,0.036,46.0,195.0,0.48,white,0.993,3.03,10.5,5,white,1235
6.8,0.32,0.37,3.4,0.023,19.0,87.0,0.53,white,0.9902,3.14,12.7,6,white,1236
7.3,0.24,0.39,3.6,0.024,35.0,116.0,0.51,white,0.9928,3.17,10.9,5,white,1237
7.1,0.44,0.37,2.7,0.041,35.0,128.0,0.43,white,0.9896,3.07,13.5,7,white,1238
10.3,0.25,0.48,2.2,0.042,28.0,164.0,0.59,white,0.998,3.19,9.7,5,white,1239
7.9,0.14,0.28,1.8,0.041,44.0,178.0,0.43,white,0.9954,3.45,9.2,6,white,1240
7.4,0.18,0.42,2.1,0.036,33.0,187.0,0.41,white,0.9938,3.4,10.6,7,white,1241
8.1,0.43,0.42,6.6,0.033,36.0,141.0,0.39,white,0.9918,2.98,13.3,7,white,1242
7.1,0.44,0.37,2.7,0.041,35.0,128.0,0.43,white,0.9896,3.07,13.5,7,white,1243
6.4,0.26,0.22,5.1,0.037,23.0,131.0,0.32,white,0.9944,3.29,10.1,5,white,1244
8.0,0.66,0.72,17.55,0.042,62.0,233.0,0.68,white,0.9999,2.92,9.4,4,white,1245
8.0,0.2,0.4,5.2,0.055,41.0,167.0,0.4,white,0.9953,3.18,10.6,7,white,1246
7.2,0.21,0.34,1.1,0.046,25.0,80.0,0.4,white,0.992,3.25,11.3,6,white,1247
7.2,0.18,0.31,1.1,0.045,20.0,73.0,0.4,white,0.9925,3.32,10.8,7,white,1248
8.4,0.57,0.44,10.7,0.051,46.0,195.0,0.51,white,0.9981,3.15,10.4,5,white,1249
5.3,0.26,0.23,5.15,0.034,48.0,160.0,0.51,white,0.9952,3.82,10.5,7,white,1250
5.7,0.245,0.33,1.1,0.049,28.0,150.0,0.42,white,0.9927,3.13,9.3,5,white,1251
5.6,0.245,0.32,1.1,0.047,24.0,152.0,0.42,white,0.9927,3.12,9.3,6,white,1252
7.3,0.25,0.41,1.8,0.037,52.0,165.0,0.39,white,0.9911,3.29,12.2,7,white,1253
7.0,0.16,0.73,1.0,0.138,58.0,150.0,0.3,white,0.9936,3.08,9.2,5,white,1254
6.4,0.22,0.34,1.8,0.057,29.0,104.0,0.57,white,0.9959,3.81,10.3,6,white,1255
7.3,0.18,0.65,1.4,0.046,28.0,157.0,0.62,white,0.9946,3.33,9.4,6,white,1256
6.4,0.17,0.27,6.7,0.036,88.0,223.0,0.35,white,0.9948,3.28,10.2,6,white,1257
6.9,0.29,0.16,6.8,0.034,65.0,212.0,0.39,white,0.9955,3.08,9.0,6,white,1258
6.2,0.21,0.38,6.8,0.036,64.0,245.0,0.36,white,0.9951,3.06,9.3,6,white,1259
6.4,0.23,0.3,7.1,0.037,63.0,236.0,0.34,white,0.9952,3.06,9.2,6,white,1260
7.3,0.19,0.68,1.5,0.05,31.0,156.0,0.64,white,0.9946,3.32,9.4,6,white,1261
7.3,0.18,0.65,1.4,0.046,28.0,157.0,0.62,white,0.9946,3.33,9.4,6,white,1262
9.6,0.29,0.46,1.45,0.039,77.5,223.0,0.46,white,0.9944,2.92,9.5,6,white,1263
7.2,0.14,0.35,1.2,0.036,15.0,73.0,0.39,white,0.9938,3.46,9.9,5,white,1264
6.9,0.31,0.34,7.4,0.059,36.0,174.0,0.62,white,0.9963,3.46,11.1,7,white,1265
7.5,0.28,0.34,4.2,0.028,36.0,116.0,0.41,white,0.991,2.99,12.3,8,white,1266
8.0,0.22,0.42,14.6,0.044,45.0,163.0,0.69,white,1.0003,3.21,8.6,7,white,1267
7.6,0.31,0.29,10.5,0.04,21.0,145.0,0.35,white,0.9966,3.04,9.4,5,white,1268
8.4,0.35,0.56,13.8,0.048,55.0,190.0,0.58,white,0.9993,3.07,9.4,6,white,1269
8.0,0.22,0.42,14.6,0.044,45.0,163.0,0.69,white,1.0003,3.21,8.6,7,white,1270
8.1,0.5,0.47,1.1,0.037,23.0,126.0,0.42,white,0.9938,3.21,10.9,5,white,1271
7.0,0.39,0.31,5.3,0.169,32.0,162.0,0.48,white,0.9965,3.2,9.4,5,white,1272
8.1,0.5,0.47,1.1,0.037,23.0,126.0,0.42,white,0.9938,3.21,10.9,5,white,1273
8.4,0.35,0.56,13.8,0.048,55.0,190.0,0.58,white,0.9993,3.07,9.4,6,white,1274
6.2,0.22,0.27,1.5,0.064,20.0,132.0,0.46,white,0.9938,3.22,9.2,6,white,1275
8.0,0.22,0.42,14.6,0.044,45.0,163.0,0.69,white,1.0003,3.21,8.6,7,white,1276
7.6,0.31,0.29,10.5,0.04,21.0,145.0,0.35,white,0.9966,3.04,9.4,5,white,1277
7.0,0.24,0.36,4.9,0.083,10.0,133.0,0.37,white,0.9942,3.33,10.8,6,white,1278
6.6,0.27,0.3,1.9,0.025,14.0,153.0,0.62,white,0.9928,3.29,10.5,6,white,1279
7.8,0.16,0.41,1.7,0.026,29.0,140.0,0.78,white,0.991,3.02,12.5,6,white,1280
7.7,0.27,0.34,1.8,0.028,26.0,168.0,0.48,white,0.9911,2.99,12.1,7,white,1281
7.4,0.31,0.74,10.7,0.039,51.0,147.0,0.43,white,0.9977,3.02,8.7,5,white,1282
8.0,0.45,0.36,8.8,0.026,50.0,151.0,0.25,white,0.9927,3.07,12.7,8,white,1283
7.7,0.27,0.34,1.8,0.028,26.0,168.0,0.48,white,0.9911,2.99,12.1,7,white,1284
7.8,0.16,0.41,1.7,0.026,29.0,140.0,0.78,white,0.991,3.02,12.5,6,white,1285
6.6,0.16,0.29,1.8,0.05,40.0,147.0,0.44,white,0.9912,3.06,11.4,7,white,1286
8.3,0.21,0.4,1.6,0.032,35.0,110.0,0.6,white,0.9907,3.02,12.9,7,white,1287
7.2,0.32,0.33,1.4,0.029,29.0,109.0,0.51,white,0.9902,3.15,12.8,7,white,1288
6.6,0.16,0.3,1.6,0.034,15.0,78.0,0.44,white,0.992,3.38,11.2,6,white,1289
8.4,0.16,0.33,1.5,0.033,16.0,98.0,0.42,white,0.994,3.14,9.7,6,white,1290
7.5,0.23,0.32,9.2,0.038,54.0,191.0,0.56,white,0.9966,3.04,9.7,6,white,1291
6.2,0.17,0.3,1.1,0.037,14.0,79.0,0.54,white,0.993,3.5,10.3,6,white,1292
6.9,0.39,0.22,4.3,0.03,10.0,102.0,0.87,white,0.993,3.0,11.6,4,white,1293
6.9,0.41,0.22,4.2,0.031,10.0,102.0,0.86,white,0.993,3.0,11.6,4,white,1294
7.5,0.23,0.32,9.2,0.038,54.0,191.0,0.56,white,0.9966,3.04,9.7,6,white,1295
7.5,0.38,0.33,5.0,0.045,30.0,131.0,0.44,white,0.9942,3.32,10.9,6,white,1296
7.3,0.42,0.38,6.8,0.045,29.0,122.0,0.37,white,0.9925,3.19,12.6,7,white,1297
7.3,0.34,0.39,5.2,0.04,45.0,163.0,0.47,white,0.9925,3.3,12.4,6,white,1298
7.8,0.23,0.28,4.75,0.042,45.0,166.0,0.4,white,0.9928,2.96,11.5,5,white,1299
9.0,0.245,0.38,5.9,0.045,52.0,159.0,0.35,white,0.995,2.93,10.2,6,white,1300
6.9,0.2,0.4,7.7,0.032,51.0,176.0,0.27,white,0.9939,3.22,11.4,5,white,1301
7.4,0.19,0.42,6.4,0.067,39.0,212.0,0.33,white,0.9958,3.3,9.6,6,white,1302
8.2,0.2,0.36,8.1,0.035,60.0,163.0,0.3,white,0.9952,3.05,10.3,6,white,1303
8.0,0.59,0.71,17.35,0.038,61.0,228.0,0.75,white,1.0,2.95,9.3,5,white,1304
7.9,0.14,0.45,1.8,0.05,17.0,114.0,0.49,white,0.9948,3.33,10.7,7,white,1305
6.8,0.24,0.4,1.8,0.047,34.0,105.0,0.49,white,0.99,3.13,12.8,8,white,1306
9.7,0.14,0.59,1.5,0.049,23.0,142.0,0.62,white,0.9958,2.98,9.5,5,white,1307
9.2,0.15,0.68,1.6,0.046,22.0,130.0,0.45,white,0.9948,3.02,10.4,6,white,1308
9.4,0.17,0.55,1.6,0.049,14.0,94.0,0.61,white,0.9949,3.02,10.3,6,white,1309
5.2,0.365,0.08,13.5,0.041,37.0,142.0,0.39,white,0.997,3.46,9.9,6,white,1310
6.3,0.23,0.22,3.75,0.039,37.0,116.0,0.5,white,0.9927,3.23,10.7,6,white,1311
9.6,0.25,0.54,1.3,0.04,16.0,160.0,0.43,white,0.9938,2.94,10.5,5,white,1312
9.2,0.32,0.42,1.3,0.046,14.0,186.0,0.48,white,0.9949,3.08,9.6,5,white,1313
6.4,0.31,0.4,6.2,0.04,46.0,169.0,0.46,white,0.9953,3.15,9.3,6,white,1314
8.1,0.2,0.36,9.7,0.044,63.0,162.0,0.46,white,0.997,3.1,10.0,6,white,1315
7.9,0.255,0.26,2.0,0.026,40.0,190.0,0.39,white,0.9932,3.04,11.2,6,white,1316
7.0,0.15,0.34,1.4,0.039,21.0,177.0,0.62,white,0.9927,3.32,10.8,5,white,1317
6.4,0.15,0.31,1.1,0.044,25.0,96.0,0.51,white,0.9932,3.54,10.3,6,white,1318
6.4,0.25,0.53,6.6,0.038,59.0,234.0,0.42,white,0.9955,3.03,8.8,5,white,1319
7.6,0.19,0.42,1.5,0.044,6.0,114.0,0.74,white,0.9914,3.04,12.8,6,white,1320
7.3,0.43,0.37,4.6,0.028,17.0,114.0,0.43,white,0.991,3.23,13.2,6,white,1321
5.1,0.31,0.3,0.9,0.037,28.0,152.0,0.56,white,0.992,3.54,10.1,6,white,1322
6.2,0.2,0.26,1.7,0.093,40.0,161.0,0.66,white,0.9924,3.44,11.0,5,white,1323
6.9,0.16,0.35,1.3,0.043,21.0,182.0,0.62,white,0.9927,3.25,10.8,6,white,1324
7.7,0.32,0.48,2.3,0.04,28.0,114.0,0.52,white,0.9911,3.2,12.8,7,white,1325
6.5,0.22,0.72,6.8,0.042,33.0,168.0,0.36,white,0.9958,3.12,9.2,6,white,1326
6.8,0.26,0.33,1.5,0.047,44.0,167.0,0.44,white,0.9928,3.12,10.5,6,white,1327
5.2,0.37,0.33,1.2,0.028,13.0,81.0,0.38,white,0.9902,3.37,11.7,6,white,1328
8.4,0.19,0.43,2.1,0.052,20.0,104.0,0.46,white,0.994,2.85,9.5,5,white,1329
8.3,0.21,0.41,2.2,0.05,24.0,108.0,0.45,white,0.994,2.85,9.5,5,white,1330
6.8,0.15,0.32,8.8,0.058,24.0,110.0,0.4,white,0.9972,3.4,8.8,6,white,1331
7.9,0.16,0.64,17.0,0.05,69.0,210.0,0.51,white,1.0004,3.15,9.3,7,white,1332
7.8,0.21,0.39,1.8,0.034,62.0,180.0,0.75,white,0.991,3.09,12.6,8,white,1333
9.0,0.24,0.5,1.2,0.048,26.0,107.0,0.34,white,0.9918,3.21,12.4,6,white,1334
5.7,0.21,0.24,2.3,0.047,60.0,189.0,0.72,white,0.995,3.65,10.1,6,white,1335
7.8,0.29,0.36,7.0,0.042,38.0,161.0,0.37,white,0.9941,3.26,11.2,8,white,1336
6.7,0.18,0.3,6.4,0.048,40.0,251.0,0.52,white,0.9956,3.29,10.0,5,white,1337
6.7,0.18,0.3,6.4,0.048,40.0,251.0,0.52,white,0.9956,3.29,10.0,5,white,1338
8.4,0.58,0.27,12.15,0.033,37.0,116.0,0.39,white,0.9959,2.99,10.8,6,white,1339
7.2,0.16,0.32,0.8,0.04,50.0,121.0,0.33,white,0.9922,3.27,10.0,6,white,1340
7.6,0.54,0.23,2.0,0.029,13.0,151.0,0.33,white,0.9931,3.04,10.4,5,white,1341
8.4,0.58,0.27,12.15,0.033,37.0,116.0,0.39,white,0.9959,2.99,10.8,6,white,1342
6.6,0.25,0.31,12.4,0.059,52.0,181.0,0.47,white,0.9984,3.51,9.8,6,white,1343
7.3,0.23,0.37,1.9,0.041,51.0,165.0,0.4,white,0.9908,3.26,12.2,8,white,1344
7.3,0.39,0.37,1.1,0.043,36.0,113.0,0.48,white,0.991,3.39,12.7,8,white,1345
7.0,0.46,0.39,6.2,0.039,46.0,163.0,0.35,white,0.9928,3.21,12.2,7,white,1346
8.2,0.35,0.4,6.3,0.039,35.0,162.0,0.34,white,0.9936,3.15,11.9,7,white,1347
7.8,0.29,0.36,7.0,0.042,38.0,161.0,0.37,white,0.9941,3.26,11.2,8,white,1348
9.2,0.35,0.39,0.9,0.042,15.0,61.0,0.28,white,0.9924,2.96,10.4,4,white,1349
8.0,0.57,0.39,3.9,0.034,22.0,122.0,0.67,white,0.9917,3.29,12.8,7,white,1350
6.5,0.37,0.33,3.9,0.027,40.0,130.0,0.39,white,0.9906,3.28,12.7,7,white,1351
5.7,0.21,0.24,2.3,0.047,60.0,189.0,0.72,white,0.995,3.65,10.1,6,white,1352
6.7,0.18,0.3,6.4,0.048,40.0,251.0,0.52,white,0.9956,3.29,10.0,5,white,1353
7.8,0.13,0.3,1.8,0.04,43.0,179.0,0.41,white,0.9955,3.43,9.0,5,white,1354
7.6,0.19,0.41,1.1,0.04,38.0,143.0,0.42,white,0.9907,2.92,11.4,5,white,1355
7.3,0.22,0.41,15.4,0.05,55.0,191.0,0.59,white,1.0,3.32,8.9,6,white,1356
6.3,0.29,0.4,6.5,0.039,43.0,167.0,0.44,white,0.9953,3.15,9.3,6,white,1357
6.8,0.35,0.32,2.4,0.048,35.0,103.0,0.46,white,0.9911,3.28,12.0,8,white,1358
6.5,0.19,0.32,1.4,0.04,31.0,132.0,0.54,white,0.9922,3.36,10.8,7,white,1359
6.2,0.12,0.26,5.7,0.044,56.0,158.0,0.37,white,0.9951,3.52,10.5,6,white,1360
6.0,0.13,0.28,5.7,0.038,56.0,189.5,0.43,white,0.9948,3.59,10.6,7,white,1361
6.4,0.25,0.33,1.4,0.04,42.0,115.0,0.48,white,0.9906,3.19,11.3,7,white,1362
6.9,0.32,0.16,1.4,0.051,15.0,96.0,0.38,white,0.994,3.22,9.5,4,white,1363
7.6,0.19,0.41,1.1,0.04,38.0,143.0,0.42,white,0.9907,2.92,11.4,5,white,1364
6.7,0.13,0.28,1.2,0.046,35.0,140.0,0.33,white,0.9927,3.33,10.1,7,white,1365
7.0,0.14,0.41,0.9,0.037,22.0,95.0,0.43,white,0.9914,3.25,10.9,6,white,1366
7.6,0.27,0.24,3.8,0.058,19.0,115.0,0.45,white,0.9958,3.15,8.9,5,white,1367
7.3,0.22,0.41,15.4,0.05,55.0,191.0,0.59,white,1.0,3.32,8.9,6,white,1368
7.4,0.64,0.47,14.15,0.168,42.0,185.0,0.49,white,0.9984,2.9,9.3,5,white,1369
7.6,0.28,0.39,1.9,0.052,23.0,116.0,0.4,white,0.9941,3.25,10.4,6,white,1370
8.3,0.26,0.41,9.2,0.042,41.0,162.0,0.38,white,0.9944,3.1,12.0,7,white,1371
10.7,0.22,0.56,8.2,0.044,37.0,181.0,0.68,white,0.998,2.87,9.5,6,white,1372
10.7,0.22,0.56,8.2,0.044,37.0,181.0,0.68,white,0.998,2.87,9.5,6,white,1373
6.9,0.23,0.34,2.7,0.032,24.0,121.0,0.38,white,0.9902,3.14,12.4,7,white,1374
6.2,0.3,0.32,1.7,0.032,30.0,130.0,0.41,white,0.9911,3.28,11.2,7,white,1375
6.9,0.27,0.41,1.7,0.047,6.0,134.0,0.69,white,0.9929,3.15,11.4,6,white,1376
6.9,0.28,0.41,1.7,0.05,10.0,136.0,0.71,white,0.993,3.16,11.4,6,white,1377
6.9,0.28,0.3,1.6,0.047,46.0,132.0,0.38,white,0.9918,3.35,11.1,7,white,1378
6.9,0.46,0.2,0.9,0.054,5.0,126.0,0.42,white,0.992,3.1,10.4,6,white,1379
6.9,0.38,0.32,8.5,0.044,36.0,152.0,0.35,white,0.9932,3.38,12.0,7,white,1380
5.7,0.43,0.3,5.7,0.039,24.0,98.0,0.61,white,0.992,3.54,12.3,7,white,1381
6.6,0.56,0.16,3.1,0.045,28.0,92.0,0.35,white,0.994,3.12,9.1,6,white,1382
7.1,0.36,0.56,1.3,0.046,25.0,102.0,0.33,white,0.9923,3.24,10.5,6,white,1383
6.8,0.23,0.4,1.6,0.047,5.0,133.0,0.7,white,0.993,3.23,11.4,6,white,1384
6.2,0.33,0.29,1.3,0.042,26.0,138.0,0.64,white,0.9956,3.77,9.5,5,white,1385
5.6,0.49,0.13,4.5,0.039,17.0,116.0,0.9,white,0.9907,3.42,13.7,7,white,1386
6.6,0.42,0.33,2.8,0.034,15.0,85.0,0.51,white,0.99,3.28,13.4,6,white,1387
7.3,0.18,0.29,1.2,0.044,12.0,143.0,0.48,white,0.9918,3.2,11.3,7,white,1388
8.1,0.19,0.4,0.9,0.037,73.0,180.0,0.34,white,0.9926,3.06,10.0,6,white,1389
5.9,0.19,0.26,7.4,0.034,33.0,123.0,0.42,white,0.995,3.49,10.1,6,white,1390
6.2,0.16,0.47,1.4,0.029,23.0,81.0,0.42,white,0.99,3.26,12.2,6,white,1391
6.6,0.42,0.33,2.8,0.034,15.0,85.0,0.51,white,0.99,3.28,13.4,6,white,1392
5.7,0.135,0.3,4.6,0.042,19.0,101.0,0.42,white,0.9946,3.31,9.3,6,white,1393
5.6,0.49,0.13,4.5,0.039,17.0,116.0,0.9,white,0.9907,3.42,13.7,7,white,1394
6.9,0.19,0.33,1.6,0.039,27.0,98.0,0.46,white,0.9898,3.09,12.3,7,white,1395
7.3,0.18,0.29,1.2,0.044,12.0,143.0,0.48,white,0.9918,3.2,11.3,7,white,1396
7.3,0.25,0.36,13.1,0.05,35.0,200.0,0.46,white,0.9986,3.04,8.9,7,white,1397
7.3,0.25,0.36,13.1,0.05,35.0,200.0,0.46,white,0.9986,3.04,8.9,7,white,1398
7.0,0.2,0.34,5.7,0.035,32.0,83.0,0.46,white,0.9928,3.19,11.5,6,white,1399
7.3,0.25,0.36,13.1,0.05,35.0,200.0,0.46,white,0.9986,3.04,8.9,7,white,1400
6.3,0.67,0.48,12.6,0.052,57.0,222.0,0.52,white,0.9979,3.17,9.3,6,white,1401
7.4,0.4,0.29,5.4,0.044,31.0,122.0,0.5,white,0.994,3.3,11.1,8,white,1402
7.1,0.26,0.31,2.2,0.044,29.0,128.0,0.64,white,0.9937,3.34,10.9,8,white,1403
9.0,0.31,0.48,6.6,0.043,11.0,73.0,0.38,white,0.9938,2.9,11.6,5,white,1404
6.3,0.39,0.24,6.9,0.069,9.0,117.0,0.35,white,0.9942,3.15,10.2,4,white,1405
8.2,0.22,0.36,6.8,0.034,12.0,90.0,0.38,white,0.9944,3.01,10.5,8,white,1406
7.1,0.19,0.28,3.6,0.033,16.0,78.0,0.78,white,0.993,2.91,11.4,6,white,1407
7.3,0.25,0.36,13.1,0.05,35.0,200.0,0.46,white,0.9986,3.04,8.9,7,white,1408
7.9,0.2,0.34,1.2,0.04,29.0,118.0,0.41,white,0.9932,3.14,10.6,6,white,1409
7.1,0.26,0.32,5.9,0.037,39.0,97.0,0.4,white,0.9934,3.31,11.6,6,white,1410
7.0,0.2,0.34,5.7,0.035,32.0,83.0,0.46,white,0.9928,3.19,11.5,6,white,1411
6.9,0.3,0.33,4.1,0.035,26.0,155.0,0.79,white,0.9925,3.25,12.3,8,white,1412
8.1,0.29,0.49,7.1,0.042,22.0,124.0,0.41,white,0.9944,3.14,10.8,6,white,1413
5.8,0.17,0.3,1.4,0.037,55.0,130.0,0.38,white,0.9909,3.29,11.3,6,white,1414
5.9,0.415,0.02,0.8,0.038,22.0,63.0,0.36,white,0.9932,3.36,9.3,5,white,1415
6.6,0.23,0.26,1.3,0.045,16.0,128.0,0.6,white,0.9934,3.36,10.0,6,white,1416
8.6,0.55,0.35,15.55,0.057,35.5,366.5,0.63,white,1.0001,3.04,11.0,3,white,1417
6.9,0.35,0.74,1.0,0.044,18.0,132.0,0.55,white,0.992,3.13,10.2,5,white,1418
7.6,0.14,0.74,1.6,0.04,27.0,103.0,0.4,white,0.9916,3.07,10.8,7,white,1419
9.2,0.28,0.49,11.8,0.042,29.0,137.0,0.34,white,0.998,3.1,10.1,4,white,1420
6.2,0.18,0.49,4.5,0.047,17.0,90.0,0.37,white,0.9919,3.27,11.6,6,white,1421
5.3,0.165,0.24,1.1,0.051,25.0,105.0,0.47,white,0.9925,3.32,9.1,5,white,1422
9.8,0.25,0.74,10.0,0.056,36.0,225.0,0.43,white,0.9977,3.06,10.0,4,white,1423
8.1,0.29,0.49,7.1,0.042,22.0,124.0,0.41,white,0.9944,3.14,10.8,6,white,1424
6.8,0.22,0.49,0.9,0.052,26.0,128.0,0.35,white,0.991,3.25,11.4,6,white,1425
7.2,0.22,0.49,1.0,0.045,34.0,140.0,0.34,white,0.99,3.05,12.7,6,white,1426
7.4,0.25,0.49,1.1,0.042,35.0,156.0,0.55,white,0.9917,3.13,11.3,5,white,1427
8.2,0.18,0.49,1.1,0.033,28.0,81.0,0.68,white,0.9923,3.0,10.4,7,white,1428
6.1,0.22,0.49,1.5,0.051,18.0,87.0,0.46,white,0.9928,3.3,9.6,5,white,1429
7.0,0.39,0.24,1.0,0.048,8.0,119.0,0.31,white,0.9923,3.0,10.1,4,white,1430
6.1,0.22,0.49,1.5,0.051,18.0,87.0,0.46,white,0.9928,3.3,9.6,5,white,1431
6.5,0.36,0.49,2.9,0.03,16.0,94.0,0.49,white,0.9902,3.1,12.1,7,white,1432
7.1,0.29,0.49,1.2,0.031,32.0,99.0,0.33,white,0.9893,3.07,12.2,6,white,1433
7.4,0.25,0.49,1.1,0.042,35.0,156.0,0.55,white,0.9917,3.13,11.3,5,white,1434
6.9,0.23,0.24,14.2,0.053,19.0,94.0,0.5,white,0.9982,3.17,9.6,5,white,1435
8.5,0.56,0.74,17.85,0.051,51.0,243.0,0.7,white,1.0005,2.99,9.2,5,white,1436
8.2,0.18,0.49,1.1,0.033,28.0,81.0,0.68,white,0.9923,3.0,10.4,7,white,1437
6.3,0.23,0.49,7.1,0.05,67.0,210.0,0.34,white,0.9951,3.23,9.5,5,white,1438
6.1,0.25,0.49,7.6,0.052,67.0,226.0,0.47,white,0.9956,3.16,8.9,5,white,1439
7.2,0.26,0.74,13.6,0.05,56.0,162.0,0.44,white,0.998,3.03,8.8,5,white,1440
7.2,0.31,0.24,1.4,0.057,17.0,117.0,0.35,white,0.9928,3.16,10.5,5,white,1441
8.0,0.25,0.49,1.2,0.061,27.0,117.0,0.34,white,0.9938,3.08,9.4,5,white,1442
7.0,0.18,0.49,5.3,0.04,34.0,125.0,0.4,white,0.9914,3.24,12.2,6,white,1443
7.8,0.43,0.49,13.0,0.033,37.0,158.0,0.35,white,0.9955,3.14,11.3,6,white,1444
8.3,0.2,0.74,4.45,0.044,33.0,130.0,0.42,white,0.9924,3.25,12.2,6,white,1445
6.3,0.27,0.49,1.2,0.063,35.0,92.0,0.42,white,0.9911,3.38,12.2,6,white,1446
7.4,0.16,0.49,1.2,0.055,18.0,150.0,0.47,white,0.9917,3.23,11.2,6,white,1447
7.4,0.16,0.49,1.2,0.055,18.0,150.0,0.47,white,0.9917,3.23,11.2,6,white,1448
6.9,0.19,0.49,6.6,0.036,49.0,172.0,0.27,white,0.9932,3.2,11.5,6,white,1449
7.8,0.43,0.49,13.0,0.033,37.0,158.0,0.35,white,0.9955,3.14,11.3,6,white,1450
7.2,0.4,0.49,1.1,0.048,11.0,138.0,0.42,white,0.9929,3.01,9.3,5,white,1451
7.8,0.43,0.49,13.0,0.033,37.0,158.0,0.35,white,0.9955,3.14,11.3,6,white,1452
7.6,0.52,0.49,14.0,0.034,37.0,156.0,0.38,white,0.9958,3.14,11.8,7,white,1453
8.3,0.21,0.49,19.8,0.054,50.0,231.0,0.54,white,1.0012,2.99,9.2,5,white,1454
6.9,0.34,0.74,11.2,0.069,44.0,150.0,0.81,white,0.9968,3.0,9.2,5,white,1455
6.3,0.27,0.49,1.2,0.063,35.0,92.0,0.42,white,0.9911,3.38,12.2,6,white,1456
8.3,0.2,0.74,4.45,0.044,33.0,130.0,0.42,white,0.9924,3.25,12.2,6,white,1457
7.1,0.22,0.74,2.7,0.044,42.0,144.0,0.41,white,0.991,3.31,12.2,6,white,1458
7.9,0.11,0.49,4.5,0.048,27.0,133.0,0.42,white,0.9946,3.24,10.6,6,white,1459
8.5,0.17,0.74,3.6,0.05,29.0,128.0,0.4,white,0.9928,3.28,12.4,6,white,1460
6.4,0.145,0.49,5.4,0.048,54.0,164.0,0.44,white,0.9946,3.56,10.8,6,white,1461
7.4,0.16,0.49,1.2,0.055,18.0,150.0,0.47,white,0.9917,3.23,11.2,6,white,1462
8.3,0.19,0.49,1.2,0.051,11.0,137.0,0.46,white,0.9918,3.06,11.0,6,white,1463
8.0,0.44,0.49,9.1,0.031,46.0,151.0,0.27,white,0.9926,3.16,12.7,8,white,1464
7.0,0.2,0.74,0.8,0.044,19.0,163.0,0.53,white,0.9931,3.46,10.2,5,white,1465
6.9,0.19,0.49,6.6,0.036,49.0,172.0,0.27,white,0.9932,3.2,11.5,6,white,1466
7.1,0.25,0.49,3.0,0.03,30.0,96.0,0.39,white,0.9903,3.13,12.3,7,white,1467
6.5,0.24,0.24,1.6,0.046,15.0,60.0,0.39,white,0.9928,3.19,9.8,5,white,1468
7.2,0.4,0.49,1.1,0.048,11.0,138.0,0.42,white,0.9929,3.01,9.3,5,white,1469
7.6,0.52,0.49,14.0,0.034,37.0,156.0,0.38,white,0.9958,3.14,11.8,7,white,1470
7.8,0.43,0.49,13.0,0.033,37.0,158.0,0.35,white,0.9955,3.14,11.3,6,white,1471
7.8,0.21,0.49,1.35,0.052,6.0,48.0,0.28,white,0.9911,3.15,11.4,5,white,1472
7.0,0.2,0.49,5.9,0.038,39.0,128.0,0.48,white,0.9938,3.21,10.8,6,white,1473
6.9,0.25,0.24,3.6,0.057,13.0,85.0,0.48,white,0.9942,2.99,9.5,4,white,1474
7.2,0.08,0.49,1.3,0.05,18.0,148.0,0.44,white,0.9945,3.46,10.2,6,white,1475
7.1,0.85,0.49,8.7,0.028,40.0,184.0,0.36,white,0.9962,3.22,10.7,5,white,1476
7.6,0.51,0.24,1.2,0.04,10.0,104.0,0.29,white,0.992,3.05,10.8,6,white,1477
7.9,0.22,0.24,4.6,0.044,39.0,159.0,0.28,white,0.9927,2.99,11.5,6,white,1478
7.7,0.16,0.49,2.0,0.056,20.0,124.0,0.49,white,0.9948,3.32,10.7,6,white,1479
7.2,0.08,0.49,1.3,0.05,18.0,148.0,0.44,white,0.9945,3.46,10.2,6,white,1480
6.6,0.25,0.24,1.7,0.048,26.0,124.0,0.6,white,0.9942,3.37,10.1,6,white,1481
6.7,0.16,0.49,2.4,0.046,57.0,187.0,0.81,white,0.9952,3.62,10.4,6,white,1482
6.9,0.25,0.24,3.6,0.057,13.0,85.0,0.48,white,0.9942,2.99,9.5,4,white,1483
7.5,0.32,0.24,4.6,0.053,8.0,134.0,0.5,white,0.9958,3.14,9.1,3,white,1484
7.4,0.28,0.49,1.5,0.034,20.0,126.0,0.39,white,0.9918,2.98,10.6,6,white,1485
6.2,0.15,0.49,0.9,0.033,17.0,51.0,0.7,white,0.9932,3.3,9.4,6,white,1486
6.7,0.25,0.74,19.4,0.054,44.0,169.0,0.45,white,1.0004,3.51,9.8,6,white,1487
6.5,0.26,0.74,13.3,0.044,68.0,224.0,0.54,white,0.9972,3.18,9.5,6,white,1488
7.9,0.16,0.74,17.85,0.037,52.0,187.0,0.41,white,0.9998,2.99,9.3,5,white,1489
5.6,0.185,0.49,1.1,0.03,28.0,117.0,0.45,white,0.9918,3.55,10.3,6,white,1490
7.5,0.2,0.49,1.3,0.031,8.0,97.0,0.62,white,0.9918,3.06,11.1,5,white,1491
8.0,0.3,0.49,9.4,0.046,47.0,188.0,0.48,white,0.9964,3.14,10.0,5,white,1492
8.0,0.34,0.49,9.0,0.033,39.0,180.0,0.38,white,0.9936,3.13,12.3,8,white,1493
7.7,0.35,0.49,8.65,0.033,42.0,186.0,0.38,white,0.9931,3.14,12.4,8,white,1494
7.6,0.29,0.49,9.6,0.03,45.0,197.0,0.38,white,0.9938,3.13,12.3,7,white,1495
6.7,0.62,0.24,1.1,0.039,6.0,62.0,0.32,white,0.9934,3.41,10.4,5,white,1496
6.8,0.27,0.49,1.2,0.044,35.0,126.0,0.48,white,0.99,3.13,12.1,7,white,1497
7.7,0.27,0.49,1.8,0.041,23.0,86.0,0.42,white,0.9914,3.16,12.5,6,white,1498
6.7,0.51,0.24,2.1,0.043,14.0,155.0,0.6,white,0.9904,3.22,13.0,6,white,1499
7.4,0.19,0.49,9.3,0.03,26.0,132.0,0.32,white,0.994,2.99,11.0,7,white,1500
8.3,0.2,0.49,1.7,0.04,34.0,169.0,0.37,white,0.9938,3.05,10.1,5,white,1501
6.6,0.3,0.24,1.2,0.034,17.0,121.0,0.36,white,0.9933,3.13,9.2,5,white,1502
6.8,0.36,0.24,4.6,0.039,24.0,124.0,0.34,white,0.9909,3.27,12.6,7,white,1503
7.0,0.17,0.74,12.8,0.045,24.0,126.0,0.38,white,0.9942,3.26,12.2,8,white,1504
9.2,0.18,0.49,1.5,0.041,39.0,130.0,0.49,white,0.9945,3.04,9.8,7,white,1505
8.1,0.2,0.49,8.1,0.051,51.0,205.0,0.52,white,0.9954,3.1,11.0,6,white,1506
7.8,0.26,0.74,7.5,0.044,59.0,160.0,0.64,white,0.996,3.22,10.0,6,white,1507
6.8,0.21,0.49,14.5,0.06,50.0,170.0,0.44,white,0.9991,3.55,9.8,6,white,1508
7.9,0.2,0.49,1.6,0.053,15.0,144.0,0.47,white,0.993,3.16,10.5,5,white,1509
8.0,0.18,0.49,1.8,0.061,10.0,145.0,0.48,white,0.9942,3.23,10.0,5,white,1510
8.8,0.23,0.74,3.2,0.042,15.0,126.0,0.51,white,0.9934,3.02,11.2,6,white,1511
7.3,0.22,0.49,9.4,0.034,29.0,134.0,0.32,white,0.9939,2.99,11.0,7,white,1512
7.3,0.22,0.49,9.9,0.031,48.0,161.0,0.28,white,0.9937,3.01,11.2,6,white,1513
7.4,0.19,0.49,9.3,0.03,26.0,132.0,0.32,white,0.994,2.99,11.0,7,white,1514
7.3,0.155,0.49,1.3,0.039,34.0,136.0,0.77,white,0.9926,3.14,10.5,6,white,1515
8.2,0.22,0.49,9.6,0.037,53.0,154.0,0.33,white,0.9951,3.02,10.6,6,white,1516
8.2,0.24,0.49,9.3,0.038,52.0,163.0,0.33,white,0.9952,3.02,10.6,6,white,1517
8.4,0.23,0.49,7.8,0.035,22.0,95.0,0.34,white,0.9935,3.04,12.0,6,white,1518
8.3,0.2,0.49,1.7,0.04,34.0,169.0,0.37,white,0.9938,3.05,10.1,5,white,1519
8.3,0.2,0.49,1.7,0.038,38.0,167.0,0.37,white,0.9939,3.05,10.1,6,white,1520
6.6,0.3,0.24,1.2,0.034,17.0,121.0,0.36,white,0.9933,3.13,9.2,5,white,1521
6.9,0.21,0.49,1.4,0.041,15.0,164.0,0.63,white,0.9927,3.25,11.0,5,white,1522
8.0,0.25,0.49,9.0,0.044,31.0,185.0,0.49,white,0.998,3.34,10.0,6,white,1523
6.6,0.21,0.49,18.15,0.042,41.0,158.0,0.39,white,0.9997,3.28,8.7,6,white,1524
7.2,0.27,0.74,12.5,0.037,47.0,156.0,0.44,white,0.9981,3.04,8.7,5,white,1525
14.2,0.27,0.49,1.1,0.037,33.0,156.0,0.54,white,0.992,3.15,11.1,6,white,1526
7.9,0.28,0.49,7.7,0.045,48.0,195.0,0.55,white,0.9954,3.04,11.0,6,white,1527
7.4,0.27,0.49,1.1,0.037,33.0,156.0,0.54,white,0.992,3.15,11.1,6,white,1528
6.6,0.21,0.49,18.15,0.042,41.0,158.0,0.39,white,0.9997,3.28,8.7,6,white,1529
7.2,0.27,0.74,12.5,0.037,47.0,156.0,0.44,white,0.9981,3.04,8.7,5,white,1530
8.1,0.3,0.49,8.1,0.037,26.0,174.0,0.3,white,0.9943,3.1,11.2,7,white,1531
7.5,0.23,0.49,7.7,0.049,61.0,209.0,0.3,white,0.9941,3.14,11.1,7,white,1532
7.3,0.26,0.49,5.0,0.028,32.0,107.0,0.54,white,0.9936,3.24,10.8,6,white,1533
7.1,0.18,0.74,15.6,0.044,44.0,176.0,0.67,white,0.9996,3.38,9.0,6,white,1534
8.5,0.15,0.49,1.5,0.031,17.0,122.0,0.4,white,0.9932,3.03,10.3,6,white,1535
8.9,0.13,0.49,1.0,0.028,6.0,24.0,0.32,white,0.9926,2.91,9.9,5,white,1536
8.1,0.28,0.49,1.0,0.04,32.0,148.0,0.41,white,0.9936,3.13,10.0,6,white,1537
6.0,0.17,0.49,1.0,0.034,26.0,106.0,0.42,white,0.992,3.21,9.8,6,white,1538
7.3,0.26,0.49,5.0,0.028,32.0,107.0,0.54,white,0.9936,3.24,10.8,6,white,1539
7.1,0.18,0.74,15.6,0.044,44.0,176.0,0.67,white,0.9996,3.38,9.0,6,white,1540
7.1,0.53,0.24,0.8,0.029,29.0,86.0,0.32,white,0.993,3.16,9.1,4,white,1541
7.2,0.16,0.49,1.3,0.037,27.0,104.0,0.57,white,0.9924,3.23,10.6,6,white,1542
7.3,0.14,0.49,1.1,0.038,28.0,99.0,0.72,white,0.9928,3.2,10.6,6,white,1543
8.9,0.13,0.49,1.0,0.028,6.0,24.0,0.32,white,0.9926,2.91,9.9,5,white,1544
7.9,0.12,0.49,5.2,0.049,33.0,152.0,0.47,white,0.9952,3.18,10.6,6,white,1545
6.7,0.29,0.49,4.7,0.034,35.0,156.0,0.45,white,0.9945,3.13,9.9,6,white,1546
6.7,0.3,0.49,4.8,0.034,36.0,158.0,0.45,white,0.9945,3.12,9.9,6,white,1547
7.1,0.36,0.24,1.8,0.025,32.0,102.0,0.59,white,0.9903,3.34,12.8,6,white,1548
8.5,0.15,0.49,1.5,0.031,17.0,122.0,0.4,white,0.9932,3.03,10.3,6,white,1549
7.9,0.18,0.49,5.2,0.051,36.0,157.0,0.48,white,0.9953,3.18,10.6,6,white,1550
6.6,0.19,0.99,1.2,0.122,45.0,129.0,0.31,white,0.9936,3.09,8.7,6,white,1551
7.3,0.21,0.49,1.8,0.038,44.0,152.0,0.44,white,0.9912,3.32,12.6,7,white,1552
6.9,0.3,0.49,7.6,0.057,25.0,156.0,0.63,white,0.9962,3.43,11.0,7,white,1553
7.9,0.42,0.49,8.2,0.056,32.0,164.0,0.6,white,0.9965,3.29,11.2,7,white,1554
6.9,0.24,0.49,1.3,0.032,35.0,148.0,0.57,white,0.9932,3.45,10.7,7,white,1555
7.6,0.23,0.49,10.0,0.036,45.0,182.0,0.58,white,0.9967,3.08,9.6,6,white,1556
7.9,0.18,0.49,5.2,0.051,36.0,157.0,0.48,white,0.9953,3.18,10.6,6,white,1557
6.2,0.43,0.49,6.4,0.045,12.0,115.0,0.57,white,0.9963,3.27,9.0,4,white,1558
8.8,0.35,0.49,1.0,0.036,14.0,56.0,0.33,white,0.992,2.96,10.5,4,white,1559
7.8,0.3,0.74,1.8,0.033,33.0,156.0,0.52,white,0.991,3.29,12.8,6,white,1560
9.1,0.28,0.49,2.0,0.059,10.0,112.0,0.46,white,0.9958,3.15,10.1,5,white,1561
7.1,0.34,0.49,1.5,0.027,26.0,126.0,0.33,white,0.99,3.3,12.2,7,white,1562
7.8,0.3,0.74,1.8,0.033,33.0,156.0,0.52,white,0.991,3.29,12.8,6,white,1563
9.1,0.28,0.49,2.0,0.059,10.0,112.0,0.46,white,0.9958,3.15,10.1,5,white,1564
8.5,0.19,0.49,3.5,0.044,29.0,117.0,0.51,white,0.9938,3.14,10.1,6,white,1565
7.6,0.18,0.49,18.05,0.046,36.0,158.0,0.41,white,0.9996,3.06,9.2,5,white,1566
7.5,0.19,0.49,1.8,0.055,19.0,110.0,0.44,white,0.9946,3.33,9.9,5,white,1567
7.4,0.3,0.49,8.2,0.055,49.0,188.0,0.58,white,0.9974,3.52,9.7,6,white,1568
6.7,0.3,0.74,5.0,0.038,35.0,157.0,0.46,white,0.9945,3.21,9.9,5,white,1569
6.6,0.3,0.74,4.6,0.041,36.0,159.0,0.45,white,0.9946,3.21,9.9,5,white,1570
7.4,0.3,0.49,8.2,0.055,49.0,188.0,0.58,white,0.9974,3.52,9.7,6,white,1571
6.9,0.22,0.49,7.0,0.063,50.0,168.0,0.5,white,0.9957,3.54,10.3,6,white,1572
7.8,0.26,0.49,3.1,0.045,21.0,116.0,0.35,white,0.9931,3.16,10.3,5,white,1573
8.5,0.17,0.49,8.8,0.048,23.0,108.0,0.34,white,0.9947,2.88,10.5,4,white,1574
6.8,0.17,0.74,2.4,0.053,61.0,182.0,0.76,white,0.9953,3.63,10.5,6,white,1575
6.2,0.27,0.49,1.4,0.05,20.0,74.0,0.44,white,0.9931,3.32,9.8,6,white,1576
7.1,0.64,0.49,1.8,0.05,17.0,128.0,0.58,white,0.9946,3.31,10.6,4,white,1577
6.4,0.18,0.74,11.9,0.046,54.0,168.0,0.68,white,0.9978,3.58,10.1,5,white,1578
7.6,0.31,0.49,13.4,0.062,50.0,191.0,0.53,white,0.9989,3.22,9.0,4,white,1579
9.8,0.31,0.49,15.4,0.046,13.0,119.0,0.45,white,1.0004,3.18,9.5,5,white,1580
9.0,0.3,0.49,7.2,0.039,32.0,84.0,0.32,white,0.9938,2.94,11.5,6,white,1581
8.4,0.24,0.49,7.4,0.039,46.0,108.0,0.33,white,0.9934,3.03,11.9,7,white,1582
6.4,0.18,0.74,11.9,0.046,54.0,168.0,0.68,white,0.9978,3.58,10.1,5,white,1583
6.4,0.25,0.74,7.8,0.045,52.0,209.0,0.42,white,0.9956,3.21,9.2,6,white,1584
7.3,0.3,0.74,13.5,0.039,46.0,165.0,0.4,white,0.9982,3.02,8.7,5,white,1585
9.3,0.31,0.49,1.3,0.042,34.0,147.0,0.46,white,0.9948,3.11,9.8,5,white,1586
6.4,0.25,0.74,7.8,0.045,52.0,209.0,0.42,white,0.9956,3.21,9.2,6,white,1587
7.3,0.3,0.74,13.5,0.039,46.0,165.0,0.4,white,0.9982,3.02,8.7,5,white,1588
7.0,0.27,0.74,1.5,0.036,27.0,122.0,0.48,white,0.9926,3.35,11.2,6,white,1589
7.9,0.14,0.74,1.2,0.028,30.0,165.0,0.82,white,0.991,3.08,12.3,6,white,1590
6.4,0.12,0.49,6.4,0.042,49.0,161.0,0.44,white,0.9945,3.34,10.4,6,white,1591
6.8,0.21,0.74,1.2,0.047,25.0,111.0,0.41,white,0.9916,3.13,10.7,6,white,1592
8.6,0.16,0.49,7.3,0.043,9.0,63.0,0.59,white,0.9953,3.13,10.5,6,white,1593
7.0,0.29,0.49,3.8,0.047,37.0,136.0,0.4,white,0.9938,2.95,9.4,6,white,1594
6.4,0.27,0.49,7.3,0.046,53.0,206.0,0.43,white,0.9956,3.24,9.2,6,white,1595
6.6,0.55,0.01,2.7,0.034,56.0,122.0,0.3,white,0.9906,3.15,11.9,5,white,1596
6.4,0.27,0.49,7.3,0.046,53.0,206.0,0.43,white,0.9956,3.24,9.2,6,white,1597
6.3,0.24,0.74,1.4,0.172,24.0,108.0,0.39,white,0.9932,3.27,9.9,6,white,1598
6.7,0.33,0.49,1.6,0.167,20.0,94.0,0.5,white,0.9914,3.11,11.4,6,white,1599
7.0,0.29,0.49,3.8,0.047,37.0,136.0,0.4,white,0.9938,2.95,9.4,6,white,1600
8.2,0.34,0.49,8.0,0.046,55.0,223.0,0.52,white,0.996,3.08,10.7,6,white,1601
5.6,0.39,0.24,4.7,0.034,27.0,77.0,0.36,white,0.9906,3.28,12.7,5,white,1602
5.6,0.41,0.24,1.9,0.034,10.0,53.0,0.5,white,0.98815,3.32,13.5,7,white,1603
6.7,0.41,0.01,2.8,0.048,39.0,137.0,0.35,white,0.9942,3.24,9.5,5,white,1604
7.1,0.26,0.49,2.2,0.032,31.0,113.0,0.42,white,0.9903,3.37,12.9,9,white,1605
7.5,0.32,0.49,1.7,0.031,44.0,109.0,0.46,white,0.9906,3.07,12.5,6,white,1606
5.8,0.19,0.49,4.9,0.04,44.0,118.0,0.38,white,0.9935,3.34,9.5,7,white,1607
6.9,0.27,0.49,23.5,0.057,59.0,235.0,0.47,white,1.0024,2.98,8.6,5,white,1608
8.1,0.2,0.49,11.8,0.048,46.0,212.0,0.46,white,0.9968,3.09,10.0,7,white,1609
7.5,0.32,0.49,1.7,0.031,44.0,109.0,0.46,white,0.9906,3.07,12.5,6,white,1610
8.2,0.26,0.49,5.2,0.04,19.0,100.0,0.34,white,0.9941,3.12,10.1,6,white,1611
7.8,0.26,0.49,3.2,0.027,28.0,87.0,0.32,white,0.9919,3.03,11.3,7,white,1612
8.0,0.14,0.49,1.5,0.035,42.0,120.0,0.4,white,0.9928,3.26,10.6,7,white,1613
8.0,0.29,0.49,11.7,0.035,40.0,131.0,0.34,white,0.9958,3.14,10.8,5,white,1614
7.5,0.19,0.49,1.6,0.047,42.0,140.0,0.47,white,0.9932,3.4,10.7,6,white,1615
6.9,0.34,0.49,7.3,0.045,61.0,206.0,0.4,white,0.9957,3.09,9.0,6,white,1616
6.2,0.2,0.49,1.6,0.065,17.0,143.0,0.52,white,0.9937,3.22,9.2,6,white,1617
6.4,0.37,0.49,13.3,0.045,53.0,243.0,0.48,white,0.9982,3.14,8.5,6,white,1618
6.2,0.22,0.49,6.0,0.029,31.0,128.0,0.36,white,0.9928,3.41,11.3,8,white,1619
7.8,0.26,0.49,3.2,0.027,28.0,87.0,0.32,white,0.9919,3.03,11.3,7,white,1620
8.9,0.32,0.49,1.6,0.05,17.0,131.0,0.34,white,0.9956,3.13,9.4,5,white,1621
6.5,0.44,0.49,7.7,0.045,16.0,169.0,0.37,white,0.9957,3.11,8.7,6,white,1622
7.0,0.14,0.49,5.9,0.053,22.0,118.0,0.36,white,0.9954,3.36,9.4,6,white,1623
9.0,0.17,0.49,1.0,0.039,46.0,131.0,0.51,white,0.993,3.09,10.5,7,white,1624
6.4,0.26,0.49,6.4,0.037,37.0,161.0,0.53,white,0.9954,3.38,9.7,6,white,1625
9.0,0.22,0.49,10.4,0.048,52.0,195.0,0.44,white,0.9987,3.31,10.2,6,white,1626
8.9,0.32,0.49,1.6,0.05,17.0,131.0,0.34,white,0.9956,3.13,9.4,5,white,1627
8.2,0.2,0.49,3.5,0.057,14.0,108.0,0.35,white,0.9928,3.19,11.5,6,white,1628
7.8,0.15,0.24,7.7,0.047,21.0,98.0,0.31,white,0.9951,2.94,9.6,6,white,1629
6.9,0.25,0.24,1.8,0.053,6.0,121.0,0.7,white,0.993,3.23,11.4,5,white,1630
8.2,0.2,0.49,3.5,0.057,14.0,108.0,0.35,white,0.9928,3.19,11.5,6,white,1631
7.1,0.28,0.49,6.5,0.041,28.0,111.0,0.58,white,0.9926,3.41,12.2,8,white,1632
7.4,0.19,0.49,6.7,0.037,15.0,110.0,0.38,white,0.9938,3.2,11.0,7,white,1633
8.3,0.25,0.49,16.8,0.048,50.0,228.0,0.52,white,1.0001,3.03,9.2,6,white,1634
7.5,0.14,0.74,1.6,0.035,21.0,126.0,0.45,white,0.9933,3.26,10.2,6,white,1635
7.8,0.49,0.49,7.0,0.043,29.0,149.0,0.33,white,0.9952,3.21,10.0,5,white,1636
8.1,0.12,0.49,1.2,0.042,43.0,160.0,0.48,white,0.9934,3.13,9.7,6,white,1637
7.6,0.47,0.49,13.0,0.239,42.0,220.0,0.51,white,0.9988,2.96,9.2,5,white,1638
7.9,0.22,0.49,3.8,0.042,26.0,105.0,0.39,white,0.993,3.1,10.5,5,white,1639
7.8,0.49,0.49,7.0,0.043,29.0,149.0,0.33,white,0.9952,3.21,10.0,5,white,1640
6.4,0.22,0.49,7.5,0.054,42.0,151.0,0.52,white,0.9948,3.27,10.1,6,white,1641
7.3,0.19,0.49,15.55,0.058,50.0,134.0,0.36,white,0.9998,3.42,9.1,7,white,1642
8.1,0.3,0.49,12.3,0.049,50.0,144.0,0.57,white,0.9971,3.09,10.2,7,white,1643
7.3,0.19,0.49,15.55,0.058,50.0,134.0,0.36,white,0.9998,3.42,9.1,7,white,1644
7.5,0.24,0.49,9.4,0.048,50.0,149.0,0.59,white,0.9962,3.17,10.5,7,white,1645
6.4,0.22,0.49,7.5,0.054,42.0,151.0,0.52,white,0.9948,3.27,10.1,6,white,1646
7.8,0.21,0.49,1.2,0.036,20.0,99.0,0.28,white,0.99,3.05,12.1,7,white,1647
7.1,0.3,0.49,1.6,0.045,31.0,100.0,0.59,white,0.9942,3.4,10.2,5,white,1648
6.9,0.26,0.49,1.6,0.058,39.0,166.0,0.52,white,0.9965,3.65,9.4,4,white,1649
7.6,0.31,0.49,3.95,0.044,27.0,131.0,0.67,white,0.9912,3.08,12.8,7,white,1650
6.4,0.42,0.74,12.8,0.076,48.0,209.0,0.58,white,0.9978,3.12,9.0,6,white,1651
8.2,0.29,0.49,1.0,0.044,29.0,118.0,0.36,white,0.9928,3.24,10.9,4,white,1652
7.9,0.33,0.28,31.6,0.053,35.0,176.0,0.38,white,1.0103,3.15,8.8,6,white,1653
6.6,0.46,0.49,7.4,0.052,19.0,184.0,0.38,white,0.9956,3.11,9.0,5,white,1654
7.8,0.28,0.49,1.3,0.046,27.0,142.0,0.59,white,0.9936,3.09,10.2,5,white,1655
5.8,0.15,0.49,1.1,0.048,21.0,98.0,0.48,white,0.9929,3.19,9.2,5,white,1656
7.8,0.4,0.49,7.8,0.06,34.0,162.0,0.58,white,0.9966,3.26,11.3,6,white,1657
6.6,0.31,0.49,7.7,0.05,52.0,220.0,0.45,white,0.9964,3.12,8.8,5,white,1658
6.6,0.325,0.49,7.7,0.049,53.0,217.0,0.4,white,0.996,3.16,9.3,5,white,1659
6.6,0.27,0.49,7.8,0.049,62.0,217.0,0.45,white,0.9959,3.17,9.4,6,white,1660
6.7,0.26,0.49,8.3,0.047,54.0,191.0,0.4,white,0.9954,3.23,10.3,6,white,1661
6.7,0.21,0.49,1.4,0.047,30.0,114.0,0.42,white,0.9914,2.92,10.8,7,white,1662
7.9,0.33,0.28,31.6,0.053,35.0,176.0,0.38,white,1.0103,3.15,8.8,6,white,1663
8.1,0.28,0.46,15.4,0.059,32.0,177.0,0.58,white,1.0004,3.27,9.0,4,white,1664
6.5,0.13,0.37,1.0,0.036,48.0,114.0,0.51,white,0.9911,3.41,11.5,8,white,1665
7.8,0.445,0.56,1.0,0.04,8.0,84.0,0.43,white,0.9938,3.25,10.8,5,white,1666
8.8,0.39,0.34,5.9,0.055,33.0,128.0,0.51,white,0.9927,2.95,11.8,6,white,1667
7.9,0.18,0.33,1.2,0.033,20.0,72.0,0.38,white,0.9922,3.12,10.5,7,white,1668
7.1,0.31,0.38,1.2,0.036,10.0,124.0,0.44,white,0.9924,3.14,9.9,6,white,1669
7.8,0.24,0.18,6.7,0.046,33.0,160.0,0.56,white,0.9963,3.2,9.8,6,white,1670
7.0,0.35,0.3,6.5,0.028,27.0,87.0,0.42,white,0.9936,3.4,11.4,7,white,1671
6.6,0.26,0.31,4.8,0.138,41.0,168.0,0.38,white,0.9951,3.2,9.3,5,white,1672
6.6,0.27,0.31,5.3,0.137,35.0,163.0,0.38,white,0.9951,3.2,9.3,5,white,1673
6.8,0.22,0.29,8.9,0.046,82.0,188.0,0.44,white,0.9955,3.3,10.3,6,white,1674
6.2,0.27,0.32,8.8,0.047,65.0,224.0,0.47,white,0.9961,3.17,8.9,5,white,1675
7.0,0.35,0.3,6.5,0.028,27.0,87.0,0.42,white,0.9936,3.4,11.4,7,white,1676
7.3,0.23,0.37,1.8,0.032,60.0,156.0,0.35,white,0.992,3.11,11.1,6,white,1677
6.2,0.3,0.2,6.6,0.045,42.0,170.0,0.45,white,0.9944,3.36,10.4,6,white,1678
6.4,0.35,0.2,5.7,0.034,18.0,117.0,0.43,white,0.9944,3.33,10.1,5,white,1679
7.6,0.32,0.34,18.35,0.054,44.0,197.0,0.55,white,1.0008,3.22,9.0,5,white,1680
6.3,0.31,0.3,10.0,0.046,49.0,212.0,0.55,white,0.9962,3.74,11.9,6,white,1681
7.2,0.25,0.28,14.4,0.055,55.0,205.0,0.38,white,0.9986,3.12,9.0,7,white,1682
7.2,0.25,0.28,14.4,0.055,55.0,205.0,0.38,white,0.9986,3.12,9.0,7,white,1683
7.3,0.26,0.33,17.85,0.049,41.5,195.0,0.44,white,1.0,3.06,9.1,7,white,1684
7.2,0.25,0.28,14.4,0.055,55.0,205.0,0.38,white,0.9986,3.12,9.0,7,white,1685
7.4,0.26,0.37,9.4,0.047,42.0,147.0,0.72,white,0.9982,3.46,10.0,5,white,1686
7.3,0.26,0.33,17.85,0.049,41.5,195.0,0.44,white,1.0,3.06,9.1,7,white,1687
6.7,0.25,0.26,1.55,0.041,118.5,216.0,0.63,white,0.9949,3.55,9.4,3,white,1688
7.1,0.16,0.25,1.3,0.034,28.0,123.0,0.55,white,0.9915,3.27,11.4,6,white,1689
9.0,0.43,0.3,1.5,0.05,7.0,175.0,0.45,white,0.9951,3.11,9.7,4,white,1690
7.2,0.25,0.28,14.4,0.055,55.0,205.0,0.38,white,0.9986,3.12,9.0,7,white,1691
7.0,0.24,0.3,4.2,0.04,41.0,213.0,0.49,white,0.9927,3.28,11.8,6,white,1692
6.7,0.265,0.22,8.6,0.048,54.0,198.0,0.41,white,0.9955,3.25,10.2,5,white,1693
7.7,0.12,0.32,1.4,0.06,47.0,150.0,0.42,white,0.9952,3.37,9.2,6,white,1694
7.2,0.21,0.33,3.0,0.036,35.0,132.0,0.4,white,0.9928,3.25,11.0,6,white,1695
8.5,0.32,0.36,14.9,0.041,47.0,190.0,0.31,white,0.9982,3.08,10.0,6,white,1696
6.9,0.18,0.3,2.0,0.038,39.0,190.0,0.37,white,0.9914,3.32,12.2,6,white,1697
7.0,0.24,0.3,4.2,0.04,41.0,213.0,0.49,white,0.9927,3.28,11.8,6,white,1698
6.3,0.26,0.29,2.2,0.043,35.0,175.0,0.43,white,0.9918,3.38,11.6,6,white,1699
6.7,0.26,0.3,1.8,0.043,25.0,121.0,0.61,white,0.9944,3.44,10.2,6,white,1700
7.9,0.29,0.36,11.1,0.033,43.0,208.0,0.46,white,0.9969,3.14,10.3,5,white,1701
6.5,0.27,0.19,4.2,0.046,6.0,114.0,0.35,white,0.9955,3.25,8.6,4,white,1702
6.7,0.33,0.42,6.4,0.058,27.0,151.0,0.44,white,0.9954,3.16,9.6,5,white,1703
6.7,0.31,0.42,6.4,0.057,25.0,148.0,0.45,white,0.9955,3.16,9.6,5,white,1704
6.6,0.25,0.31,1.5,0.035,32.0,127.0,0.47,white,0.9921,3.41,11.3,6,white,1705
6.4,0.24,0.22,1.5,0.038,38.0,157.0,0.55,white,0.9934,3.41,9.9,6,white,1706
6.8,0.26,0.29,16.95,0.056,48.0,179.0,0.4,white,0.9998,3.45,9.6,5,white,1707
7.0,0.61,0.26,1.7,0.051,25.0,161.0,0.6,white,0.9946,3.36,10.6,4,white,1708
6.8,0.22,0.3,13.6,0.055,50.0,180.0,0.39,white,0.9984,3.44,9.8,5,white,1709
8.1,0.31,0.24,1.6,0.032,10.0,67.0,0.47,white,0.9924,3.08,10.5,5,white,1710
7.0,0.2,0.3,6.1,0.037,31.0,120.0,0.51,white,0.9939,3.24,10.8,5,white,1711
7.9,0.18,0.37,3.0,0.061,25.0,178.0,0.51,white,0.995,3.22,10.0,6,white,1712
6.6,0.34,0.27,6.2,0.059,23.0,136.0,0.49,white,0.9957,3.3,10.1,6,white,1713
6.8,0.3,0.24,6.6,0.123,35.0,116.0,0.48,white,0.9953,3.07,9.4,5,white,1714
6.5,0.18,0.34,1.6,0.04,43.0,148.0,0.59,white,0.9912,3.32,11.5,8,white,1715
7.0,0.21,0.31,6.0,0.046,29.0,108.0,0.5,white,0.9939,3.26,10.8,6,white,1716
6.8,0.27,0.32,1.5,0.044,19.0,142.0,0.43,white,0.9921,3.1,9.9,6,white,1717
9.3,0.2,0.33,1.7,0.05,28.0,178.0,0.43,white,0.9954,3.16,9.0,4,white,1718
5.8,0.23,0.27,1.8,0.043,24.0,69.0,0.31,white,0.9933,3.38,9.4,6,white,1719
7.6,0.2,0.39,2.6,0.044,30.0,180.0,0.44,white,0.9941,3.46,10.8,7,white,1720
8.2,0.15,0.48,2.7,0.052,24.0,190.0,0.45,white,0.995,3.5,10.9,7,white,1721
7.5,0.4,1.0,19.5,0.041,33.0,148.0,0.38,white,0.9977,3.24,12.0,6,white,1722
6.5,0.18,0.34,1.6,0.04,43.0,148.0,0.59,white,0.9912,3.32,11.5,8,white,1723
7.0,0.13,0.3,5.0,0.056,31.0,122.0,0.42,white,0.9945,3.47,10.5,6,white,1724
6.9,0.17,0.22,4.6,0.064,55.0,152.0,0.37,white,0.9952,3.29,9.3,6,white,1725
7.0,0.3,0.32,6.4,0.034,28.0,97.0,0.44,white,0.9924,3.23,11.8,6,white,1726
7.6,0.445,0.44,14.5,0.045,68.0,212.0,0.36,white,0.9986,3.48,10.0,6,white,1727
6.8,0.3,0.24,6.6,0.123,35.0,116.0,0.48,white,0.9953,3.07,9.4,5,white,1728
7.5,0.22,0.33,6.7,0.036,45.0,138.0,0.68,white,0.9939,3.2,11.4,6,white,1729
9.2,0.23,0.3,1.1,0.031,40.0,99.0,0.3,white,0.9929,2.94,10.4,6,white,1730
8.7,0.34,0.46,13.8,0.055,68.0,198.0,0.37,white,0.9988,3.36,9.5,6,white,1731
6.6,0.545,0.04,2.5,0.031,48.0,111.0,0.32,white,0.9906,3.14,11.9,5,white,1732
8.1,0.3,0.31,1.1,0.041,49.0,123.0,0.45,white,0.9914,2.99,11.1,6,white,1733
6.9,0.16,0.3,9.6,0.057,50.0,185.0,0.38,white,0.9978,3.39,9.6,6,white,1734
8.0,0.32,0.36,4.6,0.042,56.0,178.0,0.47,white,0.9928,3.29,12.0,6,white,1735
6.1,0.22,0.23,3.1,0.052,15.0,104.0,0.42,white,0.9948,3.14,8.7,5,white,1736
6.9,0.16,0.3,9.6,0.057,50.0,185.0,0.38,white,0.9978,3.39,9.6,6,white,1737
7.5,0.15,0.38,1.8,0.054,19.0,101.0,0.44,white,0.9946,3.24,10.0,5,white,1738
8.4,0.29,0.29,1.05,0.032,4.0,55.0,0.32,white,0.9908,2.91,11.4,4,white,1739
6.6,0.37,0.47,6.5,0.061,23.0,150.0,0.45,white,0.9954,3.14,9.6,6,white,1740
7.7,0.38,0.4,2.0,0.038,28.0,152.0,0.32,white,0.9906,3.18,12.9,6,white,1741
6.3,0.25,0.23,14.9,0.039,47.0,142.0,0.35,white,0.99705,3.14,9.7,6,white,1742
8.3,0.3,0.36,10.0,0.042,33.0,169.0,0.51,white,0.9982,3.23,9.3,6,white,1743
6.6,0.22,0.58,1.1,0.133,52.0,136.0,0.3,white,0.9932,3.1,9.1,5,white,1744
6.1,0.34,0.31,12.0,0.053,46.0,238.0,0.48,white,0.9977,3.16,8.6,5,white,1745
7.5,0.22,0.29,4.8,0.05,33.0,87.0,0.42,white,0.994,3.14,9.9,5,white,1746
8.3,0.3,0.36,10.0,0.042,33.0,169.0,0.51,white,0.9982,3.23,9.3,6,white,1747
8.0,0.27,0.24,1.2,0.044,20.0,102.0,0.42,white,0.9929,3.28,10.9,5,white,1748
6.1,0.17,0.27,1.5,0.056,45.0,135.0,0.43,white,0.9924,3.2,10.2,6,white,1749
7.4,0.18,0.3,10.4,0.045,44.0,174.0,0.57,white,0.9966,3.11,9.7,6,white,1750
6.7,0.16,0.28,2.5,0.046,40.0,153.0,0.51,white,0.9921,3.38,11.4,7,white,1751
6.1,0.255,0.44,12.3,0.045,53.0,197.0,0.54,white,0.9967,3.24,9.5,6,white,1752
7.4,0.23,0.25,1.4,0.049,43.0,141.0,0.54,white,0.9934,3.42,10.2,7,white,1753
6.4,0.16,0.28,2.2,0.042,33.0,93.0,0.43,white,0.9914,3.31,11.1,6,white,1754
6.3,0.25,0.23,14.9,0.039,47.0,142.0,0.35,white,0.99705,3.14,9.7,6,white,1755
6.7,0.27,0.25,8.0,0.053,54.0,202.0,0.43,white,0.9961,3.22,9.3,5,white,1756
6.9,0.29,0.23,8.6,0.056,56.0,215.0,0.44,white,0.9967,3.17,8.8,5,white,1757
9.6,0.21,0.28,1.2,0.038,12.0,53.0,0.46,white,0.9926,2.8,10.6,5,white,1758
6.6,0.62,0.2,8.7,0.046,81.0,224.0,0.44,white,0.99605,3.17,9.3,5,white,1759
6.4,0.28,0.19,5.4,0.042,67.0,181.0,0.35,white,0.99435,3.31,10.2,6,white,1760
8.0,0.3,0.28,5.7,0.044,31.0,124.0,0.51,white,0.9948,3.16,10.2,6,white,1761
6.4,0.17,0.27,1.5,0.037,20.0,98.0,0.42,white,0.9916,3.46,11.0,7,white,1762
7.3,0.21,0.3,10.9,0.037,18.0,112.0,0.5,white,0.997,3.4,9.6,6,white,1763
6.7,0.27,0.25,8.0,0.053,54.0,202.0,0.43,white,0.9961,3.22,9.3,5,white,1764
6.9,0.29,0.23,8.6,0.056,56.0,215.0,0.44,white,0.9967,3.17,8.8,5,white,1765
6.6,0.32,0.26,7.7,0.054,56.0,209.0,0.45,white,0.9961,3.17,8.8,5,white,1766
7.4,0.32,0.22,1.7,0.051,50.0,179.0,0.69,white,0.9955,3.28,8.9,5,white,1767
6.6,0.37,0.07,1.4,0.048,58.0,144.0,0.38,white,0.9922,3.17,10.0,5,white,1768
7.7,0.43,0.28,4.5,0.046,33.0,102.0,0.56,white,0.9918,3.16,12.2,7,white,1769
7.8,0.39,0.26,9.9,0.059,33.0,181.0,0.42,white,0.9955,3.04,10.9,6,white,1770
6.5,0.18,0.26,1.4,0.041,40.0,141.0,0.72,white,0.9941,3.34,9.5,6,white,1771
7.8,0.4,0.26,9.5,0.059,32.0,178.0,0.43,white,0.9955,3.04,10.9,6,white,1772
7.8,0.39,0.26,9.9,0.059,33.0,181.0,0.42,white,0.9955,3.04,10.9,6,white,1773
6.9,0.19,0.28,3.0,0.054,33.0,99.0,0.4,white,0.9924,3.16,10.8,6,white,1774
7.7,0.49,1.0,19.6,0.03,28.0,135.0,0.4,white,0.9973,3.24,12.0,6,white,1775
6.6,0.25,0.35,14.0,0.069,42.0,163.0,0.47,white,0.999,3.56,9.8,5,white,1776
6.5,0.18,0.26,1.4,0.041,40.0,141.0,0.72,white,0.9941,3.34,9.5,6,white,1777
6.4,0.15,0.36,1.8,0.034,43.0,150.0,0.69,white,0.9922,3.42,11.0,8,white,1778
6.4,0.15,0.36,1.8,0.034,43.0,150.0,0.69,white,0.9922,3.42,11.0,8,white,1779
8.4,0.17,0.31,5.4,0.052,47.0,150.0,0.38,white,0.9953,3.24,9.8,5,white,1780
6.1,0.32,0.37,1.8,0.051,13.0,200.0,0.44,white,0.9945,3.49,10.5,4,white,1781
8.5,0.21,0.26,9.25,0.034,73.0,142.0,0.37,white,0.9945,3.05,11.4,6,white,1782
8.7,0.45,0.4,1.5,0.067,17.0,100.0,0.57,white,0.9957,3.27,10.1,6,white,1783
6.7,0.24,0.29,6.8,0.038,54.0,127.0,0.46,white,0.9932,3.33,11.6,7,white,1784
8.5,0.21,0.26,9.25,0.034,73.0,142.0,0.37,white,0.9945,3.05,11.4,6,white,1785
7.4,0.33,0.26,2.6,0.04,29.0,115.0,0.52,white,0.9913,3.07,11.8,7,white,1786
7.2,0.26,0.3,2.1,0.033,50.0,158.0,0.43,white,0.9909,3.33,12.1,7,white,1787
8.2,0.36,0.29,7.6,0.035,37.0,122.0,0.34,white,0.9939,3.16,12.0,5,white,1788
7.8,0.2,0.24,1.6,0.026,26.0,189.0,0.74,white,0.991,3.08,12.1,7,white,1789
9.4,0.16,0.3,1.4,0.042,26.0,176.0,0.46,white,0.9954,3.15,9.1,5,white,1790
6.4,0.33,0.24,1.6,0.054,25.0,117.0,0.5,white,0.9943,3.36,9.3,5,white,1791
7.8,0.22,0.36,1.4,0.056,21.0,153.0,0.53,white,0.993,3.2,10.4,6,white,1792
7.4,0.35,0.31,17.95,0.062,42.0,187.0,0.64,white,1.0002,3.27,9.1,5,white,1793
6.6,0.37,0.24,2.0,0.064,23.0,120.0,0.54,white,0.9946,3.32,9.4,5,white,1794
6.7,0.37,0.41,6.3,0.061,22.0,149.0,0.47,white,0.9953,3.16,9.6,6,white,1795
7.1,0.37,0.32,1.4,0.037,27.0,126.0,0.62,white,0.9918,3.19,12.0,5,white,1796
6.9,0.25,0.27,9.05,0.039,37.0,128.0,0.34,white,0.9936,3.27,11.3,8,white,1797
6.8,0.23,0.29,15.4,0.073,56.0,173.0,0.41,white,0.9984,3.06,8.7,6,white,1798
6.4,0.26,0.21,7.1,0.04,35.0,162.0,0.58,white,0.9956,3.39,9.9,6,white,1799
7.6,0.3,0.22,10.2,0.049,57.0,191.0,0.4,white,0.9966,3.08,9.3,6,white,1800
9.4,0.16,0.23,1.6,0.042,14.0,67.0,0.32,white,0.9942,3.07,9.5,5,white,1801
6.8,0.23,0.29,15.4,0.073,56.0,173.0,0.41,white,0.9984,3.06,8.7,6,white,1802
6.4,0.26,0.21,7.1,0.04,35.0,162.0,0.58,white,0.9956,3.39,9.9,6,white,1803
7.6,0.3,0.22,10.2,0.049,57.0,191.0,0.4,white,0.9966,3.08,9.3,6,white,1804
7.5,0.33,0.39,12.4,0.065,29.0,119.0,0.39,white,0.9974,3.16,9.4,5,white,1805
7.6,0.38,0.2,3.4,0.046,9.0,116.0,0.41,white,0.9944,3.15,9.4,5,white,1806
8.8,0.2,0.43,15.0,0.053,60.0,184.0,0.79,white,1.0008,3.28,8.8,6,white,1807
7.5,0.33,0.39,12.4,0.065,29.0,119.0,0.39,white,0.9974,3.16,9.4,5,white,1808
8.8,0.2,0.43,15.0,0.053,60.0,184.0,0.79,white,1.0008,3.28,8.8,6,white,1809
6.6,0.36,0.21,1.5,0.049,39.0,184.0,0.41,white,0.9928,3.18,9.9,6,white,1810
7.6,0.38,0.2,3.4,0.046,9.0,116.0,0.41,white,0.9944,3.15,9.4,5,white,1811
5.6,0.46,0.24,4.8,0.042,24.0,72.0,0.37,white,0.9908,3.29,12.6,6,white,1812
7.2,0.15,0.38,1.2,0.038,18.0,110.0,0.43,white,0.9917,3.19,11.1,6,white,1813
8.2,0.42,0.29,4.1,0.03,31.0,100.0,0.32,white,0.9911,3.0,12.8,7,white,1814
6.8,0.3,0.35,2.8,0.038,10.0,164.0,0.53,white,0.9912,3.09,12.0,6,white,1815
6.7,0.27,0.3,13.9,0.029,34.0,131.0,0.5,white,0.9953,3.36,12.0,7,white,1816
7.2,0.5,0.0,0.8,0.034,46.0,114.0,0.34,white,0.9932,3.19,9.2,4,white,1817
6.0,0.26,0.29,1.0,0.032,27.0,96.0,0.44,white,0.9896,3.38,12.3,6,white,1818
6.8,0.33,0.28,1.2,0.032,38.0,131.0,0.41,white,0.9889,3.19,13.0,6,white,1819
6.8,0.3,0.35,2.8,0.038,10.0,164.0,0.53,white,0.9912,3.09,12.0,6,white,1820
7.4,0.29,0.31,1.7,0.035,23.0,110.0,0.38,white,0.9926,3.07,10.9,5,white,1821
8.2,0.42,0.29,4.1,0.03,31.0,100.0,0.32,white,0.9911,3.0,12.8,7,white,1822
7.3,0.19,0.24,6.3,0.054,34.0,231.0,0.54,white,0.9964,3.36,10.0,6,white,1823
6.5,0.32,0.12,11.5,0.033,35.0,165.0,0.32,white,0.9974,3.22,9.0,5,white,1824
7.1,0.32,0.4,1.5,0.034,13.0,84.0,0.6,white,0.9944,3.42,10.4,5,white,1825
6.5,0.32,0.12,11.5,0.033,35.0,165.0,0.32,white,0.9974,3.22,9.0,5,white,1826
7.3,0.19,0.24,6.3,0.054,34.0,231.0,0.54,white,0.9964,3.36,10.0,6,white,1827
7.3,0.17,0.23,6.3,0.051,35.0,240.0,0.54,white,0.9963,3.36,10.0,6,white,1828
7.7,0.44,0.24,11.2,0.031,41.0,167.0,0.43,white,0.9948,3.12,11.3,7,white,1829
7.7,0.44,0.24,11.2,0.031,41.0,167.0,0.43,white,0.9948,3.12,11.3,7,white,1830
7.4,0.49,0.24,15.1,0.03,34.0,153.0,0.51,white,0.9953,3.13,12.0,7,white,1831
7.7,0.44,0.24,11.2,0.031,41.0,167.0,0.43,white,0.9948,3.12,11.3,7,white,1832
7.4,0.49,0.24,15.1,0.03,34.0,153.0,0.51,white,0.9953,3.13,12.0,7,white,1833
6.4,0.21,0.3,5.6,0.044,43.0,160.0,0.41,white,0.9949,3.6,10.6,6,white,1834
8.0,0.55,0.42,12.6,0.211,37.0,213.0,0.56,white,0.9988,2.99,9.3,5,white,1835
7.0,0.19,0.23,5.7,0.123,27.0,104.0,0.54,white,0.9954,3.04,9.4,6,white,1836
7.2,0.24,0.29,2.2,0.037,37.0,102.0,0.64,white,0.992,3.27,11.0,7,white,1837
6.5,0.34,0.36,11.0,0.052,53.0,247.0,0.55,white,0.9984,3.44,9.3,6,white,1838
7.0,0.19,0.23,5.7,0.123,27.0,104.0,0.54,white,0.9954,3.04,9.4,6,white,1839
6.9,0.18,0.33,1.0,0.054,24.0,164.0,0.51,white,0.9926,3.42,10.5,5,white,1840
7.2,0.24,0.29,2.2,0.037,37.0,102.0,0.64,white,0.992,3.27,11.0,7,white,1841
8.2,0.18,0.31,11.8,0.039,96.0,249.0,0.52,white,0.9976,3.07,9.5,6,white,1842
8.3,0.28,0.45,7.8,0.059,32.0,139.0,0.77,white,0.9972,3.33,11.2,6,white,1843
6.1,0.34,0.46,4.7,0.029,21.0,94.0,0.62,white,0.991,3.29,12.3,6,white,1844
7.4,0.44,0.2,11.5,0.049,44.0,157.0,0.44,white,0.998,3.27,9.0,5,white,1845
7.6,0.26,0.58,7.9,0.041,62.0,180.0,0.38,white,0.9966,3.07,9.0,5,white,1846
7.4,0.44,0.2,11.5,0.049,44.0,157.0,0.44,white,0.998,3.27,9.0,5,white,1847
8.7,0.49,0.57,17.8,0.052,34.0,243.0,0.82,white,1.0007,2.98,9.0,5,white,1848
7.0,0.24,0.25,1.7,0.042,48.0,189.0,0.42,white,0.992,3.25,11.4,6,white,1849
7.1,0.25,0.25,1.6,0.046,50.0,181.0,0.42,white,0.9925,3.2,11.0,7,white,1850
6.1,0.34,0.46,4.7,0.029,21.0,94.0,0.62,white,0.991,3.29,12.3,6,white,1851
6.4,0.18,0.31,1.6,0.049,36.0,127.0,0.67,white,0.9934,3.6,10.4,7,white,1852
8.3,0.27,0.39,2.4,0.058,16.0,107.0,0.59,white,0.9955,3.28,10.3,5,white,1853
6.8,0.24,0.35,6.4,0.048,44.0,172.0,0.55,white,0.9944,3.29,10.5,7,white,1854
8.0,0.22,0.28,14.0,0.053,83.0,197.0,0.45,white,0.9981,3.14,9.8,6,white,1855
10.0,0.91,0.42,1.6,0.056,34.0,181.0,0.46,white,0.9968,3.11,10.0,4,white,1856
8.9,0.34,0.34,1.6,0.056,13.0,176.0,0.47,white,0.9946,3.14,9.7,5,white,1857
8.9,0.33,0.34,1.4,0.056,14.0,171.0,0.47,white,0.9946,3.13,9.7,5,white,1858
8.0,0.22,0.28,14.0,0.053,83.0,197.0,0.45,white,0.9981,3.14,9.8,6,white,1859
6.7,0.18,0.19,4.7,0.046,57.0,161.0,0.66,white,0.9946,3.32,10.5,6,white,1860
7.8,0.2,0.28,10.2,0.054,78.0,186.0,0.46,white,0.997,3.14,10.0,6,white,1861
7.3,0.13,0.31,2.3,0.054,22.0,104.0,0.92,white,0.9924,3.24,11.5,7,white,1862
6.6,0.28,0.3,7.8,0.049,57.0,202.0,0.39,white,0.9958,3.24,9.5,5,white,1863
7.1,0.25,0.3,2.4,0.042,25.0,122.0,0.61,white,0.994,3.43,10.5,6,white,1864
7.6,0.36,0.44,8.3,0.255,28.0,142.0,0.43,white,0.9958,3.12,10.2,6,white,1865
7.6,0.27,0.25,13.9,0.05,45.0,199.0,0.5,white,0.9984,3.34,9.8,6,white,1866
6.9,0.37,0.28,13.8,0.031,34.0,137.0,0.37,white,0.9948,3.1,11.6,6,white,1867
7.4,0.21,0.27,7.3,0.031,41.0,144.0,0.38,white,0.9932,3.15,11.8,7,white,1868
8.2,0.18,0.28,8.5,0.035,41.0,140.0,0.37,white,0.9952,3.04,10.1,7,white,1869
6.3,0.19,0.21,1.8,0.049,35.0,163.0,0.5,white,0.9924,3.31,10.3,6,white,1870
7.0,0.21,0.22,5.1,0.048,38.0,168.0,0.49,white,0.9945,3.34,10.4,6,white,1871
5.8,0.33,0.2,16.05,0.047,26.0,166.0,0.46,white,0.9976,3.09,8.9,5,white,1872
5.8,0.33,0.2,16.05,0.047,26.0,166.0,0.46,white,0.9976,3.09,8.9,5,white,1873
7.9,0.29,0.31,7.35,0.034,37.0,154.0,0.31,white,0.9938,3.06,10.8,5,white,1874
6.6,0.31,0.38,16.05,0.058,16.0,165.0,0.6,white,0.9997,3.38,9.2,5,white,1875
8.0,0.19,0.3,2.0,0.053,48.0,140.0,0.49,white,0.994,3.18,9.6,6,white,1876
8.0,0.2,0.36,1.2,0.032,21.0,78.0,0.37,white,0.9921,3.08,10.4,6,white,1877
8.0,0.25,0.26,14.0,0.043,41.0,248.0,0.57,white,0.9986,3.03,8.7,6,white,1878
7.2,0.2,0.61,16.2,0.043,14.0,103.0,0.36,white,0.9987,3.06,9.2,6,white,1879
7.7,0.3,0.42,14.3,0.045,45.0,213.0,0.63,white,0.9991,3.18,9.2,5,white,1880
7.2,0.2,0.61,16.2,0.043,14.0,103.0,0.36,white,0.9987,3.06,9.2,6,white,1881
7.7,0.3,0.42,14.3,0.045,45.0,213.0,0.63,white,0.9991,3.18,9.2,5,white,1882
7.7,0.3,0.42,14.3,0.045,45.0,213.0,0.63,white,0.9991,3.18,9.2,5,white,1883
6.4,0.22,0.32,7.9,0.029,34.0,124.0,0.39,white,0.9948,3.4,10.2,5,white,1884
7.2,0.2,0.61,16.2,0.043,14.0,103.0,0.36,white,0.9987,3.06,9.2,6,white,1885
7.0,0.53,0.02,1.0,0.036,39.0,107.0,0.32,white,0.993,3.2,9.0,5,white,1886
7.3,0.24,0.41,13.6,0.05,41.0,178.0,0.43,white,0.9988,3.37,9.7,5,white,1887
7.2,0.24,0.4,17.85,0.049,50.0,185.0,0.42,white,1.0,3.34,9.6,5,white,1888
7.6,0.15,0.4,1.3,0.036,24.0,112.0,0.76,white,0.9932,3.14,10.0,5,white,1889
7.7,0.3,0.42,14.3,0.045,45.0,213.0,0.63,white,0.9991,3.18,9.2,5,white,1890
7.6,0.33,0.41,13.7,0.045,44.0,197.0,0.64,white,0.9989,3.18,9.1,5,white,1891
6.8,0.24,0.31,18.3,0.046,40.0,142.0,0.41,white,1.0,3.3,8.7,5,white,1892
6.8,0.24,0.31,18.3,0.046,40.0,142.0,0.41,white,1.0,3.3,8.7,5,white,1893
6.8,0.35,0.44,6.5,0.056,31.0,161.0,0.44,white,0.9952,3.14,9.5,5,white,1894
7.9,0.26,0.33,10.3,0.039,73.0,212.0,0.49,white,0.9969,2.93,9.5,6,white,1895
7.5,0.29,0.67,8.1,0.037,53.0,166.0,0.41,white,0.9966,2.9,8.9,6,white,1896
7.5,0.29,0.67,8.1,0.037,53.0,166.0,0.41,white,0.9966,2.9,8.9,6,white,1897
7.2,0.31,0.41,8.6,0.053,15.0,89.0,0.64,white,0.9976,3.29,9.9,6,white,1898
6.7,0.44,0.31,1.9,0.03,41.0,104.0,0.62,white,0.99,3.29,12.6,7,white,1899
10.0,0.23,0.27,14.1,0.033,45.0,166.0,0.43,white,0.9988,2.72,9.7,6,white,1900
7.4,0.21,0.3,7.9,0.039,14.0,118.0,0.34,white,0.9942,2.96,10.4,5,white,1901
8.8,0.23,0.35,10.7,0.04,26.0,183.0,0.49,white,0.9984,2.93,9.1,6,white,1902
7.8,0.34,0.27,1.2,0.04,25.0,106.0,0.55,white,0.9932,3.01,10.4,5,white,1903
7.9,0.26,0.33,10.3,0.039,73.0,212.0,0.49,white,0.9969,2.93,9.5,6,white,1904
7.5,0.29,0.67,8.1,0.037,53.0,166.0,0.41,white,0.9966,2.9,8.9,6,white,1905
6.0,0.28,0.35,1.9,0.037,16.0,120.0,0.69,white,0.9933,3.16,10.6,5,white,1906
7.9,0.37,0.3,2.7,0.029,64.0,158.0,0.59,white,0.9916,3.12,12.0,7,white,1907
7.2,0.36,0.36,5.7,0.038,26.0,98.0,0.59,white,0.9914,2.93,12.5,7,white,1908
7.6,0.13,0.34,9.3,0.062,40.0,126.0,0.39,white,0.9966,3.21,9.6,5,white,1909
6.6,0.25,0.36,8.1,0.045,54.0,180.0,0.42,white,0.9958,3.08,9.2,5,white,1910
7.1,0.18,0.26,1.3,0.041,20.0,71.0,0.74,white,0.9926,3.04,9.9,6,white,1911
7.9,0.3,0.27,8.5,0.036,20.0,112.0,0.46,white,0.9939,2.96,11.7,6,white,1912
8.3,0.23,0.3,2.1,0.049,21.0,153.0,0.5,white,0.9953,3.09,9.6,6,white,1913
6.8,0.43,0.3,3.5,0.033,27.0,135.0,0.37,white,0.9906,3.0,12.0,6,white,1914
7.2,0.36,0.36,5.7,0.038,26.0,98.0,0.59,white,0.9914,2.93,12.5,7,white,1915
6.6,0.25,0.36,8.1,0.045,54.0,180.0,0.42,white,0.9958,3.08,9.2,5,white,1916
7.1,0.18,0.26,1.3,0.041,20.0,71.0,0.74,white,0.9926,3.04,9.9,6,white,1917
6.6,0.35,0.29,14.4,0.044,54.0,177.0,0.58,white,0.9991,3.17,8.9,6,white,1918
7.3,0.22,0.5,13.7,0.049,56.0,189.0,0.66,white,0.9994,3.24,9.0,6,white,1919
8.1,0.26,0.33,11.1,0.052,52.5,158.0,0.49,white,0.9976,3.03,10.2,7,white,1920
7.6,0.13,0.34,9.3,0.062,40.0,126.0,0.39,white,0.9966,3.21,9.6,5,white,1921
7.0,0.12,0.19,4.9,0.055,27.0,127.0,0.41,white,0.9953,3.29,9.4,5,white,1922
8.2,0.37,0.27,1.7,0.028,10.0,59.0,0.48,white,0.9923,2.97,10.4,5,white,1923
7.6,0.26,0.36,1.6,0.032,6.0,106.0,0.4,white,0.993,3.15,10.4,4,white,1924
6.3,0.2,0.58,1.4,0.204,15.0,97.0,0.43,white,0.9931,3.16,10.0,6,white,1925
6.3,0.22,0.57,1.4,0.208,14.0,96.0,0.43,white,0.9932,3.16,10.0,6,white,1926
7.1,0.25,0.28,1.6,0.052,46.0,169.0,0.41,white,0.9926,3.05,10.5,5,white,1927
7.0,0.27,0.32,6.8,0.047,47.0,193.0,0.39,white,0.9938,3.23,11.4,6,white,1928
8.8,0.34,0.33,9.7,0.036,46.0,172.0,0.4,white,0.9966,3.08,10.2,5,white,1929
9.2,0.27,0.34,10.5,0.043,49.0,228.0,0.41,white,0.9974,3.04,10.4,6,white,1930
7.1,0.49,0.22,2.0,0.047,146.5,307.5,0.37,white,0.9924,3.24,11.0,3,white,1931
9.2,0.71,0.23,6.2,0.042,15.0,93.0,0.34,white,0.9948,2.89,10.1,6,white,1932
7.2,0.47,0.65,8.3,0.083,27.0,182.0,0.35,white,0.9964,3.0,9.2,5,white,1933
6.8,0.28,0.36,1.6,0.04,25.0,87.0,0.66,white,0.9924,3.23,10.3,6,white,1934
8.8,0.34,0.33,9.7,0.036,46.0,172.0,0.4,white,0.9966,3.08,10.2,5,white,1935
9.2,0.27,0.34,10.5,0.043,49.0,228.0,0.41,white,0.9974,3.04,10.4,6,white,1936
7.3,0.13,0.27,4.6,0.08,34.0,172.0,0.39,white,0.9938,3.23,11.1,7,white,1937
7.2,0.16,0.35,1.2,0.031,27.0,84.0,0.34,white,0.9928,3.33,9.9,5,white,1938
6.8,0.31,0.32,7.6,0.052,35.0,143.0,0.38,white,0.9959,3.14,9.0,5,white,1939
8.3,0.36,0.57,15.0,0.052,35.0,256.0,0.64,white,1.0001,2.93,8.6,5,white,1940
6.8,0.31,0.32,7.6,0.052,35.0,143.0,0.38,white,0.9959,3.14,9.0,5,white,1941
8.3,0.36,0.57,15.0,0.052,35.0,256.0,0.64,white,1.0001,2.93,8.6,5,white,1942
6.3,0.25,0.44,11.6,0.041,48.0,195.0,0.52,white,0.9968,3.18,9.5,5,white,1943
6.0,0.45,0.42,1.1,0.051,61.0,197.0,0.4,white,0.9932,3.02,9.0,5,white,1944
8.1,0.26,0.3,7.8,0.049,39.0,152.0,0.58,white,0.9954,2.99,10.0,6,white,1945
6.4,0.22,0.32,12.0,0.066,57.0,158.0,0.43,white,0.9992,3.6,9.0,6,white,1946
5.7,0.45,0.42,1.1,0.051,61.0,197.0,0.4,white,0.9932,3.02,9.0,5,white,1947
7.2,0.19,0.31,1.4,0.046,37.0,135.0,0.57,white,0.9939,3.34,10.2,7,white,1948
6.7,0.31,0.44,6.7,0.054,29.0,160.0,0.44,white,0.9952,3.04,9.6,5,white,1949
8.0,0.25,0.13,17.2,0.036,49.0,219.0,0.46,white,0.9996,2.96,9.7,5,white,1950
9.9,1.005,0.46,1.4,0.046,34.0,185.0,0.49,white,0.9966,3.02,10.2,4,white,1951
8.1,0.31,0.36,8.2,0.028,29.0,142.0,0.34,white,0.9925,3.01,13.0,7,white,1952
8.1,0.24,0.38,4.3,0.044,49.0,172.0,0.74,white,0.996,3.37,10.8,6,white,1953
8.0,0.25,0.13,17.2,0.036,49.0,219.0,0.46,white,0.9996,2.96,9.7,5,white,1954
6.4,0.29,0.28,11.1,0.063,66.0,169.0,0.57,white,0.9973,2.89,9.0,5,white,1955
7.2,0.15,0.33,1.1,0.027,16.0,63.0,0.4,white,0.9937,3.37,9.9,5,white,1956
7.0,0.12,0.32,7.2,0.058,22.0,89.0,0.38,white,0.9966,3.29,9.2,6,white,1957
7.4,0.32,0.55,16.6,0.056,53.0,238.0,0.58,white,1.0017,2.96,8.7,6,white,1958
8.5,0.17,0.31,1.0,0.024,13.0,91.0,0.37,white,0.993,2.79,10.1,5,white,1959
8.5,0.17,0.31,1.0,0.024,13.0,91.0,0.37,white,0.993,2.79,10.1,5,white,1960
9.5,0.21,0.47,1.3,0.039,21.0,123.0,0.64,white,0.9959,2.9,9.5,5,white,1961
8.2,0.21,0.48,1.4,0.041,11.0,99.0,0.57,white,0.9958,3.17,9.9,5,white,1962
7.4,0.32,0.55,16.6,0.056,53.0,238.0,0.58,white,1.0017,2.96,8.7,6,white,1963
6.8,0.31,0.42,6.9,0.046,50.0,173.0,0.46,white,0.9958,3.19,9.0,5,white,1964
6.8,0.27,0.28,13.3,0.076,50.0,163.0,0.38,white,0.9979,3.03,8.6,6,white,1965
7.4,0.21,0.3,8.1,0.047,13.0,114.0,0.35,white,0.9941,3.12,10.5,6,white,1966
8.0,0.23,0.35,9.2,0.044,53.0,186.0,0.56,white,0.997,3.09,9.5,7,white,1967
7.6,0.2,0.31,1.4,0.047,41.0,142.0,0.53,white,0.9934,3.43,10.1,6,white,1968
6.3,0.41,0.3,3.2,0.03,49.0,164.0,0.79,white,0.9927,3.53,11.7,7,white,1969
8.3,0.49,0.43,2.5,0.036,32.0,116.0,0.47,white,0.9944,3.23,10.7,6,white,1970
6.3,0.41,0.3,3.2,0.03,49.0,164.0,0.79,white,0.9927,3.53,11.7,7,white,1971
7.6,0.2,0.26,4.5,0.086,37.0,133.0,0.42,white,0.9963,3.15,9.2,5,white,1972
7.5,0.26,0.26,18.35,0.084,33.0,139.0,0.39,white,1.0011,3.17,8.8,5,white,1973
7.5,0.26,0.26,18.35,0.084,33.0,139.0,0.39,white,1.0011,3.17,8.8,5,white,1974
6.8,0.27,0.35,7.8,0.048,76.0,197.0,0.43,white,0.9959,3.24,9.5,6,white,1975
6.8,0.28,0.37,7.0,0.057,35.0,208.0,0.55,white,0.9973,3.57,10.2,5,white,1976
8.4,0.2,0.27,6.3,0.048,30.0,143.0,0.5,white,0.9966,3.25,9.1,6,white,1977
7.9,0.33,0.26,1.2,0.044,23.0,103.0,0.54,white,0.9932,3.19,10.5,6,white,1978
7.5,0.38,0.5,12.8,0.042,57.0,184.0,0.46,white,0.9984,3.09,9.0,6,white,1979
7.6,0.2,0.3,14.2,0.056,53.0,212.5,0.46,white,0.999,3.14,8.9,8,white,1980
7.6,0.2,0.3,14.2,0.056,53.0,212.5,0.46,white,0.999,3.14,8.9,8,white,1981
7.6,0.2,0.3,14.2,0.056,53.0,212.5,0.46,white,0.999,3.14,8.9,8,white,1982
7.6,0.2,0.3,14.2,0.056,53.0,212.5,0.46,white,0.999,3.14,8.9,8,white,1983
7.6,0.2,0.3,14.2,0.056,53.0,212.5,0.46,white,0.999,3.14,8.9,8,white,1984
8.1,0.19,0.58,16.65,0.049,48.0,181.0,0.62,white,1.0006,3.2,9.1,6,white,1985
7.6,0.16,0.41,1.9,0.047,27.0,151.0,0.53,white,0.9937,3.2,10.1,6,white,1986
8.1,0.22,0.28,7.7,0.043,57.0,176.0,0.55,white,0.9954,3.12,10.0,5,white,1987
8.0,0.22,0.32,10.4,0.043,63.0,201.0,0.53,white,0.997,3.11,9.5,6,white,1988
7.1,0.33,0.3,3.3,0.034,30.0,102.0,0.31,white,0.9912,3.08,12.3,7,white,1989
6.4,0.43,0.27,1.1,0.054,5.0,110.0,0.52,white,0.9939,3.24,9.1,4,white,1990
7.6,0.2,0.3,14.2,0.056,53.0,212.5,0.46,white,0.999,3.14,8.9,8,white,1991
7.0,0.12,0.28,6.3,0.057,17.0,103.0,0.44,white,0.9957,3.5,9.6,5,white,1992
7.4,0.3,0.22,5.25,0.053,33.0,180.0,0.45,white,0.9926,3.13,11.6,6,white,1993
7.0,0.28,0.33,14.6,0.043,47.0,168.0,0.67,white,0.9994,3.34,8.8,6,white,1994
8.4,0.2,0.38,11.8,0.055,51.0,170.0,0.82,white,1.0004,3.34,8.9,6,white,1995
7.0,0.28,0.33,14.6,0.043,47.0,168.0,0.67,white,0.9994,3.34,8.8,6,white,1996
8.4,0.2,0.38,11.8,0.055,51.0,170.0,0.82,white,1.0004,3.34,8.9,6,white,1997
8.4,0.2,0.38,11.8,0.055,51.0,170.0,0.82,white,1.0004,3.34,8.9,6,white,1998
7.3,0.18,0.31,17.3,0.055,32.0,197.0,0.46,white,1.0002,3.13,9.0,6,white,1999
6.8,0.31,0.09,1.4,0.04,56.0,145.0,0.46,white,0.9922,3.19,10.0,5,white,2000
6.7,0.31,0.08,1.3,0.038,58.0,147.0,0.46,white,0.9922,3.18,10.0,5,white,2001
7.6,0.17,0.35,1.6,0.047,43.0,154.0,0.69,white,0.9934,3.36,11.1,6,white,2002
7.4,0.3,0.22,5.25,0.053,33.0,180.0,0.45,white,0.9926,3.13,11.6,6,white,2003
7.4,0.26,0.31,2.4,0.043,58.0,178.0,0.68,white,0.9941,3.42,10.6,6,white,2004
7.0,0.28,0.33,14.6,0.043,47.0,168.0,0.67,white,0.9994,3.34,8.8,6,white,2005
8.4,0.2,0.38,11.8,0.055,51.0,170.0,0.82,white,1.0004,3.34,8.9,6,white,2006
5.6,0.18,0.31,1.5,0.038,16.0,84.0,0.58,white,0.9924,3.34,10.1,6,white,2007
7.2,0.15,0.39,1.8,0.043,21.0,159.0,0.47,white,0.9948,3.52,10.0,5,white,2008
8.0,0.4,0.33,7.7,0.034,27.0,98.0,0.41,white,0.9935,3.18,12.2,7,white,2009
7.0,0.25,0.56,2.0,0.035,20.0,95.0,0.53,white,0.9918,3.23,11.0,6,white,2010
7.2,0.15,0.39,1.8,0.043,21.0,159.0,0.47,white,0.9948,3.52,10.0,5,white,2011
6.8,0.18,0.46,1.4,0.064,37.0,160.0,0.45,white,0.9924,3.37,11.1,5,white,2012
6.6,0.32,0.22,16.7,0.046,38.0,133.0,0.67,white,0.9979,3.22,10.4,6,white,2013
9.0,0.55,0.3,8.1,0.026,14.0,71.0,0.36,white,0.993,2.94,11.8,5,white,2014
6.9,0.19,0.39,8.0,0.028,22.0,84.0,0.66,white,0.994,3.11,10.8,6,white,2015
6.3,0.41,0.33,4.7,0.023,28.0,110.0,0.38,white,0.991,3.3,12.5,7,white,2016
9.0,0.55,0.3,8.1,0.026,14.0,71.0,0.36,white,0.993,2.94,11.8,5,white,2017
7.0,0.2,0.34,2.1,0.049,12.0,136.0,0.46,white,0.9922,3.25,11.6,7,white,2018
6.6,0.32,0.22,16.7,0.046,38.0,133.0,0.67,white,0.9979,3.22,10.4,6,white,2019
7.7,0.26,0.34,6.4,0.05,36.0,163.0,0.7,white,0.9937,3.19,11.5,6,white,2020
6.3,0.21,0.28,1.5,0.051,46.0,142.0,0.42,white,0.9928,3.23,10.1,6,white,2021
7.6,0.34,0.39,7.6,0.04,45.0,215.0,0.53,white,0.9965,3.11,9.2,6,white,2022
6.3,0.21,0.28,1.5,0.051,46.0,142.0,0.42,white,0.9928,3.23,10.1,6,white,2023
8.0,0.43,0.4,12.4,0.168,29.0,190.0,0.64,white,0.9991,3.07,9.2,5,white,2024
7.5,0.3,0.71,1.3,0.16,44.0,149.0,0.42,white,0.9948,3.08,8.9,5,white,2025
6.4,0.26,0.4,1.7,0.179,5.0,60.0,0.54,white,0.9925,3.09,10.1,5,white,2026
6.9,0.32,0.15,8.1,0.046,51.0,180.0,0.45,white,0.9958,3.13,8.9,5,white,2027
8.9,0.21,0.34,7.1,0.037,33.0,150.0,0.45,white,0.9962,3.1,9.7,6,white,2028
7.6,0.34,0.39,7.6,0.04,45.0,215.0,0.53,white,0.9965,3.11,9.2,6,white,2029
9.5,0.42,0.41,2.3,0.034,22.0,145.0,0.52,white,0.9951,3.06,11.0,6,white,2030
7.6,0.29,0.26,6.5,0.042,32.0,160.0,0.47,white,0.9944,3.14,10.7,5,white,2031
6.5,0.25,0.2,1.4,0.024,29.0,101.0,0.54,white,0.9916,3.24,10.8,6,white,2032
7.2,0.23,0.33,12.7,0.049,50.0,183.0,0.4,white,0.9987,3.41,9.8,5,white,2033
7.9,0.35,0.36,1.6,0.038,11.0,124.0,0.48,white,0.9928,3.25,11.0,5,white,2034
8.8,0.2,0.28,1.1,0.018,18.0,72.0,0.35,white,0.9926,2.97,10.4,5,white,2035
5.7,0.27,0.32,1.2,0.046,20.0,155.0,0.41,white,0.9934,3.8,10.2,6,white,2036
7.6,0.29,0.26,6.5,0.042,32.0,160.0,0.47,white,0.9944,3.14,10.7,5,white,2037
5.5,0.14,0.27,4.6,0.029,22.0,104.0,0.44,white,0.9949,3.34,9.0,5,white,2038
8.7,0.24,0.35,0.6,0.042,11.0,71.0,0.38,white,0.9926,3.08,10.6,5,white,2039
6.7,0.3,0.45,10.6,0.032,56.0,212.0,0.59,white,0.997,3.22,9.5,6,white,2040
5.5,0.14,0.27,4.6,0.029,22.0,104.0,0.44,white,0.9949,3.34,9.0,5,white,2041
5.6,0.13,0.27,4.8,0.028,22.0,104.0,0.45,white,0.9948,3.34,9.2,6,white,2042
7.4,0.18,0.34,2.7,0.03,30.0,107.0,0.53,white,0.992,2.97,11.0,6,white,2043
5.7,0.385,0.04,12.6,0.034,22.0,115.0,0.63,white,0.9964,3.28,9.9,6,white,2044
8.7,0.24,0.35,0.6,0.042,11.0,71.0,0.38,white,0.9926,3.08,10.6,5,white,2045
8.3,0.33,0.43,9.2,0.046,22.0,126.0,0.47,white,0.9982,3.38,9.3,5,white,2046
6.8,0.34,0.44,6.6,0.052,28.0,156.0,0.41,white,0.9955,3.14,9.6,5,white,2047
6.8,0.33,0.44,7.0,0.05,29.0,155.0,0.42,white,0.9955,3.14,9.5,5,white,2048
6.3,0.28,0.24,8.45,0.031,32.0,172.0,0.57,white,0.9958,3.39,9.7,7,white,2049
11.8,0.23,0.38,11.1,0.034,15.0,123.0,0.55,white,0.9997,2.93,9.7,3,white,2050
6.8,0.21,0.27,18.15,0.042,41.0,146.0,0.36,white,1.0001,3.3,8.7,5,white,2051
6.8,0.21,0.27,18.15,0.042,41.0,146.0,0.36,white,1.0001,3.3,8.7,5,white,2052
8.6,0.485,0.29,4.1,0.026,19.0,101.0,0.38,white,0.9918,3.01,12.4,5,white,2053
8.6,0.485,0.29,4.1,0.026,19.0,101.0,0.38,white,0.9918,3.01,12.4,5,white,2054
7.3,0.29,0.29,4.6,0.029,27.0,155.0,0.26,white,0.9931,3.07,10.6,6,white,2055
6.8,0.21,0.27,18.15,0.042,41.0,146.0,0.36,white,1.0001,3.3,8.7,5,white,2056
6.7,0.31,0.31,4.9,0.031,20.0,151.0,0.82,white,0.9926,3.36,12.0,7,white,2057
7.3,0.29,0.37,8.3,0.044,45.0,227.0,0.47,white,0.9966,3.12,9.0,5,white,2058
5.7,0.46,0.46,1.4,0.04,31.0,169.0,0.47,white,0.9932,3.13,8.8,5,white,2059
6.8,0.28,0.44,11.5,0.04,58.0,223.0,0.56,white,0.9969,3.22,9.5,5,white,2060
6.7,0.23,0.33,1.8,0.036,23.0,96.0,0.4,white,0.9925,3.32,10.8,6,white,2061
6.9,0.17,0.25,1.6,0.047,34.0,132.0,0.48,white,0.9914,3.16,11.4,5,white,2062
7.6,0.18,0.36,2.4,0.049,38.0,123.0,0.46,white,0.996,3.6,10.3,5,white,2063
6.6,0.22,0.28,4.9,0.042,51.0,180.0,0.75,white,0.9952,3.3,9.5,6,white,2064
7.8,0.27,0.28,1.8,0.05,21.0,127.0,0.44,white,0.9934,3.15,9.9,5,white,2065
7.7,0.28,0.29,4.3,0.051,25.0,142.0,0.39,white,0.9939,3.16,10.2,5,white,2066
7.6,0.29,0.29,4.4,0.051,26.0,146.0,0.39,white,0.9939,3.16,10.2,5,white,2067
5.7,0.32,0.18,1.4,0.029,26.0,104.0,0.37,white,0.9906,3.44,11.0,6,white,2068
7.1,0.33,0.25,1.6,0.03,25.0,126.0,0.34,white,0.9901,3.22,12.1,7,white,2069
7.3,0.34,0.3,1.3,0.057,25.0,173.0,0.51,white,0.9948,3.26,9.1,6,white,2070
6.5,0.19,0.26,5.2,0.04,31.0,140.0,0.68,white,0.995,3.26,9.5,6,white,2071
6.6,0.23,0.27,5.6,0.043,43.0,164.0,0.76,white,0.9953,3.27,9.5,5,white,2072
6.6,0.27,0.29,5.3,0.045,57.0,189.0,0.79,white,0.9953,3.31,9.8,5,white,2073
6.6,0.22,0.28,4.9,0.042,51.0,180.0,0.75,white,0.9952,3.3,9.5,6,white,2074
7.6,0.18,0.36,2.4,0.049,38.0,123.0,0.46,white,0.996,3.6,10.3,5,white,2075
6.8,0.36,0.32,1.6,0.039,10.0,124.0,0.67,white,0.9948,3.3,9.6,5,white,2076
7.0,0.22,0.39,2.1,0.055,39.0,198.0,0.54,white,0.9951,3.52,10.2,6,white,2077
5.9,0.17,0.3,1.4,0.042,25.0,119.0,0.72,white,0.9931,3.68,10.5,6,white,2078
7.4,0.45,0.32,7.1,0.044,17.0,117.0,0.41,white,0.9962,3.32,10.4,4,white,2079
6.8,0.36,0.32,1.6,0.039,10.0,124.0,0.67,white,0.9948,3.3,9.6,5,white,2080
7.5,0.42,0.14,10.7,0.046,18.0,95.0,0.33,white,0.9959,3.22,10.7,5,white,2081
7.5,0.33,0.32,11.1,0.036,25.0,119.0,0.34,white,0.9962,3.15,10.5,6,white,2082
9.4,0.3,0.32,10.7,0.029,14.0,111.0,0.42,white,0.9958,2.85,10.6,5,white,2083
7.9,0.17,0.32,1.6,0.053,47.0,150.0,0.76,white,0.9948,3.29,9.6,6,white,2084
7.9,0.17,0.32,1.6,0.053,47.0,150.0,0.76,white,0.9948,3.29,9.6,6,white,2085
8.2,0.17,0.32,1.5,0.05,17.0,101.0,0.58,white,0.994,3.14,9.5,5,white,2086
8.3,0.17,0.31,1.5,0.049,48.0,153.0,0.58,white,0.9942,3.12,9.4,6,white,2087
8.7,0.15,0.3,1.6,0.046,29.0,130.0,0.38,white,0.9942,3.22,9.8,6,white,2088
7.9,0.17,0.32,1.6,0.053,47.0,150.0,0.76,white,0.9948,3.29,9.6,6,white,2089
7.2,0.25,0.19,8.0,0.044,51.0,172.0,0.44,white,0.9964,3.16,9.2,5,white,2090
7.2,0.24,0.19,7.7,0.045,53.0,176.0,0.38,white,0.9958,3.17,9.5,5,white,2091
5.3,0.76,0.03,2.7,0.043,27.0,93.0,0.38,white,0.9932,3.34,9.2,5,white,2092
6.6,0.22,0.53,15.1,0.052,22.0,136.0,0.35,white,0.9986,2.94,9.4,5,white,2093
6.6,0.22,0.53,15.1,0.052,22.0,136.0,0.35,white,0.9986,2.94,9.4,5,white,2094
8.4,0.28,0.4,8.9,0.048,33.0,146.0,0.46,white,0.9988,3.4,9.3,5,white,2095
6.8,0.32,0.34,6.0,0.05,5.0,129.0,0.4,white,0.9953,3.19,9.1,5,white,2096
6.7,0.24,0.33,12.3,0.046,31.0,145.0,0.4,white,0.9983,3.36,9.5,5,white,2097
7.4,0.18,0.36,13.1,0.056,72.0,163.0,0.35,white,1.0,3.42,9.1,6,white,2098
6.0,0.16,0.3,6.7,0.043,43.0,153.0,0.46,white,0.9951,3.63,10.6,5,white,2099
6.7,0.24,0.33,12.3,0.046,31.0,145.0,0.4,white,0.9983,3.36,9.5,5,white,2100
6.8,0.28,0.35,2.3,0.042,16.0,85.0,0.56,white,0.9906,3.19,12.4,6,white,2101
6.2,0.34,0.3,11.1,0.047,28.0,237.0,0.49,white,0.9981,3.18,8.7,5,white,2102
6.0,0.27,0.15,1.5,0.056,35.0,128.0,0.45,white,0.9936,3.12,8.8,5,white,2103
6.0,0.16,0.3,6.7,0.043,43.0,153.0,0.46,white,0.9951,3.63,10.6,5,white,2104
6.8,0.32,0.34,6.0,0.05,5.0,129.0,0.4,white,0.9953,3.19,9.1,5,white,2105
8.5,0.24,0.47,15.2,0.057,40.0,234.0,0.66,white,1.0005,3.02,9.0,5,white,2106
8.1,0.24,0.33,10.2,0.048,46.0,141.0,0.48,white,0.9972,3.16,10.3,6,white,2107
7.4,0.18,0.36,13.1,0.056,72.0,163.0,0.35,white,1.0,3.42,9.1,6,white,2108
7.7,0.23,0.31,10.7,0.038,59.0,186.0,0.55,white,0.9969,3.12,9.5,6,white,2109
6.5,0.22,0.25,17.1,0.05,44.0,138.0,0.37,white,1.0001,3.3,8.8,5,white,2110
6.5,0.22,0.25,17.1,0.05,44.0,138.0,0.37,white,1.0001,3.3,8.8,5,white,2111
6.5,0.22,0.25,17.1,0.05,44.0,138.0,0.37,white,1.0001,3.3,8.8,5,white,2112
5.7,0.33,0.15,1.9,0.05,20.0,93.0,0.62,white,0.9934,3.38,9.9,5,white,2113
7.7,0.23,0.31,10.7,0.038,59.0,186.0,0.55,white,0.9969,3.12,9.5,6,white,2114
6.5,0.22,0.25,17.1,0.05,44.0,138.0,0.37,white,1.0001,3.3,8.8,5,white,2115
6.8,0.2,0.27,1.2,0.034,19.0,68.0,0.37,white,0.9902,3.14,11.7,4,white,2116
7.7,0.26,0.32,1.2,0.04,26.0,117.0,0.56,white,0.993,3.21,10.8,5,white,2117
6.4,0.2,0.32,3.1,0.041,18.0,126.0,0.42,white,0.9914,3.43,12.0,6,white,2118
8.0,0.16,0.36,1.5,0.033,14.0,122.0,0.39,white,0.9941,3.2,10.3,4,white,2119
6.8,0.25,0.27,10.7,0.076,47.0,154.0,0.38,white,0.9967,3.05,9.0,5,white,2120
7.7,0.39,0.28,4.9,0.035,36.0,109.0,0.58,white,0.9918,3.19,12.2,7,white,2121
6.9,0.26,0.33,12.6,0.051,59.0,173.0,0.38,white,0.998,3.39,9.9,5,white,2122
6.8,0.25,0.27,10.7,0.076,47.0,154.0,0.38,white,0.9967,3.05,9.0,5,white,2123
7.7,0.39,0.28,4.9,0.035,36.0,109.0,0.58,white,0.9918,3.19,12.2,7,white,2124
6.0,0.28,0.22,12.15,0.048,42.0,163.0,0.46,white,0.9957,3.2,10.1,5,white,2125
6.5,0.43,0.28,12.0,0.056,23.0,174.0,0.55,white,0.9986,3.31,9.3,5,white,2126
9.1,0.33,0.38,1.7,0.062,50.5,344.0,0.7,white,0.9958,3.1,9.5,5,white,2127
5.9,0.5,0.05,2.6,0.054,36.0,146.0,0.5,white,0.9948,3.43,9.2,6,white,2128
6.8,0.28,0.39,1.4,0.036,15.0,115.0,0.72,white,0.9918,3.27,11.7,5,white,2129
7.0,0.35,0.24,1.9,0.04,21.0,144.0,0.38,white,0.9923,3.35,11.0,5,white,2130
7.1,0.22,0.32,16.9,0.056,49.0,158.0,0.38,white,0.9998,3.37,9.6,6,white,2131
7.1,0.22,0.32,16.9,0.056,49.0,158.0,0.38,white,0.9998,3.37,9.6,6,white,2132
8.3,0.24,0.27,2.1,0.03,22.0,162.0,0.68,white,0.9914,2.99,11.9,6,white,2133
6.8,0.26,0.32,7.0,0.041,38.0,118.0,0.52,white,0.9939,3.25,10.8,6,white,2134
7.2,0.16,0.26,7.1,0.054,41.0,224.0,0.55,white,0.9966,3.38,10.1,5,white,2135
7.9,0.18,0.36,5.9,0.058,31.0,132.0,0.52,white,0.995,3.25,10.9,6,white,2136
7.2,0.16,0.26,7.1,0.054,41.0,224.0,0.55,white,0.9966,3.38,10.1,5,white,2137
5.5,0.24,0.32,8.7,0.06,19.0,102.0,0.31,white,0.994,3.27,10.4,5,white,2138
7.1,0.33,0.64,13.2,0.056,12.0,105.0,0.39,white,0.9972,3.05,9.2,5,white,2139
7.7,0.28,0.35,15.3,0.056,31.0,117.0,0.5,white,0.9998,3.27,9.6,5,white,2140
7.7,0.28,0.35,15.3,0.056,31.0,117.0,0.5,white,0.9998,3.27,9.6,5,white,2141
7.5,0.26,0.52,13.2,0.047,64.0,179.0,0.46,white,0.9982,3.1,9.0,5,white,2142
6.5,0.14,0.32,2.7,0.037,18.0,89.0,0.74,white,0.9924,3.4,11.5,7,white,2143
8.2,0.21,0.32,10.65,0.053,53.0,145.0,0.48,white,0.9972,3.17,10.2,6,white,2144
7.2,0.2,0.31,10.0,0.054,49.0,165.0,0.42,white,0.997,3.4,9.9,6,white,2145
7.2,0.115,0.3,6.8,0.056,26.0,105.0,0.4,white,0.9954,3.44,9.6,6,white,2146
6.4,0.29,0.2,15.6,0.04,20.0,142.0,0.54,white,0.9962,3.1,10.6,5,white,2147
7.1,0.33,0.64,13.2,0.056,12.0,105.0,0.39,white,0.9972,3.05,9.2,5,white,2148
6.8,0.24,0.34,5.1,0.038,31.0,99.0,0.46,white,0.9921,3.24,11.8,6,white,2149
7.0,0.24,0.34,3.0,0.035,36.0,102.0,0.43,white,0.9905,3.18,12.2,6,white,2150
7.7,0.28,0.35,15.3,0.056,31.0,117.0,0.5,white,0.9998,3.27,9.6,5,white,2151
7.0,0.22,0.33,2.1,0.052,15.0,76.0,0.41,white,0.993,3.2,10.6,6,white,2152
7.5,0.18,0.39,1.9,0.054,23.0,91.0,0.45,white,0.9941,3.27,10.3,6,white,2153
9.8,0.93,0.45,8.6,0.052,34.0,187.0,0.59,white,0.9994,3.12,10.2,4,white,2154
7.8,0.29,0.33,8.75,0.035,33.0,181.0,0.46,white,0.9962,3.11,10.7,5,white,2155
7.9,0.28,0.32,3.6,0.038,9.0,76.0,0.31,white,0.992,3.05,11.7,4,white,2156
8.5,0.25,0.27,4.7,0.031,31.0,92.0,0.33,white,0.9922,3.01,12.0,6,white,2157
7.4,0.18,0.27,1.3,0.048,26.0,105.0,0.66,white,0.994,3.52,10.6,6,white,2158
6.3,0.24,0.37,1.8,0.031,6.0,61.0,0.34,white,0.9897,3.3,12.2,4,white,2159
6.0,0.33,0.38,9.7,0.04,29.0,124.0,0.48,white,0.9954,3.47,11.0,6,white,2160
6.8,0.37,0.28,4.0,0.03,29.0,79.0,0.46,white,0.99,3.23,12.4,7,white,2161
9.9,0.49,0.23,2.4,0.087,19.0,115.0,0.44,white,0.9948,2.77,9.4,6,white,2162
8.5,0.25,0.27,4.7,0.031,31.0,92.0,0.33,white,0.9922,3.01,12.0,6,white,2163
8.4,0.22,0.28,18.8,0.028,55.0,130.0,0.35,white,0.998,2.96,11.6,5,white,2164
7.0,0.35,0.31,1.8,0.069,15.0,162.0,0.47,white,0.9944,3.18,9.4,5,white,2165
7.0,0.35,0.31,1.8,0.069,15.0,162.0,0.47,white,0.9944,3.18,9.4,5,white,2166
7.4,0.19,0.3,12.8,0.053,48.5,229.0,0.49,white,0.9986,3.14,9.1,7,white,2167
7.4,0.19,0.3,12.8,0.053,48.5,229.0,0.49,white,0.9986,3.14,9.1,7,white,2168
7.4,0.19,0.3,12.8,0.053,48.5,229.0,0.49,white,0.9986,3.14,9.1,7,white,2169
7.4,0.19,0.3,12.8,0.053,48.5,229.0,0.49,white,0.9986,3.14,9.1,7,white,2170
7.4,0.19,0.3,12.8,0.053,48.5,229.0,0.49,white,0.9986,3.14,9.1,7,white,2171
6.9,0.32,0.13,7.8,0.042,11.0,117.0,0.37,white,0.996,3.23,9.2,5,white,2172
7.6,0.32,0.58,16.75,0.05,43.0,163.0,0.54,white,0.9999,3.15,9.2,5,white,2173
7.4,0.19,0.3,12.8,0.053,48.5,229.0,0.49,white,0.9986,3.14,9.1,7,white,2174
7.4,0.19,0.3,12.8,0.053,48.5,212.0,0.49,white,0.9986,3.14,9.1,7,white,2175
6.9,0.32,0.13,7.8,0.042,11.0,117.0,0.37,white,0.996,3.23,9.2,5,white,2176
6.0,0.34,0.24,5.4,0.06,23.0,126.0,0.44,white,0.9951,3.25,9.0,7,white,2177
7.6,0.32,0.58,16.75,0.05,43.0,163.0,0.54,white,0.9999,3.15,9.2,5,white,2178
7.7,0.24,0.31,1.3,0.047,33.0,106.0,0.55,white,0.993,3.22,10.8,6,white,2179
8.0,0.36,0.43,10.1,0.053,29.0,146.0,0.46,white,0.9982,3.4,9.5,6,white,2180
7.4,0.29,0.25,3.8,0.044,30.0,114.0,0.4,white,0.992,3.11,11.0,6,white,2181
6.6,0.32,0.27,10.9,0.041,37.0,146.0,0.47,white,0.9963,3.24,10.0,5,white,2182
6.3,0.3,0.24,6.6,0.04,38.0,141.0,0.47,white,0.995,3.22,9.5,5,white,2183
6.4,0.33,0.24,9.8,0.041,29.0,109.0,0.47,white,0.9956,3.29,10.1,6,white,2184
7.5,0.18,0.31,11.7,0.051,24.0,94.0,0.44,white,0.997,3.19,9.5,7,white,2185
6.5,0.39,0.81,1.2,0.217,14.0,74.0,0.53,white,0.9936,3.08,9.5,5,white,2186
6.8,0.25,0.18,1.4,0.056,13.0,137.0,0.42,white,0.9935,3.11,9.5,5,white,2187
6.4,0.18,0.32,9.6,0.052,24.0,90.0,0.49,white,0.9963,3.35,9.4,6,white,2188
7.1,0.18,0.32,12.2,0.048,36.0,125.0,0.54,white,0.9967,2.92,9.4,6,white,2189
7.6,0.27,0.42,2.6,0.044,29.0,110.0,0.51,white,0.9912,3.31,12.7,6,white,2190
9.2,0.23,0.35,10.7,0.037,34.0,145.0,0.32,white,0.9981,3.09,9.7,5,white,2191
7.9,0.28,0.41,4.9,0.058,31.0,153.0,0.51,white,0.9966,3.27,9.7,6,white,2192
7.1,0.18,0.32,12.2,0.048,36.0,125.0,0.54,white,0.9967,2.92,9.4,6,white,2193
6.4,0.18,0.32,9.6,0.052,24.0,90.0,0.49,white,0.9963,3.35,9.4,6,white,2194
6.8,0.25,0.18,1.4,0.056,13.0,137.0,0.42,white,0.9935,3.11,9.5,5,white,2195
7.0,0.22,0.26,1.1,0.037,20.0,71.0,0.38,white,0.9902,3.1,11.7,6,white,2196
7.3,0.18,0.29,1.0,0.036,26.0,101.0,0.37,white,0.99,3.09,11.7,6,white,2197
7.1,0.26,0.19,8.2,0.051,53.0,187.0,0.52,white,0.996,3.16,9.7,5,white,2198
6.6,0.25,0.42,11.3,0.049,77.0,231.0,0.52,white,0.9966,3.24,9.5,6,white,2199
6.4,0.24,0.23,7.3,0.069,31.0,157.0,0.53,white,0.9962,3.25,9.1,5,white,2200
6.0,0.28,0.27,2.3,0.051,23.0,147.0,0.67,white,0.994,3.23,10.3,6,white,2201
7.1,0.26,0.19,8.2,0.051,53.0,187.0,0.52,white,0.996,3.16,9.7,5,white,2202
7.8,0.24,0.38,2.1,0.058,14.0,167.0,0.55,white,0.994,3.21,9.9,5,white,2203
7.6,0.27,0.33,2.0,0.059,19.0,175.0,0.56,white,0.9944,3.22,9.9,5,white,2204
7.7,0.39,0.34,10.0,0.056,35.0,178.0,0.6,white,0.9974,3.26,10.2,5,white,2205
8.9,0.24,0.33,15.75,0.035,16.0,132.0,0.37,white,0.996,3.0,12.1,6,white,2206
6.6,0.23,0.24,3.9,0.045,36.0,138.0,0.64,white,0.9922,3.15,11.3,7,white,2207
7.1,0.26,0.3,2.0,0.031,13.0,128.0,0.49,white,0.9917,3.19,11.4,5,white,2208
7.0,0.32,0.35,1.5,0.039,24.0,125.0,0.64,white,0.9918,3.17,12.2,6,white,2209
7.4,0.24,0.26,1.6,0.058,53.0,150.0,0.5,white,0.9936,3.18,9.9,7,white,2210
6.9,0.21,0.33,1.4,0.056,35.0,136.0,0.78,white,0.9938,3.63,10.3,6,white,2211
7.0,0.32,0.35,1.5,0.039,24.0,125.0,0.64,white,0.9918,3.17,12.2,6,white,2212
7.4,0.17,0.29,1.4,0.047,23.0,107.0,0.65,white,0.9939,3.52,10.4,6,white,2213
7.1,0.26,0.3,2.0,0.031,13.0,128.0,0.49,white,0.9917,3.19,11.4,5,white,2214
8.5,0.28,0.34,13.8,0.041,32.0,161.0,0.4,white,0.9981,3.13,9.9,6,white,2215
7.8,0.3,0.37,1.3,0.051,16.0,96.0,0.62,white,0.9941,3.32,10.0,5,white,2216
8.1,0.25,0.38,3.8,0.051,18.0,129.0,0.38,white,0.9928,3.21,11.5,6,white,2217
7.7,0.28,0.29,6.9,0.041,29.0,163.0,0.6,white,0.9952,3.44,10.5,6,white,2218
6.5,0.24,0.36,2.2,0.027,36.0,134.0,0.36,white,0.9898,3.28,12.5,7,white,2219
7.0,0.22,0.32,1.6,0.045,40.0,120.0,0.44,white,0.9914,2.98,10.5,6,white,2220
8.5,0.28,0.34,13.8,0.041,32.0,161.0,0.4,white,0.9981,3.13,9.9,6,white,2221
8.0,0.45,0.28,10.8,0.051,25.0,157.0,0.47,white,0.9957,3.06,11.4,7,white,2222
6.9,0.23,0.33,12.8,0.056,44.0,169.0,0.42,white,0.998,3.42,9.8,6,white,2223
8.0,0.45,0.28,10.8,0.051,25.0,157.0,0.47,white,0.9957,3.06,11.4,7,white,2224
7.6,0.23,0.26,15.3,0.067,32.0,166.0,0.44,white,0.9986,3.03,9.2,4,white,2225
7.7,0.28,0.58,12.1,0.046,60.0,177.0,0.46,white,0.9983,3.08,8.9,5,white,2226
7.7,0.27,0.61,12.0,0.046,64.0,179.0,0.46,white,0.9982,3.07,8.9,5,white,2227
7.1,0.2,0.36,11.6,0.042,45.0,124.0,0.59,white,0.997,2.92,9.5,7,white,2228
6.9,0.25,0.35,9.2,0.034,42.0,150.0,0.36,white,0.9947,3.21,11.5,6,white,2229
7.1,0.2,0.36,11.6,0.042,45.0,124.0,0.59,white,0.997,2.92,9.5,7,white,2230
6.9,0.25,0.35,9.2,0.034,42.0,150.0,0.36,white,0.9947,3.21,11.5,6,white,2231
8.4,0.2,0.31,2.8,0.054,16.0,89.0,0.45,white,0.99416,2.96,9.5,6,white,2232
6.5,0.39,0.35,1.6,0.049,10.0,164.0,0.51,white,0.99516,3.35,9.7,5,white,2233
7.2,0.23,0.38,6.1,0.067,20.0,90.0,0.79,white,0.99496,3.17,9.7,5,white,2234
6.9,0.44,0.42,8.5,0.048,10.0,147.0,0.46,white,0.9974,3.32,9.5,6,white,2235
7.1,0.28,0.19,7.8,0.04,48.0,184.0,0.5,white,0.99579,3.16,9.4,5,white,2236
6.4,0.34,0.2,14.9,0.06,37.0,162.0,0.45,white,0.9983,3.13,9.0,4,white,2237
6.1,0.15,0.29,6.2,0.046,39.0,151.0,0.44,white,0.99471,3.6,10.6,6,white,2238
6.9,0.44,0.42,8.5,0.048,10.0,147.0,0.46,white,0.9974,3.32,9.5,6,white,2239
7.2,0.29,0.18,8.2,0.042,41.0,180.0,0.49,white,0.99644,3.16,9.1,5,white,2240
7.1,0.28,0.19,7.8,0.04,48.0,184.0,0.5,white,0.99579,3.16,9.4,5,white,2241
6.1,0.23,0.45,10.6,0.094,49.0,169.0,0.54,white,0.99699,3.05,8.8,5,white,2242
6.7,0.23,0.42,11.2,0.047,52.0,171.0,0.74,white,0.99758,3.54,10.4,5,white,2243
7.0,0.36,0.14,11.6,0.043,35.0,228.0,0.51,white,0.9977,3.13,8.9,5,white,2244
7.5,0.31,0.24,7.1,0.031,28.0,141.0,0.38,white,0.99397,3.16,10.6,7,white,2245
6.4,0.34,0.2,14.9,0.06,37.0,162.0,0.45,white,0.9983,3.13,9.0,4,white,2246
6.1,0.15,0.29,6.2,0.046,39.0,151.0,0.44,white,0.99471,3.6,10.6,6,white,2247
7.4,0.2,0.29,1.7,0.047,16.0,100.0,0.45,white,0.99243,3.28,10.6,6,white,2248
6.3,0.27,0.18,7.7,0.048,45.0,186.0,0.47,white,0.9962,3.23,9.0,5,white,2249
9.2,0.34,0.54,17.3,0.06,46.0,235.0,0.61,white,1.00182,3.08,8.8,6,white,2250
7.4,0.18,0.29,1.4,0.042,34.0,101.0,0.6,white,0.99384,3.54,10.5,7,white,2251
7.2,0.29,0.2,7.7,0.046,51.0,174.0,0.52,white,0.99582,3.16,9.5,5,white,2252
6.3,0.27,0.18,7.7,0.048,45.0,186.0,0.47,white,0.9962,3.23,9.0,5,white,2253
6.2,0.26,0.19,3.4,0.049,47.0,172.0,0.43,white,0.9924,3.14,10.4,6,white,2254
7.3,0.21,0.21,1.6,0.046,35.0,133.0,0.46,white,0.99466,3.38,10.0,6,white,2255
7.1,0.14,0.35,1.4,0.039,24.0,128.0,0.68,white,0.99212,2.97,10.4,5,white,2256
7.2,0.39,0.54,1.4,0.157,34.0,132.0,0.53,white,0.99449,3.11,9.0,6,white,2257
7.6,0.48,0.28,10.4,0.049,57.0,205.0,0.45,white,0.99748,3.24,9.3,5,white,2258
7.2,0.39,0.54,1.4,0.157,34.0,132.0,0.53,white,0.99449,3.11,9.0,6,white,2259
7.6,0.48,0.28,10.4,0.049,57.0,205.0,0.45,white,0.99748,3.24,9.3,5,white,2260
6.5,0.36,0.31,4.1,0.061,20.0,134.0,0.45,white,0.99475,3.18,9.0,6,white,2261
8.5,0.25,0.31,2.8,0.032,11.0,61.0,0.44,white,0.99189,3.06,11.5,6,white,2262
6.9,0.3,0.21,15.7,0.056,49.0,159.0,0.48,white,0.99827,3.11,9.0,5,white,2263
6.6,0.19,0.43,10.9,0.045,53.0,154.0,0.77,white,0.99752,3.52,10.4,6,white,2264
6.9,0.3,0.21,15.7,0.056,49.0,159.0,0.48,white,0.99827,3.11,9.0,5,white,2265
9.4,0.42,0.32,6.5,0.027,20.0,167.0,0.43,white,0.99479,3.08,10.6,5,white,2266
6.6,0.19,0.43,10.9,0.045,53.0,154.0,0.77,white,0.99752,3.52,10.4,6,white,2267
6.3,0.2,0.3,5.9,0.034,35.0,152.0,0.4,white,0.99642,3.47,8.5,6,white,2268
8.5,0.19,0.56,17.3,0.055,47.0,169.0,0.67,white,1.00047,3.07,9.3,6,white,2269
7.3,0.19,0.25,1.4,0.051,41.0,107.0,0.66,white,0.99382,3.53,10.5,7,white,2270
6.7,0.25,0.26,13.5,0.06,50.0,156.0,0.46,white,0.99784,3.39,9.9,6,white,2271
6.2,0.25,0.28,8.5,0.035,28.0,108.0,0.42,white,0.99486,3.4,10.4,6,white,2272
6.1,0.46,0.32,6.2,0.053,10.0,94.0,0.47,white,0.99537,3.35,10.1,5,white,2273
7.3,0.19,0.25,1.4,0.051,41.0,107.0,0.66,white,0.99382,3.53,10.5,7,white,2274
7.5,0.29,0.26,14.95,0.067,47.0,178.0,0.49,white,0.99838,3.04,9.2,4,white,2275
6.7,0.31,0.18,7.7,0.043,57.0,200.0,0.44,white,0.99566,3.17,9.4,6,white,2276
7.4,0.14,0.3,1.3,0.033,25.0,91.0,0.39,white,0.99268,3.53,10.6,6,white,2277
6.7,0.31,0.18,7.7,0.043,57.0,200.0,0.44,white,0.99566,3.17,9.4,6,white,2278
7.1,0.4,0.52,1.3,0.148,45.0,149.0,0.56,white,0.99468,3.08,8.7,5,white,2279
6.4,0.16,0.25,1.3,0.047,20.0,77.0,0.54,white,0.9933,3.61,10.2,6,white,2280
6.3,0.16,0.22,1.3,0.046,18.0,66.0,0.55,white,0.99307,3.61,10.3,6,white,2281
7.4,0.33,0.26,15.6,0.049,67.0,210.0,0.68,white,0.99907,3.06,9.5,5,white,2282
7.4,0.33,0.26,15.6,0.049,67.0,210.0,0.68,white,0.99907,3.06,9.5,5,white,2283
7.4,0.33,0.26,15.6,0.049,67.0,210.0,0.68,white,0.99907,3.06,9.5,5,white,2284
7.4,0.33,0.26,15.6,0.049,67.0,210.0,0.68,white,0.99907,3.06,9.5,5,white,2285
6.6,0.41,0.24,4.9,0.158,47.0,144.0,0.49,white,0.99471,3.17,9.4,5,white,2286
6.7,0.43,0.23,5.0,0.157,49.0,145.0,0.49,white,0.99471,3.17,9.4,5,white,2287
7.4,0.33,0.26,15.6,0.049,67.0,210.0,0.68,white,0.99907,3.06,9.5,5,white,2288
7.3,0.4,0.28,6.5,0.037,26.0,97.0,0.58,white,0.99148,3.16,12.6,7,white,2289
7.4,0.18,0.24,1.4,0.047,21.0,106.0,0.64,white,0.99383,3.52,10.5,7,white,2290
8.6,0.17,0.28,2.7,0.047,38.0,150.0,0.56,white,0.99365,3.1,10.8,6,white,2291
6.5,0.32,0.23,1.2,0.054,39.0,208.0,0.46,white,0.99272,3.18,9.9,6,white,2292
7.3,0.4,0.28,6.5,0.037,26.0,97.0,0.58,white,0.99148,3.16,12.6,7,white,2293
7.0,0.32,0.31,6.4,0.031,38.0,115.0,0.58,white,0.99235,3.38,12.2,7,white,2294
7.5,0.42,0.19,6.9,0.041,62.0,150.0,0.37,white,0.99508,3.23,10.0,6,white,2295
6.9,0.28,0.31,7.2,0.04,47.0,168.0,0.57,white,0.9946,3.29,10.6,7,white,2296
6.5,0.29,0.42,10.6,0.042,66.0,202.0,0.53,white,0.99674,3.24,9.5,6,white,2297
6.3,0.41,0.18,3.5,0.027,23.0,109.0,0.54,white,0.99018,3.34,12.8,8,white,2298
7.0,0.32,0.31,6.4,0.031,38.0,115.0,0.58,white,0.99235,3.38,12.2,7,white,2299
7.3,0.3,0.33,2.3,0.043,28.0,125.0,0.44,white,0.99084,3.34,12.6,7,white,2300
6.6,0.22,0.28,12.05,0.058,25.0,125.0,0.45,white,0.99856,3.45,9.4,5,white,2301
6.0,0.26,0.18,7.0,0.055,50.0,194.0,0.43,white,0.99591,3.21,9.0,5,white,2302
6.9,0.44,0.18,11.8,0.051,26.0,126.0,0.48,white,0.9975,3.23,9.1,5,white,2303
7.5,0.42,0.2,1.4,0.06,15.0,168.0,0.4,white,0.9944,3.06,9.4,6,white,2304
7.0,0.36,0.3,5.0,0.04,40.0,143.0,0.42,white,0.99173,3.33,12.2,7,white,2305
5.6,0.295,0.2,2.2,0.049,18.0,134.0,0.68,white,0.99378,3.21,10.0,5,white,2306
6.8,0.21,0.55,14.6,0.053,34.0,159.0,0.44,white,0.99805,2.93,9.2,5,white,2307
9.4,0.28,0.3,1.6,0.045,36.0,139.0,0.49,white,0.99534,3.11,9.3,5,white,2308
8.1,0.28,0.34,1.3,0.035,11.0,126.0,0.5,white,0.99232,3.14,9.8,6,white,2309
6.8,0.21,0.55,14.6,0.053,34.0,159.0,0.44,white,0.99805,2.93,9.2,5,white,2310
7.0,0.22,0.26,2.8,0.036,44.0,132.0,0.41,white,0.99078,3.34,12.0,7,white,2311
9.4,0.28,0.3,1.6,0.045,36.0,139.0,0.49,white,0.99534,3.11,9.3,5,white,2312
6.8,0.32,0.3,3.3,0.029,15.0,80.0,0.63,white,0.99061,3.33,12.6,7,white,2313
7.0,0.19,0.33,6.3,0.032,42.0,127.0,0.38,white,0.99182,3.31,12.2,6,white,2314
7.7,0.42,0.38,8.1,0.061,49.0,144.0,0.58,white,0.9966,3.4,11.0,6,white,2315
7.4,0.2,0.31,1.6,0.038,34.0,116.0,0.39,white,0.9912,3.25,12.0,7,white,2316
7.5,0.24,0.62,10.6,0.045,51.0,153.0,0.44,white,0.99779,3.16,8.8,5,white,2317
7.5,0.26,0.59,11.8,0.046,58.0,164.0,0.46,white,0.99814,3.17,8.9,4,white,2318
6.6,0.4,0.32,1.7,0.035,39.0,84.0,0.48,white,0.99096,3.59,12.7,7,white,2319
8.0,0.2,0.3,8.1,0.037,42.0,130.0,0.67,white,0.99379,3.1,11.8,6,white,2320
4.6,0.445,0.0,1.4,0.053,11.0,178.0,0.55,white,0.99426,3.79,10.2,5,white,2321
6.1,0.41,0.04,1.3,0.036,23.0,121.0,0.61,white,0.99228,3.24,9.9,6,white,2322
7.6,0.2,0.34,1.8,0.041,42.0,148.0,0.66,white,0.99335,3.35,11.1,6,white,2323
6.9,0.3,0.21,7.2,0.045,54.0,190.0,0.48,white,0.99595,3.22,9.4,5,white,2324
7.0,0.35,0.17,1.1,0.049,7.0,119.0,0.36,white,0.99297,3.13,9.7,6,white,2325
6.9,0.35,0.55,11.95,0.038,22.0,111.0,0.29,white,0.99687,3.11,9.7,5,white,2326
7.0,0.35,0.17,1.1,0.049,7.0,119.0,0.36,white,0.99297,3.13,9.7,6,white,2327
6.9,0.35,0.55,11.95,0.038,22.0,111.0,0.29,white,0.99687,3.11,9.7,5,white,2328
7.6,0.3,0.4,2.2,0.054,29.0,175.0,0.53,white,0.99445,3.19,9.8,5,white,2329
7.5,0.38,0.29,12.7,0.05,25.0,209.0,0.59,white,0.9986,3.25,9.3,6,white,2330
7.5,0.3,0.32,1.4,0.032,31.0,161.0,0.42,white,0.99154,2.95,10.5,5,white,2331
6.3,0.4,0.32,10.6,0.049,38.0,209.0,0.59,white,0.9981,3.47,9.3,6,white,2332
6.8,0.37,0.28,1.9,0.024,64.0,106.0,0.6,white,0.98993,3.45,12.6,8,white,2333
7.5,0.23,0.35,17.8,0.058,128.0,212.0,0.43,white,1.00241,3.44,8.9,5,white,2334
8.3,0.27,0.34,10.2,0.048,50.0,118.0,0.51,white,0.99716,3.18,10.3,5,white,2335
6.8,0.26,0.22,4.8,0.041,110.0,198.0,0.67,white,0.99437,3.29,10.6,5,white,2336
6.5,0.28,0.35,9.8,0.067,61.0,180.0,0.57,white,0.9972,3.15,9.0,4,white,2337
7.2,0.34,0.3,8.4,0.051,40.0,167.0,0.62,white,0.99756,3.48,9.7,5,white,2338
7.0,0.23,0.26,7.2,0.041,21.0,90.0,0.55,white,0.99509,3.22,9.5,6,white,2339
7.7,0.29,0.29,4.8,0.06,27.0,156.0,0.59,white,0.99572,3.49,10.3,6,white,2340
7.2,0.34,0.3,8.4,0.051,40.0,167.0,0.62,white,0.99756,3.48,9.7,5,white,2341
7.7,0.4,0.27,4.5,0.034,27.0,95.0,0.59,white,0.99175,3.21,12.3,8,white,2342
6.7,0.17,0.27,1.4,0.032,39.0,149.0,0.52,white,0.99254,3.4,10.5,5,white,2343
7.0,0.23,0.26,7.2,0.041,21.0,90.0,0.55,white,0.99509,3.22,9.5,6,white,2344
8.1,0.24,0.26,11.0,0.043,41.0,211.0,0.49,white,0.99676,3.11,10.0,6,white,2345
7.7,0.28,0.63,11.1,0.039,58.0,179.0,0.44,white,0.9979,3.08,8.8,4,white,2346
7.5,0.23,0.29,2.6,0.031,24.0,98.0,0.54,white,0.99194,3.0,10.9,6,white,2347
8.3,0.26,0.31,2.0,0.029,14.0,141.0,0.77,white,0.99077,2.95,12.2,6,white,2348
7.9,0.46,0.4,10.1,0.168,19.0,184.0,0.62,white,0.99782,3.06,9.5,5,white,2349
7.9,0.31,0.22,13.3,0.048,46.0,212.0,0.59,white,0.99942,3.47,10.0,5,white,2350
7.9,0.25,0.34,11.4,0.04,53.0,202.0,0.57,white,0.99708,3.11,9.6,6,white,2351
6.1,0.28,0.16,1.3,0.06,36.0,126.0,0.46,white,0.99353,3.13,8.7,6,white,2352
7.0,0.18,0.26,1.4,0.044,46.0,89.0,0.48,white,0.99256,3.39,10.7,7,white,2353
6.5,0.21,0.28,1.4,0.046,26.0,66.0,0.48,white,0.99199,3.43,11.1,6,white,2354
7.6,0.48,0.33,7.0,0.024,14.0,130.0,0.45,white,0.9918,3.25,12.5,7,white,2355
7.1,0.34,0.32,2.0,0.051,29.0,130.0,0.5,white,0.99354,3.3,10.4,6,white,2356
8.9,0.21,0.37,1.2,0.028,20.0,93.0,0.37,white,0.99244,3.2,11.5,5,white,2357
7.4,0.32,0.27,12.9,0.04,60.0,221.0,0.66,white,0.99831,3.05,9.4,5,white,2358
6.0,0.495,0.27,5.0,0.157,17.0,129.0,0.36,white,0.99396,3.03,9.3,5,white,2359
8.1,0.25,0.34,10.1,0.05,30.0,121.0,0.49,white,0.99724,3.17,10.1,6,white,2360
8.2,0.25,0.46,3.75,0.05,14.0,102.0,0.58,white,0.99524,3.28,9.7,5,white,2361
6.5,0.18,0.29,1.7,0.035,39.0,144.0,0.5,white,0.9927,3.49,10.5,6,white,2362
6.7,0.24,0.26,12.6,0.053,44.0,182.0,0.42,white,0.99802,3.42,9.7,5,white,2363
6.6,0.32,0.24,1.3,0.06,42.5,204.0,0.51,white,0.99512,3.59,9.2,5,white,2364
7.6,0.32,0.35,1.6,0.092,24.0,138.0,0.44,white,0.99438,3.19,9.8,5,white,2365
7.4,0.33,0.44,7.6,0.05,40.0,227.0,0.52,white,0.99679,3.12,9.0,5,white,2366
7.2,0.3,0.3,8.1,0.05,40.0,188.0,0.49,white,0.99652,3.15,9.1,6,white,2367
7.4,0.34,0.3,14.9,0.037,70.0,169.0,0.37,white,0.99698,3.25,10.4,6,white,2368
6.1,0.16,0.29,6.0,0.03,29.0,144.0,0.46,white,0.99474,3.68,10.7,6,white,2369
6.3,0.1,0.24,6.0,0.039,25.0,107.0,0.49,white,0.99511,3.59,10.5,7,white,2370
6.2,0.45,0.73,7.2,0.099,47.0,202.0,0.43,white,0.99582,3.21,9.2,5,white,2371
6.0,0.33,0.18,3.0,0.036,5.0,85.0,0.4,white,0.99125,3.28,11.5,4,white,2372
7.6,0.48,0.37,1.2,0.034,5.0,57.0,0.54,white,0.99256,3.05,10.4,3,white,2373
7.2,0.2,0.3,2.0,0.039,43.0,188.0,0.41,white,0.9911,3.3,12.0,6,white,2374
7.0,0.32,0.29,4.9,0.036,41.0,150.0,0.43,white,0.99168,3.38,12.2,6,white,2375
7.2,0.2,0.3,2.0,0.039,43.0,188.0,0.41,white,0.9911,3.3,12.0,6,white,2376
7.0,0.22,0.29,8.9,0.05,24.0,90.0,0.46,white,0.99556,3.29,9.8,6,white,2377
9.4,0.23,0.56,16.45,0.063,52.5,282.0,0.51,white,1.00098,3.1,9.3,5,white,2378
6.4,0.27,0.19,2.0,0.084,21.0,191.0,0.63,white,0.99516,3.49,9.6,4,white,2379
6.4,0.27,0.19,1.9,0.085,21.0,196.0,0.64,white,0.99516,3.49,9.5,4,white,2380
7.0,0.23,0.42,5.1,0.042,37.0,144.0,0.59,white,0.99518,3.5,10.2,6,white,2381
6.9,0.15,0.28,4.4,0.029,14.0,107.0,0.46,white,0.99347,3.24,10.4,8,white,2382
6.7,0.26,0.29,5.8,0.025,26.0,74.0,0.53,white,0.9929,3.28,11.0,6,white,2383
6.9,0.15,0.28,4.4,0.029,14.0,107.0,0.46,white,0.99347,3.24,10.4,8,white,2384
7.6,0.2,0.68,12.9,0.042,56.0,160.0,0.41,white,0.99841,3.05,8.7,5,white,2385
6.9,0.3,0.29,1.3,0.053,24.0,189.0,0.54,white,0.99362,3.29,9.9,4,white,2386
6.9,0.3,0.3,1.3,0.053,24.0,186.0,0.54,white,0.99361,3.29,9.9,4,white,2387
7.6,0.21,0.35,1.2,0.041,7.0,106.0,0.45,white,0.9914,3.06,11.3,4,white,2388
6.8,0.46,0.26,2.7,0.042,28.0,83.0,0.51,white,0.99114,3.38,12.0,8,white,2389
7.0,0.28,0.26,1.7,0.042,34.0,130.0,0.5,white,0.9925,3.43,10.7,8,white,2390
6.5,0.24,0.29,8.2,0.043,32.0,156.0,0.7,white,0.99453,3.13,10.1,6,white,2391
6.4,0.17,0.34,1.5,0.091,42.0,135.0,0.49,white,0.9938,3.25,9.6,7,white,2392
6.4,0.17,0.34,1.5,0.093,43.0,136.0,0.49,white,0.9938,3.25,9.6,6,white,2393
6.3,0.695,0.55,12.9,0.056,58.0,252.0,0.49,white,0.99806,3.29,8.7,5,white,2394
7.0,0.27,0.29,3.9,0.059,28.0,199.0,0.59,white,0.9961,3.54,10.3,5,white,2395
8.4,0.3,0.25,17.75,0.047,25.0,218.0,0.66,white,1.00016,2.98,9.1,5,white,2396
6.5,0.19,0.27,4.9,0.037,13.0,101.0,0.41,white,0.9916,3.17,11.8,6,white,2397
8.0,0.36,0.39,1.6,0.024,26.0,93.0,0.49,white,0.99116,3.15,11.9,6,white,2398
6.1,0.16,0.24,1.4,0.046,17.0,77.0,0.57,white,0.99319,3.66,10.3,6,white,2399
9.2,0.19,0.42,2.0,0.047,16.0,104.0,0.66,white,0.99517,3.09,10.0,4,white,2400
9.2,0.16,0.49,2.0,0.044,18.0,107.0,0.53,white,0.99514,3.1,10.2,4,white,2401
8.0,0.26,0.28,8.2,0.038,72.0,202.0,0.56,white,0.99566,3.12,10.0,6,white,2402
8.8,0.33,0.36,2.1,0.034,19.0,125.0,0.98,white,0.99166,2.96,12.7,6,white,2403
9.8,0.16,0.46,1.8,0.046,23.0,130.0,0.67,white,0.99587,3.04,9.6,5,white,2404
6.6,0.23,0.18,8.5,0.044,59.0,188.0,0.49,white,0.99558,3.16,9.5,5,white,2405
7.9,0.44,0.26,4.45,0.033,23.0,100.0,0.52,white,0.99117,3.17,12.7,6,white,2406
7.6,0.31,0.27,5.8,0.036,23.0,109.0,0.54,white,0.99399,3.34,11.0,6,white,2407
7.5,0.705,0.1,13.0,0.044,44.0,214.0,0.5,white,0.99741,3.1,9.1,5,white,2408
7.1,0.21,0.28,2.7,0.034,23.0,111.0,0.64,white,0.99405,3.35,10.2,4,white,2409
7.0,0.16,0.26,7.3,0.047,30.0,220.0,0.58,white,0.99622,3.38,10.1,6,white,2410
8.0,0.27,0.25,19.1,0.045,50.0,208.0,0.5,white,1.00051,3.05,9.2,6,white,2411
6.3,0.38,0.17,8.8,0.08,50.0,212.0,0.66,white,0.99803,3.47,9.4,4,white,2412
7.1,0.21,0.28,2.7,0.034,23.0,111.0,0.64,white,0.99405,3.35,10.2,4,white,2413
6.2,0.38,0.18,7.4,0.095,28.0,195.0,0.71,white,0.99773,3.53,9.2,4,white,2414
8.2,0.24,0.3,2.3,0.05,23.0,106.0,0.5,white,0.99397,2.98,10.0,5,white,2415
7.0,0.16,0.26,6.85,0.047,30.0,220.0,0.58,white,0.99622,3.38,10.1,6,white,2416
7.3,0.815,0.09,11.4,0.044,45.0,204.0,0.46,white,0.99713,3.15,9.0,5,white,2417
6.3,0.41,0.16,0.9,0.032,25.0,98.0,0.42,white,0.99274,3.16,9.5,5,white,2418
6.1,0.36,0.41,19.35,0.07,67.0,207.0,0.53,white,1.00118,3.39,9.1,5,white,2419
8.1,0.4,0.32,7.9,0.031,23.0,118.0,0.46,white,0.99176,3.05,13.3,7,white,2420
6.8,0.26,0.43,11.75,0.045,53.0,198.0,0.55,white,0.9969,3.26,9.5,5,white,2421
6.2,0.44,0.18,7.7,0.096,28.0,210.0,0.72,white,0.99771,3.56,9.2,5,white,2422
7.2,0.24,0.29,3.0,0.036,17.0,117.0,0.68,white,0.99411,3.36,10.1,6,white,2423
6.2,0.44,0.18,7.7,0.096,28.0,210.0,0.72,white,0.99771,3.56,9.2,5,white,2424
7.2,0.24,0.29,3.0,0.036,17.0,117.0,0.68,white,0.99411,3.36,10.1,6,white,2425
7.3,0.22,0.26,1.5,0.04,32.0,172.0,0.48,white,0.99194,3.27,11.2,6,white,2426
8.1,0.34,0.28,7.5,0.04,70.0,230.0,0.55,white,0.99558,3.14,9.8,6,white,2427
7.3,0.22,0.26,1.5,0.04,32.0,172.0,0.48,white,0.99194,3.27,11.2,6,white,2428
8.1,0.34,0.28,7.5,0.04,70.0,230.0,0.55,white,0.99558,3.14,9.8,6,white,2429
6.4,0.28,0.17,8.3,0.042,61.0,195.0,0.46,white,0.99577,3.22,9.4,5,white,2430
6.3,0.29,0.14,7.05,0.045,50.0,177.0,0.42,white,0.99564,3.23,9.0,5,white,2431
6.4,0.27,0.17,8.4,0.044,60.0,198.0,0.47,white,0.99578,3.21,9.4,5,white,2432
7.4,0.35,0.2,13.9,0.054,63.0,229.0,0.5,white,0.99888,3.11,8.9,6,white,2433
8.3,0.28,0.27,17.5,0.045,48.0,253.0,0.56,white,1.00014,3.02,9.1,6,white,2434
6.4,0.35,0.35,5.6,0.034,9.0,148.0,0.5,white,0.99441,3.17,9.8,4,white,2435
6.9,0.43,0.28,9.4,0.056,29.0,183.0,0.43,white,0.99594,3.17,9.4,5,white,2436
8.0,0.26,0.28,4.8,0.05,34.0,150.0,0.5,white,0.99437,3.13,10.0,6,white,2437
6.9,0.43,0.28,9.4,0.056,29.0,183.0,0.43,white,0.99594,3.17,9.4,5,white,2438
7.3,0.27,0.37,9.7,0.042,36.0,130.0,0.75,white,0.9979,3.48,9.9,6,white,2439
6.8,0.46,0.26,6.3,0.147,49.0,159.0,0.47,white,0.99434,3.14,10.0,5,white,2440
7.2,0.2,0.28,1.6,0.028,13.0,168.0,1.06,white,0.99203,3.17,11.5,6,white,2441
7.6,0.285,0.32,14.6,0.063,32.0,201.0,0.45,white,0.998,3.0,9.2,5,white,2442
6.6,0.32,0.33,2.5,0.052,40.0,219.5,0.6,white,0.99316,3.15,10.0,5,white,2443
7.6,0.285,0.32,14.6,0.063,32.0,201.0,0.45,white,0.998,3.0,9.2,5,white,2444
6.6,0.34,0.34,2.6,0.051,40.5,210.0,0.61,white,0.99314,3.15,10.0,5,white,2445
6.6,0.32,0.33,2.5,0.052,40.0,210.0,0.6,white,0.99316,3.15,10.0,5,white,2446
6.5,0.27,0.26,8.2,0.042,21.0,133.0,0.64,white,0.99612,3.43,9.8,6,white,2447
6.6,0.26,0.27,1.5,0.04,19.0,114.0,0.62,white,0.99295,3.36,10.5,6,white,2448
6.7,0.27,0.26,2.3,0.043,61.0,181.0,0.63,white,0.99394,3.45,10.6,6,white,2449
6.6,0.56,0.15,10.0,0.037,38.0,157.0,0.52,white,0.99642,3.28,9.4,5,white,2450
6.6,0.56,0.15,10.0,0.037,38.0,157.0,0.52,white,0.99642,3.28,9.4,5,white,2451
7.3,0.19,0.27,1.6,0.027,35.0,136.0,0.54,white,0.99248,3.38,11.0,7,white,2452
6.3,0.2,0.26,1.6,0.027,36.0,141.0,0.56,white,0.99268,3.53,10.8,6,white,2453
7.1,0.29,0.3,16.0,0.036,58.0,201.0,0.67,white,0.99954,3.3,9.0,5,white,2454
7.8,0.32,0.33,10.4,0.031,47.0,194.0,0.58,white,0.99692,3.07,9.6,6,white,2455
8.1,0.33,0.36,7.4,0.037,36.0,156.0,0.54,white,0.99592,3.19,10.6,6,white,2456
8.1,0.33,0.36,7.4,0.037,36.0,156.0,0.54,white,0.99592,3.19,10.6,6,white,2457
7.8,0.32,0.33,10.4,0.031,47.0,194.0,0.58,white,0.99692,3.07,9.6,6,white,2458
6.6,0.33,0.24,16.05,0.045,31.0,147.0,0.52,white,0.99822,3.08,9.2,5,white,2459
6.6,0.33,0.24,16.05,0.045,31.0,147.0,0.52,white,0.99822,3.08,9.2,5,white,2460
8.2,0.26,0.33,2.6,0.053,11.0,71.0,0.49,white,0.99402,2.89,9.5,5,white,2461
8.3,0.25,0.33,2.5,0.053,12.0,72.0,0.48,white,0.99404,2.89,9.5,5,white,2462
7.0,0.26,0.26,10.8,0.039,37.0,184.0,0.58,white,0.99787,3.47,10.3,7,white,2463
6.0,0.26,0.15,1.2,0.053,35.0,124.0,0.46,white,0.99347,3.08,8.8,5,white,2464
7.5,0.28,0.78,12.1,0.041,53.0,161.0,0.44,white,0.99838,2.98,8.7,5,white,2465
7.5,0.27,0.79,11.95,0.04,51.0,159.0,0.44,white,0.99839,2.98,8.7,5,white,2466
7.0,0.28,0.32,1.7,0.038,27.0,128.0,0.62,white,0.99375,3.2,10.2,6,white,2467
5.2,0.16,0.34,0.8,0.029,26.0,77.0,0.51,white,0.99155,3.25,10.1,6,white,2468
6.8,0.34,0.1,1.4,0.049,29.0,118.0,0.41,white,0.9936,3.21,9.5,5,white,2469
7.6,0.25,0.34,1.3,0.056,34.0,176.0,0.51,white,0.99434,3.1,9.5,5,white,2470
5.6,0.35,0.4,6.3,0.022,23.0,174.0,0.5,white,0.9922,3.54,11.6,7,white,2471
8.8,0.24,0.23,10.3,0.032,12.0,97.0,0.4,white,0.99571,3.13,10.7,6,white,2472
6.0,0.29,0.21,15.55,0.043,20.0,142.0,0.54,white,0.99658,3.11,10.1,6,white,2473
6.1,0.27,0.31,1.5,0.035,17.0,83.0,0.44,white,0.99076,3.32,11.1,7,white,2474
7.4,0.56,0.09,1.5,0.071,19.0,117.0,0.53,white,0.99496,3.22,9.8,5,white,2475
6.8,0.29,0.49,1.4,0.142,52.0,148.0,0.49,white,0.9937,3.08,9.0,6,white,2476
6.1,0.27,0.31,1.5,0.035,17.0,83.0,0.44,white,0.99076,3.32,11.1,7,white,2477
6.3,0.27,0.37,7.9,0.047,58.0,215.0,0.48,white,0.99542,3.19,9.5,6,white,2478
6.6,0.24,0.3,13.0,0.052,18.0,143.0,0.49,white,0.99825,3.37,9.4,6,white,2479
6.8,0.32,0.3,1.0,0.049,22.0,113.0,0.61,white,0.99289,3.24,10.2,5,white,2480
6.4,0.37,0.37,4.85,0.041,39.5,216.5,0.5,white,0.99432,3.1,9.8,6,white,2481
6.2,0.26,0.37,7.1,0.047,54.0,201.0,0.48,white,0.99523,3.19,9.5,6,white,2482
6.3,0.27,0.37,7.9,0.047,58.0,215.0,0.48,white,0.99542,3.19,9.5,6,white,2483
6.4,0.3,0.16,7.5,0.05,55.0,191.0,0.49,white,0.9959,3.17,9.0,5,white,2484
8.0,0.28,0.32,7.6,0.045,61.0,204.0,0.55,white,0.99543,3.1,10.1,6,white,2485
6.7,0.24,0.32,10.3,0.079,37.0,122.0,0.45,white,0.99662,3.02,8.8,5,white,2486
7.9,0.27,0.27,1.7,0.034,25.0,122.0,0.51,white,0.99088,2.97,11.9,6,white,2487
7.9,0.27,0.27,1.7,0.034,25.0,122.0,0.51,white,0.99088,2.97,11.9,6,white,2488
6.1,0.28,0.24,19.95,0.074,32.0,174.0,0.44,white,0.99922,3.19,9.3,6,white,2489
7.7,0.39,0.49,7.7,0.036,11.0,110.0,0.76,white,0.9966,3.33,10.0,6,white,2490
6.0,0.2,0.24,5.3,0.075,49.0,201.0,0.43,white,0.99466,3.21,9.5,5,white,2491
6.1,0.28,0.24,19.95,0.074,32.0,174.0,0.44,white,0.99922,3.19,9.3,6,white,2492
7.6,0.31,0.23,12.7,0.054,20.0,139.0,0.5,white,0.99836,3.16,9.7,4,white,2493
7.6,0.31,0.23,12.7,0.054,20.0,139.0,0.5,white,0.99836,3.16,9.7,4,white,2494
6.3,0.18,0.22,1.5,0.043,45.0,155.0,0.48,white,0.99238,3.19,10.2,5,white,2495
8.6,0.23,0.25,11.3,0.031,13.0,96.0,0.4,white,0.99645,3.11,10.8,5,white,2496
6.8,0.21,0.36,18.1,0.046,32.0,133.0,0.48,white,1.0,3.27,8.8,5,white,2497
6.8,0.21,0.36,18.1,0.046,32.0,133.0,0.48,white,1.0,3.27,8.8,5,white,2498
6.9,0.26,0.31,7.0,0.039,37.0,175.0,0.49,white,0.99376,3.32,11.4,6,white,2499
6.8,0.21,0.36,18.1,0.046,32.0,133.0,0.48,white,1.0,3.27,8.8,5,white,2500
6.4,0.31,0.4,6.4,0.039,39.0,191.0,0.52,white,0.99513,3.14,9.8,5,white,2501
8.6,0.34,0.36,1.4,0.045,11.0,119.0,0.47,white,0.99556,3.17,9.4,4,white,2502
8.6,0.34,0.36,1.4,0.045,11.0,119.0,0.47,white,0.99556,3.17,9.4,4,white,2503
8.5,0.3,0.28,3.1,0.054,54.0,174.0,0.43,white,0.99543,3.21,9.4,6,white,2504
7.4,0.4,0.41,14.1,0.053,37.0,194.0,0.63,white,0.99886,3.2,9.4,6,white,2505
6.6,0.32,0.34,7.7,0.044,63.0,212.0,0.48,white,0.99526,3.22,9.7,6,white,2506
7.1,0.34,0.31,5.2,0.032,36.0,140.0,0.47,white,0.99166,3.35,12.3,7,white,2507
6.6,0.26,0.25,11.6,0.045,45.0,178.0,0.43,white,0.99691,3.33,9.8,6,white,2508
8.0,0.27,0.57,10.4,0.053,18.0,134.0,0.68,white,0.99732,3.12,9.0,5,white,2509
6.2,0.28,0.45,7.5,0.045,46.0,203.0,0.46,white,0.99573,3.26,9.2,6,white,2510
6.2,0.3,0.49,11.2,0.058,68.0,215.0,0.6,white,0.99656,3.19,9.4,6,white,2511
5.6,0.175,0.29,0.8,0.043,20.0,67.0,0.48,white,0.99112,3.28,9.9,6,white,2512
6.9,0.34,0.36,1.4,0.032,13.0,145.0,0.52,white,0.99214,3.07,9.8,5,white,2513
6.9,0.34,0.3,4.7,0.029,34.0,148.0,0.49,white,0.99165,3.36,12.3,7,white,2514
7.1,0.12,0.3,3.1,0.018,15.0,37.0,0.52,white,0.99004,3.02,11.9,7,white,2515
7.1,0.32,0.29,4.0,0.038,33.0,170.0,0.64,white,0.99463,3.27,10.2,6,white,2516
7.3,0.51,0.29,11.3,0.034,61.0,224.0,0.56,white,0.99683,3.14,9.5,6,white,2517
7.1,0.12,0.3,3.1,0.018,15.0,37.0,0.52,white,0.99004,3.02,11.9,7,white,2518
6.3,0.24,0.55,8.1,0.04,67.0,216.0,0.5,white,0.99596,3.24,9.2,5,white,2519
7.5,0.41,0.23,14.8,0.054,28.0,174.0,0.49,white,0.99898,3.18,9.7,5,white,2520
6.5,0.18,0.33,1.4,0.029,35.0,138.0,0.6,white,0.99114,3.36,11.5,7,white,2521
7.3,0.17,0.24,8.1,0.121,32.0,162.0,0.38,white,0.99508,3.17,10.4,8,white,2522
8.2,0.2,0.38,3.5,0.053,41.0,174.0,0.41,white,0.99306,3.22,11.6,5,white,2523
7.5,0.41,0.23,14.8,0.054,28.0,174.0,0.49,white,0.99898,3.18,9.7,5,white,2524
7.3,0.17,0.24,8.1,0.121,32.0,162.0,0.38,white,0.99508,3.17,10.4,8,white,2525
6.5,0.18,0.33,1.4,0.029,35.0,138.0,0.6,white,0.99114,3.36,11.5,7,white,2526
7.3,0.16,0.35,1.5,0.036,29.0,108.0,0.51,white,0.99342,3.27,10.2,6,white,2527
6.4,0.16,0.37,1.5,0.037,27.0,109.0,0.5,white,0.99345,3.38,9.8,6,white,2528
6.6,0.42,0.13,12.8,0.044,26.0,158.0,0.47,white,0.99772,3.24,9.0,5,white,2529
5.8,0.3,0.12,1.6,0.036,57.0,163.0,0.59,white,0.99239,3.38,10.5,6,white,2530
6.7,0.54,0.27,7.1,0.049,8.0,178.0,0.38,white,0.99502,3.16,9.4,4,white,2531
6.7,0.54,0.27,7.1,0.049,8.0,178.0,0.38,white,0.99502,3.16,9.4,4,white,2532
6.4,0.22,0.3,11.2,0.046,53.0,149.0,0.34,white,0.99479,3.21,10.8,5,white,2533
6.8,0.23,0.3,1.7,0.043,19.0,95.0,0.46,white,0.99207,3.17,10.7,7,white,2534
9.0,0.26,0.34,6.7,0.029,21.0,162.0,0.5,white,0.99497,3.08,10.6,6,white,2535
6.5,0.23,0.25,17.3,0.046,15.0,110.0,0.42,white,0.99828,3.15,9.2,6,white,2536
5.9,0.28,0.14,8.6,0.032,30.0,142.0,0.44,white,0.99542,3.28,9.5,6,white,2537
5.9,0.28,0.14,8.6,0.032,30.0,142.0,0.44,white,0.99542,3.28,9.5,6,white,2538
6.2,0.27,0.18,1.5,0.028,20.0,111.0,0.5,white,0.99228,3.41,10.0,5,white,2539
9.0,0.29,0.34,12.1,0.03,34.0,177.0,0.47,white,0.99706,3.13,10.6,5,white,2540
9.0,0.26,0.34,6.7,0.029,21.0,162.0,0.5,white,0.99497,3.08,10.6,6,white,2541
8.9,0.27,0.34,10.7,0.029,19.5,166.0,0.48,white,0.99669,3.13,10.6,5,white,2542
6.5,0.23,0.25,17.3,0.046,15.0,110.0,0.42,white,0.99828,3.15,9.2,6,white,2543
6.9,0.32,0.3,1.8,0.036,28.0,117.0,0.48,white,0.99269,3.24,11.0,6,white,2544
7.2,0.22,0.24,1.4,0.041,17.0,159.0,0.53,white,0.99196,3.25,11.2,6,white,2545
6.7,0.5,0.38,7.5,0.046,26.0,175.0,0.54,white,0.99662,3.32,9.6,5,white,2546
6.2,0.33,0.14,4.8,0.052,27.0,128.0,0.48,white,0.99475,3.21,9.4,5,white,2547
6.3,0.26,0.42,7.1,0.045,62.0,209.0,0.53,white,0.99544,3.2,9.5,6,white,2548
7.5,0.2,0.47,16.9,0.052,51.0,188.0,0.62,white,0.99944,3.09,9.3,5,white,2549
6.2,0.33,0.14,4.8,0.052,27.0,128.0,0.48,white,0.99475,3.21,9.4,5,white,2550
6.3,0.26,0.42,7.1,0.045,62.0,209.0,0.53,white,0.99544,3.2,9.5,6,white,2551
6.6,0.36,0.52,11.3,0.046,8.0,110.0,0.46,white,0.9966,3.07,9.4,5,white,2552
6.3,0.13,0.42,1.1,0.043,63.0,146.0,0.72,white,0.99066,3.13,11.2,7,white,2553
6.4,0.15,0.44,1.2,0.043,67.0,150.0,0.73,white,0.9907,3.14,11.2,7,white,2554
6.3,0.13,0.42,1.1,0.043,63.0,146.0,0.72,white,0.99066,3.13,11.2,7,white,2555
7.6,0.23,0.64,12.9,0.033,54.0,170.0,0.53,white,0.998,3.0,8.8,5,white,2556
6.4,0.15,0.44,1.2,0.043,67.0,150.0,0.73,white,0.9907,3.14,11.2,7,white,2557
6.3,0.13,0.42,1.1,0.043,63.0,146.0,0.72,white,0.99066,3.13,11.2,7,white,2558
5.7,0.255,0.65,1.2,0.079,17.0,137.0,0.42,white,0.99307,3.2,9.4,5,white,2559
6.9,0.32,0.26,2.3,0.03,11.0,103.0,0.42,white,0.99106,3.06,11.1,6,white,2560
6.9,0.28,0.22,10.0,0.052,36.0,131.0,0.46,white,0.99696,3.08,9.6,5,white,2561
6.9,0.32,0.26,2.3,0.03,11.0,103.0,0.42,white,0.99106,3.06,11.1,6,white,2562
5.7,0.255,0.65,1.2,0.079,17.0,137.0,0.42,white,0.99307,3.2,9.4,5,white,2563
6.6,0.41,0.16,1.4,0.037,28.0,160.0,0.45,white,0.99167,2.95,10.6,6,white,2564
7.3,0.37,0.16,14.9,0.048,59.0,240.0,0.45,white,0.99902,3.13,8.9,5,white,2565
6.9,0.21,0.24,1.8,0.021,17.0,80.0,0.46,white,0.98992,3.15,12.3,7,white,2566
6.6,0.24,0.28,1.8,0.028,39.0,132.0,0.46,white,0.99182,3.34,11.4,5,white,2567
6.8,0.28,0.36,7.0,0.043,60.0,207.0,0.49,white,0.99556,3.16,9.6,6,white,2568
6.6,0.24,0.24,8.6,0.034,25.0,135.0,0.59,white,0.99582,3.33,10.3,6,white,2569
6.6,0.24,0.28,1.8,0.028,39.0,132.0,0.46,white,0.99182,3.34,11.4,5,white,2570
7.0,0.16,0.32,1.1,0.032,29.0,80.0,0.36,white,0.98972,3.23,12.1,6,white,2571
7.0,0.14,0.28,1.3,0.026,10.0,56.0,0.45,white,0.99352,3.46,9.9,5,white,2572
6.3,0.34,0.36,4.9,0.035,31.0,185.0,0.49,white,0.9946,3.15,9.7,5,white,2573
6.8,0.26,0.24,1.9,0.043,70.0,154.0,0.52,white,0.99273,3.18,10.5,5,white,2574
6.7,0.17,0.42,10.4,0.038,85.0,182.0,0.44,white,0.99628,3.04,8.9,6,white,2575
6.5,0.27,0.4,10.0,0.039,74.0,227.0,0.5,white,0.99582,3.18,9.4,5,white,2576
6.7,0.25,0.36,8.6,0.037,63.0,206.0,0.5,white,0.99553,3.18,9.6,5,white,2577
5.8,0.3,0.27,1.7,0.014,45.0,104.0,0.56,white,0.98914,3.4,12.6,7,white,2578
6.4,0.28,0.56,1.7,0.156,49.0,106.0,0.37,white,0.99354,3.1,9.2,6,white,2579
7.7,0.3,0.26,18.95,0.053,36.0,174.0,0.5,white,0.99976,3.2,10.4,5,white,2580
6.8,0.18,0.3,12.8,0.062,19.0,171.0,0.52,white,0.99808,3.0,9.0,7,white,2581
6.8,0.18,0.3,12.8,0.062,19.0,171.0,0.52,white,0.99808,3.0,9.0,7,white,2582
6.8,0.18,0.3,12.8,0.062,19.0,171.0,0.52,white,0.99808,3.0,9.0,7,white,2583
6.8,0.18,0.3,12.8,0.062,19.0,171.0,0.52,white,0.99808,3.0,9.0,7,white,2584
6.8,0.18,0.3,12.8,0.062,19.0,171.0,0.52,white,0.99808,3.0,9.0,7,white,2585
6.8,0.18,0.3,12.8,0.062,19.0,171.0,0.52,white,0.99808,3.0,9.0,7,white,2586
5.1,0.14,0.25,0.7,0.039,15.0,89.0,0.43,white,0.9919,3.22,9.2,6,white,2587
6.8,0.18,0.3,12.8,0.062,19.0,171.0,0.52,white,0.99808,3.0,9.0,7,white,2588
7.2,0.615,0.1,1.4,0.068,25.0,154.0,0.48,white,0.99499,3.2,9.7,4,white,2589
6.9,0.13,0.28,13.3,0.05,47.0,132.0,0.42,white,0.99655,3.34,10.1,6,white,2590
6.7,0.34,0.3,8.5,0.059,24.0,152.0,0.64,white,0.99615,3.46,11.0,7,white,2591
7.3,0.32,0.29,1.5,0.038,32.0,144.0,0.55,white,0.99296,3.2,10.8,5,white,2592
6.3,0.21,0.29,11.7,0.048,49.0,147.0,0.38,white,0.99482,3.22,10.8,5,white,2593
5.4,0.5,0.13,5.0,0.028,12.0,107.0,0.88,white,0.99079,3.48,13.5,7,white,2594
8.2,0.52,0.34,1.2,0.042,18.0,167.0,0.39,white,0.99366,3.24,10.6,5,white,2595
7.8,0.28,0.31,2.1,0.046,28.0,208.0,0.64,white,0.99434,3.23,9.8,5,white,2596
6.4,0.22,0.34,1.4,0.023,56.0,115.0,0.7,white,0.98958,3.18,11.7,6,white,2597
7.8,0.28,0.31,2.1,0.046,28.0,208.0,0.64,white,0.99434,3.23,9.8,5,white,2598
6.9,0.32,0.27,16.0,0.034,58.0,185.0,0.6,white,0.99938,3.34,9.0,6,white,2599
6.8,0.11,0.42,1.1,0.042,51.0,132.0,0.74,white,0.99059,3.18,11.3,7,white,2600
6.2,0.26,0.32,15.3,0.031,64.0,185.0,0.61,white,0.99835,3.31,9.4,5,white,2601
6.4,0.22,0.34,1.4,0.023,56.0,115.0,0.7,white,0.98958,3.18,11.7,6,white,2602
6.7,0.3,0.29,2.8,0.025,37.0,107.0,0.63,white,0.99159,3.31,11.3,7,white,2603
6.7,0.3,0.29,2.8,0.025,37.0,107.0,0.63,white,0.99159,3.31,11.3,7,white,2604
7.1,0.2,0.3,0.9,0.019,4.0,28.0,0.36,white,0.98931,3.2,12.0,6,white,2605
7.2,0.2,0.36,2.5,0.028,22.0,157.0,0.49,white,0.9938,3.48,10.6,6,white,2606
8.9,0.26,0.33,8.1,0.024,47.0,202.0,0.46,white,0.99558,3.13,10.8,6,white,2607
7.5,0.25,0.32,8.2,0.024,53.0,209.0,0.46,white,0.99563,3.12,10.8,6,white,2608
7.1,0.2,0.3,0.9,0.019,4.0,28.0,0.36,white,0.98931,3.2,12.0,6,white,2609
6.3,0.27,0.46,11.1,0.053,44.0,177.0,0.67,white,0.99691,3.18,9.4,5,white,2610
6.5,0.3,0.39,7.8,0.038,61.0,219.0,0.5,white,0.9959,3.19,9.4,5,white,2611
6.7,0.3,0.29,2.8,0.025,37.0,107.0,0.63,white,0.99159,3.31,11.3,7,white,2612
6.6,0.36,0.52,10.1,0.05,29.0,140.0,0.4,white,0.99628,3.07,9.4,5,white,2613
6.15,0.21,0.37,3.2,0.021,20.0,80.0,0.47,white,0.99076,3.39,12.0,5,white,2614
6.5,0.18,0.41,14.2,0.039,47.0,129.0,0.72,white,0.99678,3.28,10.3,7,white,2615
6.5,0.18,0.41,14.2,0.039,47.0,129.0,0.72,white,0.99678,3.28,10.3,7,white,2616
6.5,0.18,0.41,14.2,0.039,47.0,129.0,0.72,white,0.99678,3.28,10.3,7,white,2617
6.6,0.26,0.21,2.9,0.026,48.0,126.0,0.38,white,0.99089,3.22,11.3,7,white,2618
6.6,0.35,0.35,6.0,0.063,31.0,150.0,0.47,white,0.99537,3.1,9.4,6,white,2619
6.5,0.28,0.28,20.4,0.041,40.0,144.0,0.38,white,1.0002,3.14,8.7,5,white,2620
6.6,0.36,0.52,10.1,0.05,29.0,140.0,0.4,white,0.99628,3.07,9.4,5,white,2621
6.6,0.26,0.21,2.9,0.026,48.0,126.0,0.38,white,0.99089,3.22,11.3,7,white,2622
6.5,0.18,0.41,14.2,0.039,47.0,129.0,0.72,white,0.99678,3.28,10.3,7,white,2623
6.15,0.21,0.37,3.2,0.021,20.0,80.0,0.47,white,0.99076,3.39,12.0,5,white,2624
4.5,0.19,0.21,0.95,0.033,89.0,159.0,0.42,white,0.99332,3.34,8.0,5,white,2625
8.0,0.24,0.26,1.7,0.033,36.0,136.0,0.51,white,0.99316,3.44,10.4,7,white,2626
7.8,0.17,0.23,1.7,0.029,39.0,128.0,0.41,white,0.99272,3.37,10.7,7,white,2627
7.0,0.24,0.24,9.0,0.03,42.0,219.0,0.46,white,0.99636,3.47,10.2,6,white,2628
5.8,0.6,0.0,1.3,0.044,72.0,197.0,0.43,white,0.99202,3.56,10.9,5,white,2629
5.9,0.445,0.26,1.4,0.027,23.0,109.0,0.36,white,0.99148,3.3,10.5,6,white,2630
6.7,0.28,0.28,2.4,0.012,36.0,100.0,0.39,white,0.99064,3.26,11.7,7,white,2631
6.8,0.44,0.2,16.0,0.065,61.0,186.0,0.45,white,0.99884,3.13,8.6,5,white,2632
7.2,0.24,0.27,11.4,0.034,40.0,174.0,0.44,white,0.99773,3.2,9.0,5,white,2633
8.7,0.31,0.73,14.35,0.044,27.0,191.0,0.88,white,1.00013,2.96,8.7,5,white,2634
8.2,0.32,0.26,2.1,0.062,26.0,87.0,0.47,white,0.98974,3.1,12.8,6,white,2635
7.2,0.24,0.27,11.4,0.034,40.0,174.0,0.44,white,0.99773,3.2,9.0,5,white,2636
8.7,0.31,0.73,14.35,0.044,27.0,191.0,0.88,white,1.00013,2.96,8.7,5,white,2637
7.5,0.13,0.38,1.1,0.023,42.0,104.0,0.53,white,0.99112,3.28,11.8,6,white,2638
9.2,0.14,0.37,1.1,0.034,36.0,84.0,0.55,white,0.99136,3.05,11.6,6,white,2639
7.4,0.2,0.37,1.2,0.028,28.0,89.0,0.61,white,0.99132,3.14,11.8,6,white,2640
6.1,0.15,0.35,15.8,0.042,55.0,158.0,0.37,white,0.99642,3.24,10.6,5,white,2641
7.6,0.23,0.4,5.2,0.066,14.0,91.0,0.8,white,0.99488,3.17,9.7,5,white,2642
8.1,0.33,0.22,5.2,0.047,24.0,151.0,0.47,white,0.99527,3.22,10.3,5,white,2643
7.15,0.17,0.24,9.6,0.119,56.0,178.0,0.44,white,0.99578,3.15,10.2,6,white,2644
6.7,0.12,0.3,5.2,0.048,38.0,113.0,0.44,white,0.99352,3.33,10.1,7,white,2645
5.7,0.18,0.36,1.2,0.046,9.0,71.0,0.68,white,0.99199,3.7,10.9,7,white,2646
5.8,0.15,0.28,0.8,0.037,43.0,127.0,0.51,white,0.99198,3.24,9.3,5,white,2647
6.6,0.23,0.29,14.45,0.057,29.0,144.0,0.54,white,0.99756,3.33,10.2,6,white,2648
7.15,0.17,0.24,9.6,0.119,56.0,178.0,0.44,white,0.99578,3.15,10.2,6,white,2649
7.0,0.34,0.39,6.9,0.066,43.0,162.0,0.53,white,0.99561,3.11,9.5,5,white,2650
6.4,0.68,0.26,3.4,0.069,25.0,146.0,0.4,white,0.99347,3.18,9.3,5,white,2651
7.3,0.22,0.31,2.3,0.018,45.0,80.0,0.34,white,0.98936,3.06,12.9,7,white,2652
6.4,0.28,0.27,11.0,0.042,45.0,148.0,0.46,white,0.99786,3.14,8.7,5,white,2653
6.9,0.4,0.22,5.95,0.081,76.0,303.0,0.57,white,0.99705,3.4,9.4,5,white,2654
6.8,0.19,0.23,5.1,0.034,71.0,204.0,0.69,white,0.9942,3.23,10.1,5,white,2655
7.1,0.23,0.24,5.4,0.039,60.0,196.0,0.78,white,0.9948,3.19,10.0,4,white,2656
6.45,0.14,0.42,1.2,0.05,51.0,129.0,0.69,white,0.99116,3.27,11.1,7,white,2657
6.5,0.15,0.44,12.6,0.052,65.0,158.0,0.7,white,0.99688,3.26,10.3,7,white,2658
7.1,0.15,0.34,1.0,0.033,27.0,73.0,0.41,white,0.98974,3.24,12.2,6,white,2659
6.7,0.33,0.34,6.6,0.067,35.0,156.0,0.48,white,0.99542,3.11,9.3,6,white,2660
7.2,0.3,0.26,1.5,0.041,46.0,178.0,0.56,white,0.99154,3.19,11.3,6,white,2661
7.0,0.23,0.33,1.0,0.043,46.0,110.0,0.65,white,0.99118,3.04,10.8,6,white,2662
8.0,0.13,0.25,1.1,0.033,15.0,86.0,0.39,white,0.99044,2.98,11.2,8,white,2663
6.2,0.21,0.34,6.6,0.03,36.0,91.0,0.45,white,0.9914,3.32,12.5,7,white,2664
8.3,0.4,0.41,8.2,0.05,15.0,122.0,0.49,white,0.9979,3.39,9.3,5,white,2665
5.9,0.34,0.31,2.0,0.03,38.0,142.0,0.41,white,0.98892,3.4,12.9,7,white,2666
6.6,0.12,0.25,1.4,0.039,21.0,131.0,0.45,white,0.99114,3.2,11.2,7,white,2667
9.6,0.655,0.21,2.0,0.039,21.0,120.0,1.0,white,0.99188,3.0,12.6,6,white,2668
6.8,0.26,0.4,7.5,0.046,45.0,179.0,0.49,white,0.99583,3.2,9.3,5,white,2669
5.9,0.34,0.31,2.0,0.03,38.0,142.0,0.41,white,0.98892,3.4,12.9,7,white,2670
5.9,0.3,0.3,2.0,0.03,38.0,142.0,0.41,white,0.98892,3.41,12.9,7,white,2671
7.0,0.15,0.3,13.3,0.049,46.0,120.0,0.36,white,0.99704,3.2,9.5,7,white,2672
7.9,0.37,0.31,2.85,0.037,5.0,24.0,0.36,white,0.9911,3.19,11.9,6,white,2673
7.2,0.35,0.25,5.6,0.032,23.0,120.0,0.66,white,0.99334,2.93,10.3,7,white,2674
7.2,0.32,0.24,5.6,0.033,23.0,120.0,0.66,white,0.99334,2.92,10.3,7,white,2675
7.6,0.1,0.33,1.0,0.031,33.0,93.0,0.68,white,0.99094,3.06,11.2,6,white,2676
6.2,0.25,0.31,3.2,0.03,32.0,150.0,0.31,white,0.99014,3.18,12.0,6,white,2677
7.1,0.31,0.17,1.0,0.042,21.0,144.0,0.4,white,0.99304,3.13,9.6,5,white,2678
7.6,0.18,0.28,7.1,0.041,29.0,110.0,0.42,white,0.99652,3.2,9.2,6,white,2679
8.0,0.17,0.29,2.4,0.029,52.0,119.0,0.33,white,0.98944,3.03,12.9,6,white,2680
7.2,0.19,0.27,11.2,0.061,46.0,149.0,0.59,white,0.99772,2.99,9.3,6,white,2681
7.6,0.32,0.25,9.5,0.03,15.0,136.0,0.44,white,0.99367,3.1,12.1,6,white,2682
7.1,0.31,0.17,1.0,0.042,21.0,144.0,0.4,white,0.99304,3.13,9.6,5,white,2683
6.6,0.21,0.29,1.8,0.026,35.0,128.0,0.48,white,0.99183,3.37,11.2,6,white,2684
7.0,0.16,0.36,2.6,0.029,28.0,98.0,0.37,white,0.99126,3.11,11.2,7,white,2685
8.0,0.17,0.29,2.4,0.029,52.0,119.0,0.33,white,0.98944,3.03,12.9,6,white,2686
6.6,0.24,0.38,8.0,0.042,56.0,187.0,0.46,white,0.99577,3.21,9.2,5,white,2687
7.2,0.19,0.27,11.2,0.061,46.0,149.0,0.59,white,0.99772,2.99,9.3,6,white,2688
7.6,0.18,0.28,7.1,0.041,29.0,110.0,0.42,white,0.99652,3.2,9.2,6,white,2689
6.9,0.3,0.25,3.3,0.041,26.0,124.0,0.5,white,0.99428,3.18,9.3,6,white,2690
6.2,0.28,0.27,10.3,0.03,26.0,108.0,0.36,white,0.99388,3.2,10.7,6,white,2691
6.9,0.31,0.32,1.2,0.024,20.0,166.0,0.54,white,0.99208,3.05,9.8,6,white,2692
6.7,0.23,0.25,1.6,0.036,28.0,143.0,0.54,white,0.99256,3.3,10.3,6,white,2693
6.2,0.28,0.27,10.3,0.03,26.0,108.0,0.36,white,0.99388,3.2,10.7,6,white,2694
5.7,0.23,0.28,9.65,0.025,26.0,121.0,0.38,white,0.9925,3.28,11.3,6,white,2695
6.5,0.22,0.5,16.4,0.048,36.0,182.0,0.49,white,0.99904,3.02,8.8,6,white,2696
7.0,0.18,0.37,1.5,0.043,16.0,104.0,0.5,white,0.99216,3.18,10.8,5,white,2697
6.9,0.31,0.32,1.2,0.024,20.0,166.0,0.54,white,0.99208,3.05,9.8,6,white,2698
6.9,0.3,0.25,3.3,0.041,26.0,124.0,0.5,white,0.99428,3.18,9.3,6,white,2699
6.5,0.46,0.31,5.0,0.027,15.0,72.0,0.6,white,0.99165,3.26,11.5,7,white,2700
6.5,0.23,0.36,16.3,0.038,43.0,133.0,0.41,white,0.99924,3.26,8.8,5,white,2701
6.5,0.23,0.36,16.3,0.038,43.0,133.0,0.41,white,0.99924,3.26,8.8,5,white,2702
6.5,0.23,0.36,16.3,0.038,43.0,133.0,0.41,white,0.99924,3.26,8.8,5,white,2703
6.6,0.26,0.38,6.5,0.17,68.0,201.0,0.38,white,0.9956,3.19,9.4,6,white,2704
6.7,0.26,0.39,6.4,0.171,64.0,200.0,0.38,white,0.99562,3.19,9.4,6,white,2705
7.5,0.28,0.39,10.2,0.045,59.0,209.0,0.63,white,0.9972,3.16,9.6,6,white,2706
6.5,0.23,0.36,16.3,0.038,43.0,133.0,0.41,white,0.99924,3.26,8.8,5,white,2707
6.8,0.23,0.42,7.4,0.044,56.0,189.0,0.48,white,0.9958,3.22,9.3,6,white,2708
7.8,0.25,0.34,13.7,0.044,66.0,184.0,0.75,white,0.99976,3.22,8.9,5,white,2709
7.8,0.25,0.34,13.7,0.044,66.0,184.0,0.75,white,0.99976,3.22,8.9,5,white,2710
5.6,0.2,0.22,1.3,0.049,25.0,155.0,0.43,white,0.99296,3.74,10.0,5,white,2711
6.4,0.21,0.44,7.4,0.045,47.0,182.0,0.46,white,0.9957,3.24,9.1,5,white,2712
6.8,0.23,0.42,7.4,0.044,56.0,189.0,0.48,white,0.9958,3.22,9.3,6,white,2713
6.8,0.24,0.37,7.45,0.043,59.0,188.0,0.5,white,0.99579,3.2,9.4,6,white,2714
7.8,0.25,0.28,7.2,0.04,46.0,179.0,0.6,white,0.99541,3.14,10.1,6,white,2715
7.8,0.25,0.34,13.7,0.044,66.0,184.0,0.75,white,0.99976,3.22,8.9,5,white,2716
6.8,0.16,0.29,10.4,0.046,59.0,143.0,0.4,white,0.99518,3.2,10.8,6,white,2717
5.2,0.28,0.29,1.1,0.028,18.0,69.0,0.54,white,0.99168,3.24,10.0,6,white,2718
7.5,0.18,0.31,6.5,0.029,53.0,160.0,0.38,white,0.99276,3.03,10.9,6,white,2719
7.5,0.26,0.3,4.6,0.027,29.0,92.0,0.38,white,0.99085,3.15,12.0,7,white,2720
8.2,0.37,0.64,13.9,0.043,22.0,171.0,0.8,white,0.99873,2.99,9.3,5,white,2721
7.6,0.4,0.27,5.2,0.03,32.0,101.0,0.62,white,0.99172,3.22,12.3,7,white,2722
7.5,0.26,0.25,1.7,0.038,29.0,129.0,0.56,white,0.99312,3.45,10.4,6,white,2723
7.5,0.18,0.31,6.5,0.029,53.0,160.0,0.38,white,0.99276,3.03,10.9,6,white,2724
6.9,0.23,0.32,16.4,0.045,62.0,153.0,0.42,white,0.9972,3.22,10.5,5,white,2725
5.3,0.2,0.31,3.6,0.036,22.0,91.0,0.5,white,0.99278,3.41,9.8,6,white,2726
6.5,0.17,0.31,1.5,0.041,34.0,121.0,0.46,white,0.99092,3.06,10.5,6,white,2727
6.5,0.35,0.28,12.4,0.051,86.0,213.0,0.51,white,0.9962,3.16,9.9,6,white,2728
6.5,0.29,0.31,1.7,0.035,24.0,79.0,0.69,white,0.99053,3.27,11.4,7,white,2729
6.8,0.3,0.22,6.2,0.06,41.0,190.0,0.51,white,0.99858,3.18,9.2,5,white,2730
7.9,0.51,0.36,6.2,0.051,30.0,173.0,0.53,white,0.9984,3.09,9.7,5,white,2731
7.9,0.51,0.34,2.6,0.049,13.0,135.0,0.51,white,0.99335,3.09,10.0,5,white,2732
6.5,0.29,0.31,1.7,0.035,24.0,79.0,0.69,white,0.99053,3.27,11.4,7,white,2733
7.1,0.29,0.28,9.3,0.048,50.0,141.0,0.49,white,0.9949,3.13,10.3,6,white,2734
6.5,0.35,0.28,12.4,0.051,86.0,213.0,0.51,white,0.9962,3.16,9.9,6,white,2735
6.5,0.17,0.31,1.5,0.041,34.0,121.0,0.46,white,0.99092,3.06,10.5,6,white,2736
7.4,0.2,0.28,9.1,0.047,29.0,95.0,0.47,white,0.99532,3.16,9.8,7,white,2737
6.9,0.615,0.42,12.0,0.067,24.0,131.0,0.34,white,0.99727,3.19,9.3,5,white,2738
6.8,0.32,0.28,4.8,0.034,25.0,100.0,0.47,white,0.99026,3.08,12.4,7,white,2739
6.3,0.2,0.19,12.3,0.048,54.0,145.0,0.42,white,0.99668,3.16,9.3,6,white,2740
6.9,0.615,0.42,12.0,0.067,24.0,131.0,0.34,white,0.99727,3.19,9.3,5,white,2741
8.0,0.23,0.28,2.7,0.048,49.0,165.0,0.72,white,0.9952,3.26,9.5,6,white,2742
6.7,0.27,0.33,3.6,0.034,9.0,45.0,0.4,white,0.99144,3.08,10.5,6,white,2743
6.7,0.27,0.33,3.6,0.034,9.0,45.0,0.4,white,0.99144,3.08,10.5,6,white,2744
6.7,0.44,0.22,4.3,0.032,19.0,99.0,0.53,white,0.99015,3.26,12.8,7,white,2745
7.0,0.34,0.3,1.8,0.045,44.0,142.0,0.45,white,0.9914,2.99,10.8,6,white,2746
7.3,0.26,0.33,11.8,0.057,48.0,127.0,0.55,white,0.99693,3.1,10.0,6,white,2747
5.8,0.17,0.34,1.8,0.045,96.0,170.0,0.9,white,0.99035,3.38,11.8,8,white,2748
7.3,0.26,0.33,11.8,0.057,48.0,127.0,0.55,white,0.99693,3.1,10.0,6,white,2749
5.8,0.17,0.34,1.8,0.045,96.0,170.0,0.9,white,0.99035,3.38,11.8,8,white,2750
6.8,0.17,0.36,1.4,0.036,38.0,108.0,0.66,white,0.99006,3.19,12.0,6,white,2751
7.1,0.43,0.3,6.6,0.025,15.0,138.0,0.46,white,0.99126,3.18,12.6,6,white,2752
5.8,0.315,0.27,1.55,0.026,15.0,70.0,0.4,white,0.98994,3.37,11.9,8,white,2753
5.9,0.17,0.28,0.7,0.027,5.0,28.0,0.32,white,0.98985,3.13,10.6,5,white,2754
6.6,0.34,0.18,6.4,0.082,47.0,240.0,0.48,white,0.9971,3.42,9.2,5,white,2755
8.6,0.33,0.34,11.8,0.059,42.0,240.0,0.52,white,0.99882,3.17,10.0,6,white,2756
5.6,0.12,0.26,4.3,0.038,18.0,97.0,0.46,white,0.99477,3.36,9.2,5,white,2757
5.8,0.13,0.26,5.1,0.039,19.0,103.0,0.47,white,0.99478,3.36,9.3,6,white,2758
7.7,0.18,0.35,5.8,0.055,25.0,144.0,0.54,white,0.99576,3.24,10.2,6,white,2759
7.7,0.16,0.36,5.9,0.054,25.0,148.0,0.54,white,0.99578,3.25,10.2,6,white,2760
6.0,0.26,0.15,1.3,0.06,51.0,154.0,0.51,white,0.99354,3.14,8.7,5,white,2761
7.3,0.32,0.35,1.4,0.05,8.0,163.0,0.42,white,0.99244,3.24,10.7,5,white,2762
7.7,0.3,0.34,1.2,0.048,4.0,119.0,0.34,white,0.99084,3.18,12.1,6,white,2763
7.9,0.16,0.3,7.4,0.05,58.0,152.0,0.37,white,0.99612,3.12,9.5,6,white,2764
6.4,0.27,0.29,10.8,0.028,17.0,118.0,0.37,white,0.99356,3.18,11.2,6,white,2765
6.9,0.16,0.37,1.8,0.034,36.0,95.0,0.59,white,0.98952,2.93,12.0,6,white,2766
7.9,0.16,0.3,7.4,0.05,58.0,152.0,0.37,white,0.99612,3.12,9.5,6,white,2767
7.7,0.3,0.34,1.2,0.048,4.0,119.0,0.34,white,0.99084,3.18,12.1,6,white,2768
7.3,0.32,0.35,1.4,0.05,8.0,163.0,0.42,white,0.99244,3.24,10.7,5,white,2769
6.4,0.44,0.44,14.4,0.048,29.0,228.0,0.54,white,0.99955,3.26,8.8,7,white,2770
6.3,0.2,0.24,1.7,0.052,36.0,135.0,0.66,white,0.99374,3.8,10.8,6,white,2771
6.2,0.29,0.32,3.6,0.026,39.0,138.0,0.37,white,0.9892,3.31,13.1,7,white,2772
7.6,0.39,0.32,3.6,0.035,22.0,93.0,0.6,white,0.99144,3.08,12.5,7,white,2773
7.0,0.36,0.32,10.05,0.045,37.0,131.0,0.33,white,0.99352,3.09,11.7,8,white,2774
7.0,0.36,0.32,10.05,0.045,37.0,131.0,0.33,white,0.99352,3.09,11.7,8,white,2775
7.0,0.36,0.32,10.5,0.045,35.0,135.0,0.33,white,0.9935,3.09,11.6,8,white,2776
7.6,0.2,0.36,1.9,0.043,24.0,111.0,0.54,white,0.99237,3.29,11.3,6,white,2777
7.6,0.39,0.32,3.6,0.035,22.0,93.0,0.6,white,0.99144,3.08,12.5,7,white,2778
6.7,0.2,0.37,1.65,0.025,42.0,103.0,0.45,white,0.99022,3.11,11.4,5,white,2779
6.2,0.235,0.34,1.9,0.036,4.0,117.0,0.44,white,0.99032,3.4,12.2,5,white,2780
7.8,0.965,0.6,65.8,0.074,8.0,160.0,0.69,white,1.03898,3.39,11.7,6,white,2781
7.1,0.2,0.31,6.85,0.053,32.0,211.0,0.59,white,0.99587,3.31,10.4,6,white,2782
7.1,0.2,0.31,7.4,0.053,32.0,211.0,0.59,white,0.99587,3.31,10.4,6,white,2783
7.1,0.2,0.31,7.4,0.053,32.0,211.0,0.59,white,0.99587,3.31,10.4,6,white,2784
6.4,0.24,0.25,20.2,0.083,35.0,157.0,0.5,white,0.99976,3.17,9.1,5,white,2785
8.0,0.3,0.36,11.0,0.034,8.0,70.0,0.41,white,0.99354,3.05,12.2,6,white,2786
6.4,0.24,0.25,20.2,0.083,35.0,157.0,0.5,white,0.99976,3.17,9.1,5,white,2787
6.9,0.4,0.42,6.2,0.066,41.0,176.0,0.54,white,0.99552,3.12,9.4,5,white,2788
6.9,0.4,0.43,6.2,0.065,42.0,178.0,0.53,white,0.99552,3.11,9.4,5,white,2789
7.1,0.2,0.31,6.85,0.053,32.0,211.0,0.59,white,0.99587,3.31,10.4,6,white,2790
6.6,0.25,0.51,8.0,0.047,61.0,189.0,0.49,white,0.99604,3.22,9.2,5,white,2791
6.8,0.26,0.44,8.2,0.046,52.0,183.0,0.51,white,0.99584,3.2,9.4,5,white,2792
6.5,0.37,0.3,2.2,0.033,39.0,107.0,0.53,white,0.98894,3.22,13.5,7,white,2793
6.8,0.35,0.53,10.1,0.053,37.0,151.0,0.4,white,0.9963,3.07,9.4,5,white,2794
6.4,0.22,0.32,7.2,0.028,15.0,83.0,0.55,white,0.993,3.13,10.9,8,white,2795
6.5,0.37,0.3,2.2,0.033,39.0,107.0,0.53,white,0.98894,3.22,13.5,7,white,2796
6.8,0.35,0.53,10.1,0.053,37.0,151.0,0.4,white,0.9963,3.07,9.4,5,white,2797
6.9,0.31,0.32,1.6,0.036,34.0,114.0,0.45,white,0.99068,3.19,11.4,7,white,2798
6.7,0.16,0.37,1.3,0.036,45.0,125.0,0.51,white,0.98964,3.19,12.4,7,white,2799
6.6,0.25,0.51,8.0,0.047,61.0,189.0,0.49,white,0.99604,3.22,9.2,5,white,2800
6.8,0.26,0.44,8.2,0.046,52.0,183.0,0.51,white,0.99584,3.2,9.4,5,white,2801
5.6,0.15,0.31,5.3,0.038,8.0,79.0,0.39,white,0.9923,3.3,10.5,6,white,2802
5.5,0.15,0.32,14.0,0.031,16.0,99.0,0.38,white,0.99437,3.26,11.5,8,white,2803
6.4,0.22,0.32,7.2,0.028,15.0,83.0,0.55,white,0.993,3.13,10.9,8,white,2804
7.3,0.2,0.26,1.6,0.04,36.0,123.0,0.44,white,0.99238,3.34,10.8,6,white,2805
7.5,0.17,0.71,11.8,0.038,52.0,148.0,0.46,white,0.99801,3.03,8.9,5,white,2806
7.5,0.18,0.72,9.6,0.039,53.0,151.0,0.46,white,0.99802,3.03,8.9,5,white,2807
7.0,0.27,0.48,6.1,0.042,60.0,184.0,0.5,white,0.99566,3.2,9.4,6,white,2808
5.8,0.32,0.31,2.7,0.049,25.0,153.0,0.73,white,0.99067,3.44,12.2,7,white,2809
7.8,0.26,0.31,3.6,0.025,22.0,100.0,0.47,white,0.99066,2.99,12.1,7,white,2810
7.4,0.3,0.32,1.7,0.03,23.0,128.0,0.66,white,0.9929,3.17,10.9,5,white,2811
6.7,0.16,0.34,1.6,0.026,27.0,109.0,0.58,white,0.9934,3.34,10.1,6,white,2812
5.8,0.32,0.31,2.7,0.049,25.0,153.0,0.73,white,0.99067,3.44,12.2,7,white,2813
6.7,0.19,0.39,1.0,0.032,14.0,71.0,0.38,white,0.98912,3.31,13.0,7,white,2814
6.6,0.36,0.24,0.9,0.038,15.0,72.0,0.39,white,0.99066,3.23,11.0,5,white,2815
7.2,0.17,0.41,1.6,0.052,24.0,126.0,0.49,white,0.99228,3.19,10.8,5,white,2816
6.7,0.19,0.39,1.0,0.032,14.0,71.0,0.38,white,0.98912,3.31,13.0,7,white,2817
6.0,0.11,0.47,10.6,0.052,69.0,148.0,0.34,white,0.9958,2.91,9.3,4,white,2818
6.0,0.21,0.34,2.0,0.042,63.0,123.0,0.42,white,0.99052,3.44,11.4,6,white,2819
6.7,0.325,0.82,1.2,0.152,49.0,120.0,0.38,white,0.99312,2.99,9.2,5,white,2820
6.6,0.4,0.46,6.2,0.056,42.0,241.0,0.6,white,0.9968,3.5,9.9,5,white,2821
6.5,0.2,0.24,9.2,0.044,25.0,150.0,0.44,white,0.99502,3.22,10.5,5,white,2822
7.6,0.27,0.34,5.0,0.04,18.0,56.0,0.48,white,0.99084,3.06,12.4,6,white,2823
7.2,0.26,0.4,6.3,0.047,52.0,172.0,0.53,white,0.99573,3.18,9.5,6,white,2824
6.3,0.25,0.22,3.3,0.048,41.0,161.0,0.5,white,0.99256,3.16,10.5,6,white,2825
6.5,0.22,0.45,8.0,0.053,52.0,196.0,0.48,white,0.9959,3.23,9.1,6,white,2826
6.4,0.14,0.31,1.2,0.034,53.0,138.0,0.35,white,0.99084,3.38,11.5,7,white,2827
6.4,0.14,0.31,1.2,0.034,53.0,138.0,0.35,white,0.99084,3.38,11.5,7,white,2828
7.1,0.26,0.32,16.2,0.044,31.0,170.0,0.37,white,0.99644,3.17,11.2,5,white,2829
6.6,0.22,0.34,11.6,0.05,59.0,140.0,0.4,white,0.99526,3.22,10.8,5,white,2830
6.6,0.45,0.43,7.2,0.064,31.0,186.0,0.44,white,0.9954,3.12,9.4,5,white,2831
6.6,0.17,0.3,1.1,0.031,13.0,73.0,0.58,white,0.99095,3.17,11.0,6,white,2832
7.2,0.44,0.28,3.4,0.048,22.0,112.0,0.37,white,0.99188,3.21,11.3,7,white,2833
6.2,0.15,0.27,1.4,0.041,51.0,117.0,0.38,white,0.9909,3.28,11.2,6,white,2834
6.3,0.25,0.22,3.3,0.048,41.0,161.0,0.5,white,0.99256,3.16,10.5,6,white,2835
6.5,0.22,0.45,8.0,0.053,52.0,196.0,0.48,white,0.9959,3.23,9.1,6,white,2836
7.3,0.26,0.3,9.3,0.05,35.0,154.0,0.5,white,0.99581,3.21,10.4,6,white,2837
6.9,0.15,0.29,2.3,0.033,14.0,82.0,0.58,white,0.99132,3.1,11.2,7,white,2838
5.8,0.22,0.29,0.9,0.034,34.0,89.0,0.36,white,0.98936,3.14,11.1,7,white,2839
6.5,0.37,0.33,3.5,0.036,23.0,92.0,0.38,white,0.99136,3.18,11.2,6,white,2840
5.5,0.375,0.38,1.7,0.036,17.0,98.0,0.39,white,0.99142,3.29,10.5,6,white,2841
5.9,0.2,0.4,1.3,0.047,23.0,92.0,0.45,white,0.99232,3.2,10.0,6,white,2842
5.9,0.22,0.38,1.3,0.046,24.0,90.0,0.47,white,0.99232,3.2,10.0,6,white,2843
8.0,0.22,0.31,5.6,0.049,24.0,97.0,0.42,white,0.993,3.1,10.9,5,white,2844
6.5,0.22,0.29,7.4,0.028,16.0,87.0,0.56,white,0.99311,3.15,10.9,7,white,2845
6.9,0.15,0.29,2.3,0.033,14.0,82.0,0.58,white,0.99132,3.1,11.2,7,white,2846
5.8,0.2,0.34,1.0,0.035,40.0,86.0,0.42,white,0.98993,3.5,11.7,5,white,2847
6.6,0.31,0.07,1.5,0.033,55.0,144.0,0.42,white,0.99208,3.16,10.0,5,white,2848
7.7,0.43,0.37,10.0,0.169,22.0,210.0,0.64,white,0.99776,3.02,9.5,5,white,2849
6.7,0.24,0.29,14.9,0.053,55.0,136.0,0.52,white,0.99839,3.03,9.0,5,white,2850
7.3,0.23,0.34,9.3,0.052,19.0,86.0,0.56,white,0.99574,3.04,10.0,5,white,2851
7.9,0.2,0.39,1.0,0.041,37.0,154.0,0.43,white,0.99093,3.08,11.9,5,white,2852
5.3,0.16,0.39,1.0,0.028,40.0,101.0,0.59,white,0.99156,3.57,10.6,6,white,2853
6.4,0.21,0.28,5.9,0.047,29.0,101.0,0.4,white,0.99278,3.15,11.0,6,white,2854
6.9,0.33,0.26,5.0,0.027,46.0,143.0,0.43,white,0.9924,3.25,11.2,7,white,2855
5.6,0.18,0.58,1.25,0.034,29.0,129.0,0.6,white,0.98984,3.51,12.0,7,white,2856
6.6,0.29,0.31,3.9,0.027,39.0,96.0,0.6,white,0.99035,3.24,12.6,8,white,2857
6.9,0.33,0.26,5.0,0.027,46.0,143.0,0.43,white,0.9924,3.25,11.2,7,white,2858
6.6,0.21,0.36,0.8,0.034,48.0,113.0,0.68,white,0.99165,3.24,10.5,6,white,2859
7.3,0.21,0.33,1.0,0.037,66.0,144.0,0.52,white,0.9923,3.11,10.2,6,white,2860
6.4,0.21,0.28,5.9,0.047,29.0,101.0,0.4,white,0.99278,3.15,11.0,6,white,2861
5.1,0.11,0.32,1.6,0.028,12.0,90.0,0.52,white,0.99008,3.57,12.2,6,white,2862
6.5,0.15,0.32,1.3,0.036,19.0,76.0,0.41,white,0.98964,3.18,12.3,6,white,2863
5.3,0.16,0.39,1.0,0.028,40.0,101.0,0.59,white,0.99156,3.57,10.6,6,white,2864
5.6,0.19,0.46,1.1,0.032,33.0,115.0,0.5,white,0.9909,3.36,10.4,6,white,2865
5.6,0.18,0.58,1.25,0.034,29.0,129.0,0.6,white,0.98984,3.51,12.0,7,white,2866
6.7,0.48,0.32,1.4,0.021,22.0,121.0,0.53,white,0.9889,3.15,12.7,7,white,2867
6.2,0.23,0.23,1.2,0.018,18.0,128.0,0.28,white,0.99178,3.05,10.6,5,white,2868
6.0,0.17,0.29,5.0,0.028,25.0,108.0,0.34,white,0.99076,3.14,12.3,6,white,2869
6.7,0.48,0.32,1.4,0.021,22.0,121.0,0.53,white,0.9889,3.15,12.7,7,white,2870
6.7,0.15,0.38,1.7,0.037,20.0,84.0,0.53,white,0.99046,3.09,11.4,6,white,2871
4.2,0.17,0.36,1.8,0.029,93.0,161.0,0.89,white,0.98999,3.65,12.0,7,white,2872
5.8,0.21,0.32,1.6,0.045,38.0,95.0,0.94,white,0.98946,3.23,12.4,8,white,2873
5.4,0.23,0.36,1.5,0.03,74.0,121.0,0.99,white,0.98976,3.24,12.1,7,white,2874
6.7,0.15,0.38,1.7,0.037,20.0,84.0,0.53,white,0.99046,3.09,11.4,6,white,2875
6.4,0.22,0.31,13.9,0.04,57.0,135.0,0.38,white,0.99672,3.21,10.7,5,white,2876
6.5,0.15,0.55,5.9,0.045,75.0,162.0,0.4,white,0.99482,2.97,9.3,5,white,2877
5.9,0.32,0.33,2.1,0.027,35.0,138.0,0.42,white,0.98945,3.37,12.7,6,white,2878
5.7,0.37,0.3,1.1,0.029,24.0,88.0,0.39,white,0.98883,3.18,11.7,6,white,2879
7.9,0.25,0.35,6.7,0.039,22.0,64.0,0.49,white,0.99362,2.93,10.7,5,white,2880
7.2,0.21,0.28,2.7,0.033,38.0,94.0,0.43,white,0.99075,2.99,11.8,7,white,2881
7.0,0.24,0.3,6.7,0.039,37.0,125.0,0.39,white,0.99436,3.2,9.9,5,white,2882
6.8,0.475,0.33,3.95,0.047,16.0,81.0,0.53,white,0.98988,3.23,13.4,7,white,2883
7.0,0.28,0.32,7.75,0.032,30.0,114.0,0.64,white,0.99158,3.12,12.8,7,white,2884
6.9,0.4,0.3,10.6,0.033,24.0,87.0,0.45,white,0.99265,3.15,12.8,6,white,2885
6.6,0.41,0.31,1.6,0.042,18.0,101.0,0.41,white,0.99195,3.13,10.5,5,white,2886
6.4,0.2,0.28,2.5,0.032,24.0,84.0,0.55,white,0.99168,3.31,11.5,5,white,2887
8.5,0.22,0.34,0.7,0.04,5.0,25.0,0.37,white,0.9918,3.04,10.5,4,white,2888
8.4,0.36,0.36,11.1,0.032,21.0,132.0,0.39,white,0.99313,2.95,13.0,6,white,2889
5.2,0.285,0.29,5.15,0.035,64.0,138.0,0.34,white,0.9895,3.19,12.4,8,white,2890
6.9,0.2,0.3,4.7,0.041,40.0,148.0,0.35,white,0.9932,3.16,10.2,6,white,2891
6.7,0.42,0.46,9.7,0.054,67.0,234.0,0.5,white,0.99848,3.23,9.0,5,white,2892
6.2,0.16,0.34,1.7,0.038,85.0,153.0,0.86,white,0.9909,3.33,12.0,7,white,2893
6.4,0.125,0.36,1.4,0.044,22.0,68.0,0.5,white,0.99014,3.15,11.7,7,white,2894
6.4,0.44,0.26,2.0,0.054,20.0,180.0,0.57,white,0.9952,3.58,10.0,5,white,2895
7.0,0.31,0.39,7.5,0.055,42.0,218.0,0.54,white,0.99652,3.37,10.3,5,white,2896
6.7,0.42,0.46,9.7,0.054,67.0,234.0,0.5,white,0.99848,3.23,9.0,5,white,2897
8.6,0.18,0.28,0.8,0.032,25.0,78.0,0.38,white,0.99104,2.99,11.1,5,white,2898
6.2,0.21,0.26,13.1,0.05,59.0,150.0,0.46,white,0.99772,3.31,9.0,5,white,2899
6.1,0.16,0.37,1.1,0.031,37.0,97.0,0.58,white,0.9922,3.4,10.5,6,white,2900
6.5,0.22,0.32,2.2,0.028,36.0,92.0,0.59,white,0.99076,3.27,11.9,7,white,2901
6.2,0.36,0.14,8.9,0.036,38.0,155.0,0.5,white,0.99622,3.27,9.4,5,white,2902
5.7,0.21,0.25,1.1,0.035,26.0,81.0,0.52,white,0.9902,3.31,11.4,6,white,2903
6.4,0.25,0.32,0.9,0.034,40.0,114.0,0.58,white,0.99114,3.31,10.8,7,white,2904
7.6,0.31,0.26,1.7,0.073,40.0,157.0,0.46,white,0.9938,3.1,9.8,5,white,2905
6.6,0.26,0.46,6.9,0.047,59.0,183.0,0.45,white,0.99594,3.2,9.3,5,white,2906
5.7,0.21,0.25,1.1,0.035,26.0,81.0,0.52,white,0.9902,3.31,11.4,6,white,2907
6.2,0.2,0.31,1.0,0.031,22.0,73.0,0.52,white,0.99035,3.24,11.3,6,white,2908
6.2,0.18,0.3,1.0,0.031,23.0,73.0,0.52,white,0.99032,3.23,11.3,6,white,2909
6.1,0.37,0.2,7.6,0.031,49.0,170.0,0.48,white,0.99558,3.22,9.5,5,white,2910
6.2,0.36,0.14,8.9,0.036,38.0,155.0,0.5,white,0.99622,3.27,9.4,5,white,2911
6.5,0.22,0.32,2.2,0.028,36.0,92.0,0.59,white,0.99076,3.27,11.9,7,white,2912
7.7,0.18,0.3,1.2,0.046,49.0,199.0,0.38,white,0.99413,3.03,9.3,5,white,2913
6.9,0.14,0.38,1.0,0.041,22.0,81.0,0.54,white,0.99043,3.03,11.4,6,white,2914
6.9,0.14,0.38,1.0,0.041,22.0,81.0,0.54,white,0.99043,3.03,11.4,6,white,2915
6.0,0.44,0.26,3.1,0.053,57.0,128.0,0.39,white,0.98982,3.22,12.7,6,white,2916
7.1,0.36,0.4,1.95,0.033,26.0,118.0,0.45,white,0.98934,3.2,13.5,7,white,2917
5.7,0.28,0.28,2.2,0.019,15.0,65.0,0.52,white,0.9902,3.06,11.2,6,white,2918
6.4,0.16,0.32,8.75,0.038,38.0,118.0,0.41,white,0.99449,3.19,10.7,5,white,2919
7.4,0.28,0.4,11.9,0.032,13.0,92.0,0.46,white,0.99629,3.01,10.8,4,white,2920
6.7,0.39,0.31,2.7,0.054,27.0,202.0,0.57,white,0.9948,3.46,10.5,6,white,2921
6.5,0.44,0.47,5.45,0.014,44.0,137.0,0.32,white,0.98984,3.13,13.0,8,white,2922
6.9,0.22,0.31,6.3,0.029,41.0,131.0,0.49,white,0.99326,3.08,10.8,6,white,2923
6.6,0.22,0.29,14.4,0.046,39.0,118.0,0.5,white,0.99834,3.05,9.1,6,white,2924
7.7,0.25,0.3,7.8,0.038,67.0,196.0,0.5,white,0.99555,3.1,10.1,5,white,2925
5.2,0.155,0.33,1.6,0.028,13.0,59.0,0.84,white,0.98975,3.3,11.9,8,white,2926
7.0,0.31,0.31,9.1,0.036,45.0,140.0,0.31,white,0.99216,2.98,12.0,7,white,2927
7.0,0.31,0.31,9.1,0.036,45.0,140.0,0.31,white,0.99216,2.98,12.0,7,white,2928
6.6,0.22,0.29,14.4,0.046,39.0,118.0,0.5,white,0.99834,3.05,9.1,6,white,2929
5.6,0.21,0.4,1.3,0.041,81.0,147.0,0.95,white,0.9901,3.22,11.6,8,white,2930
5.2,0.155,0.33,1.6,0.028,13.0,59.0,0.84,white,0.98975,3.3,11.9,8,white,2931
6.4,0.25,0.32,11.3,0.038,69.0,192.0,0.5,white,0.99573,3.14,10.2,6,white,2932
6.9,0.22,0.31,6.3,0.029,41.0,131.0,0.49,white,0.99326,3.08,10.8,6,white,2933
5.3,0.21,0.29,0.7,0.028,11.0,66.0,0.4,white,0.99215,3.3,9.8,5,white,2934
7.1,0.27,0.28,1.25,0.023,3.0,89.0,0.3,white,0.98993,2.95,11.4,4,white,2935
5.2,0.17,0.27,0.7,0.03,11.0,68.0,0.41,white,0.99218,3.3,9.8,5,white,2936
7.7,0.25,0.3,7.8,0.038,67.0,196.0,0.5,white,0.99555,3.1,10.1,5,white,2937
7.0,0.12,0.29,10.3,0.039,41.0,98.0,0.38,white,0.99564,3.19,9.8,8,white,2938
7.0,0.12,0.29,10.3,0.039,41.0,98.0,0.38,white,0.99564,3.19,9.8,8,white,2939
7.1,0.29,0.34,7.8,0.036,49.0,128.0,0.4,white,0.99397,3.21,10.7,6,white,2940
7.2,0.3,0.3,8.7,0.022,14.0,111.0,0.61,white,0.99576,3.11,10.6,5,white,2941
6.8,0.26,0.46,8.3,0.037,49.0,173.0,0.47,white,0.99601,3.17,9.3,5,white,2942
7.0,0.12,0.29,10.3,0.039,41.0,98.0,0.38,white,0.99564,3.19,9.8,8,white,2943
7.1,0.29,0.34,7.8,0.036,49.0,128.0,0.4,white,0.99397,3.21,10.7,6,white,2944
4.9,0.33,0.31,1.2,0.016,39.0,150.0,0.59,white,0.98713,3.33,14.0,8,white,2945
5.1,0.29,0.28,8.3,0.026,27.0,107.0,0.37,white,0.99308,3.36,11.0,6,white,2946
5.1,0.29,0.28,8.3,0.026,27.0,107.0,0.37,white,0.99308,3.36,11.0,6,white,2947
6.8,0.26,0.48,6.2,0.049,55.0,182.0,0.45,white,0.99582,3.21,9.4,6,white,2948
6.0,0.28,0.52,5.0,0.078,30.0,139.0,0.36,white,0.99494,3.1,9.0,6,white,2949
6.0,0.28,0.25,1.8,0.042,8.0,108.0,0.55,white,0.9929,3.08,9.0,5,white,2950
7.2,0.2,0.22,1.6,0.044,17.0,101.0,0.53,white,0.99471,3.37,10.0,5,white,2951
6.1,0.27,0.25,1.8,0.041,9.0,109.0,0.54,white,0.9929,3.08,9.0,5,white,2952
6.0,0.28,0.25,1.8,0.042,8.0,108.0,0.55,white,0.9929,3.08,9.0,5,white,2953
6.4,0.29,0.3,2.9,0.036,25.0,79.0,0.6,white,0.99037,3.29,12.4,7,white,2954
7.4,0.35,0.24,6.0,0.042,28.0,123.0,0.44,white,0.99304,3.14,11.3,5,white,2955
8.1,0.12,0.38,0.9,0.034,36.0,86.0,0.55,white,0.99026,2.8,12.0,6,white,2956
6.4,0.12,0.3,1.1,0.031,37.0,94.0,0.56,white,0.98986,3.01,11.7,6,white,2957
7.2,0.2,0.22,1.6,0.044,17.0,101.0,0.53,white,0.99471,3.37,10.0,5,white,2958
7.3,0.4,0.26,5.45,0.016,26.0,90.0,0.54,white,0.98951,2.84,13.2,7,white,2959
7.7,0.11,0.34,14.05,0.04,41.0,114.0,0.59,white,0.99634,3.07,11.0,7,white,2960
6.9,0.23,0.41,8.0,0.03,30.0,114.0,0.54,white,0.99368,3.22,11.0,6,white,2961
6.9,0.38,0.38,13.1,0.112,14.0,94.0,0.48,white,0.99792,3.02,9.2,5,white,2962
7.5,0.38,0.29,4.9,0.021,38.0,113.0,0.48,white,0.99026,3.08,13.0,7,white,2963
5.8,0.19,0.24,1.3,0.044,38.0,128.0,0.6,white,0.99362,3.77,10.6,5,white,2964
5.5,0.34,0.26,2.2,0.021,31.0,119.0,0.49,white,0.98919,3.55,13.0,8,white,2965
6.6,0.23,0.3,14.9,0.051,33.0,118.0,0.54,white,0.99835,3.04,9.0,6,white,2966
6.6,0.23,0.3,14.9,0.051,33.0,118.0,0.54,white,0.99835,3.04,9.0,6,white,2967
8.4,0.31,0.31,0.95,0.021,52.0,148.0,0.32,white,0.99038,2.93,11.5,5,white,2968
6.7,0.2,0.3,1.4,0.025,17.0,76.0,0.44,white,0.99104,3.11,11.0,6,white,2969
8.4,0.31,0.31,0.95,0.021,52.0,148.0,0.32,white,0.99038,2.93,11.5,5,white,2970
7.3,0.26,0.24,1.7,0.05,10.0,112.0,0.43,white,0.99286,3.11,9.9,5,white,2971
6.3,0.22,0.22,5.6,0.039,31.0,128.0,0.46,white,0.99296,3.12,10.4,6,white,2972
6.6,0.23,0.3,14.9,0.051,33.0,118.0,0.54,white,0.99835,3.04,9.0,6,white,2973
7.5,0.19,0.4,7.1,0.056,50.0,110.0,0.52,white,0.9954,3.06,9.9,6,white,2974
8.0,0.14,0.33,1.2,0.045,71.0,162.0,0.47,white,0.9914,3.07,11.0,6,white,2975
6.8,0.32,0.39,9.6,0.026,34.0,124.0,0.35,white,0.99286,3.18,12.1,6,white,2976
6.6,0.23,0.2,11.4,0.044,45.0,131.0,0.51,white,0.99604,2.96,9.7,6,white,2977
6.6,0.23,0.2,11.4,0.044,45.0,131.0,0.51,white,0.99604,2.96,9.7,6,white,2978
6.7,0.36,0.26,7.9,0.034,39.0,123.0,0.3,white,0.99119,2.99,12.2,7,white,2979
6.1,0.38,0.42,5.0,0.016,31.0,113.0,0.31,white,0.99007,3.15,12.4,7,white,2980
8.5,0.23,0.28,11.1,0.033,30.0,97.0,0.39,white,0.99507,3.03,10.5,7,white,2981
7.0,0.2,0.31,8.0,0.05,29.0,213.0,0.57,white,0.99596,3.28,10.4,6,white,2982
6.0,0.26,0.32,3.8,0.029,48.0,180.0,0.34,white,0.99011,3.15,12.0,6,white,2983
6.9,0.3,0.3,10.55,0.037,4.0,28.0,0.32,white,0.99184,3.07,12.7,6,white,2984
6.7,0.18,0.28,10.2,0.039,29.0,115.0,0.45,white,0.99469,3.11,10.9,7,white,2985
6.7,0.18,0.28,10.2,0.039,29.0,115.0,0.45,white,0.99469,3.11,10.9,7,white,2986
6.8,0.18,0.28,9.8,0.039,29.0,113.0,0.45,white,0.99406,3.11,10.9,7,white,2987
7.2,0.19,0.31,6.3,0.034,17.0,103.0,0.52,white,0.99305,3.15,11.4,7,white,2988
6.2,0.16,0.32,1.1,0.036,74.0,184.0,0.41,white,0.99096,3.22,11.0,6,white,2989
5.0,0.27,0.32,4.5,0.032,58.0,178.0,0.31,white,0.98956,3.45,12.6,7,white,2990
6.3,0.37,0.28,6.3,0.034,45.0,152.0,0.46,white,0.9921,3.29,11.6,7,white,2991
6.6,0.2,0.27,10.9,0.038,29.0,130.0,0.44,white,0.99496,3.11,10.5,7,white,2992
6.8,0.18,0.28,9.8,0.039,29.0,113.0,0.45,white,0.99406,3.11,10.9,7,white,2993
6.8,0.18,0.28,9.8,0.039,29.0,113.0,0.45,white,0.99406,3.11,10.9,7,white,2994
6.6,0.28,0.34,0.8,0.037,42.0,119.0,0.37,white,0.9888,3.03,12.5,6,white,2995
6.5,0.35,0.36,0.8,0.034,32.0,111.0,0.5,white,0.98942,3.11,12.1,8,white,2996
6.9,0.25,0.33,1.2,0.035,35.0,158.0,0.58,white,0.99082,3.02,11.3,6,white,2997
6.0,0.32,0.3,1.3,0.025,18.0,112.0,0.64,white,0.98802,3.07,13.3,7,white,2998
6.8,0.18,0.28,9.8,0.039,29.0,113.0,0.45,white,0.99406,3.11,10.9,7,white,2999
6.7,0.18,0.28,10.2,0.039,29.0,115.0,0.45,white,0.99469,3.11,10.9,7,white,3000
6.6,0.2,0.27,10.9,0.038,29.0,130.0,0.44,white,0.99496,3.11,10.5,7,white,3001
6.3,0.37,0.28,6.3,0.034,45.0,152.0,0.46,white,0.9921,3.29,11.6,7,white,3002
7.2,0.19,0.31,6.3,0.034,17.0,103.0,0.52,white,0.99305,3.15,11.4,7,white,3003
6.3,0.18,0.36,1.2,0.034,26.0,111.0,0.51,white,0.99074,3.16,11.0,6,white,3004
6.9,0.3,0.36,0.9,0.037,40.0,156.0,0.36,white,0.98968,3.08,12.1,6,white,3005
6.2,0.16,0.32,1.1,0.036,74.0,184.0,0.41,white,0.99096,3.22,11.0,6,white,3006
5.0,0.27,0.32,4.5,0.032,58.0,178.0,0.31,white,0.98956,3.45,12.6,7,white,3007
5.0,0.3,0.33,3.7,0.03,54.0,173.0,0.3,white,0.9887,3.36,13.0,7,white,3008
6.5,0.2,0.5,18.1,0.054,50.0,221.0,0.64,white,0.99941,2.94,8.8,6,white,3009
6.7,0.25,0.31,1.35,0.061,30.5,218.0,0.53,white,0.99388,3.16,9.5,5,white,3010
6.6,0.22,0.36,5.5,0.029,30.0,105.0,0.47,white,0.99206,3.2,11.8,6,white,3011
6.8,0.25,0.37,3.1,0.026,29.0,93.0,0.45,white,0.99035,3.14,12.2,6,white,3012
7.0,0.13,0.37,12.85,0.042,36.0,105.0,0.55,white,0.99581,3.05,10.7,6,white,3013
7.0,0.45,0.34,19.8,0.04,12.0,67.0,0.38,white,0.9976,3.07,11.0,6,white,3014
7.2,0.32,0.3,8.25,0.02,14.0,104.0,0.44,white,0.99362,2.99,11.4,6,white,3015
7.0,0.13,0.37,12.85,0.042,36.0,105.0,0.55,white,0.99581,3.05,10.7,6,white,3016
5.9,0.34,0.3,3.8,0.035,57.0,135.0,0.34,white,0.99016,3.09,12.0,6,white,3017
6.8,0.22,0.31,6.9,0.037,33.0,121.0,0.39,white,0.99176,3.02,11.9,8,white,3018
7.2,0.32,0.3,8.25,0.02,14.0,104.0,0.44,white,0.99362,2.99,11.4,6,white,3019
8.4,0.32,0.35,11.7,0.029,3.0,46.0,0.34,white,0.99439,3.02,11.8,6,white,3020
6.8,0.27,0.29,4.6,0.046,6.0,88.0,0.48,white,0.99458,3.34,10.6,4,white,3021
8.0,0.74,0.21,4.0,0.05,24.0,133.0,0.38,white,0.99418,3.06,9.7,5,white,3022
7.0,0.45,0.34,19.8,0.04,12.0,67.0,0.38,white,0.9976,3.07,11.0,6,white,3023
7.0,0.13,0.37,12.85,0.042,36.0,105.0,0.55,white,0.99581,3.05,10.7,6,white,3024
5.4,0.22,0.29,1.2,0.045,69.0,152.0,0.63,white,0.99178,3.76,11.0,7,white,3025
8.4,0.22,0.3,8.9,0.024,17.0,118.0,0.34,white,0.99456,2.99,10.5,6,white,3026
7.4,0.32,0.22,11.7,0.035,44.0,150.0,0.45,white,0.99578,3.1,10.4,5,white,3027
7.5,0.18,0.37,6.2,0.05,21.0,138.0,0.55,white,0.99546,3.2,10.5,6,white,3028
7.1,0.47,0.29,14.8,0.024,22.0,142.0,0.48,white,0.99518,3.12,12.0,8,white,3029
7.1,0.47,0.29,14.8,0.024,22.0,142.0,0.48,white,0.99518,3.12,12.0,8,white,3030
5.8,0.19,0.25,10.8,0.042,33.0,124.0,0.41,white,0.99646,3.22,9.2,6,white,3031
6.7,0.14,0.46,1.6,0.036,15.0,92.0,0.49,white,0.99264,3.37,10.9,5,white,3032
6.8,0.24,0.38,8.3,0.045,50.0,185.0,0.5,white,0.99578,3.15,9.5,6,white,3033
6.9,0.25,0.47,8.4,0.042,36.0,156.0,0.55,white,0.99604,3.15,9.4,6,white,3034
6.0,0.24,0.33,2.5,0.026,31.0,85.0,0.5,white,0.99014,3.13,11.3,7,white,3035
6.8,0.29,0.34,3.5,0.054,26.0,189.0,0.58,white,0.99489,3.42,10.4,5,white,3036
6.3,0.33,0.42,17.2,0.037,57.0,170.0,0.57,white,0.99884,3.26,9.4,6,white,3037
6.5,0.23,0.45,2.1,0.027,43.0,104.0,0.52,white,0.99054,3.02,11.3,6,white,3038
6.3,0.27,0.29,12.2,0.044,59.0,196.0,0.4,white,0.99782,3.14,8.8,6,white,3039
6.3,0.2,0.37,11.8,0.045,58.0,130.0,0.35,white,0.99519,3.2,10.8,5,white,3040
6.2,0.33,0.41,16.8,0.037,58.0,173.0,0.57,white,0.99882,3.25,9.4,6,white,3041
6.3,0.33,0.42,17.2,0.037,57.0,170.0,0.57,white,0.99884,3.26,9.4,6,white,3042
7.2,0.21,1.0,1.1,0.154,46.0,114.0,0.43,white,0.9931,2.95,9.2,6,white,3043
6.0,0.27,0.3,14.7,0.044,15.0,144.0,0.53,white,0.99666,3.12,10.3,6,white,3044
5.7,0.12,0.26,5.5,0.034,21.0,99.0,0.57,white,0.99324,3.09,9.9,6,white,3045
6.9,0.24,0.37,6.1,0.027,38.0,112.0,0.34,white,0.99086,3.19,12.4,6,white,3046
7.7,0.18,0.53,1.2,0.041,42.0,167.0,0.44,white,0.9908,3.11,11.9,5,white,3047
7.1,0.17,0.43,1.3,0.023,33.0,132.0,0.56,white,0.99067,3.11,11.7,6,white,3048
7.5,0.33,0.38,8.7,0.126,49.0,199.0,0.57,white,0.99711,2.98,9.4,5,white,3049
6.2,0.255,0.24,1.7,0.039,138.5,272.0,0.53,white,0.99452,3.53,9.6,4,white,3050
7.5,0.33,0.38,8.7,0.126,49.0,199.0,0.57,white,0.99711,2.98,9.4,5,white,3051
5.6,0.2,0.66,10.2,0.043,78.0,175.0,0.43,white,0.9945,2.98,10.4,7,white,3052
7.6,0.17,0.36,4.5,0.042,26.0,102.0,0.47,white,0.99427,3.09,9.5,5,white,3053
5.8,0.15,0.31,5.9,0.036,7.0,73.0,0.43,white,0.99152,3.2,11.9,6,white,3054
6.3,0.25,0.44,1.7,0.024,36.0,116.0,0.4,white,0.98935,3.18,12.5,6,white,3055
6.9,0.28,0.41,1.4,0.016,6.0,55.0,0.4,white,0.98876,3.16,13.4,5,white,3056
7.2,0.27,0.37,5.4,0.026,27.0,114.0,0.84,white,0.99174,3.13,12.7,5,white,3057
6.2,0.25,0.38,7.9,0.045,54.0,208.0,0.46,white,0.99572,3.17,9.1,5,white,3058
8.5,0.19,0.48,1.1,0.026,23.0,58.0,0.5,white,0.99184,2.9,10.5,6,white,3059
6.2,0.25,0.54,7.0,0.046,58.0,176.0,0.7,white,0.99454,3.19,10.4,5,white,3060
6.2,0.25,0.54,7.0,0.046,58.0,176.0,0.7,white,0.99454,3.19,10.4,5,white,3061
6.8,0.28,0.43,7.6,0.03,30.0,110.0,0.59,white,0.99164,3.08,12.5,8,white,3062
6.2,0.25,0.54,7.0,0.046,58.0,176.0,0.7,white,0.99454,3.19,10.4,5,white,3063
7.4,0.21,0.8,12.3,0.038,77.0,183.0,0.48,white,0.99778,2.95,9.0,5,white,3064
7.0,0.15,0.38,15.3,0.045,54.0,120.0,0.42,white,0.9975,3.18,9.8,6,white,3065
7.4,0.21,0.8,12.3,0.038,77.0,183.0,0.48,white,0.99778,2.95,9.0,5,white,3066
7.3,0.28,0.42,1.2,0.033,29.0,142.0,0.43,white,0.99205,3.17,10.7,4,white,3067
6.1,0.18,0.38,2.3,0.033,28.0,111.0,0.49,white,0.98962,3.16,12.4,6,white,3068
7.0,0.53,0.43,6.1,0.029,6.0,76.0,0.5,white,0.99118,3.08,12.5,8,white,3069
6.8,0.28,0.43,7.6,0.03,30.0,110.0,0.59,white,0.99164,3.08,12.5,8,white,3070
6.5,0.36,0.38,10.2,0.028,20.0,82.0,0.43,white,0.99274,3.1,12.1,7,white,3071
7.5,0.25,0.47,4.1,0.041,95.0,163.0,0.59,white,0.99184,2.92,11.3,6,white,3072
6.7,0.24,0.41,2.9,0.039,48.0,122.0,0.43,white,0.99052,3.25,12.0,5,white,3073
6.6,0.25,0.33,8.5,0.042,29.0,141.0,0.6,white,0.99546,3.28,10.4,5,white,3074
6.4,0.15,0.4,1.5,0.042,23.0,87.0,0.46,white,0.98972,3.11,12.2,7,white,3075
6.3,0.28,0.3,3.1,0.039,24.0,115.0,0.43,white,0.9942,3.05,8.6,5,white,3076
6.2,0.25,0.38,7.9,0.045,54.0,208.0,0.46,white,0.99572,3.17,9.1,5,white,3077
7.1,0.28,0.35,3.5,0.028,35.0,91.0,0.33,white,0.99022,2.96,12.1,5,white,3078
6.6,0.35,0.34,4.9,0.032,9.0,125.0,0.81,white,0.99253,3.32,12.0,5,white,3079
8.5,0.19,0.48,1.1,0.026,23.0,58.0,0.5,white,0.99184,2.9,10.5,6,white,3080
6.2,0.25,0.54,7.0,0.046,58.0,176.0,0.7,white,0.99454,3.19,10.4,5,white,3081
6.0,0.35,0.51,1.2,0.029,10.0,102.0,0.42,white,0.9903,3.46,11.9,6,white,3082
5.8,0.31,0.32,4.5,0.024,28.0,94.0,0.52,white,0.98906,3.25,13.7,7,white,3083
6.6,0.17,0.35,2.6,0.03,33.0,78.0,0.72,white,0.99146,3.22,11.3,6,white,3084
8.5,0.23,0.4,9.9,0.036,24.0,88.0,0.42,white,0.9951,3.02,10.5,6,white,3085
5.8,0.31,0.32,4.5,0.024,28.0,94.0,0.52,white,0.98906,3.25,13.7,7,white,3086
6.1,0.2,0.34,9.5,0.041,38.0,201.0,0.44,white,0.995,3.14,10.1,3,white,3087
6.3,0.37,0.37,1.5,0.024,12.0,76.0,0.39,white,0.98876,2.94,12.3,6,white,3088
6.2,0.36,0.38,3.2,0.031,20.0,89.0,0.33,white,0.98956,3.06,12.0,7,white,3089
6.6,0.17,0.35,2.6,0.03,33.0,78.0,0.72,white,0.99146,3.22,11.3,6,white,3090
6.3,0.28,0.47,11.2,0.04,61.0,183.0,0.51,white,0.99592,3.12,9.5,6,white,3091
7.6,0.27,0.52,3.2,0.043,28.0,152.0,0.53,white,0.99129,3.02,11.4,6,white,3092
7.0,0.25,0.45,2.3,0.045,40.0,118.0,0.48,white,0.99064,3.16,11.9,7,white,3093
9.7,0.24,0.49,4.9,0.032,3.0,18.0,0.54,white,0.99368,2.85,10.0,6,white,3094
9.7,0.24,0.49,4.9,0.032,3.0,18.0,0.54,white,0.99368,2.85,10.0,6,white,3095
6.8,0.13,0.39,1.4,0.034,19.0,102.0,0.6,white,0.99121,3.23,11.3,7,white,3096
6.6,0.78,0.5,1.5,0.045,30.0,133.0,0.48,white,0.99104,3.25,11.7,5,white,3097
5.1,0.33,0.27,6.7,0.022,44.0,129.0,0.39,white,0.99221,3.36,11.0,7,white,3098
6.7,0.34,0.4,2.1,0.033,34.0,111.0,0.48,white,0.98924,2.97,12.2,7,white,3099
6.7,0.14,0.51,4.3,0.028,57.0,124.0,0.54,white,0.99176,2.91,10.7,7,white,3100
7.0,0.26,0.34,10.9,0.038,25.0,84.0,0.34,white,0.99432,3.11,10.9,6,white,3101
6.5,0.29,0.26,7.0,0.04,18.0,113.0,0.38,white,0.99366,3.17,10.2,6,white,3102
7.0,0.25,0.45,2.3,0.045,40.0,118.0,0.48,white,0.99064,3.16,11.9,7,white,3103
7.6,0.21,0.49,2.5,0.047,20.0,130.0,0.48,white,0.99178,3.15,11.1,5,white,3104
7.7,0.26,0.51,2.6,0.045,26.0,159.0,0.5,white,0.99126,3.0,11.2,6,white,3105
7.6,0.27,0.52,3.2,0.043,28.0,152.0,0.53,white,0.99129,3.02,11.4,6,white,3106
7.7,0.25,0.49,2.5,0.047,31.0,169.0,0.57,white,0.99252,3.07,10.6,6,white,3107
7.6,0.35,0.46,14.7,0.047,33.0,151.0,0.53,white,0.99709,3.03,10.3,5,white,3108
6.9,0.3,0.36,4.5,0.054,31.0,203.0,0.57,white,0.99513,3.4,10.4,4,white,3109
6.7,0.24,0.46,2.2,0.033,19.0,111.0,0.62,white,0.99045,3.1,11.9,6,white,3110
6.5,0.23,0.39,1.9,0.036,41.0,98.0,0.43,white,0.99,3.19,11.9,7,white,3111
7.6,0.23,0.34,1.6,0.043,24.0,129.0,0.7,white,0.99305,3.12,10.4,5,white,3112
6.5,0.24,0.39,17.3,0.052,22.0,126.0,0.47,white,0.99888,3.11,9.2,6,white,3113
6.3,0.17,0.32,4.2,0.04,37.0,117.0,0.43,white,0.99182,3.24,11.3,6,white,3114
6.3,0.17,0.32,4.2,0.04,37.0,117.0,0.43,white,0.99182,3.24,11.3,6,white,3115
6.7,0.21,0.37,2.5,0.034,35.0,89.0,0.5,white,0.9913,3.25,11.0,7,white,3116
6.5,0.23,0.39,1.9,0.036,41.0,98.0,0.43,white,0.99,3.19,11.9,7,white,3117
5.9,0.28,0.39,1.4,0.031,47.0,147.0,0.64,white,0.98836,3.08,12.9,7,white,3118
5.9,0.19,0.37,0.8,0.027,3.0,21.0,0.31,white,0.9897,3.09,10.8,5,white,3119
6.2,0.25,0.42,8.0,0.049,53.0,206.0,0.47,white,0.99586,3.16,9.1,6,white,3120
7.6,0.23,0.34,1.6,0.043,24.0,129.0,0.7,white,0.99305,3.12,10.4,5,white,3121
5.6,0.18,0.27,1.7,0.03,31.0,103.0,0.37,white,0.98892,3.35,12.9,6,white,3122
5.5,0.18,0.22,5.5,0.037,10.0,86.0,0.44,white,0.99156,3.46,12.2,5,white,3123
6.5,0.24,0.39,17.3,0.052,22.0,126.0,0.47,white,0.99888,3.11,9.2,6,white,3124
7.4,0.23,0.38,8.6,0.052,41.0,150.0,0.46,white,0.99534,3.06,10.3,5,white,3125
7.2,0.17,0.37,6.9,0.059,47.0,128.0,0.46,white,0.99322,3.08,11.0,7,white,3126
7.6,0.3,0.38,2.1,0.043,10.0,98.0,0.65,white,0.99296,3.17,11.0,5,white,3127
5.0,0.24,0.21,2.2,0.039,31.0,100.0,0.62,white,0.99098,3.69,11.7,6,white,3128
6.1,0.21,0.38,1.5,0.039,37.0,122.0,0.43,white,0.98972,3.2,12.0,6,white,3129
6.5,0.33,0.38,2.5,0.047,30.0,148.0,0.43,white,0.98964,3.17,12.7,6,white,3130
6.3,0.35,0.26,17.6,0.061,59.0,198.0,0.49,white,0.99918,3.11,8.8,5,white,3131
6.3,0.17,0.32,4.2,0.04,37.0,117.0,0.43,white,0.99182,3.24,11.3,6,white,3132
6.6,0.25,0.35,2.9,0.034,38.0,121.0,0.4,white,0.99008,3.19,12.8,6,white,3133
6.5,0.16,0.33,4.8,0.043,45.0,114.0,0.44,white,0.992,3.18,11.2,6,white,3134
6.6,0.39,0.39,11.9,0.057,51.0,221.0,0.51,white,0.99851,3.26,8.9,6,white,3135
5.6,0.19,0.27,0.9,0.04,52.0,103.0,0.39,white,0.99026,3.5,11.2,5,white,3136
6.2,0.25,0.39,1.3,0.051,42.0,135.0,0.4,white,0.9906,3.23,11.1,6,white,3137
6.9,0.22,0.43,6.4,0.042,34.0,115.0,0.51,white,0.99293,3.05,10.8,6,white,3138
6.2,0.19,0.29,4.3,0.045,33.0,126.0,0.42,white,0.99658,3.18,9.3,6,white,3139
6.6,0.39,0.39,11.9,0.057,51.0,221.0,0.51,white,0.99851,3.26,8.9,6,white,3140
5.9,0.33,0.32,8.1,0.038,9.0,34.0,0.36,white,0.9911,3.22,12.7,7,white,3141
7.8,0.17,0.5,1.3,0.045,35.0,140.0,0.4,white,0.9904,3.16,12.0,6,white,3142
5.5,0.19,0.27,0.9,0.04,52.0,103.0,0.39,white,0.99026,3.5,11.2,5,white,3143
6.2,0.23,0.36,17.2,0.039,37.0,130.0,0.43,white,0.99946,3.23,8.8,6,white,3144
6.2,0.23,0.36,17.2,0.039,37.0,130.0,0.43,white,0.99946,3.23,8.8,6,white,3145
6.2,0.23,0.36,17.2,0.039,37.0,130.0,0.43,white,0.99946,3.23,8.8,6,white,3146
7.2,0.32,0.4,8.7,0.038,45.0,154.0,0.47,white,0.99568,3.2,10.4,6,white,3147
6.2,0.23,0.36,17.2,0.039,37.0,130.0,0.43,white,0.99946,3.23,8.8,6,white,3148
7.2,0.32,0.4,8.7,0.038,45.0,154.0,0.47,white,0.99568,3.2,10.4,6,white,3149
5.8,0.39,0.47,7.5,0.027,12.0,88.0,0.45,white,0.9907,3.38,14.0,6,white,3150
6.2,0.23,0.36,17.2,0.039,37.0,130.0,0.43,white,0.99946,3.23,8.8,6,white,3151
7.6,0.25,1.23,4.6,0.035,51.0,294.0,0.43,white,0.99018,3.03,13.1,6,white,3152
5.8,0.29,0.33,3.7,0.029,30.0,88.0,0.42,white,0.98994,3.25,12.3,6,white,3153
7.2,0.4,0.38,2.2,0.03,40.0,109.0,0.46,white,0.99075,3.27,12.6,6,white,3154
6.8,0.39,0.34,7.4,0.02,38.0,133.0,0.44,white,0.99212,3.18,12.0,7,white,3155
6.1,0.17,0.42,15.1,0.033,28.0,124.0,0.47,white,0.99684,2.87,9.5,5,white,3156
6.8,0.39,0.34,7.4,0.02,38.0,133.0,0.44,white,0.99212,3.18,12.0,7,white,3157
7.1,0.36,0.37,4.8,0.019,39.0,114.0,0.49,white,0.99036,3.08,12.7,7,white,3158
6.9,0.19,0.32,7.9,0.042,30.0,130.0,0.39,white,0.99456,3.4,10.5,6,white,3159
6.5,0.34,0.46,1.0,0.023,6.0,80.0,0.54,white,0.98865,3.15,12.9,6,white,3160
6.1,0.17,0.42,15.1,0.033,28.0,124.0,0.47,white,0.99684,2.87,9.5,5,white,3161
6.8,0.39,0.34,7.4,0.02,38.0,133.0,0.44,white,0.99212,3.18,12.0,7,white,3162
7.1,0.36,0.37,4.8,0.019,39.0,114.0,0.49,white,0.99036,3.08,12.7,7,white,3163
7.8,0.3,0.36,4.6,0.024,20.0,198.0,0.66,white,0.99222,3.06,11.9,6,white,3164
6.1,0.68,0.52,1.4,0.037,32.0,123.0,0.45,white,0.99022,3.24,12.0,6,white,3165
5.2,0.34,0.37,6.2,0.031,42.0,133.0,0.41,white,0.99076,3.25,12.5,6,white,3166
5.6,0.28,0.4,6.1,0.034,36.0,118.0,0.43,white,0.99144,3.21,12.1,7,white,3167
6.2,0.19,0.38,5.1,0.019,22.0,82.0,0.36,white,0.98961,3.05,12.5,6,white,3168
5.7,0.16,0.26,6.3,0.043,28.0,113.0,0.58,white,0.9936,3.06,9.9,6,white,3169
7.6,0.17,0.46,0.9,0.036,63.0,147.0,0.41,white,0.99126,3.02,10.7,6,white,3170
7.3,0.2,0.39,2.3,0.048,24.0,87.0,0.35,white,0.99044,2.94,12.0,6,white,3171
6.7,0.33,0.36,6.6,0.042,34.0,116.0,0.31,white,0.99123,2.97,12.2,8,white,3172
6.7,0.33,0.34,7.5,0.036,39.0,124.0,0.32,white,0.99123,2.99,12.4,8,white,3173
6.9,0.36,0.35,8.6,0.038,37.0,125.0,0.32,white,0.9916,3.0,12.4,8,white,3174
7.8,0.21,0.34,11.9,0.039,55.0,140.0,0.31,white,0.9959,3.02,10.3,6,white,3175
7.3,0.2,0.39,2.3,0.048,24.0,87.0,0.35,white,0.99044,2.94,12.0,6,white,3176
5.6,0.41,0.22,7.1,0.05,44.0,154.0,0.4,white,0.9931,3.3,10.5,5,white,3177
7.6,0.15,0.35,4.3,0.051,23.0,98.0,0.44,white,0.99422,3.1,9.5,6,white,3178
8.5,0.2,0.4,1.1,0.046,31.0,106.0,0.35,white,0.99194,3.0,10.5,4,white,3179
6.5,0.24,0.38,1.0,0.027,31.0,90.0,0.36,white,0.98926,3.24,12.3,6,white,3180
8.3,0.16,0.37,7.9,0.025,38.0,107.0,0.37,white,0.99306,2.93,11.9,6,white,3181
5.5,0.12,0.33,1.0,0.038,23.0,131.0,0.45,white,0.99164,3.25,9.8,5,white,3182
6.5,0.24,0.38,1.0,0.027,31.0,90.0,0.36,white,0.98926,3.24,12.3,6,white,3183
6.2,0.1,0.41,1.0,0.04,17.0,76.0,0.56,white,0.98988,3.14,11.4,7,white,3184
6.5,0.21,0.4,7.3,0.041,49.0,115.0,0.43,white,0.99268,3.21,11.0,6,white,3185
8.7,0.3,0.59,1.7,0.046,10.0,70.0,0.56,white,0.99373,3.06,10.8,4,white,3186
6.7,0.18,0.37,1.3,0.027,42.0,125.0,0.37,white,0.98939,3.24,12.8,7,white,3187
7.0,0.17,0.36,6.4,0.055,42.0,123.0,0.5,white,0.99318,3.11,11.0,8,white,3188
6.6,0.19,0.33,1.8,0.035,42.0,148.0,0.36,white,0.99196,3.15,10.2,5,white,3189
5.8,0.28,0.3,1.5,0.026,31.0,114.0,0.6,white,0.98952,3.32,12.5,7,white,3190
7.6,0.24,0.44,3.8,0.037,49.0,146.0,0.37,white,0.9911,3.06,11.6,6,white,3191
8.3,0.16,0.37,7.9,0.025,38.0,107.0,0.37,white,0.99306,2.93,11.9,6,white,3192
5.5,0.12,0.33,1.0,0.038,23.0,131.0,0.45,white,0.99164,3.25,9.8,5,white,3193
5.7,0.16,0.32,1.2,0.036,7.0,89.0,0.48,white,0.99111,3.26,11.0,5,white,3194
7.0,0.21,0.42,5.3,0.037,36.0,123.0,0.52,white,0.99321,3.14,10.9,6,white,3195
6.4,0.22,0.38,9.1,0.044,35.0,127.0,0.3,white,0.99326,2.97,11.0,7,white,3196
7.9,0.34,0.44,6.5,0.027,47.0,126.0,0.37,white,0.99124,2.96,12.5,6,white,3197
6.4,0.22,0.38,9.1,0.044,35.0,127.0,0.3,white,0.99326,2.97,11.0,7,white,3198
6.8,0.21,0.4,6.3,0.032,40.0,121.0,0.53,white,0.99214,3.18,12.0,7,white,3199
5.2,0.31,0.36,5.1,0.031,46.0,145.0,0.31,white,0.9897,3.14,12.4,7,white,3200
7.9,0.34,0.44,6.5,0.027,47.0,126.0,0.37,white,0.99124,2.96,12.5,6,white,3201
5.6,0.42,0.34,2.4,0.022,34.0,97.0,0.38,white,0.98915,3.22,12.8,7,white,3202
6.4,0.22,0.38,9.1,0.044,35.0,127.0,0.3,white,0.99326,2.97,11.0,7,white,3203
6.8,0.28,0.34,7.5,0.035,34.0,177.0,0.43,white,0.99692,3.33,9.1,5,white,3204
6.8,0.45,0.36,5.0,0.033,28.0,156.0,0.4,white,0.991,3.11,12.4,7,white,3205
6.6,0.29,0.39,6.75,0.031,22.0,98.0,0.8,white,0.9913,3.15,12.9,7,white,3206
6.8,0.21,0.42,1.2,0.045,24.0,126.0,0.87,white,0.99234,3.09,10.9,6,white,3207
6.8,0.25,0.24,1.6,0.045,39.0,164.0,0.58,white,0.99402,3.53,10.8,5,white,3208
6.4,0.21,0.34,16.05,0.04,56.0,142.0,0.38,white,0.99678,3.11,10.6,5,white,3209
5.8,0.33,0.23,5.0,0.053,29.0,106.0,0.52,white,0.99458,3.13,9.0,5,white,3210
8.2,0.3,0.44,12.4,0.043,52.0,154.0,0.33,white,0.99452,3.04,12.0,6,white,3211
6.4,0.24,0.32,0.95,0.041,23.0,131.0,0.35,white,0.99033,3.25,11.8,5,white,3212
7.5,0.18,0.45,4.6,0.041,67.0,158.0,0.38,white,0.9927,3.01,10.6,6,white,3213
5.2,0.335,0.2,1.7,0.033,17.0,74.0,0.48,white,0.99002,3.34,12.3,6,white,3214
7.1,0.14,0.33,1.0,0.104,20.0,54.0,0.64,white,0.99057,3.19,11.5,6,white,3215
7.2,0.13,0.46,1.3,0.044,48.0,111.0,0.45,white,0.99127,2.97,11.1,5,white,3216
5.8,0.33,0.23,5.0,0.053,29.0,106.0,0.52,white,0.99458,3.13,9.0,5,white,3217
6.5,0.29,0.25,2.5,0.142,8.0,111.0,0.44,white,0.9927,3.0,9.9,4,white,3218
6.2,0.35,0.31,2.6,0.036,37.0,92.0,0.53,white,0.98938,3.27,12.8,7,white,3219
9.0,0.38,0.53,2.1,0.102,19.0,76.0,0.57,white,0.99001,2.93,12.9,5,white,3220
6.6,0.24,0.38,12.75,0.034,8.0,74.0,0.57,white,0.99386,3.1,12.9,6,white,3221
6.6,0.16,0.34,1.1,0.037,41.0,115.0,0.68,white,0.9899,3.01,12.0,6,white,3222
8.2,0.3,0.44,12.4,0.043,52.0,154.0,0.33,white,0.99452,3.04,12.0,6,white,3223
5.7,0.15,0.28,3.7,0.045,57.0,151.0,0.27,white,0.9913,3.22,11.2,6,white,3224
6.6,0.33,0.4,2.65,0.041,35.0,86.0,0.39,white,0.98916,3.11,13.3,7,white,3225
5.7,0.2,0.3,2.5,0.046,38.0,125.0,0.5,white,0.99276,3.34,9.9,6,white,3226
6.8,0.27,0.37,8.2,0.055,52.0,192.0,0.52,white,0.99586,3.11,9.5,6,white,3227
6.8,0.27,0.42,7.3,0.054,58.0,200.0,0.49,white,0.99556,3.12,9.4,6,white,3228
6.2,0.2,0.26,1.1,0.047,42.0,119.0,0.6,white,0.99158,3.48,11.0,7,white,3229
6.7,0.13,0.57,6.6,0.056,60.0,150.0,0.43,white,0.99548,2.96,9.4,6,white,3230
6.8,0.21,0.37,7.0,0.038,27.0,107.0,0.82,white,0.99206,2.98,11.5,6,white,3231
6.7,0.31,0.32,14.5,0.038,6.0,79.0,0.34,white,0.99412,3.14,12.5,5,white,3232
6.2,0.2,0.29,11.8,0.035,21.0,93.0,0.34,white,0.99364,3.18,11.9,6,white,3233
6.6,0.25,0.34,3.0,0.054,22.0,141.0,0.47,white,0.99338,3.26,10.4,6,white,3234
5.7,0.15,0.28,3.7,0.045,57.0,151.0,0.27,white,0.9913,3.22,11.2,6,white,3235
6.9,0.22,0.39,6.0,0.035,44.0,141.0,0.33,white,0.99123,3.11,12.5,6,white,3236
6.4,0.23,0.35,4.6,0.039,43.0,147.0,0.4,white,0.99216,3.18,11.0,7,white,3237
7.6,0.27,0.29,2.5,0.059,37.0,115.0,0.37,white,0.99328,3.09,9.8,5,white,3238
6.6,0.34,0.24,3.3,0.034,29.0,99.0,0.4,white,0.99031,3.1,12.3,7,white,3239
6.4,0.16,0.42,1.0,0.036,29.0,113.0,0.52,white,0.9908,3.18,11.0,6,white,3240
5.8,0.3,0.42,1.1,0.036,19.0,113.0,0.46,white,0.98871,3.1,12.6,7,white,3241
7.0,0.29,0.35,1.4,0.036,42.0,109.0,0.62,white,0.99119,3.31,11.6,6,white,3242
6.6,0.34,0.24,3.3,0.034,29.0,99.0,0.4,white,0.99031,3.1,12.3,7,white,3243
6.7,0.21,0.36,8.55,0.02,20.0,86.0,0.22,white,0.99146,3.19,13.4,7,white,3244
7.6,0.27,0.29,2.5,0.059,37.0,115.0,0.37,white,0.99328,3.09,9.8,5,white,3245
6.8,0.22,0.41,6.7,0.034,39.0,116.0,0.46,white,0.99245,3.18,11.5,6,white,3246
7.7,0.27,0.49,3.8,0.037,46.0,139.0,0.38,white,0.99116,3.04,11.6,6,white,3247
6.4,0.25,0.37,4.5,0.039,41.0,147.0,0.4,white,0.9921,3.18,11.1,7,white,3248
6.4,0.23,0.35,4.6,0.039,43.0,147.0,0.4,white,0.99216,3.18,11.0,7,white,3249
6.7,0.13,0.45,4.2,0.043,52.0,131.0,0.54,white,0.99162,3.06,11.3,6,white,3250
6.7,0.24,0.37,11.3,0.043,64.0,173.0,0.53,white,0.99632,3.08,9.9,6,white,3251
7.1,0.26,0.37,5.5,0.025,31.0,105.0,0.33,white,0.99082,3.06,12.6,8,white,3252
5.3,0.3,0.16,4.2,0.029,37.0,100.0,0.36,white,0.9905,3.3,11.8,8,white,3253
7.1,0.38,0.4,2.2,0.042,54.0,201.0,0.5,white,0.99177,3.03,11.4,5,white,3254
7.4,0.19,0.31,14.5,0.045,39.0,193.0,0.5,white,0.9986,3.1,9.2,6,white,3255
7.4,0.19,0.31,14.5,0.045,39.0,193.0,0.5,white,0.9986,3.1,9.2,6,white,3256
7.4,0.19,0.31,14.5,0.045,39.0,193.0,0.5,white,0.9986,3.1,9.2,6,white,3257
7.4,0.19,0.31,14.5,0.045,39.0,193.0,0.5,white,0.9986,3.1,9.2,6,white,3258
7.4,0.19,0.31,14.5,0.045,39.0,193.0,0.5,white,0.9986,3.1,9.2,6,white,3259
7.4,0.19,0.31,14.5,0.045,39.0,193.0,0.5,white,0.9986,3.1,9.2,6,white,3260
6.3,0.32,0.32,1.5,0.03,24.0,101.0,0.42,white,0.98923,3.21,13.0,5,white,3261
7.6,0.19,0.32,18.75,0.047,32.0,193.0,0.5,white,1.00014,3.1,9.3,7,white,3262
6.5,0.26,0.31,3.6,0.03,36.0,92.0,0.62,white,0.99026,3.22,12.6,8,white,3263
5.9,0.24,0.12,1.4,0.035,60.0,247.0,0.44,white,0.99358,3.34,9.6,6,white,3264
4.2,0.215,0.23,5.1,0.041,64.0,157.0,0.44,white,0.99688,3.42,8.0,3,white,3265
8.1,0.24,0.32,10.5,0.03,34.0,105.0,0.42,white,0.99407,3.11,11.8,6,white,3266
5.8,0.23,0.2,2.0,0.043,39.0,154.0,0.39,white,0.99226,3.21,10.2,6,white,3267
7.5,0.33,0.36,2.6,0.051,26.0,126.0,0.53,white,0.99097,3.32,12.7,6,white,3268
6.6,0.38,0.36,9.2,0.061,42.0,214.0,0.56,white,0.9976,3.31,9.4,5,white,3269
6.4,0.15,0.29,1.8,0.044,21.0,115.0,0.38,white,0.99166,3.1,10.2,5,white,3270
6.5,0.32,0.34,5.7,0.044,27.0,91.0,0.6,white,0.99184,3.28,12.0,7,white,3271
7.5,0.22,0.32,2.4,0.045,29.0,100.0,0.6,white,0.99135,3.08,11.3,7,white,3272
6.4,0.23,0.32,1.9,0.038,40.0,118.0,0.53,white,0.99074,3.32,11.8,7,white,3273
6.1,0.22,0.31,1.4,0.039,40.0,129.0,0.59,white,0.99193,3.45,10.9,5,white,3274
6.5,0.48,0.02,0.9,0.043,32.0,99.0,0.47,white,0.99226,3.14,9.8,4,white,3275
6.6,0.23,0.3,4.6,0.06,29.0,154.0,0.49,white,0.99142,3.23,12.2,8,white,3276
6.4,0.16,0.25,1.4,0.057,21.0,125.0,0.44,white,0.99091,3.23,11.1,7,white,3277
6.6,0.38,0.36,9.2,0.061,42.0,214.0,0.56,white,0.9976,3.31,9.4,5,white,3278
7.4,0.16,0.32,1.4,0.065,23.0,140.0,0.47,white,0.99134,3.06,11.4,6,white,3279
6.4,0.15,0.29,1.8,0.044,21.0,115.0,0.38,white,0.99166,3.1,10.2,5,white,3280
6.5,0.32,0.3,2.3,0.051,20.0,127.0,0.52,white,0.98964,3.13,12.8,6,white,3281
6.7,0.12,0.36,2.3,0.039,43.0,125.0,0.67,white,0.99229,3.07,10.1,7,white,3282
6.6,0.2,0.14,4.4,0.184,35.0,168.0,0.45,white,0.99396,2.93,9.4,6,white,3283
8.0,0.34,0.25,6.4,0.035,38.0,103.0,0.23,white,0.99148,2.91,12.2,6,white,3284
6.8,0.21,0.31,2.9,0.046,40.0,121.0,0.65,white,0.9913,3.07,10.9,7,white,3285
6.8,0.23,0.31,2.8,0.047,40.0,122.0,0.64,white,0.99126,3.06,10.9,7,white,3286
6.8,0.21,0.31,2.9,0.046,40.0,121.0,0.65,white,0.9913,3.07,10.9,7,white,3287
6.6,0.2,0.14,4.4,0.184,35.0,168.0,0.45,white,0.99396,2.93,9.4,6,white,3288
6.6,0.28,0.42,8.2,0.044,60.0,196.0,0.48,white,0.99562,3.14,9.4,5,white,3289
7.8,0.25,0.37,1.0,0.043,10.0,80.0,0.38,white,0.99128,3.08,11.4,5,white,3290
5.6,0.12,0.33,2.9,0.044,21.0,73.0,0.32,white,0.98896,3.17,12.9,8,white,3291
6.6,0.28,0.41,7.0,0.046,59.0,194.0,0.48,white,0.99558,3.14,9.4,5,white,3292
6.8,0.17,0.35,1.8,0.04,29.0,84.0,0.57,white,0.98961,2.91,12.0,7,white,3293
7.3,0.25,0.28,1.5,0.043,19.0,113.0,0.56,white,0.99338,3.38,10.1,6,white,3294
6.6,0.28,0.41,7.0,0.046,59.0,194.0,0.48,white,0.99558,3.14,9.4,5,white,3295
6.6,0.28,0.42,8.2,0.044,60.0,196.0,0.48,white,0.99562,3.14,9.4,5,white,3296
6.5,0.25,0.5,7.6,0.047,54.0,184.0,0.45,white,0.99572,3.17,9.2,5,white,3297
6.3,0.24,0.35,2.3,0.039,43.0,109.0,0.44,white,0.99056,3.34,11.8,6,white,3298
6.8,0.32,0.32,8.7,0.029,31.0,105.0,0.34,white,0.99146,3.0,12.3,7,white,3299
7.8,0.25,0.37,1.0,0.043,10.0,80.0,0.38,white,0.99128,3.08,11.4,5,white,3300
5.6,0.12,0.33,2.9,0.044,21.0,73.0,0.32,white,0.98896,3.17,12.9,8,white,3301
6.6,0.24,0.28,6.7,0.032,26.0,91.0,0.32,white,0.99172,3.13,12.3,6,white,3302
6.3,0.22,0.34,5.0,0.032,36.0,93.0,0.36,white,0.99012,3.27,13.5,7,white,3303
6.0,0.32,0.3,1.9,0.033,41.0,142.0,0.42,white,0.98912,3.29,12.8,7,white,3304
6.3,0.19,0.29,2.0,0.022,33.0,96.0,0.54,white,0.98902,3.04,12.8,7,white,3305
6.0,0.32,0.3,1.9,0.033,41.0,142.0,0.42,white,0.98912,3.29,12.8,7,white,3306
9.4,0.24,0.29,8.5,0.037,124.0,208.0,0.38,white,0.99395,2.9,11.0,3,white,3307
6.4,0.35,0.28,12.6,0.039,19.0,124.0,0.43,white,0.99539,3.2,10.6,6,white,3308
6.7,0.46,0.27,5.2,0.039,35.0,96.0,0.44,white,0.99129,3.16,12.4,7,white,3309
6.3,0.3,0.29,2.1,0.048,33.0,142.0,0.46,white,0.98956,3.22,12.9,7,white,3310
6.0,0.19,0.29,1.1,0.047,67.0,152.0,0.59,white,0.9916,3.54,11.1,7,white,3311
5.9,0.24,0.28,1.3,0.032,36.0,95.0,0.64,white,0.98889,3.08,12.9,7,white,3312
7.3,0.145,0.33,1.1,0.042,14.0,64.0,0.37,white,0.99012,3.1,11.8,7,white,3313
6.6,0.435,0.38,9.2,0.058,66.0,243.0,0.54,white,0.99833,3.23,9.1,6,white,3314
5.8,0.18,0.37,1.2,0.036,19.0,74.0,0.49,white,0.98853,3.09,12.7,7,white,3315
5.8,0.18,0.37,1.1,0.036,31.0,96.0,0.48,white,0.98942,3.16,12.0,6,white,3316
5.6,0.32,0.32,8.3,0.043,32.0,105.0,0.47,white,0.99266,3.24,11.2,6,white,3317
6.6,0.16,0.35,1.8,0.042,26.0,105.0,0.75,white,0.98962,3.19,12.4,7,white,3318
5.1,0.21,0.28,1.4,0.047,48.0,148.0,0.49,white,0.99168,3.5,10.4,5,white,3319
7.5,0.29,0.36,15.7,0.05,29.0,124.0,0.54,white,0.9968,3.06,10.4,5,white,3320
6.0,0.26,0.33,4.35,0.04,15.0,80.0,0.5,white,0.98934,3.29,12.7,6,white,3321
5.7,0.26,0.3,1.8,0.039,30.0,105.0,0.52,white,0.98995,3.48,12.5,7,white,3322
7.1,0.17,0.31,1.6,0.037,15.0,103.0,0.5,white,0.991,3.14,12.0,6,white,3323
6.9,0.17,0.3,2.0,0.047,13.0,117.0,0.51,white,0.99152,3.16,11.6,6,white,3324
6.8,0.25,0.28,5.0,0.035,42.0,126.0,0.38,white,0.99048,3.12,12.6,7,white,3325
6.6,0.17,0.28,1.8,0.042,62.0,178.0,0.42,white,0.99204,3.15,10.2,5,white,3326
5.8,0.17,0.36,1.3,0.036,11.0,70.0,0.68,white,0.99202,3.43,10.4,7,white,3327
6.4,0.24,0.29,1.0,0.038,18.0,122.0,0.42,white,0.9906,3.3,11.5,5,white,3328
6.7,0.21,0.34,1.4,0.049,36.0,112.0,0.5,white,0.99091,3.02,11.0,6,white,3329
6.7,0.23,0.33,8.1,0.048,45.0,176.0,0.52,white,0.99472,3.11,10.1,6,white,3330
6.8,0.23,0.32,8.6,0.046,47.0,159.0,0.52,white,0.99452,3.08,10.5,6,white,3331
6.5,0.22,0.28,3.7,0.059,29.0,151.0,0.41,white,0.99177,3.23,12.1,7,white,3332
5.1,0.165,0.22,5.7,0.047,42.0,146.0,0.55,white,0.9934,3.18,9.9,6,white,3333
6.6,0.425,0.25,2.35,0.034,23.0,87.0,0.41,white,0.99082,3.05,11.4,6,white,3334
6.9,0.38,0.29,13.65,0.048,52.0,189.0,0.6,white,0.99784,3.0,9.5,6,white,3335
6.9,0.38,0.29,13.65,0.048,52.0,189.0,0.6,white,0.99784,3.0,9.5,6,white,3336
6.9,0.38,0.29,13.65,0.048,52.0,189.0,0.6,white,0.99784,3.0,9.5,6,white,3337
7.2,0.27,0.28,15.2,0.046,6.0,41.0,0.39,white,0.99665,3.17,10.9,6,white,3338
7.6,0.17,0.27,4.6,0.05,23.0,98.0,0.47,white,0.99422,3.08,9.5,6,white,3339
6.2,0.3,0.31,1.2,0.048,19.0,125.0,0.54,white,0.98999,3.32,12.6,6,white,3340
7.6,0.17,0.27,4.6,0.05,23.0,98.0,0.47,white,0.99422,3.08,9.5,6,white,3341
6.5,0.26,0.32,6.65,0.059,34.0,104.0,0.42,white,0.99254,3.18,11.1,5,white,3342
6.9,0.36,0.28,13.55,0.048,51.0,189.0,0.6,white,0.99782,3.0,9.5,7,white,3343
6.9,0.38,0.29,13.65,0.048,52.0,189.0,0.6,white,0.99784,3.0,9.5,6,white,3344
6.8,0.18,0.24,9.8,0.058,64.0,188.0,0.51,white,0.9952,3.13,10.6,6,white,3345
6.7,0.18,0.24,10.3,0.057,64.0,185.0,0.5,white,0.99519,3.12,10.6,6,white,3346
6.6,0.16,0.21,6.7,0.055,43.0,157.0,0.52,white,0.99384,3.15,10.8,6,white,3347
7.2,0.27,0.28,15.2,0.046,6.0,41.0,0.39,white,0.99665,3.17,10.9,6,white,3348
6.4,0.17,0.27,9.9,0.047,26.0,101.0,0.5,white,0.99596,3.34,9.9,6,white,3349
7.2,0.22,0.28,7.2,0.06,41.0,132.0,0.59,white,0.9935,3.08,11.3,6,white,3350
6.0,0.22,0.28,1.1,0.034,47.0,90.0,0.38,white,0.98862,3.22,12.6,6,white,3351
6.7,0.36,0.28,8.3,0.034,29.0,81.0,0.39,white,0.99151,2.96,12.5,6,white,3352
6.5,0.43,0.28,11.25,0.032,31.0,87.0,0.38,white,0.9922,3.02,12.4,6,white,3353
5.9,0.2,0.28,12.8,0.038,29.0,132.0,0.57,white,0.99426,3.31,11.8,7,white,3354
5.3,0.32,0.23,9.65,0.026,26.0,119.0,0.53,white,0.99168,3.18,12.2,6,white,3355
6.8,0.2,0.28,12.6,0.048,54.0,136.0,0.37,white,0.99556,3.19,10.7,6,white,3356
6.0,0.22,0.33,12.2,0.033,25.0,97.0,0.42,white,0.99356,3.17,11.3,7,white,3357
6.7,0.36,0.28,8.3,0.034,29.0,81.0,0.39,white,0.99151,2.96,12.5,6,white,3358
6.5,0.43,0.28,11.25,0.032,31.0,87.0,0.38,white,0.9922,3.02,12.4,6,white,3359
7.1,0.18,0.49,1.3,0.033,12.0,72.0,0.53,white,0.99072,3.05,11.3,7,white,3360
6.4,0.17,0.27,9.9,0.047,26.0,101.0,0.5,white,0.99596,3.34,9.9,6,white,3361
7.2,0.22,0.28,7.2,0.06,41.0,132.0,0.59,white,0.9935,3.08,11.3,6,white,3362
6.0,0.22,0.28,1.1,0.034,47.0,90.0,0.38,white,0.98862,3.22,12.6,6,white,3363
6.0,0.2,0.26,1.1,0.033,38.0,67.0,0.38,white,0.98954,3.14,11.5,6,white,3364
7.6,0.2,0.26,4.8,0.033,26.0,76.0,0.49,white,0.99076,2.98,12.3,7,white,3365
6.2,0.3,0.21,1.1,0.032,31.0,111.0,0.42,white,0.9889,2.97,12.2,6,white,3366
6.0,0.29,0.25,1.4,0.033,30.0,114.0,0.43,white,0.98794,3.08,13.2,6,white,3367
6.6,0.18,0.28,1.7,0.041,53.0,161.0,0.45,white,0.99207,3.13,10.2,6,white,3368
7.0,0.22,0.28,10.6,0.039,32.0,117.0,0.55,white,0.99355,3.05,11.5,7,white,3369
6.0,0.29,0.25,1.4,0.033,30.0,114.0,0.43,white,0.98794,3.08,13.2,6,white,3370
6.2,0.3,0.21,1.1,0.032,31.0,111.0,0.42,white,0.9889,2.97,12.2,6,white,3371
5.6,0.15,0.26,5.55,0.051,51.0,139.0,0.5,white,0.99336,3.47,11.0,6,white,3372
6.9,0.28,0.24,2.1,0.034,49.0,121.0,0.43,white,0.98882,2.98,13.2,7,white,3373
5.9,0.19,0.21,1.7,0.045,57.0,135.0,0.44,white,0.99341,3.32,9.5,5,white,3374
7.8,0.22,0.26,9.0,0.047,38.0,132.0,0.53,white,0.997,3.25,10.2,6,white,3375
6.6,0.18,0.28,1.7,0.041,53.0,161.0,0.45,white,0.99207,3.13,10.2,6,white,3376
7.0,0.4,0.25,1.8,0.05,51.0,189.0,0.55,white,0.99174,3.0,11.4,6,white,3377
6.1,0.28,0.27,4.7,0.03,56.0,140.0,0.42,white,0.99042,3.16,12.5,8,white,3378
7.6,0.36,0.49,11.3,0.046,87.0,221.0,0.43,white,0.9984,3.01,9.2,5,white,3379
6.5,0.28,0.34,3.6,0.04,29.0,121.0,0.48,white,0.99111,3.28,12.1,7,white,3380
6.9,0.19,0.35,6.9,0.045,51.0,125.0,0.44,white,0.9933,3.1,10.7,7,white,3381
6.5,0.28,0.34,3.6,0.04,29.0,121.0,0.48,white,0.99111,3.28,12.1,7,white,3382
6.4,0.22,0.32,4.9,0.046,50.0,156.0,0.55,white,0.99316,3.38,11.2,6,white,3383
6.8,0.23,0.3,6.95,0.044,42.0,179.0,0.56,white,0.9946,3.25,10.6,6,white,3384
6.4,0.32,0.31,1.9,0.037,34.0,126.0,0.45,white,0.99,3.06,11.8,6,white,3385
6.1,0.28,0.27,4.7,0.03,56.0,140.0,0.42,white,0.99042,3.16,12.5,8,white,3386
7.6,0.36,0.49,11.3,0.046,87.0,221.0,0.43,white,0.9984,3.01,9.2,5,white,3387
8.8,0.39,0.35,1.8,0.096,22.0,80.0,0.54,white,0.99016,2.95,12.6,6,white,3388
6.6,0.24,0.3,11.3,0.026,11.0,77.0,0.55,white,0.99381,3.13,12.8,7,white,3389
6.9,0.29,0.3,8.2,0.026,35.0,112.0,0.37,white,0.99144,3.0,12.3,6,white,3390
6.9,0.28,0.3,8.3,0.026,37.0,113.0,0.38,white,0.99139,2.99,12.3,8,white,3391
6.7,0.38,0.26,9.55,0.036,35.0,91.0,0.37,white,0.9919,2.98,12.4,6,white,3392
8.0,0.28,0.3,8.4,0.03,35.0,115.0,0.42,white,0.99192,2.93,12.3,6,white,3393
6.5,0.25,0.45,7.8,0.048,52.0,188.0,0.53,white,0.99576,3.2,9.1,5,white,3394
6.6,0.26,0.46,7.8,0.047,48.0,186.0,0.54,white,0.9958,3.2,9.1,5,white,3395
7.4,0.29,0.28,10.2,0.032,43.0,138.0,0.47,white,0.9951,3.1,10.6,6,white,3396
6.3,0.19,0.29,5.5,0.042,44.0,189.0,0.47,white,0.99304,3.19,10.3,6,white,3397
6.1,0.33,0.32,7.8,0.052,52.0,183.0,0.65,white,0.99657,3.39,9.5,5,white,3398
5.6,0.32,0.33,7.4,0.037,25.0,95.0,0.49,white,0.99268,3.25,11.1,6,white,3399
7.7,0.46,0.18,3.3,0.054,18.0,143.0,0.51,white,0.99392,3.12,10.8,6,white,3400
8.8,0.19,0.3,5.0,0.028,34.0,120.0,0.47,white,0.99242,2.94,11.2,5,white,3401
7.7,0.46,0.18,3.3,0.054,18.0,143.0,0.51,white,0.99392,3.12,10.8,6,white,3402
8.8,0.27,0.25,5.0,0.024,52.0,99.0,0.49,white,0.9925,2.87,11.4,5,white,3403
5.8,0.18,0.28,1.3,0.034,9.0,94.0,0.52,white,0.99092,3.21,11.2,6,white,3404
5.8,0.15,0.32,1.2,0.037,14.0,119.0,0.5,white,0.99137,3.19,10.2,6,white,3405
5.6,0.32,0.33,7.4,0.037,25.0,95.0,0.49,white,0.99268,3.25,11.1,6,white,3406
6.1,0.33,0.32,7.8,0.052,52.0,183.0,0.65,white,0.99657,3.39,9.5,5,white,3407
7.1,0.32,0.3,9.9,0.041,63.0,192.0,0.49,white,0.99642,3.12,10.2,6,white,3408
6.2,0.23,0.35,0.7,0.051,24.0,111.0,0.43,white,0.9916,3.37,11.0,3,white,3409
8.9,0.3,0.35,4.6,0.032,32.0,148.0,0.45,white,0.99458,3.15,11.5,7,white,3410
6.0,0.14,0.17,5.6,0.036,37.0,127.0,0.57,white,0.99373,3.05,9.8,6,white,3411
6.8,0.24,0.29,9.5,0.042,56.0,157.0,0.51,white,0.99586,3.11,10.1,6,white,3412
6.7,0.21,0.48,14.8,0.05,31.0,195.0,0.75,white,0.99942,2.95,8.8,6,white,3413
8.9,0.3,0.35,4.6,0.032,32.0,148.0,0.45,white,0.99458,3.15,11.5,7,white,3414
6.1,0.3,0.3,2.1,0.031,50.0,163.0,0.43,white,0.9895,3.39,12.7,7,white,3415
7.2,0.37,0.4,11.6,0.032,34.0,214.0,0.51,white,0.9963,3.1,9.8,6,white,3416
6.7,0.64,0.3,1.2,0.03,18.0,76.0,0.6,white,0.9892,3.16,12.9,4,white,3417
7.2,0.37,0.4,11.6,0.032,34.0,214.0,0.51,white,0.9963,3.1,9.8,6,white,3418
6.1,0.3,0.3,2.1,0.031,50.0,163.0,0.43,white,0.9895,3.39,12.7,7,white,3419
7.6,0.28,0.49,20.15,0.06,30.0,145.0,0.44,white,1.00196,3.01,8.5,5,white,3420
6.3,0.29,0.28,4.7,0.059,28.0,81.0,0.56,white,0.99036,3.24,12.7,8,white,3421
6.2,0.28,0.28,4.3,0.026,22.0,105.0,0.64,white,0.989,2.98,13.1,8,white,3422
7.1,0.18,0.39,14.5,0.051,48.0,156.0,0.78,white,0.99947,3.35,9.1,5,white,3423
6.4,0.32,0.27,4.9,0.034,18.0,122.0,0.71,white,0.9916,3.36,12.5,6,white,3424
7.1,0.17,0.4,14.55,0.047,47.0,156.0,0.78,white,0.99945,3.34,9.1,6,white,3425
7.1,0.17,0.4,14.55,0.047,47.0,156.0,0.78,white,0.99945,3.34,9.1,6,white,3426
5.8,0.24,0.26,10.05,0.039,63.0,162.0,0.5,white,0.99375,3.33,11.2,6,white,3427
6.4,0.32,0.27,4.9,0.034,18.0,122.0,0.71,white,0.9916,3.36,12.5,6,white,3428
7.1,0.18,0.39,14.5,0.051,48.0,156.0,0.78,white,0.99947,3.35,9.1,5,white,3429
7.1,0.17,0.4,14.55,0.047,47.0,156.0,0.78,white,0.99945,3.34,9.1,6,white,3430
7.1,0.18,0.39,15.25,0.047,45.0,158.0,0.77,white,0.99946,3.34,9.1,6,white,3431
7.8,0.29,0.29,3.15,0.044,41.0,117.0,0.35,white,0.99153,3.24,11.5,5,white,3432
6.2,0.255,0.27,1.3,0.037,30.0,86.0,0.59,white,0.98834,3.05,12.9,7,white,3433
8.2,0.34,0.29,5.2,0.076,19.0,92.0,0.39,white,0.99138,2.95,12.5,6,white,3434
6.5,0.24,0.28,1.1,0.034,26.0,83.0,0.33,white,0.98928,3.25,12.3,6,white,3435
6.9,0.24,0.23,7.1,0.041,20.0,97.0,0.85,white,0.99246,3.1,11.4,6,white,3436
6.7,0.4,0.22,8.8,0.052,24.0,113.0,0.45,white,0.99576,3.22,9.4,5,white,3437
6.7,0.3,0.44,18.5,0.057,65.0,224.0,0.53,white,0.99956,3.11,9.1,5,white,3438
6.7,0.4,0.22,8.8,0.052,24.0,113.0,0.45,white,0.99576,3.22,9.4,5,white,3439
6.8,0.17,0.32,1.4,0.04,35.0,106.0,0.66,white,0.99026,3.16,12.0,5,white,3440
7.1,0.25,0.28,1.2,0.04,31.0,111.0,0.53,white,0.99174,3.18,11.1,5,white,3441
5.9,0.27,0.27,5.0,0.035,14.0,97.0,0.33,white,0.99058,3.1,11.8,7,white,3442
6.0,0.16,0.22,1.6,0.042,36.0,106.0,0.32,white,0.9905,3.24,11.4,6,white,3443
6.7,0.3,0.44,18.75,0.057,65.0,224.0,0.53,white,0.99956,3.11,9.1,5,white,3444
6.6,0.15,0.32,6.0,0.033,59.0,128.0,0.71,white,0.99192,3.19,12.1,8,white,3445
7.3,0.34,0.3,9.4,0.057,34.0,178.0,0.44,white,0.99554,3.15,10.4,6,white,3446
6.0,0.17,0.29,9.7,0.044,33.0,98.0,0.36,white,0.99536,3.12,9.2,6,white,3447
6.7,0.47,0.29,4.75,0.034,29.0,134.0,0.46,white,0.99056,3.29,13.0,7,white,3448
6.6,0.15,0.32,6.0,0.033,59.0,128.0,0.71,white,0.99192,3.19,12.1,8,white,3449
6.6,0.21,0.29,5.35,0.029,43.0,106.0,0.43,white,0.99112,2.93,11.5,7,white,3450
6.6,0.21,0.29,5.35,0.029,43.0,106.0,0.43,white,0.99112,2.93,11.5,7,white,3451
8.0,0.24,0.48,6.8,0.047,13.0,134.0,0.7,white,0.99616,3.23,10.0,5,white,3452
5.6,0.34,0.3,6.9,0.038,23.0,89.0,0.49,white,0.99266,3.25,11.1,6,white,3453
5.8,0.54,0.0,1.4,0.033,40.0,107.0,0.35,white,0.98918,3.26,12.4,5,white,3454
7.3,0.23,0.24,0.9,0.031,29.0,86.0,0.38,white,0.98926,2.9,12.2,6,white,3455
6.0,0.39,0.13,1.2,0.042,60.0,172.0,0.52,white,0.99114,3.06,10.6,5,white,3456
6.1,0.105,0.31,1.3,0.037,55.0,145.0,0.41,white,0.9912,3.41,11.1,7,white,3457
5.8,0.32,0.2,2.6,0.027,17.0,123.0,0.78,white,0.98936,3.36,13.9,7,white,3458
7.6,0.22,0.28,12.0,0.056,68.0,143.0,0.3,white,0.9983,2.99,9.2,6,white,3459
6.8,0.19,0.4,9.85,0.055,41.0,103.0,0.56,white,0.99532,2.98,10.5,6,white,3460
6.7,0.24,0.3,3.85,0.042,105.0,179.0,0.59,white,0.99189,3.04,11.3,8,white,3461
6.8,0.17,0.34,2.0,0.04,38.0,111.0,0.45,white,0.99,3.24,12.9,6,white,3462
6.2,0.3,0.31,1.6,0.035,40.0,106.0,0.39,white,0.98914,3.26,12.9,7,white,3463
6.9,0.29,0.41,7.8,0.046,52.0,171.0,0.51,white,0.99537,3.12,9.6,5,white,3464
6.8,0.19,0.34,1.9,0.04,41.0,108.0,0.45,white,0.99,3.25,12.9,6,white,3465
6.8,0.17,0.34,2.0,0.04,38.0,111.0,0.45,white,0.99,3.24,12.9,6,white,3466
6.6,0.24,0.27,10.3,0.047,54.0,219.0,0.45,white,0.99742,3.04,8.8,5,white,3467
6.6,0.16,0.36,1.1,0.031,27.0,93.0,0.34,white,0.98884,3.23,13.2,8,white,3468
7.6,0.22,0.28,12.0,0.056,68.0,143.0,0.3,white,0.9983,2.99,9.2,6,white,3469
6.7,0.24,0.3,3.85,0.042,105.0,179.0,0.59,white,0.99189,3.04,11.3,8,white,3470
6.8,0.19,0.4,9.85,0.055,41.0,103.0,0.56,white,0.99532,2.98,10.5,6,white,3471
6.7,0.16,0.36,2.0,0.045,24.0,131.0,0.59,white,0.99284,3.3,10.5,6,white,3472
6.5,0.3,0.27,4.0,0.038,37.0,97.0,0.6,white,0.99026,3.2,12.6,8,white,3473
6.5,0.22,0.19,1.1,0.064,36.0,191.0,0.5,white,0.99297,3.05,9.5,6,white,3474
6.2,0.36,0.45,10.4,0.06,22.0,184.0,0.56,white,0.99711,3.31,9.8,6,white,3475
6.2,0.37,0.24,6.1,0.032,19.0,86.0,0.26,white,0.98934,3.04,13.4,8,white,3476
7.6,0.31,0.24,1.8,0.037,39.0,150.0,0.44,white,0.9913,3.05,11.8,7,white,3477
6.2,0.36,0.45,10.4,0.06,22.0,184.0,0.56,white,0.99711,3.31,9.8,6,white,3478
5.9,0.32,0.28,4.7,0.039,34.0,94.0,0.57,white,0.98964,3.22,13.1,7,white,3479
6.5,0.3,0.27,4.0,0.038,37.0,97.0,0.6,white,0.99026,3.2,12.6,8,white,3480
5.8,0.22,0.3,1.1,0.047,36.0,131.0,0.45,white,0.992,3.26,10.4,5,white,3481
5.4,0.45,0.27,6.4,0.033,20.0,102.0,0.27,white,0.98944,3.22,13.4,8,white,3482
6.1,0.36,0.26,8.15,0.035,14.0,88.0,0.27,white,0.99031,3.06,13.0,7,white,3483
6.2,0.37,0.24,6.1,0.032,19.0,86.0,0.26,white,0.98934,3.04,13.4,8,white,3484
7.5,0.21,0.32,4.8,0.056,39.0,113.0,0.52,white,0.99393,3.11,10.2,7,white,3485
6.9,0.28,0.33,1.2,0.039,16.0,98.0,0.39,white,0.9904,3.07,11.7,6,white,3486
6.5,0.22,0.19,1.1,0.064,36.0,191.0,0.5,white,0.99297,3.05,9.5,6,white,3487
7.8,0.2,0.2,1.4,0.036,25.0,83.0,0.46,white,0.99088,3.03,11.7,6,white,3488
6.7,0.28,0.31,7.4,0.041,7.0,81.0,0.47,white,0.99254,3.04,11.4,8,white,3489
7.6,0.31,0.24,1.8,0.037,39.0,150.0,0.44,white,0.9913,3.05,11.8,7,white,3490
8.0,0.2,0.44,1.0,0.057,24.0,111.0,0.32,white,0.99158,3.09,11.2,6,white,3491
6.0,0.28,0.27,15.5,0.036,31.0,134.0,0.44,white,0.99408,3.19,13.0,7,white,3492
6.0,0.28,0.27,15.5,0.036,31.0,134.0,0.44,white,0.99408,3.19,13.0,7,white,3493
6.7,0.24,0.36,8.4,0.042,42.0,123.0,0.52,white,0.99473,3.34,10.9,6,white,3494
6.3,0.22,0.28,2.4,0.042,38.0,102.0,0.37,white,0.98998,3.14,11.6,7,white,3495
6.0,0.24,0.28,3.95,0.038,61.0,134.0,0.54,white,0.99146,3.3,11.3,7,white,3496
7.7,0.43,1.0,19.95,0.032,42.0,164.0,0.5,white,0.99742,3.29,12.0,6,white,3497
6.4,0.3,0.36,2.0,0.052,18.0,141.0,0.53,white,0.99273,3.38,10.5,6,white,3498
6.1,0.33,0.3,3.0,0.036,30.0,124.0,0.4,white,0.98922,3.31,13.1,7,white,3499
6.0,0.28,0.27,15.5,0.036,31.0,134.0,0.44,white,0.99408,3.19,13.0,7,white,3500
6.7,0.24,0.36,8.4,0.042,42.0,123.0,0.52,white,0.99473,3.34,10.9,6,white,3501
6.7,0.29,0.45,14.3,0.054,30.0,181.0,0.57,white,0.99869,3.14,9.1,5,white,3502
6.9,0.33,0.31,4.2,0.04,21.0,93.0,0.48,white,0.9896,3.18,13.4,7,white,3503
6.5,0.16,0.34,1.4,0.029,29.0,133.0,0.64,white,0.99108,3.33,11.5,7,white,3504
6.0,0.2,0.32,3.0,0.031,26.0,118.0,0.68,white,0.99134,3.38,11.2,7,white,3505
7.5,0.33,0.28,4.9,0.042,21.0,155.0,0.57,white,0.99385,3.36,10.9,6,white,3506
7.1,0.36,0.28,2.4,0.036,35.0,115.0,0.44,white,0.98936,3.19,13.5,7,white,3507
6.7,0.29,0.45,14.3,0.054,30.0,181.0,0.57,white,0.99869,3.14,9.1,5,white,3508
6.4,0.26,0.25,10.7,0.046,66.0,179.0,0.55,white,0.99606,3.17,9.9,6,white,3509
7.0,0.22,0.24,11.0,0.041,75.0,167.0,0.56,white,0.99508,2.98,10.5,6,white,3510
6.5,0.19,0.28,1.4,0.046,22.0,90.0,0.51,white,0.99038,3.18,11.7,7,white,3511
6.3,0.21,0.31,1.2,0.043,30.0,117.0,0.68,white,0.99158,3.49,11.0,6,white,3512
7.9,0.35,0.28,12.9,0.032,13.0,63.0,0.43,white,0.9932,2.99,13.0,6,white,3513
7.7,0.38,0.23,10.8,0.03,28.0,95.0,0.41,white,0.99164,2.93,13.6,6,white,3514
6.8,0.19,0.33,1.3,0.031,22.0,87.0,0.62,white,0.98987,3.08,12.3,7,white,3515
7.2,0.33,0.34,2.0,0.044,61.0,171.0,0.53,white,0.98947,3.25,13.3,7,white,3516
6.6,0.29,0.29,1.8,0.036,38.0,102.0,0.42,white,0.98819,3.08,13.7,7,white,3517
7.5,0.2,0.41,1.2,0.05,26.0,131.0,0.52,white,0.99133,3.19,11.1,5,white,3518
6.9,0.33,0.62,7.5,0.038,46.0,132.0,0.43,white,0.99143,3.23,13.4,7,white,3519
6.0,0.23,0.15,9.7,0.048,101.0,207.0,0.3,white,0.99571,3.05,9.1,5,white,3520
5.9,0.23,0.24,3.8,0.038,61.0,152.0,0.5,white,0.99139,3.31,11.3,7,white,3521
6.6,0.32,0.41,7.2,0.048,55.0,178.0,0.46,white,0.99537,3.2,9.4,5,white,3522
6.0,0.23,0.15,9.7,0.048,101.0,207.0,0.3,white,0.99571,3.05,9.1,5,white,3523
5.3,0.36,0.27,6.3,0.028,40.0,132.0,0.4,white,0.99186,3.37,11.6,6,white,3524
5.3,0.36,0.27,6.3,0.028,40.0,132.0,0.4,white,0.99186,3.37,11.6,6,white,3525
8.9,0.27,0.28,0.8,0.024,29.0,128.0,0.35,white,0.98984,3.01,12.4,6,white,3526
7.6,0.23,0.29,8.6,0.053,65.0,146.0,0.32,white,0.9963,3.11,9.8,6,white,3527
6.9,0.75,0.13,6.3,0.036,19.0,50.0,0.25,white,0.99312,3.09,11.1,4,white,3528
7.1,0.35,0.27,3.1,0.034,28.0,134.0,0.38,white,0.9897,3.26,13.1,7,white,3529
7.2,0.31,0.35,7.2,0.046,45.0,178.0,0.53,white,0.9955,3.14,9.7,5,white,3530
6.4,0.28,0.44,7.1,0.048,49.0,179.0,0.48,white,0.99528,3.15,9.2,5,white,3531
7.2,0.23,0.46,6.4,0.036,17.0,85.0,0.78,white,0.99279,3.1,11.7,6,white,3532
6.6,0.22,0.3,14.7,0.045,50.0,136.0,0.37,white,0.99704,3.14,10.6,6,white,3533
7.2,0.31,0.35,7.2,0.046,45.0,178.0,0.53,white,0.9955,3.14,9.7,5,white,3534
6.4,0.28,0.44,7.1,0.048,49.0,179.0,0.48,white,0.99528,3.15,9.2,5,white,3535
7.2,0.24,0.28,1.9,0.032,30.0,92.0,0.39,white,0.9914,3.1,10.9,6,white,3536
6.2,0.27,0.47,1.2,0.146,28.0,105.0,0.51,white,0.99224,3.23,10.1,5,white,3537
6.5,0.28,0.25,4.8,0.029,54.0,128.0,0.44,white,0.99074,3.17,12.2,7,white,3538
7.2,0.27,0.31,1.2,0.031,27.0,80.0,0.33,white,0.98892,3.03,12.7,6,white,3539
7.8,0.28,0.25,3.4,0.024,27.0,99.0,0.37,white,0.98959,2.98,13.0,6,white,3540
8.1,0.26,0.27,4.3,0.03,43.0,123.0,0.33,white,0.99212,3.16,11.2,6,white,3541
6.6,0.23,0.37,8.5,0.036,46.0,153.0,0.48,white,0.99576,3.2,9.4,6,white,3542
6.0,0.33,0.2,1.8,0.031,49.0,159.0,0.53,white,0.9919,3.41,11.0,6,white,3543
6.0,0.33,0.2,1.8,0.031,49.0,159.0,0.53,white,0.9919,3.41,11.0,6,white,3544
7.3,0.2,0.29,19.5,0.039,69.0,237.0,0.48,white,1.00037,3.1,9.2,6,white,3545
6.6,0.23,0.37,8.5,0.036,46.0,153.0,0.48,white,0.99576,3.2,9.4,6,white,3546
7.3,0.2,0.29,19.9,0.039,69.0,237.0,0.48,white,1.00037,3.1,9.2,6,white,3547
6.2,0.47,0.19,8.3,0.029,24.0,142.0,0.45,white,0.992,3.22,12.3,6,white,3548
6.0,0.33,0.2,1.8,0.031,49.0,159.0,0.53,white,0.9919,3.41,11.0,6,white,3549
7.2,0.14,0.32,1.1,0.022,48.0,116.0,0.67,white,0.99218,3.04,10.0,6,white,3550
5.7,0.22,0.22,16.65,0.044,39.0,110.0,0.48,white,0.99855,3.24,9.0,6,white,3551
5.7,0.22,0.22,16.65,0.044,39.0,110.0,0.48,white,0.99855,3.24,9.0,6,white,3552
5.7,0.22,0.22,16.65,0.044,39.0,110.0,0.48,white,0.99855,3.24,9.0,6,white,3553
8.1,0.2,0.28,0.9,0.023,49.0,87.0,0.36,white,0.99062,2.92,11.1,6,white,3554
5.8,0.14,0.15,6.1,0.042,27.0,123.0,0.6,white,0.99362,3.06,9.9,6,white,3555
4.8,0.21,0.21,10.2,0.037,17.0,112.0,0.48,white,0.99324,3.66,12.2,7,white,3556
8.1,0.2,0.28,0.9,0.023,49.0,87.0,0.36,white,0.99062,2.92,11.1,6,white,3557
5.7,0.22,0.22,16.65,0.044,39.0,110.0,0.48,white,0.99855,3.24,9.0,6,white,3558
7.5,0.34,0.24,3.85,0.031,5.0,34.0,0.36,white,0.99098,3.01,11.8,4,white,3559
6.6,0.64,0.28,4.4,0.032,19.0,78.0,0.62,white,0.99036,3.11,12.9,6,white,3560
7.0,0.48,0.12,4.5,0.05,23.0,86.0,0.35,white,0.99398,2.86,9.0,5,white,3561
7.6,0.37,0.34,3.2,0.028,42.0,162.0,0.33,white,0.9903,3.01,12.4,6,white,3562
7.0,0.48,0.12,4.5,0.05,23.0,86.0,0.35,white,0.99398,2.86,9.0,5,white,3563
6.6,0.64,0.28,4.4,0.032,19.0,78.0,0.62,white,0.99036,3.11,12.9,6,white,3564
8.0,0.25,0.27,9.7,0.036,15.0,85.0,0.36,white,0.99406,2.99,11.2,6,white,3565
7.6,0.38,0.28,4.2,0.029,7.0,112.0,0.41,white,0.9906,3.0,12.6,6,white,3566
6.9,0.26,0.27,4.2,0.031,20.0,80.0,0.39,white,0.99089,3.12,11.5,6,white,3567
7.8,0.15,0.34,1.1,0.035,31.0,93.0,0.72,white,0.99096,3.07,11.3,7,white,3568
8.0,0.25,0.27,9.7,0.036,15.0,85.0,0.36,white,0.99406,2.99,11.2,6,white,3569
6.9,0.26,0.27,4.2,0.031,20.0,80.0,0.39,white,0.99089,3.12,11.5,6,white,3570
5.9,0.655,0.0,5.6,0.033,8.0,31.0,0.51,white,0.9936,3.32,10.5,4,white,3571
7.6,0.38,0.28,4.2,0.029,7.0,112.0,0.41,white,0.9906,3.0,12.6,6,white,3572
7.8,0.31,0.4,1.6,0.027,20.0,87.0,0.48,white,0.9911,3.15,11.9,6,white,3573
8.1,0.17,0.21,1.6,0.036,24.0,119.0,0.52,white,0.99396,3.18,10.1,6,white,3574
6.8,0.18,0.28,1.1,0.027,32.0,112.0,0.45,white,0.99089,3.15,11.0,7,white,3575
7.4,0.28,0.36,14.6,0.048,35.0,161.0,0.56,white,0.9968,3.14,10.6,5,white,3576
7.3,0.23,0.27,2.6,0.035,39.0,120.0,0.59,white,0.99138,3.04,11.3,7,white,3577
6.7,0.22,0.22,1.2,0.038,5.0,124.0,0.37,white,0.99098,3.1,11.2,4,white,3578
7.4,0.25,0.28,7.25,0.028,14.0,78.0,0.37,white,0.99238,2.94,11.5,7,white,3579
7.5,0.3,0.21,6.55,0.026,33.0,143.0,0.35,white,0.99244,2.92,11.1,5,white,3580
7.2,0.26,0.24,7.0,0.023,19.0,130.0,0.49,white,0.99176,3.14,12.8,7,white,3581
6.3,0.32,0.32,1.5,0.037,12.0,76.0,0.46,white,0.98993,3.3,12.3,6,white,3582
7.7,0.24,0.3,1.4,0.041,15.0,102.0,0.53,white,0.9929,3.26,10.4,6,white,3583
7.4,0.25,0.28,7.25,0.028,14.0,78.0,0.37,white,0.99238,2.94,11.5,7,white,3584
7.0,0.24,0.35,1.0,0.032,42.0,104.0,0.37,white,0.98988,3.16,11.7,7,white,3585
5.8,0.28,0.28,4.2,0.044,52.0,158.0,0.44,white,0.992,3.35,10.7,7,white,3586
6.8,0.19,0.71,17.5,0.042,21.0,114.0,0.5,white,0.99784,2.85,9.5,6,white,3587
6.8,0.19,0.71,17.5,0.042,21.0,114.0,0.5,white,0.99784,2.85,9.5,6,white,3588
6.8,0.19,0.71,17.5,0.042,21.0,114.0,0.5,white,0.99784,2.85,9.5,6,white,3589
6.6,0.19,0.35,1.5,0.037,37.0,107.0,0.68,white,0.99006,3.18,12.0,7,white,3590
6.4,0.28,0.36,1.3,0.053,28.0,186.0,0.45,white,0.99211,3.31,10.8,5,white,3591
5.6,0.28,0.27,3.9,0.043,52.0,158.0,0.44,white,0.99202,3.35,10.7,7,white,3592
5.6,0.28,0.28,4.2,0.044,52.0,158.0,0.44,white,0.992,3.35,10.7,7,white,3593
6.8,0.19,0.32,7.6,0.049,37.0,107.0,0.44,white,0.99332,3.12,10.7,7,white,3594
7.2,0.16,0.29,1.0,0.031,40.0,123.0,0.4,white,0.98958,3.12,12.1,7,white,3595
6.6,0.17,0.28,1.1,0.034,55.0,108.0,0.52,white,0.98939,3.0,11.9,7,white,3596
6.6,0.19,0.28,11.8,0.042,54.0,137.0,0.37,white,0.99492,3.18,10.8,6,white,3597
5.8,0.2,0.24,1.4,0.033,65.0,169.0,0.56,white,0.99043,3.59,12.3,7,white,3598
6.6,0.39,0.38,9.7,0.053,49.0,226.0,0.57,white,0.99787,3.3,9.4,6,white,3599
6.8,0.12,0.3,12.9,0.049,32.0,88.0,0.35,white,0.99654,3.2,9.9,6,white,3600
6.6,0.295,0.24,1.6,0.039,29.0,140.0,0.61,white,0.99304,3.35,10.4,7,white,3601
6.6,0.26,0.24,7.2,0.038,28.0,137.0,0.6,white,0.9952,3.35,10.4,6,white,3602
7.0,0.32,0.27,7.1,0.027,37.0,122.0,0.6,white,0.99165,3.15,12.6,7,white,3603
7.4,0.36,0.23,1.9,0.017,31.0,69.0,0.36,white,0.9892,2.93,12.5,6,white,3604
6.7,0.35,0.48,8.8,0.056,35.0,167.0,0.47,white,0.99628,3.04,9.4,5,white,3605
6.4,0.38,0.24,7.2,0.047,41.0,151.0,0.6,white,0.99604,3.11,9.2,5,white,3606
6.8,0.14,0.18,1.4,0.047,30.0,90.0,0.54,white,0.99164,3.27,11.2,6,white,3607
7.0,0.16,0.25,14.3,0.044,27.0,149.0,0.46,white,0.998,2.91,9.2,6,white,3608
7.0,0.16,0.25,14.3,0.044,27.0,149.0,0.46,white,0.998,2.91,9.2,6,white,3609
6.7,0.35,0.48,8.8,0.056,35.0,167.0,0.47,white,0.99628,3.04,9.4,5,white,3610
6.8,0.14,0.18,1.4,0.047,30.0,90.0,0.54,white,0.99164,3.27,11.2,6,white,3611
6.8,0.16,0.18,1.8,0.046,31.0,114.0,0.55,white,0.99226,3.27,10.8,6,white,3612
7.0,0.16,0.25,14.3,0.044,27.0,149.0,0.46,white,0.998,2.91,9.2,6,white,3613
6.4,0.38,0.24,7.2,0.047,41.0,151.0,0.6,white,0.99604,3.11,9.2,5,white,3614
7.2,0.24,0.3,1.2,0.037,11.0,95.0,0.36,white,0.98914,2.96,12.5,6,white,3615
7.7,0.32,0.61,11.8,0.041,66.0,188.0,0.54,white,0.99794,3.0,9.3,5,white,3616
7.0,0.29,0.33,0.9,0.041,20.0,117.0,0.5,white,0.99048,3.21,11.4,5,white,3617
7.1,0.27,0.24,12.6,0.044,48.0,118.0,0.56,white,0.99726,3.04,10.0,7,white,3618
6.8,0.45,0.28,26.05,0.031,27.0,122.0,0.42,white,1.00295,3.06,10.6,6,white,3619
6.3,0.2,0.26,4.7,0.04,108.0,168.0,0.75,white,0.99278,3.07,10.7,7,white,3620
7.1,0.27,0.24,12.6,0.044,48.0,118.0,0.56,white,0.99726,3.04,10.0,7,white,3621
7.2,0.24,0.3,1.2,0.037,11.0,95.0,0.36,white,0.98914,2.96,12.5,6,white,3622
6.8,0.45,0.28,26.05,0.031,27.0,122.0,0.42,white,1.00295,3.06,10.6,6,white,3623
6.6,0.36,0.28,6.1,0.029,12.0,93.0,0.27,white,0.99054,3.19,12.8,7,white,3624
7.7,0.32,0.61,11.8,0.041,66.0,188.0,0.54,white,0.99794,3.0,9.3,5,white,3625
7.0,0.29,0.33,0.9,0.041,20.0,117.0,0.5,white,0.99048,3.21,11.4,5,white,3626
6.4,0.37,0.2,5.6,0.117,61.0,183.0,0.43,white,0.99459,3.24,9.5,5,white,3627
6.4,0.38,0.2,5.3,0.117,57.0,181.0,0.43,white,0.99459,3.24,9.5,6,white,3628
6.4,0.36,0.2,5.7,0.118,61.0,172.0,0.43,white,0.9946,3.24,9.5,6,white,3629
6.6,0.3,0.25,8.0,0.036,21.0,124.0,0.38,white,0.99362,3.06,10.8,6,white,3630
6.6,0.3,0.25,8.0,0.036,21.0,124.0,0.38,white,0.99362,3.06,10.8,6,white,3631
6.5,0.21,0.51,17.6,0.045,34.0,125.0,0.47,white,0.99966,3.2,8.8,6,white,3632
6.6,0.3,0.25,8.0,0.036,21.0,124.0,0.38,white,0.99362,3.06,10.8,6,white,3633
7.6,0.31,0.27,8.8,0.021,57.0,156.0,0.38,white,0.99442,3.08,11.0,7,white,3634
5.8,0.58,0.0,1.5,0.02,33.0,96.0,0.38,white,0.98918,3.29,12.4,6,white,3635
6.5,0.26,0.39,1.4,0.02,12.0,66.0,0.75,white,0.99089,3.25,11.3,7,white,3636
8.7,0.3,0.34,4.8,0.018,23.0,127.0,0.49,white,0.99474,3.12,11.2,7,white,3637
6.4,0.29,0.32,2.4,0.014,34.0,89.0,0.66,white,0.99008,3.24,12.5,7,white,3638
6.7,0.13,0.32,3.7,0.017,32.0,99.0,0.44,white,0.99348,3.12,10.0,6,white,3639
6.8,0.19,0.33,4.9,0.047,42.0,130.0,0.56,white,0.99283,3.12,11.0,6,white,3640
6.0,0.25,0.4,5.7,0.052,56.0,152.0,0.88,white,0.99398,3.16,10.5,6,white,3641
6.0,0.25,0.4,5.7,0.052,56.0,152.0,0.88,white,0.99398,3.16,10.5,6,white,3642
6.8,0.19,0.33,4.9,0.047,42.0,130.0,0.56,white,0.99283,3.12,11.0,6,white,3643
6.4,0.24,0.23,2.0,0.046,30.0,133.0,0.54,white,0.9908,3.12,11.4,7,white,3644
5.9,0.18,0.28,5.1,0.039,50.0,139.0,0.44,white,0.99165,3.16,11.3,6,white,3645
7.2,0.33,0.22,4.5,0.031,10.0,73.0,0.52,white,0.99076,2.97,12.2,7,white,3646
6.4,0.29,0.24,3.2,0.037,31.0,95.0,0.66,white,0.98942,2.9,12.6,7,white,3647
7.3,0.31,0.25,6.65,0.032,30.0,138.0,0.37,white,0.99244,2.9,11.1,5,white,3648
7.0,0.29,0.37,1.6,0.035,34.0,126.0,0.47,white,0.99058,3.26,12.3,6,white,3649
6.9,0.19,0.6,4.0,0.037,6.0,122.0,0.59,white,0.99255,2.92,10.4,4,white,3650
6.3,0.32,0.17,17.75,0.06,51.0,190.0,0.48,white,0.99916,3.13,8.8,6,white,3651
6.6,0.085,0.33,1.4,0.036,17.0,109.0,0.61,white,0.99306,3.27,9.5,6,white,3652
6.3,0.32,0.17,17.75,0.06,51.0,190.0,0.48,white,0.99916,3.13,8.8,6,white,3653
6.8,0.18,0.32,7.2,0.047,17.0,109.0,0.44,white,0.99498,3.42,10.4,6,white,3654
6.8,0.52,0.26,5.7,0.038,27.0,130.0,0.27,white,0.99,3.11,13.0,7,white,3655
7.1,0.28,0.28,8.5,0.03,25.0,191.0,0.46,white,0.99338,3.16,12.2,7,white,3656
5.7,0.15,0.47,11.4,0.035,49.0,128.0,0.34,white,0.99456,3.03,10.5,8,white,3657
5.8,0.275,0.3,5.4,0.043,41.0,149.0,0.42,white,0.9926,3.33,10.8,7,white,3658
5.4,0.53,0.16,2.7,0.036,34.0,128.0,0.53,white,0.98856,3.2,13.2,8,white,3659
5.8,0.32,0.28,4.3,0.032,46.0,115.0,0.57,white,0.98946,3.16,13.0,8,white,3660
6.7,0.22,0.39,1.2,0.049,26.0,152.0,0.47,white,0.99346,3.5,10.0,6,white,3661
6.1,0.6,0.12,1.8,0.05,11.0,76.0,0.48,white,0.99268,3.42,10.4,4,white,3662
6.5,0.26,0.31,1.3,0.034,59.0,145.0,0.54,white,0.98944,3.16,12.4,6,white,3663
5.0,0.29,0.54,5.7,0.035,54.0,155.0,0.34,white,0.98976,3.27,12.9,8,white,3664
5.4,0.53,0.16,2.7,0.036,34.0,128.0,0.53,white,0.98856,3.2,13.2,8,white,3665
6.8,0.21,0.26,11.7,0.038,61.0,152.0,0.56,white,0.99523,3.02,10.5,7,white,3666
5.8,0.32,0.28,4.3,0.032,46.0,115.0,0.57,white,0.98946,3.16,13.0,8,white,3667
6.5,0.27,0.26,11.0,0.03,2.0,82.0,0.36,white,0.99402,3.07,11.2,5,white,3668
5.9,0.37,0.32,1.6,0.029,41.0,102.0,0.55,white,0.98916,3.41,12.7,7,white,3669
6.2,0.21,0.18,11.6,0.044,61.0,155.0,0.52,white,0.99655,3.14,9.4,6,white,3670
6.8,0.3,0.29,6.2,0.025,29.0,95.0,0.32,white,0.99071,3.03,12.9,7,white,3671
7.3,0.41,0.29,1.8,0.032,26.0,74.0,0.35,white,0.98889,2.96,13.0,8,white,3672
5.4,0.3,0.3,1.2,0.029,25.0,93.0,0.4,white,0.98742,3.31,13.6,7,white,3673
6.6,0.34,0.2,1.0,0.053,26.0,112.0,0.55,white,0.99336,3.32,9.1,5,white,3674
5.6,0.25,0.19,2.4,0.049,42.0,166.0,0.43,white,0.992,3.25,10.4,6,white,3675
5.3,0.3,0.3,1.2,0.029,25.0,93.0,0.4,white,0.98742,3.31,13.6,7,white,3676
6.9,0.58,0.58,8.2,0.032,29.0,169.0,0.44,white,0.99275,3.28,12.2,6,white,3677
7.2,0.23,0.25,18.8,0.085,19.0,111.0,0.51,white,1.00044,3.1,8.7,5,white,3678
7.1,0.2,0.27,9.6,0.037,19.0,105.0,0.37,white,0.99444,3.04,10.5,7,white,3679
6.8,0.15,0.41,12.9,0.044,79.5,183.0,0.78,white,0.99742,3.24,10.2,6,white,3680
7.0,0.22,0.26,9.2,0.027,37.0,122.0,0.34,white,0.99228,3.06,12.5,8,white,3681
6.4,0.16,0.44,1.2,0.051,39.0,122.0,0.75,white,0.99058,3.11,11.3,7,white,3682
6.8,0.15,0.41,12.9,0.044,79.5,183.0,0.78,white,0.99742,3.24,10.2,6,white,3683
6.8,0.31,0.3,8.0,0.028,33.0,122.0,0.63,white,0.99164,3.13,12.6,7,white,3684
6.8,0.15,0.41,12.9,0.044,79.5,183.0,0.78,white,0.99742,3.24,10.2,6,white,3685
7.6,0.3,0.37,1.6,0.087,27.0,177.0,0.5,white,0.99438,3.09,9.8,5,white,3686
6.0,0.16,0.27,12.0,0.03,39.0,98.0,0.34,white,0.99402,3.15,10.8,5,white,3687
7.1,0.21,0.35,2.5,0.04,41.0,186.0,0.56,white,0.99128,3.32,12.5,6,white,3688
7.0,0.22,0.26,9.2,0.027,37.0,122.0,0.34,white,0.99228,3.06,12.5,8,white,3689
5.6,0.21,0.24,4.4,0.027,37.0,150.0,0.31,white,0.991,3.3,11.5,7,white,3690
7.4,0.22,0.26,8.8,0.027,23.0,112.0,0.41,white,0.9931,2.98,11.4,6,white,3691
7.1,0.2,0.27,9.6,0.037,19.0,105.0,0.37,white,0.99444,3.04,10.5,7,white,3692
6.8,0.31,0.3,8.0,0.028,33.0,122.0,0.63,white,0.99164,3.13,12.6,7,white,3693
7.2,0.23,0.25,18.8,0.085,19.0,111.0,0.51,white,1.00044,3.1,8.7,5,white,3694
6.4,0.15,0.4,1.3,0.053,61.0,146.0,0.68,white,0.99112,3.17,11.0,6,white,3695
6.4,0.16,0.44,1.2,0.051,39.0,122.0,0.75,white,0.99058,3.11,11.3,7,white,3696
6.8,0.15,0.41,12.9,0.044,79.5,182.0,0.78,white,0.99742,3.24,10.2,6,white,3697
6.3,0.22,0.34,1.2,0.036,32.0,96.0,0.74,white,0.98961,3.06,11.6,6,white,3698
7.6,0.3,0.37,1.6,0.087,27.0,177.0,0.5,white,0.99438,3.09,9.8,5,white,3699
7.0,0.3,0.27,1.5,0.076,24.0,145.0,0.52,white,0.99344,3.1,10.1,5,white,3700
6.6,0.26,0.22,18.15,0.05,23.0,139.0,0.5,white,0.99904,3.06,9.2,5,white,3701
7.5,0.24,0.31,13.1,0.05,26.0,180.0,0.53,white,0.99884,3.05,9.1,6,white,3702
7.5,0.24,0.31,13.1,0.05,26.0,180.0,0.53,white,0.99884,3.05,9.1,6,white,3703
7.5,0.24,0.31,13.1,0.05,26.0,180.0,0.53,white,0.99884,3.05,9.1,6,white,3704
7.5,0.24,0.31,13.1,0.05,26.0,180.0,0.53,white,0.99884,3.05,9.1,6,white,3705
6.6,0.15,0.34,1.0,0.037,45.0,79.0,0.5,white,0.98949,2.96,11.7,6,white,3706
6.7,0.34,0.43,1.6,0.041,29.0,114.0,0.44,white,0.99014,3.23,12.6,6,white,3707
7.7,0.35,0.46,11.8,0.088,61.0,183.0,0.47,white,0.99786,2.86,9.0,5,white,3708
6.7,0.31,0.09,1.4,0.039,53.0,141.0,0.44,white,0.99206,3.12,10.1,5,white,3709
4.7,0.67,0.09,1.0,0.02,5.0,9.0,0.34,white,0.98722,3.3,13.6,5,white,3710
7.5,0.24,0.31,13.1,0.05,26.0,180.0,0.53,white,0.99884,3.05,9.1,6,white,3711
6.3,0.2,0.18,10.6,0.045,57.0,159.0,0.54,white,0.99666,3.09,9.2,5,white,3712
6.6,0.28,0.23,10.4,0.049,45.0,190.0,0.51,white,0.99754,3.12,8.8,5,white,3713
8.5,0.18,0.3,1.1,0.028,34.0,95.0,0.36,white,0.99272,2.83,10.0,4,white,3714
6.5,0.35,0.38,7.4,0.036,20.0,196.0,0.48,white,0.99712,3.47,9.1,6,white,3715
6.8,0.22,0.26,1.2,0.041,29.0,182.0,0.35,white,0.99104,3.04,11.2,5,white,3716
6.3,0.18,0.24,3.4,0.053,20.0,119.0,0.52,white,0.99373,3.11,9.2,6,white,3717
6.6,0.26,0.22,18.15,0.05,23.0,139.0,0.5,white,0.99904,3.06,9.2,5,white,3718
6.6,0.3,0.45,8.0,0.038,54.0,200.0,0.48,white,0.9956,3.18,9.5,5,white,3719
6.3,0.34,0.27,2.5,0.024,40.0,152.0,0.6,white,0.99095,3.35,11.9,7,white,3720
7.7,0.3,0.23,2.0,0.068,28.0,138.0,0.62,white,0.99382,3.11,9.8,5,white,3721
7.7,0.31,0.23,2.0,0.069,29.0,134.0,0.62,white,0.99382,3.11,9.8,5,white,3722
5.7,0.265,0.28,6.9,0.036,46.0,150.0,0.44,white,0.99299,3.36,10.8,7,white,3723
5.4,0.255,0.33,1.2,0.051,29.0,122.0,0.66,white,0.99048,3.37,11.3,6,white,3724
6.6,0.26,0.28,9.4,0.028,13.0,121.0,0.34,white,0.99254,3.17,12.1,6,white,3725
4.8,0.17,0.28,2.9,0.03,22.0,111.0,0.34,white,0.9902,3.38,11.3,7,white,3726
5.7,0.265,0.28,6.9,0.036,46.0,150.0,0.44,white,0.99299,3.36,10.8,7,white,3727
6.2,0.2,0.33,5.4,0.028,21.0,75.0,0.41,white,0.99012,3.36,13.5,7,white,3728
7.5,0.28,0.41,1.3,0.044,11.0,126.0,0.45,white,0.99293,3.28,10.3,5,white,3729
6.2,0.22,0.2,20.8,0.035,58.0,184.0,0.53,white,1.00022,3.11,9.0,6,white,3730
7.0,0.34,0.26,10.3,0.041,51.0,166.0,0.35,white,0.99382,3.08,11.6,6,white,3731
7.5,0.28,0.41,1.3,0.044,11.0,126.0,0.45,white,0.99293,3.28,10.3,5,white,3732
6.5,0.19,0.34,1.6,0.029,39.0,116.0,0.68,white,0.98954,3.21,12.5,6,white,3733
6.0,0.21,0.29,13.1,0.042,28.0,125.0,0.45,white,0.99936,3.39,8.6,5,white,3734
6.1,0.22,0.46,1.8,0.16,34.0,74.0,0.33,white,0.9884,3.19,13.4,6,white,3735
6.5,0.32,0.48,8.0,0.026,18.0,88.0,0.79,white,0.99144,3.22,12.7,4,white,3736
7.1,0.21,0.72,1.6,0.167,65.0,120.0,0.51,white,0.99324,2.97,9.2,5,white,3737
5.6,0.26,0.18,1.4,0.034,18.0,135.0,0.35,white,0.99174,3.32,10.2,6,white,3738
7.0,0.15,0.28,14.7,0.051,29.0,149.0,0.39,white,0.99792,2.96,9.0,7,white,3739
7.0,0.15,0.28,14.7,0.051,29.0,149.0,0.39,white,0.99792,2.96,9.0,7,white,3740
7.0,0.15,0.28,14.7,0.051,29.0,149.0,0.39,white,0.99792,2.96,9.0,7,white,3741
7.0,0.15,0.28,14.7,0.051,29.0,149.0,0.39,white,0.99792,2.96,9.0,7,white,3742
7.0,0.15,0.28,14.7,0.051,29.0,149.0,0.39,white,0.99792,2.96,9.0,7,white,3743
7.0,0.15,0.28,14.7,0.051,29.0,149.0,0.39,white,0.99792,2.96,9.0,7,white,3744
7.0,0.15,0.28,14.7,0.051,29.0,149.0,0.39,white,0.99792,2.96,9.0,7,white,3745
7.4,0.27,0.28,1.8,0.04,45.0,121.0,0.4,white,0.99043,3.02,11.9,5,white,3746
6.8,0.22,0.3,10.6,0.07,67.0,194.0,0.42,white,0.99654,2.89,9.0,6,white,3747
6.2,0.24,0.25,12.5,0.055,47.0,134.0,0.51,white,0.99758,3.3,9.0,5,white,3748
6.3,0.28,0.29,6.8,0.051,40.0,143.0,0.59,white,0.99374,3.43,11.0,6,white,3749
7.0,0.15,0.28,14.7,0.051,29.0,149.0,0.39,white,0.99792,2.96,9.0,7,white,3750
5.5,0.17,0.23,2.9,0.039,10.0,108.0,0.5,white,0.99243,3.28,10.0,5,white,3751
6.5,0.26,0.34,1.4,0.04,25.0,184.0,0.46,white,0.99216,3.29,10.7,5,white,3752
6.6,0.27,0.33,1.4,0.042,24.0,183.0,0.46,white,0.99215,3.29,10.7,5,white,3753
5.4,0.46,0.15,2.1,0.026,29.0,130.0,0.77,white,0.98953,3.39,13.4,8,white,3754
7.8,0.19,0.32,7.4,0.015,47.0,124.0,0.39,white,0.99278,2.99,11.0,6,white,3755
5.5,0.17,0.23,2.9,0.039,10.0,108.0,0.5,white,0.99243,3.28,10.0,5,white,3756
6.5,0.26,0.34,1.4,0.04,25.0,184.0,0.46,white,0.99216,3.29,10.7,5,white,3757
6.6,0.27,0.33,1.4,0.042,24.0,183.0,0.46,white,0.99215,3.29,10.7,5,white,3758
7.8,0.19,0.32,7.4,0.015,47.0,124.0,0.39,white,0.99278,2.99,11.0,6,white,3759
7.8,0.2,0.32,5.0,0.016,31.0,101.0,0.39,white,0.99186,2.99,11.0,6,white,3760
6.1,0.17,0.28,2.5,0.028,22.0,98.0,0.37,white,0.99072,3.16,11.1,7,white,3761
7.4,0.2,0.35,6.1,0.025,10.0,40.0,0.52,white,0.99244,2.79,10.9,5,white,3762
6.7,0.39,0.24,2.7,0.017,22.0,80.0,0.37,white,0.99084,3.03,11.5,5,white,3763
5.4,0.46,0.15,2.1,0.026,29.0,130.0,0.77,white,0.98953,3.39,13.4,8,white,3764
6.9,0.4,0.17,12.9,0.033,59.0,186.0,0.49,white,0.99754,3.08,9.4,5,white,3765
6.9,0.4,0.17,12.9,0.033,59.0,186.0,0.49,white,0.99754,3.08,9.4,5,white,3766
6.9,0.4,0.17,12.9,0.033,59.0,186.0,0.49,white,0.99754,3.08,9.4,5,white,3767
6.3,0.24,0.29,13.7,0.035,53.0,134.0,0.38,white,0.99567,3.17,10.6,6,white,3768
6.9,0.4,0.17,12.9,0.033,59.0,186.0,0.49,white,0.99754,3.08,9.4,5,white,3769
7.4,0.27,0.31,2.4,0.014,15.0,143.0,0.65,white,0.99094,3.03,12.0,4,white,3770
6.1,0.27,0.28,9.8,0.042,61.0,125.0,0.42,white,0.99532,3.14,10.2,6,white,3771
6.3,0.24,0.29,13.7,0.035,53.0,134.0,0.38,white,0.99567,3.17,10.6,6,white,3772
5.0,0.61,0.12,1.3,0.009,65.0,100.0,0.37,white,0.9874,3.26,13.5,5,white,3773
6.7,0.42,0.39,12.1,0.04,61.0,248.0,0.58,white,0.99794,3.31,9.7,5,white,3774
6.5,0.33,0.28,6.1,0.018,41.0,103.0,0.32,white,0.99122,3.24,12.2,6,white,3775
6.9,0.33,0.31,7.7,0.04,29.0,135.0,0.57,white,0.99226,3.11,12.3,5,white,3776
6.5,0.33,0.28,6.1,0.018,41.0,103.0,0.32,white,0.99122,3.24,12.2,6,white,3777
6.3,0.15,0.3,1.4,0.022,38.0,100.0,0.57,white,0.99099,3.42,11.4,7,white,3778
6.5,0.32,0.45,7.7,0.022,31.0,97.0,0.7,white,0.99134,3.2,12.7,7,white,3779
6.7,0.42,0.39,12.1,0.04,61.0,248.0,0.58,white,0.99794,3.31,9.7,5,white,3780
7.4,0.25,0.29,6.8,0.02,31.0,113.0,0.29,white,0.99338,3.13,10.8,6,white,3781
7.6,0.27,0.3,9.2,0.018,23.0,96.0,0.29,white,0.9938,3.08,11.0,6,white,3782
6.4,0.27,0.45,8.3,0.05,52.0,196.0,0.48,white,0.9955,3.18,9.5,5,white,3783
6.5,0.25,0.27,17.4,0.064,29.0,140.0,0.49,white,0.99776,3.2,10.1,6,white,3784
5.6,0.19,0.31,2.7,0.027,11.0,100.0,0.4,white,0.98964,3.46,13.2,7,white,3785
7.4,0.29,0.48,12.8,0.037,61.5,182.0,0.34,white,0.99808,3.02,8.8,5,white,3786
6.4,0.34,0.44,8.2,0.043,54.0,201.0,0.48,white,0.99551,3.18,9.5,5,white,3787
6.6,0.27,0.52,8.1,0.044,53.0,202.0,0.48,white,0.99548,3.18,9.5,5,white,3788
6.6,0.26,0.52,8.2,0.047,52.0,191.0,0.47,white,0.99541,3.16,9.5,6,white,3789
6.4,0.27,0.45,8.3,0.05,52.0,196.0,0.48,white,0.9955,3.18,9.5,5,white,3790
6.5,0.26,0.5,8.0,0.051,46.0,197.0,0.47,white,0.99536,3.18,9.5,5,white,3791
6.8,0.25,0.3,11.8,0.043,53.0,133.0,0.58,white,0.99524,3.03,10.4,6,white,3792
6.3,0.32,0.26,12.0,0.049,63.0,170.0,0.55,white,0.9961,3.14,9.9,6,white,3793
5.5,0.24,0.45,1.7,0.046,22.0,113.0,0.48,white,0.99224,3.22,10.0,5,white,3794
6.5,0.25,0.27,17.4,0.064,29.0,140.0,0.49,white,0.99776,3.2,10.1,6,white,3795
6.6,0.13,0.29,13.9,0.056,33.0,95.0,0.39,white,0.99702,3.17,9.4,6,white,3796
7.0,0.39,0.21,10.7,0.098,13.0,91.0,0.47,white,0.99657,3.03,9.3,5,white,3797
7.9,0.21,0.39,2.0,0.057,21.0,138.0,0.52,white,0.99176,3.05,10.9,5,white,3798
7.0,0.3,0.28,2.2,0.042,21.0,177.0,0.57,white,0.99166,3.2,11.4,5,white,3799
8.1,0.2,0.3,1.3,0.036,7.0,49.0,0.73,white,0.99242,2.99,10.3,5,white,3800
8.3,0.18,0.3,1.1,0.033,20.0,57.0,0.51,white,0.99109,3.02,11.0,6,white,3801
7.9,0.21,0.39,2.0,0.057,21.0,138.0,0.52,white,0.99176,3.05,10.9,5,white,3802
7.2,0.17,0.34,6.4,0.042,16.0,111.0,0.4,white,0.99278,2.99,10.8,6,white,3803
8.1,0.2,0.3,1.3,0.036,7.0,49.0,0.73,white,0.99242,2.99,10.3,5,white,3804
8.3,0.18,0.3,1.1,0.033,20.0,57.0,0.51,white,0.99109,3.02,11.0,6,white,3805
7.0,0.39,0.21,10.7,0.098,13.0,91.0,0.47,white,0.99657,3.03,9.3,5,white,3806
6.8,0.21,0.62,6.4,0.041,7.0,113.0,0.59,white,0.99358,2.96,10.2,5,white,3807
6.9,0.21,0.62,6.3,0.042,7.0,109.0,0.59,white,0.99358,2.96,10.2,6,white,3808
7.2,0.17,0.34,6.4,0.042,16.0,111.0,0.4,white,0.99278,2.99,10.8,6,white,3809
6.8,0.26,0.34,15.1,0.06,42.0,162.0,0.52,white,0.99705,3.24,10.5,3,white,3810
7.2,0.28,0.38,2.0,0.052,23.0,156.0,0.52,white,0.9912,3.13,11.1,5,white,3811
7.9,0.21,0.39,2.0,0.057,21.0,138.0,0.52,white,0.99176,3.05,10.9,5,white,3812
7.0,0.3,0.28,2.2,0.042,21.0,177.0,0.57,white,0.99166,3.2,11.4,5,white,3813
7.4,0.34,0.28,12.1,0.049,31.0,149.0,0.49,white,0.99677,3.22,10.3,5,white,3814
6.3,0.43,0.32,8.8,0.042,18.0,106.0,0.33,white,0.99172,3.28,12.9,7,white,3815
6.8,0.41,0.3,8.8,0.045,28.0,131.0,0.59,white,0.9953,3.12,9.9,5,white,3816
6.3,0.4,0.24,5.1,0.036,43.0,131.0,0.44,white,0.99186,3.24,11.3,6,white,3817
5.1,0.35,0.26,6.8,0.034,36.0,120.0,0.4,white,0.99188,3.38,11.5,6,white,3818
5.1,0.35,0.26,6.8,0.034,36.0,120.0,0.4,white,0.99188,3.38,11.5,6,white,3819
6.3,0.3,0.2,3.7,0.039,34.0,132.0,0.38,white,0.99158,3.0,10.7,5,white,3820
6.9,0.28,0.28,12.2,0.042,52.0,139.0,0.56,white,0.99522,3.03,10.4,6,white,3821
7.0,0.33,0.28,5.7,0.033,39.0,204.0,0.64,white,0.99176,3.17,12.5,6,white,3822
6.7,0.26,0.49,8.1,0.052,48.0,197.0,0.48,white,0.99558,3.19,9.5,5,white,3823
7.3,0.24,0.3,2.5,0.042,31.0,104.0,0.56,white,0.9911,3.05,11.3,7,white,3824
6.7,0.46,0.21,4.0,0.034,12.0,88.0,0.54,white,0.99016,3.26,13.0,6,white,3825
5.1,0.35,0.26,6.8,0.034,36.0,120.0,0.4,white,0.99188,3.38,11.5,6,white,3826
5.1,0.23,0.18,1.0,0.053,13.0,99.0,0.39,white,0.98956,3.22,11.5,5,white,3827
6.3,0.4,0.24,5.1,0.036,43.0,131.0,0.44,white,0.99186,3.24,11.3,6,white,3828
7.1,0.44,0.23,5.8,0.035,24.0,100.0,0.57,white,0.99062,3.15,13.2,7,white,3829
4.8,0.26,0.23,10.6,0.034,23.0,111.0,0.28,white,0.99274,3.46,11.5,7,white,3830
6.8,0.31,0.19,3.5,0.086,30.0,130.0,0.44,white,0.993,2.83,9.6,5,white,3831
6.8,0.31,0.19,3.5,0.086,30.0,130.0,0.44,white,0.993,2.83,9.6,5,white,3832
7.0,0.15,0.29,16.4,0.058,45.0,110.0,0.37,white,0.9978,3.15,9.7,6,white,3833
6.5,0.41,0.22,4.8,0.052,49.0,142.0,0.62,white,0.9946,3.14,9.2,5,white,3834
6.2,0.31,0.23,3.3,0.052,34.0,113.0,0.48,white,0.99429,3.16,8.4,5,white,3835
8.0,0.27,0.33,1.2,0.05,41.0,103.0,0.45,white,0.99002,3.0,12.4,6,white,3836
8.0,0.27,0.33,1.2,0.05,41.0,103.0,0.45,white,0.99002,3.0,12.4,6,white,3837
6.5,0.41,0.22,4.8,0.052,49.0,142.0,0.62,white,0.9946,3.14,9.2,5,white,3838
6.2,0.31,0.23,3.3,0.052,34.0,113.0,0.48,white,0.99429,3.16,8.4,5,white,3839
6.7,0.37,0.25,2.5,0.028,24.0,84.0,0.36,white,0.9909,3.14,11.7,6,white,3840
6.6,0.21,0.5,8.7,0.036,41.0,191.0,0.56,white,0.99294,2.96,11.0,6,white,3841
7.5,0.26,0.31,1.6,0.032,36.0,109.0,0.43,white,0.99044,2.97,11.9,6,white,3842
7.5,0.34,0.28,4.0,0.028,46.0,100.0,0.5,white,0.98958,3.2,13.2,7,white,3843
6.7,0.37,0.25,2.5,0.028,24.0,84.0,0.36,white,0.9909,3.14,11.7,6,white,3844
6.4,0.32,0.23,16.2,0.055,36.0,176.0,0.54,white,0.9986,3.26,9.1,5,white,3845
6.7,0.24,0.32,9.0,0.023,20.0,109.0,0.35,white,0.99262,3.34,12.6,6,white,3846
6.4,0.32,0.23,16.2,0.055,36.0,176.0,0.54,white,0.9986,3.26,9.1,5,white,3847
7.1,0.39,0.79,1.4,0.194,23.0,90.0,0.46,white,0.99212,3.17,10.5,6,white,3848
8.2,0.31,0.43,7.0,0.047,18.0,87.0,0.64,white,0.99628,3.23,10.6,5,white,3849
6.7,0.24,0.32,9.0,0.023,20.0,109.0,0.35,white,0.99262,3.34,12.6,6,white,3850
5.9,0.17,0.29,3.1,0.03,32.0,123.0,0.33,white,0.98913,3.41,13.7,7,white,3851
5.9,0.2,0.23,1.5,0.037,38.0,93.0,0.49,white,0.99021,3.36,12.0,6,white,3852
6.6,0.32,0.26,4.6,0.031,26.0,120.0,0.73,white,0.99198,3.4,12.5,7,white,3853
5.9,0.12,0.27,4.8,0.03,40.0,110.0,0.68,white,0.99226,3.55,12.1,6,white,3854
5.9,0.18,0.29,4.6,0.032,68.0,137.0,0.38,white,0.99159,3.21,11.3,6,white,3855
5.9,0.2,0.23,1.5,0.037,38.0,93.0,0.49,white,0.99021,3.36,12.0,6,white,3856
5.4,0.17,0.27,2.7,0.049,28.0,104.0,0.55,white,0.99224,3.46,10.3,6,white,3857
6.1,0.21,0.3,6.3,0.039,47.0,136.0,0.31,white,0.99068,3.27,12.7,6,white,3858
7.3,0.25,0.26,7.2,0.048,52.0,207.0,0.37,white,0.99587,3.12,9.2,5,white,3859
7.3,0.25,0.26,7.2,0.048,52.0,207.0,0.37,white,0.99587,3.12,9.2,5,white,3860
6.2,0.22,0.3,12.4,0.054,108.0,152.0,0.47,white,0.99728,3.1,9.5,6,white,3861
6.5,0.27,0.19,6.6,0.045,98.0,175.0,0.34,white,0.99364,3.16,10.1,6,white,3862
6.5,0.27,0.19,6.6,0.045,98.0,175.0,0.34,white,0.99364,3.16,10.1,6,white,3863
6.6,0.39,0.22,4.0,0.038,17.0,98.0,0.53,white,0.99018,3.25,13.0,7,white,3864
6.0,0.31,0.38,4.8,0.04,41.0,101.0,0.56,white,0.98968,3.24,13.1,6,white,3865
8.4,0.23,0.32,1.3,0.048,59.0,113.0,0.55,white,0.99178,3.1,11.0,6,white,3866
7.3,0.25,0.26,7.2,0.048,52.0,207.0,0.37,white,0.99587,3.12,9.2,5,white,3867
6.0,0.22,0.25,11.1,0.056,112.0,177.0,0.36,white,0.9961,3.08,9.4,6,white,3868
6.2,0.22,0.3,12.4,0.054,108.0,152.0,0.47,white,0.99728,3.1,9.5,6,white,3869
6.1,0.23,0.27,9.8,0.055,74.0,134.0,0.4,white,0.99534,3.16,10.2,6,white,3870
6.5,0.27,0.19,6.6,0.045,98.0,175.0,0.34,white,0.99364,3.16,10.1,6,white,3871
7.3,0.36,0.54,13.3,0.054,63.0,193.0,0.49,white,0.99864,3.06,8.6,4,white,3872
7.6,0.37,0.51,11.7,0.094,58.0,181.0,0.51,white,0.99776,2.91,9.0,5,white,3873
6.7,0.26,0.51,8.0,0.062,50.0,194.0,0.5,white,0.99545,3.13,9.6,5,white,3874
7.4,0.22,0.27,1.6,0.057,45.0,98.0,0.44,white,0.99299,3.29,9.9,7,white,3875
6.1,0.22,0.28,16.55,0.059,54.0,135.0,0.38,white,0.99665,3.2,10.5,5,white,3876
7.1,0.28,0.31,1.5,0.053,20.0,98.0,0.5,white,0.99069,3.15,11.4,5,white,3877
6.5,0.35,0.31,10.2,0.069,58.0,170.0,0.49,white,0.99692,3.18,9.4,5,white,3878
6.8,0.73,0.2,6.6,0.054,25.0,65.0,0.28,white,0.99324,3.12,11.1,4,white,3879
6.0,0.28,0.24,17.8,0.047,42.0,111.0,0.45,white,0.99896,3.1,8.9,6,white,3880
6.0,0.28,0.24,17.8,0.047,42.0,111.0,0.45,white,0.99896,3.1,8.9,6,white,3881
7.1,0.2,0.37,1.5,0.049,28.0,129.0,0.52,white,0.99226,3.15,10.8,5,white,3882
6.8,0.33,0.31,7.4,0.045,34.0,143.0,0.55,white,0.99226,3.06,12.2,6,white,3883
6.0,0.28,0.24,17.8,0.047,42.0,111.0,0.45,white,0.99896,3.1,8.9,6,white,3884
7.2,0.24,0.36,2.0,0.029,21.0,63.0,0.63,white,0.99076,3.13,12.5,6,white,3885
6.8,0.33,0.31,7.4,0.045,34.0,143.0,0.55,white,0.99226,3.06,12.2,6,white,3886
7.2,0.24,0.36,2.0,0.029,21.0,63.0,0.63,white,0.99076,3.13,12.5,6,white,3887
6.0,0.28,0.24,17.8,0.047,42.0,111.0,0.45,white,0.99896,3.1,8.9,6,white,3888
6.2,0.27,0.26,12.1,0.046,43.0,127.0,0.37,white,0.9951,3.16,10.8,6,white,3889
6.4,0.38,0.26,8.2,0.043,28.0,98.0,0.31,white,0.99234,2.99,11.4,6,white,3890
7.1,0.2,0.37,1.5,0.049,28.0,129.0,0.52,white,0.99226,3.15,10.8,5,white,3891
6.0,0.21,0.3,8.7,0.036,47.0,127.0,0.39,white,0.99368,3.18,10.6,5,white,3892
7.0,0.34,0.1,3.5,0.044,17.0,63.0,0.39,white,0.9937,3.01,9.2,5,white,3893
5.9,0.435,0.16,6.4,0.031,21.0,134.0,0.46,white,0.99151,3.24,12.2,6,white,3894
7.0,0.25,0.33,2.1,0.021,17.0,76.0,0.45,white,0.99021,3.26,12.3,6,white,3895
6.7,0.26,0.29,7.7,0.038,40.0,179.0,0.56,white,0.99479,3.23,10.4,6,white,3896
7.0,0.24,0.3,12.3,0.035,72.0,172.0,0.57,white,0.9954,2.99,10.4,6,white,3897
8.5,0.23,0.34,1.3,0.035,54.0,110.0,0.55,white,0.99176,3.07,11.0,7,white,3898
6.0,0.21,0.3,8.7,0.036,47.0,127.0,0.39,white,0.99368,3.18,10.6,5,white,3899
7.0,0.34,0.1,3.5,0.044,17.0,63.0,0.39,white,0.9937,3.01,9.2,5,white,3900
4.8,0.65,0.12,1.1,0.013,4.0,10.0,0.36,white,0.99246,3.32,13.5,4,white,3901
6.1,0.22,0.38,2.8,0.144,12.0,65.0,0.64,white,0.9908,2.95,11.4,6,white,3902
5.8,0.27,0.26,3.5,0.071,26.0,69.0,0.38,white,0.98994,3.1,11.5,6,white,3903
5.0,0.455,0.18,1.9,0.036,33.0,106.0,0.83,white,0.98746,3.21,14.0,7,white,3904
6.5,0.33,0.3,3.8,0.036,34.0,88.0,0.63,white,0.99028,3.25,12.5,7,white,3905
6.5,0.33,0.3,3.8,0.036,34.0,88.0,0.63,white,0.99028,3.25,12.5,7,white,3906
6.7,0.31,0.3,2.4,0.038,30.0,83.0,0.36,white,0.98867,3.09,12.8,7,white,3907
6.2,0.39,0.24,4.8,0.037,45.0,138.0,0.43,white,0.99174,3.23,11.2,7,white,3908
6.2,0.39,0.24,4.8,0.037,45.0,138.0,0.43,white,0.99174,3.23,11.2,7,white,3909
7.1,0.37,0.3,6.2,0.04,49.0,139.0,0.27,white,0.99021,3.17,13.6,6,white,3910
7.2,0.23,0.82,1.3,0.149,70.0,109.0,0.42,white,0.99304,2.93,9.2,6,white,3911
6.5,0.33,0.3,3.8,0.036,34.0,88.0,0.63,white,0.99028,3.25,12.5,7,white,3912
7.2,0.25,0.32,1.5,0.054,24.0,105.0,0.48,white,0.99154,3.17,11.1,6,white,3913
6.2,0.39,0.24,4.8,0.037,45.0,138.0,0.43,white,0.99174,3.23,11.2,7,white,3914
4.7,0.455,0.18,1.9,0.036,33.0,106.0,0.83,white,0.98746,3.21,14.0,7,white,3915
7.1,0.37,0.3,6.2,0.04,49.0,139.0,0.27,white,0.99021,3.17,13.6,6,white,3916
6.2,0.28,0.51,7.9,0.056,49.0,206.0,0.52,white,0.9956,3.18,9.4,5,white,3917
6.4,0.35,0.28,1.6,0.037,31.0,113.0,0.4,white,0.98779,3.12,14.2,7,white,3918
6.6,0.31,0.28,1.4,0.035,28.0,107.0,0.4,white,0.98836,3.0,13.2,6,white,3919
7.4,0.25,0.37,2.6,0.05,24.0,132.0,0.53,white,0.99138,3.04,11.2,6,white,3920
7.3,0.36,0.34,14.8,0.057,46.0,173.0,0.57,white,0.99751,3.14,10.2,5,white,3921
6.7,0.31,0.3,2.4,0.038,30.0,83.0,0.36,white,0.98867,3.09,12.8,7,white,3922
8.6,0.31,0.3,0.9,0.045,16.0,109.0,0.39,white,0.99249,2.95,10.1,5,white,3923
8.6,0.31,0.3,0.9,0.045,16.0,109.0,0.39,white,0.99249,2.95,10.1,5,white,3924
8.6,0.22,0.33,1.2,0.031,38.0,95.0,0.31,white,0.99239,2.83,10.3,5,white,3925
6.9,0.14,0.29,9.9,0.056,30.0,91.0,0.33,white,0.99512,3.19,9.9,6,white,3926
6.5,0.22,0.31,3.9,0.046,17.0,106.0,0.31,white,0.99098,3.15,11.5,5,white,3927
6.6,0.32,0.47,15.6,0.063,27.0,173.0,0.56,white,0.99872,3.18,9.0,5,white,3928
6.6,0.32,0.47,15.6,0.063,27.0,173.0,0.56,white,0.99872,3.18,9.0,5,white,3929
6.1,0.28,0.26,1.5,0.03,25.0,101.0,0.41,white,0.98894,3.03,12.1,6,white,3930
6.2,0.3,0.28,1.6,0.036,28.0,106.0,0.41,white,0.988245,3.14,13.3,6,white,3931
6.9,0.22,0.28,7.8,0.05,43.0,116.0,0.6,white,0.99326,3.22,11.5,8,white,3932
8.7,0.31,0.21,5.6,0.039,28.0,67.0,0.52,white,0.99328,2.96,11.0,4,white,3933
7.3,0.27,0.3,1.3,0.04,26.0,84.0,0.53,white,0.99222,3.28,10.7,6,white,3934
7.0,0.46,0.2,16.7,0.046,50.0,184.0,0.56,white,0.99898,3.08,9.4,5,white,3935
5.7,0.23,0.25,7.95,0.042,16.0,108.0,0.61,white,0.99486,3.44,10.3,6,white,3936
6.5,0.36,0.36,6.7,0.185,51.5,151.0,0.42,white,0.99528,3.17,9.3,5,white,3937
8.2,0.18,0.38,1.1,0.04,41.0,92.0,0.6,white,0.99062,2.88,12.0,6,white,3938
6.2,0.27,0.32,6.3,0.048,47.0,159.0,0.6,white,0.99282,3.21,11.0,6,white,3939
6.9,0.4,0.37,8.9,0.053,36.0,148.0,0.5,white,0.996,3.16,9.3,5,white,3940
4.9,0.345,0.34,1.0,0.068,32.0,143.0,0.4,white,0.99138,3.24,10.1,5,white,3941
7.2,0.23,0.39,1.5,0.053,26.0,106.0,0.47,white,0.99166,3.18,11.1,6,white,3942
6.4,0.2,0.15,6.6,0.046,26.0,113.0,0.58,white,0.99408,2.99,9.9,6,white,3943
6.1,0.27,0.32,6.2,0.048,47.0,161.0,0.6,white,0.99281,3.22,11.0,6,white,3944
6.2,0.27,0.32,6.3,0.048,47.0,159.0,0.6,white,0.99282,3.21,11.0,6,white,3945
6.0,0.3,0.33,2.1,0.042,31.0,127.0,0.42,white,0.98964,3.32,12.5,6,white,3946
6.1,0.3,0.32,2.2,0.042,41.0,142.0,0.44,white,0.98952,3.31,12.7,7,white,3947
5.7,0.14,0.3,5.4,0.045,26.0,105.0,0.45,white,0.99469,3.32,9.3,5,white,3948
6.9,0.4,0.37,8.9,0.053,36.0,148.0,0.5,white,0.996,3.16,9.3,5,white,3949
4.9,0.345,0.34,1.0,0.068,32.0,143.0,0.4,white,0.99138,3.24,10.1,5,white,3950
6.3,0.33,0.2,17.9,0.066,36.0,161.0,0.51,white,0.9991,3.14,8.8,5,white,3951
7.0,0.16,0.3,2.6,0.043,34.0,90.0,0.47,white,0.99047,2.88,11.2,6,white,3952
8.4,0.22,0.3,1.3,0.038,45.0,122.0,0.54,white,0.99178,3.13,10.8,7,white,3953
6.3,0.33,0.2,17.9,0.066,36.0,161.0,0.51,white,0.9991,3.14,8.8,5,white,3954
7.0,0.16,0.3,2.6,0.043,34.0,90.0,0.47,white,0.99047,2.88,11.2,6,white,3955
5.4,0.24,0.18,2.3,0.05,22.0,145.0,0.46,white,0.99207,3.24,10.3,5,white,3956
7.7,0.31,0.36,4.3,0.026,15.0,87.0,0.48,white,0.99152,3.11,12.0,5,white,3957
5.6,0.185,0.19,7.1,0.048,36.0,110.0,0.41,white,0.99438,3.26,9.5,6,white,3958
5.6,0.185,0.19,7.1,0.048,36.0,110.0,0.41,white,0.99438,3.26,9.5,6,white,3959
6.6,0.43,0.24,11.9,0.04,54.0,159.0,0.54,white,0.99622,3.14,9.8,6,white,3960
7.6,0.39,0.46,11.7,0.084,55.0,170.0,0.51,white,0.99773,2.91,9.0,5,white,3961
7.2,0.58,0.27,5.8,0.032,40.0,118.0,0.53,white,0.99088,3.17,13.0,7,white,3962
6.0,0.34,0.32,3.8,0.044,13.0,116.0,0.44,white,0.99108,3.39,11.8,7,white,3963
7.5,0.35,0.48,12.4,0.056,61.0,176.5,0.52,white,0.99803,2.97,8.8,5,white,3964
7.3,0.38,0.23,6.5,0.05,18.0,102.0,0.55,white,0.99304,3.1,11.2,4,white,3965
5.4,0.185,0.19,7.1,0.048,36.0,110.0,0.41,white,0.99438,3.26,9.5,6,white,3966
6.3,0.27,0.51,7.6,0.049,35.0,200.0,0.54,white,0.99548,3.16,9.4,4,white,3967
6.5,0.29,0.52,7.9,0.049,35.0,192.0,0.51,white,0.99551,3.16,9.5,6,white,3968
6.4,0.17,0.3,2.8,0.034,33.0,125.0,0.49,white,0.99152,3.03,10.4,6,white,3969
6.7,0.18,0.31,10.6,0.035,42.0,143.0,0.49,white,0.99572,3.08,9.8,7,white,3970
6.4,0.17,0.3,2.8,0.034,33.0,125.0,0.49,white,0.99152,3.03,10.4,6,white,3971
6.8,0.37,0.67,1.5,0.175,16.0,98.0,0.56,white,0.99244,3.06,10.3,6,white,3972
6.3,0.27,0.51,7.6,0.049,35.0,200.0,0.54,white,0.99548,3.16,9.4,4,white,3973
6.5,0.29,0.52,7.9,0.049,35.0,192.0,0.51,white,0.99551,3.16,9.5,6,white,3974
6.1,0.24,0.26,1.7,0.033,61.0,134.0,0.81,white,0.9903,3.19,11.9,7,white,3975
7.0,0.32,0.29,7.6,0.025,35.0,124.0,0.65,white,0.99162,3.15,12.8,7,white,3976
6.9,0.27,0.25,7.5,0.03,18.0,117.0,0.38,white,0.99116,3.09,13.0,6,white,3977
6.5,0.29,0.53,1.7,0.04,41.0,192.0,0.59,white,0.9922,3.26,10.4,7,white,3978
6.5,0.29,0.52,1.7,0.034,41.0,193.0,0.59,white,0.99223,3.25,10.4,6,white,3979
6.1,0.22,0.25,12.1,0.035,54.0,135.0,0.4,white,0.99481,3.21,10.7,5,white,3980
6.3,0.22,0.27,4.5,0.036,81.0,157.0,0.76,white,0.9928,3.05,10.7,7,white,3981
6.1,0.24,0.26,1.7,0.033,61.0,134.0,0.81,white,0.9903,3.19,11.9,7,white,3982
5.6,0.23,0.25,8.0,0.043,31.0,101.0,0.42,white,0.99429,3.19,10.4,6,white,3983
7.0,0.32,0.29,7.6,0.025,35.0,124.0,0.65,white,0.99162,3.15,12.8,7,white,3984
6.8,0.11,0.27,8.6,0.044,45.0,104.0,0.37,white,0.99454,3.2,9.9,6,white,3985
6.8,0.11,0.27,8.6,0.044,45.0,104.0,0.37,white,0.99454,3.2,9.9,6,white,3986
7.3,0.23,0.41,14.6,0.048,73.0,223.0,0.71,white,0.99863,3.16,9.4,6,white,3987
6.1,0.2,0.17,1.6,0.048,46.0,129.0,0.43,white,0.991,3.3,11.4,6,white,3988
6.8,0.11,0.27,8.6,0.044,45.0,104.0,0.37,white,0.99454,3.2,9.9,6,white,3989
7.3,0.23,0.41,14.6,0.048,73.0,223.0,0.71,white,0.99863,3.16,9.4,6,white,3990
6.9,0.2,0.41,1.1,0.06,36.0,104.0,0.39,white,0.99317,2.99,9.2,5,white,3991
6.7,0.19,0.32,3.7,0.041,26.0,76.0,0.57,white,0.99173,2.9,10.5,7,white,3992
6.7,0.28,0.34,8.9,0.048,32.0,111.0,0.54,white,0.99455,3.25,11.0,7,white,3993
6.7,0.28,0.34,8.9,0.048,32.0,111.0,0.54,white,0.99455,3.25,11.0,7,white,3994
8.0,0.37,0.31,4.7,0.038,3.0,127.0,0.72,white,0.99186,2.9,12.1,5,white,3995
6.7,0.28,0.34,8.9,0.048,32.0,111.0,0.54,white,0.99455,3.25,11.0,7,white,3996
6.0,0.26,0.29,3.1,0.041,37.0,144.0,0.39,white,0.98944,3.22,12.8,7,white,3997
6.4,0.24,0.49,5.8,0.053,25.0,120.0,0.98,white,0.9942,3.01,10.5,6,white,3998
6.4,0.24,0.49,5.8,0.053,25.0,120.0,0.98,white,0.9942,3.01,10.5,6,white,3999
6.4,0.24,0.49,5.8,0.053,25.0,120.0,0.98,white,0.9942,3.01,10.5,6,white,4000
6.4,0.25,0.57,1.0,0.062,21.0,122.0,0.4,white,0.99238,3.0,9.5,5,white,4001
6.1,0.25,0.48,15.8,0.052,25.0,94.0,0.45,white,0.99782,3.07,9.2,6,white,4002
6.8,0.14,0.35,1.5,0.047,40.0,117.0,0.72,white,0.99111,3.07,11.1,6,white,4003
6.5,0.38,0.26,5.2,0.042,33.0,112.0,0.5,white,0.99067,3.06,12.3,7,white,4004
6.8,0.14,0.35,1.5,0.047,40.0,117.0,0.72,white,0.99111,3.07,11.1,6,white,4005
5.4,0.15,0.32,2.5,0.037,10.0,51.0,0.58,white,0.98878,3.04,12.6,6,white,4006
6.4,0.25,0.57,1.0,0.062,21.0,122.0,0.4,white,0.99238,3.0,9.5,5,white,4007
6.1,0.25,0.48,15.8,0.052,25.0,94.0,0.45,white,0.99782,3.07,9.2,6,white,4008
6.8,0.22,0.32,5.9,0.054,40.0,152.0,0.57,white,0.9938,3.2,10.8,6,white,4009
7.2,0.21,0.29,3.1,0.044,39.0,122.0,0.6,white,0.99143,3.0,11.3,6,white,4010
6.0,0.26,0.29,3.1,0.041,37.0,144.0,0.39,white,0.98944,3.22,12.8,7,white,4011
6.4,0.24,0.49,5.8,0.053,25.0,120.0,0.98,white,0.9942,3.01,10.5,6,white,4012
6.5,0.46,0.24,11.5,0.051,56.0,171.0,0.56,white,0.99588,3.08,9.8,6,white,4013
6.5,0.18,0.48,18.0,0.054,56.0,183.0,0.61,white,1.00038,2.98,8.5,6,white,4014
6.2,0.32,0.12,4.8,0.054,6.0,97.0,0.5,white,0.99424,3.16,9.3,5,white,4015
7.2,0.4,0.24,8.5,0.055,45.0,151.0,0.52,white,0.99626,3.2,9.2,5,white,4016
5.9,0.23,0.24,1.6,0.037,32.0,115.0,0.51,white,0.99076,3.21,11.4,6,white,4017
6.4,0.18,0.48,18.0,0.054,56.0,183.0,0.61,white,1.00038,2.98,8.5,6,white,4018
6.2,0.32,0.12,4.8,0.054,6.0,97.0,0.5,white,0.99424,3.16,9.3,5,white,4019
6.4,0.37,0.12,5.9,0.056,6.0,91.0,0.46,white,0.99536,3.06,8.4,4,white,4020
7.0,0.23,0.42,1.1,0.062,35.0,100.0,0.4,white,0.99318,3.04,9.2,5,white,4021
7.2,0.4,0.24,8.5,0.055,45.0,151.0,0.52,white,0.99626,3.2,9.2,5,white,4022
7.6,0.19,0.37,13.1,0.033,52.0,151.0,0.79,white,0.99726,3.18,10.4,6,white,4023
6.0,0.28,0.27,4.1,0.046,50.0,147.0,0.56,white,0.99126,3.27,11.6,6,white,4024
6.2,0.32,0.45,2.9,0.029,37.0,94.0,0.6,white,0.98998,3.25,12.4,6,white,4025
7.6,0.19,0.37,13.1,0.033,52.0,151.0,0.79,white,0.99726,3.18,10.4,6,white,4026
6.4,0.26,0.26,1.1,0.052,22.0,176.0,0.54,white,0.99304,3.09,9.3,5,white,4027
5.9,0.25,0.27,1.5,0.029,37.0,81.0,0.46,white,0.9892,3.2,12.2,6,white,4028
6.1,0.28,0.3,7.75,0.031,33.0,139.0,0.46,white,0.99296,3.22,11.0,6,white,4029
6.9,0.19,0.38,1.15,0.023,30.0,105.0,0.38,white,0.99047,3.11,11.4,5,white,4030
6.4,0.29,0.57,1.0,0.06,15.0,120.0,0.41,white,0.9924,3.06,9.5,5,white,4031
6.8,0.27,0.22,17.8,0.034,16.0,116.0,0.53,white,0.9989,3.07,9.2,5,white,4032
7.5,0.26,0.38,5.7,0.021,23.0,125.0,0.62,white,0.99338,3.13,11.1,6,white,4033
6.8,0.27,0.22,17.8,0.034,16.0,116.0,0.53,white,0.9989,3.07,9.2,5,white,4034
6.4,0.2,0.22,7.4,0.032,53.0,172.0,0.58,white,0.99404,3.24,11.0,6,white,4035
7.3,0.33,0.22,1.4,0.041,40.0,177.0,0.48,white,0.99287,3.14,9.9,5,white,4036
7.3,0.34,0.22,1.4,0.044,43.0,176.0,0.46,white,0.99286,3.14,9.9,5,white,4037
6.4,0.29,0.57,1.0,0.06,15.0,120.0,0.41,white,0.9924,3.06,9.5,5,white,4038
6.1,1.1,0.16,4.4,0.033,8.0,109.0,0.47,white,0.99058,3.35,12.4,4,white,4039
6.3,0.24,0.29,1.6,0.052,48.0,185.0,0.5,white,0.9934,3.21,9.4,5,white,4040
6.2,0.24,0.22,7.9,0.053,45.0,149.0,0.52,white,0.99545,3.23,9.3,5,white,4041
7.4,0.16,0.27,15.5,0.05,25.0,135.0,0.43,white,0.9984,2.9,8.7,7,white,4042
7.4,0.16,0.27,15.5,0.05,25.0,135.0,0.43,white,0.9984,2.9,8.7,7,white,4043
7.4,0.16,0.27,15.5,0.05,25.0,135.0,0.43,white,0.9984,2.9,8.7,7,white,4044
7.4,0.16,0.27,15.5,0.05,25.0,135.0,0.43,white,0.9984,2.9,8.7,7,white,4045
7.2,0.17,0.28,17.55,0.05,33.0,154.0,0.43,white,0.99971,2.94,9.0,7,white,4046
6.9,0.19,0.35,13.5,0.038,49.0,118.0,0.63,white,0.99546,3.0,10.7,6,white,4047
6.9,0.19,0.35,13.5,0.038,49.0,118.0,0.63,white,0.99546,3.0,10.7,6,white,4048
6.8,0.16,0.36,1.3,0.034,32.0,98.0,0.58,white,0.99058,3.02,11.3,6,white,4049
7.4,0.16,0.27,15.5,0.05,25.0,135.0,0.43,white,0.9984,2.9,8.7,7,white,4050
6.8,0.3,0.27,11.6,0.028,22.0,97.0,0.38,white,0.99314,2.96,11.7,6,white,4051
6.2,0.24,0.22,7.9,0.053,45.0,149.0,0.52,white,0.99545,3.23,9.3,5,white,4052
7.4,0.16,0.27,15.5,0.05,25.0,135.0,0.43,white,0.9984,2.9,8.7,7,white,4053
7.2,0.17,0.28,17.55,0.05,33.0,154.0,0.43,white,0.99971,2.94,9.0,7,white,4054
6.8,0.3,0.27,11.6,0.028,22.0,97.0,0.38,white,0.99314,2.96,11.7,6,white,4055
6.5,0.43,0.18,13.15,0.032,25.0,131.0,0.51,white,0.99565,3.23,10.7,5,white,4056
6.6,0.17,0.36,1.9,0.036,38.0,110.0,0.54,white,0.99056,3.05,11.4,6,white,4057
6.9,0.19,0.35,13.5,0.038,49.0,118.0,0.63,white,0.99546,3.0,10.7,6,white,4058
6.8,0.16,0.36,1.3,0.034,32.0,98.0,0.58,white,0.99058,3.02,11.3,6,white,4059
6.4,0.41,0.01,6.1,0.048,20.0,70.0,0.42,white,0.99362,3.19,10.0,5,white,4060
6.4,0.41,0.01,6.1,0.048,20.0,70.0,0.42,white,0.99362,3.19,10.0,5,white,4061
7.4,0.36,0.32,1.9,0.036,27.0,119.0,0.49,white,0.99196,3.15,11.2,6,white,4062
6.1,0.17,0.21,1.9,0.09,44.0,130.0,0.41,white,0.99255,3.07,9.7,5,white,4063
5.5,0.28,0.21,1.6,0.032,23.0,85.0,0.42,white,0.99027,3.42,12.5,5,white,4064
6.6,0.5,0.26,11.3,0.029,32.0,110.0,0.78,white,0.99302,3.27,12.9,8,white,4065
7.1,0.44,0.27,8.4,0.057,60.0,160.0,0.36,white,0.99257,3.16,11.8,6,white,4066
6.9,0.38,0.28,8.3,0.062,22.0,166.0,0.72,white,0.99506,3.16,10.6,5,white,4067
7.1,0.44,0.27,8.4,0.057,60.0,160.0,0.36,white,0.99257,3.16,11.8,6,white,4068
6.2,0.24,0.28,12.2,0.049,54.0,133.0,0.37,white,0.9952,3.19,10.7,6,white,4069
6.1,0.28,0.27,8.0,0.048,41.0,162.0,0.51,white,0.99498,3.21,9.9,5,white,4070
7.6,0.26,0.32,1.3,0.048,23.0,76.0,0.46,white,0.9903,2.96,12.0,6,white,4071
7.5,0.16,0.38,12.7,0.043,70.5,163.0,0.82,white,0.99706,3.15,10.4,7,white,4072
6.5,0.36,0.16,1.3,0.054,11.0,107.0,0.39,white,0.99398,3.19,8.5,5,white,4073
6.6,0.35,0.19,10.5,0.06,15.0,82.0,0.38,white,0.99588,3.13,9.9,4,white,4074
5.7,0.25,0.26,12.5,0.049,52.5,120.0,0.45,white,0.99691,3.08,9.4,6,white,4075
7.4,0.37,0.26,9.6,0.05,33.0,134.0,0.46,white,0.99608,3.13,10.4,5,white,4076
5.7,0.25,0.21,1.5,0.044,21.0,108.0,0.59,white,0.99142,3.3,11.0,6,white,4077
5.8,0.23,0.21,1.5,0.044,21.0,110.0,0.57,white,0.99138,3.3,11.0,6,white,4078
5.4,0.265,0.28,7.8,0.052,27.0,91.0,0.38,white,0.99432,3.19,10.4,6,white,4079
5.7,0.25,0.27,10.8,0.05,58.0,116.0,0.5,white,0.99592,3.1,9.8,6,white,4080
5.7,0.25,0.26,12.5,0.049,52.5,106.0,0.45,white,0.99691,3.08,9.4,6,white,4081
5.9,0.23,0.28,8.6,0.046,37.0,142.0,0.53,white,0.99432,3.23,10.6,6,white,4082
6.2,0.3,0.32,1.2,0.052,32.0,185.0,0.44,white,0.99266,3.28,10.1,5,white,4083
6.5,0.33,0.24,14.5,0.048,20.0,96.0,0.3,white,0.99456,3.06,11.5,8,white,4084
7.4,0.26,0.29,3.7,0.048,14.0,73.0,0.45,white,0.9915,3.06,11.4,6,white,4085
7.0,0.2,0.4,1.1,0.058,30.0,93.0,0.38,white,0.99322,3.03,9.2,6,white,4086
6.5,0.21,0.42,1.1,0.059,33.0,101.0,0.38,white,0.9927,3.12,9.7,6,white,4087
7.3,0.25,0.27,3.8,0.047,16.0,79.0,0.46,white,0.99173,3.07,11.3,6,white,4088
6.8,0.27,0.24,4.6,0.098,36.0,127.0,0.49,white,0.99412,3.15,9.6,6,white,4089
6.7,0.24,0.3,10.2,0.07,44.0,179.0,0.46,white,0.99666,2.86,8.9,6,white,4090
6.4,0.14,0.28,7.9,0.057,21.0,82.0,0.36,white,0.99425,3.26,10.0,6,white,4091
6.4,0.5,0.2,2.4,0.059,19.0,112.0,0.4,white,0.99314,3.18,9.2,6,white,4092
6.6,0.41,0.27,10.7,0.11,20.0,103.0,0.41,white,0.99672,3.08,9.0,6,white,4093
6.4,0.25,0.28,4.9,0.03,29.0,98.0,0.58,white,0.99024,3.09,12.8,7,white,4094
6.6,0.41,0.27,10.7,0.11,20.0,103.0,0.41,white,0.99672,3.08,9.0,6,white,4095
8.0,0.25,0.35,1.1,0.054,13.0,136.0,0.55,white,0.99366,3.08,9.5,5,white,4096
6.4,0.14,0.28,7.9,0.057,21.0,82.0,0.36,white,0.99425,3.26,10.0,6,white,4097
6.6,0.21,0.34,5.6,0.046,30.0,140.0,0.38,white,0.99299,3.22,11.0,5,white,4098
6.4,0.5,0.2,2.4,0.059,19.0,112.0,0.4,white,0.99314,3.18,9.2,6,white,4099
6.3,0.29,0.23,14.2,0.037,24.0,99.0,0.38,white,0.99528,3.08,10.6,6,white,4100
6.9,0.37,0.23,9.5,0.057,54.0,166.0,0.42,white,0.99568,3.23,10.0,5,white,4101
6.9,0.37,0.23,9.5,0.057,54.0,166.0,0.42,white,0.99568,3.23,10.0,5,white,4102
5.7,0.31,0.28,4.1,0.03,22.0,86.0,0.38,white,0.99062,3.31,11.7,7,white,4103
6.9,0.45,0.27,4.7,0.035,17.0,80.0,0.36,white,0.99058,3.12,12.5,7,white,4104
6.9,0.3,0.45,1.4,0.039,36.0,122.0,0.47,white,0.99059,3.07,11.1,7,white,4105
5.3,0.23,0.56,0.9,0.041,46.0,141.0,0.62,white,0.99119,3.16,9.7,5,white,4106
6.8,0.3,0.26,20.3,0.037,45.0,150.0,0.38,white,0.99727,3.04,12.3,6,white,4107
6.7,0.28,0.42,3.5,0.035,43.0,105.0,0.38,white,0.99021,3.18,12.2,6,white,4108
5.0,0.255,0.22,2.7,0.043,46.0,153.0,0.76,white,0.99238,3.75,11.3,6,white,4109
7.6,0.4,0.27,1.2,0.053,23.0,193.0,0.38,white,0.99164,3.22,11.6,5,white,4110
5.5,0.21,0.25,1.2,0.04,18.0,75.0,0.56,white,0.99006,3.31,11.3,6,white,4111
6.0,0.2,0.25,2.0,0.041,30.0,95.0,0.56,white,0.99078,3.27,11.1,6,white,4112
6.1,0.17,0.29,1.1,0.041,32.0,92.0,0.57,white,0.99036,3.26,11.2,6,white,4113
7.5,0.21,0.29,1.5,0.046,35.0,107.0,0.45,white,0.99123,3.15,11.3,6,white,4114
7.3,0.26,0.32,1.2,0.041,29.0,94.0,0.45,white,0.98978,3.07,12.0,6,white,4115
6.2,0.35,0.2,18.1,0.069,33.0,158.0,0.5,white,0.99908,3.15,8.8,6,white,4116
6.2,0.35,0.2,18.1,0.069,33.0,158.0,0.5,white,0.99908,3.15,8.8,6,white,4117
6.5,0.43,0.31,3.6,0.046,19.0,143.0,0.34,white,0.99022,3.15,12.0,8,white,4118
6.5,0.4,0.31,3.5,0.046,22.0,147.0,0.31,white,0.99024,3.15,12.0,7,white,4119
7.4,0.28,0.5,12.1,0.049,48.0,122.0,0.44,white,0.9973,3.01,9.0,5,white,4120
6.3,0.23,0.22,17.45,0.054,42.0,151.0,0.6,white,0.99853,3.12,9.3,6,white,4121
6.2,0.34,0.25,12.1,0.059,33.0,171.0,0.56,white,0.99769,3.14,8.7,6,white,4122
6.6,0.44,0.32,3.0,0.095,13.0,75.0,0.63,white,0.98954,3.1,12.8,6,white,4123
6.0,0.13,0.36,1.6,0.052,23.0,72.0,0.5,white,0.98974,3.1,11.5,7,white,4124
6.3,0.17,0.23,5.7,0.048,44.0,147.0,0.54,white,0.99382,3.08,10.0,5,white,4125
6.3,0.18,0.22,5.6,0.047,45.0,147.0,0.54,white,0.99383,3.09,10.0,5,white,4126
6.7,0.31,0.34,6.8,0.059,51.0,215.0,0.56,white,0.99538,3.33,10.3,5,white,4127
6.6,0.33,0.32,15.6,0.054,62.0,227.0,0.56,white,0.99734,3.25,10.4,5,white,4128
6.3,0.34,0.31,6.0,0.02,18.0,68.0,0.29,white,0.98981,3.22,13.4,7,white,4129
6.8,0.29,0.32,1.8,0.032,18.0,130.0,0.62,white,0.99095,3.05,11.2,6,white,4130
7.4,0.31,0.26,8.6,0.048,47.0,206.0,0.36,white,0.9964,3.26,9.1,5,white,4131
7.4,0.31,0.26,8.6,0.048,47.0,206.0,0.36,white,0.9964,3.26,9.1,5,white,4132
5.7,0.25,0.27,11.5,0.04,24.0,120.0,0.31,white,0.99411,3.33,10.8,6,white,4133
6.8,0.27,0.28,7.8,0.038,26.0,89.0,0.34,white,0.9915,3.24,12.5,6,white,4134
5.9,0.26,0.24,2.4,0.046,27.0,132.0,0.73,white,0.99234,3.63,11.3,5,white,4135
5.9,0.65,0.23,5.0,0.035,20.0,128.0,0.48,white,0.99016,3.46,12.8,6,white,4136
7.4,0.31,0.26,8.6,0.048,47.0,206.0,0.36,white,0.9964,3.26,9.1,5,white,4137
6.6,0.23,0.32,1.5,0.041,8.0,72.0,0.39,white,0.98949,3.22,12.7,6,white,4138
6.8,0.18,0.35,5.4,0.054,53.0,143.0,0.54,white,0.99287,3.1,11.0,7,white,4139
6.8,0.28,0.29,11.9,0.052,51.0,149.0,0.58,white,0.99544,3.02,10.4,6,white,4140
6.8,0.28,0.29,11.9,0.052,51.0,149.0,0.58,white,0.99544,3.02,10.4,6,white,4141
5.9,0.27,0.27,9.0,0.051,43.0,136.0,0.53,white,0.9941,3.25,10.7,6,white,4142
6.1,0.25,0.28,10.0,0.055,56.0,131.0,0.35,white,0.994,3.22,10.9,6,white,4143
6.8,0.28,0.29,11.9,0.052,51.0,149.0,0.58,white,0.99544,3.02,10.4,6,white,4144
6.8,0.26,0.29,11.9,0.052,54.0,160.0,0.58,white,0.99546,3.03,10.4,6,white,4145
7.1,0.13,0.29,15.5,0.064,56.0,115.5,0.41,white,0.99737,3.16,9.7,7,white,4146
6.8,0.18,0.35,5.4,0.054,53.0,143.0,0.54,white,0.99287,3.1,11.0,7,white,4147
6.2,0.2,0.25,15.0,0.055,8.0,120.0,0.53,white,0.99767,3.19,9.6,6,white,4148
5.8,0.24,0.28,1.4,0.038,40.0,76.0,0.29,white,0.98711,3.1,13.9,7,white,4149
7.6,0.48,0.31,9.4,0.046,6.0,194.0,0.61,white,0.99714,3.07,9.4,5,white,4150
7.4,0.26,0.32,3.7,0.032,29.0,193.0,0.67,white,0.99134,3.1,12.5,6,white,4151
6.2,0.2,0.25,15.0,0.055,8.0,120.0,0.53,white,0.99767,3.19,9.6,6,white,4152
6.1,0.3,0.47,1.4,0.049,50.0,187.0,0.45,white,0.9927,3.19,9.5,5,white,4153
6.2,0.32,0.5,6.5,0.048,61.0,186.0,0.45,white,0.9948,3.19,9.6,5,white,4154
6.1,0.3,0.47,1.4,0.049,50.0,187.0,0.45,white,0.9927,3.19,9.5,5,white,4155
6.3,0.34,0.52,6.3,0.047,63.0,186.0,0.44,white,0.99481,3.18,9.6,5,white,4156
7.4,0.16,0.3,13.7,0.056,33.0,168.0,0.44,white,0.99825,2.9,8.7,7,white,4157
7.4,0.16,0.3,13.7,0.056,33.0,168.0,0.44,white,0.99825,2.9,8.7,7,white,4158
7.4,0.16,0.3,13.7,0.056,33.0,168.0,0.44,white,0.99825,2.9,8.7,7,white,4159
7.4,0.16,0.3,13.7,0.056,33.0,168.0,0.44,white,0.99825,2.9,8.7,7,white,4160
7.4,0.16,0.3,13.7,0.056,33.0,168.0,0.44,white,0.99825,2.9,8.7,7,white,4161
7.4,0.16,0.3,13.7,0.056,33.0,168.0,0.44,white,0.99825,2.9,8.7,7,white,4162
7.2,0.26,0.38,1.5,0.061,12.0,120.0,0.46,white,0.99192,3.18,10.4,5,white,4163
7.0,0.31,0.35,1.6,0.063,13.0,119.0,0.5,white,0.99184,3.22,10.7,5,white,4164
6.6,0.22,0.35,1.4,0.05,23.0,83.0,0.48,white,0.99019,3.17,12.0,7,white,4165
5.8,0.23,0.31,3.5,0.044,35.0,158.0,0.37,white,0.98998,3.19,12.1,7,white,4166
6.3,0.17,0.32,1.0,0.04,39.0,118.0,0.4,white,0.98886,3.31,13.1,8,white,4167
6.0,0.19,0.26,1.4,0.039,30.0,104.0,0.41,white,0.98998,3.32,12.4,6,white,4168
6.7,0.21,0.34,1.5,0.035,45.0,123.0,0.36,white,0.98949,3.24,12.6,7,white,4169
7.4,0.16,0.3,13.7,0.056,33.0,168.0,0.44,white,0.99825,2.9,8.7,7,white,4170
6.6,0.22,0.37,1.6,0.04,31.0,101.0,0.66,white,0.99009,3.15,12.0,5,white,4171
6.8,0.34,0.27,5.2,0.06,14.0,169.0,0.57,white,0.99252,3.27,11.6,6,white,4172
7.1,0.34,0.86,1.4,0.174,36.0,99.0,0.5,white,0.99288,2.92,9.3,5,white,4173
6.3,0.24,0.22,11.9,0.05,65.0,179.0,0.58,white,0.99659,3.06,9.3,6,white,4174
6.9,0.35,0.39,2.4,0.048,25.0,157.0,0.54,white,0.99133,3.2,11.1,7,white,4175
6.8,0.24,0.33,3.2,0.049,68.0,161.0,0.69,white,0.99324,3.1,10.2,6,white,4176
6.4,0.25,0.33,1.7,0.037,35.0,113.0,0.66,white,0.99164,3.23,10.6,6,white,4177
5.8,0.19,0.33,4.2,0.038,49.0,133.0,0.42,white,0.99107,3.16,11.3,7,white,4178
6.9,0.24,0.4,15.4,0.052,81.0,198.0,0.69,white,0.9986,3.2,9.4,5,white,4179
6.5,0.31,0.61,13.0,0.053,31.0,123.0,0.5,white,0.99708,3.09,9.3,6,white,4180
6.6,0.25,0.32,5.6,0.039,15.0,68.0,0.52,white,0.99163,2.96,11.1,6,white,4181
7.5,0.38,0.56,9.7,0.055,15.0,170.0,0.65,white,0.99605,3.13,9.9,6,white,4182
6.2,0.3,0.3,2.5,0.041,29.0,82.0,0.61,white,0.99065,3.31,11.8,7,white,4183
6.4,0.33,0.28,4.0,0.04,24.0,81.0,0.64,white,0.9903,3.26,12.6,7,white,4184
6.9,0.24,0.4,15.4,0.052,81.0,198.0,0.69,white,0.9986,3.2,9.4,5,white,4185
7.6,0.27,0.32,1.2,0.043,23.0,72.0,0.68,white,0.99236,3.06,10.5,5,white,4186
5.9,0.24,0.34,2.0,0.037,40.0,108.0,0.5,white,0.98948,3.19,12.3,6,white,4187
5.3,0.33,0.3,1.2,0.048,25.0,119.0,0.62,white,0.99045,3.32,11.3,6,white,4188
6.4,0.21,0.21,5.1,0.097,21.0,105.0,0.46,white,0.9939,3.07,9.6,5,white,4189
7.0,0.22,0.3,1.4,0.04,14.0,63.0,0.33,white,0.98985,3.2,12.0,6,white,4190
7.8,0.27,0.35,1.2,0.05,36.0,140.0,0.45,white,0.99138,3.09,11.2,5,white,4191
6.7,0.2,0.24,6.5,0.044,28.0,100.0,0.33,white,0.99348,3.12,10.2,6,white,4192
8.1,0.27,0.33,1.3,0.045,26.0,100.0,0.44,white,0.99066,2.98,12.4,6,white,4193
6.7,0.2,0.24,6.5,0.044,28.0,100.0,0.33,white,0.99348,3.12,10.2,6,white,4194
7.1,0.45,0.24,2.7,0.04,24.0,87.0,0.38,white,0.98862,2.94,13.4,8,white,4195
5.8,0.22,0.29,1.3,0.036,25.0,68.0,0.35,white,0.98865,3.24,12.6,6,white,4196
6.3,0.3,0.48,7.4,0.053,34.0,149.0,0.53,white,0.99472,3.18,9.8,5,white,4197
7.9,0.36,0.53,12.9,0.049,63.0,139.0,0.45,white,0.99792,2.94,9.1,5,white,4198
8.1,0.27,0.33,1.3,0.045,26.0,100.0,0.44,white,0.99066,2.98,12.4,6,white,4199
8.0,0.24,0.33,1.2,0.044,28.0,101.0,0.43,white,0.99035,3.03,12.5,6,white,4200
6.7,0.41,0.27,2.6,0.033,25.0,85.0,0.34,white,0.99086,3.05,11.7,6,white,4201
6.7,0.24,0.31,2.3,0.044,37.0,113.0,0.46,white,0.99013,3.29,12.9,6,white,4202
6.2,0.3,0.32,1.3,0.054,27.0,183.0,0.43,white,0.99266,3.3,10.1,5,white,4203
6.9,0.26,0.38,10.5,0.044,33.0,139.0,0.5,white,0.99517,3.06,10.3,6,white,4204
6.7,0.41,0.27,2.6,0.033,25.0,85.0,0.34,white,0.99086,3.05,11.7,6,white,4205
5.9,0.32,0.2,14.4,0.05,29.0,144.0,0.41,white,0.99666,3.24,10.3,6,white,4206
6.1,0.25,0.3,1.2,0.036,42.0,107.0,0.56,white,0.991,3.34,10.8,7,white,4207
5.6,0.23,0.29,3.1,0.023,19.0,89.0,0.51,white,0.99068,3.25,11.2,6,white,4208
6.6,0.23,0.32,1.7,0.024,26.0,102.0,0.6,white,0.99084,3.29,11.8,6,white,4209
6.0,0.17,0.21,6.0,0.05,26.0,134.0,0.54,white,0.9939,3.08,9.8,6,white,4210
7.1,0.38,0.42,11.8,0.041,32.0,193.0,0.49,white,0.99624,3.04,10.0,6,white,4211
6.6,0.31,0.37,6.2,0.052,13.0,164.0,0.39,white,0.99602,3.24,8.8,4,white,4212
6.5,0.38,0.53,1.4,0.142,5.0,69.0,0.52,white,0.9926,3.14,10.1,4,white,4213
7.0,0.44,0.24,12.1,0.056,68.0,210.0,0.5,white,0.99718,3.05,9.5,5,white,4214
7.0,0.44,0.24,12.1,0.056,68.0,210.0,0.5,white,0.99718,3.05,9.5,5,white,4215
7.0,0.44,0.24,12.1,0.056,68.0,210.0,0.5,white,0.99718,3.05,9.5,5,white,4216
6.1,0.38,0.14,3.9,0.06,27.0,113.0,0.34,white,0.99344,3.07,9.2,4,white,4217
8.0,0.33,0.32,4.6,0.041,31.0,180.0,0.74,white,0.99184,2.92,12.2,6,white,4218
7.0,0.44,0.24,12.1,0.056,68.0,210.0,0.5,white,0.99718,3.05,9.5,5,white,4219
6.0,0.19,0.29,1.2,0.046,29.0,92.0,0.53,white,0.99033,3.22,11.3,6,white,4220
6.3,0.28,0.34,8.1,0.038,44.0,129.0,0.29,white,0.99248,3.26,12.1,6,white,4221
6.1,0.38,0.14,3.9,0.06,27.0,113.0,0.34,white,0.99344,3.07,9.2,4,white,4222
5.3,0.43,0.11,1.1,0.029,6.0,51.0,0.48,white,0.99076,3.51,11.2,4,white,4223
5.4,0.22,0.35,6.5,0.029,26.0,87.0,0.44,white,0.99092,3.29,12.5,7,white,4224
6.2,0.345,0.27,10.1,0.056,38.0,187.0,0.56,white,0.99486,3.31,10.6,5,white,4225
5.6,0.255,0.57,10.7,0.056,66.0,171.0,0.61,white,0.99464,3.25,10.4,7,white,4226
5.2,0.2,0.27,3.2,0.047,16.0,93.0,0.53,white,0.99235,3.44,10.1,7,white,4227
6.2,0.29,0.23,12.4,0.048,33.0,201.0,0.56,white,0.99612,3.11,9.9,6,white,4228
6.3,0.26,0.25,5.2,0.046,11.0,133.0,0.68,white,0.99202,2.97,11.0,6,white,4229
6.0,0.22,0.23,5.0,0.045,10.0,122.0,0.63,white,0.99261,2.94,10.0,6,white,4230
7.5,0.35,0.37,2.5,0.066,29.0,89.0,0.42,white,0.98964,3.14,12.7,6,white,4231
6.6,0.39,0.28,9.2,0.036,10.0,92.0,0.35,white,0.99206,3.07,12.1,6,white,4232
6.3,0.23,0.33,6.9,0.052,23.0,118.0,0.46,white,0.9938,3.23,10.4,6,white,4233
6.3,0.22,0.3,2.0,0.05,23.0,120.0,0.47,white,0.99204,3.24,10.4,6,white,4234
6.4,0.29,0.18,15.0,0.04,21.0,116.0,0.5,white,0.99736,3.14,9.2,5,white,4235
6.4,0.29,0.18,15.0,0.04,21.0,116.0,0.5,white,0.99736,3.14,9.2,5,white,4236
7.5,0.23,0.3,1.2,0.03,27.0,80.0,0.68,white,0.99192,3.05,10.5,5,white,4237
6.4,0.29,0.18,15.0,0.04,21.0,116.0,0.5,white,0.99736,3.14,9.2,5,white,4238
5.7,0.28,0.36,1.8,0.041,38.0,90.0,0.98,white,0.99002,3.27,11.9,7,white,4239
6.5,0.26,0.24,10.8,0.042,47.0,130.0,0.4,white,0.996,3.08,10.1,6,white,4240
6.4,0.27,0.29,3.9,0.034,62.0,140.0,0.59,white,0.99237,3.1,11.1,6,white,4241
5.9,0.22,0.29,4.2,0.037,69.0,144.0,0.74,white,0.99214,3.13,10.8,7,white,4242
6.8,0.26,0.26,2.0,0.019,23.5,72.0,0.47,white,0.99041,3.16,11.8,6,white,4243
7.6,0.36,0.48,13.5,0.038,44.0,116.0,0.48,white,0.9982,3.04,9.2,5,white,4244
7.6,0.35,0.47,13.3,0.037,42.0,116.0,0.5,white,0.99822,3.04,9.2,5,white,4245
5.7,0.18,0.26,2.2,0.023,21.0,95.0,0.54,white,0.9893,3.07,12.3,6,white,4246
6.6,0.36,0.47,1.4,0.145,26.0,124.0,0.56,white,0.99274,3.09,10.1,6,white,4247
5.9,0.14,0.2,1.6,0.04,26.0,114.0,0.45,white,0.99105,3.25,11.4,6,white,4248
5.5,0.23,0.19,2.2,0.044,39.0,161.0,0.43,white,0.99209,3.19,10.4,6,white,4249
6.7,0.11,0.26,14.8,0.053,44.0,95.0,0.35,white,0.99676,3.2,9.8,6,white,4250
7.0,0.24,0.24,1.8,0.047,29.0,91.0,0.43,white,0.99251,3.3,9.9,6,white,4251
6.7,0.11,0.26,14.8,0.053,44.0,95.0,0.35,white,0.99676,3.2,9.8,6,white,4252
5.3,0.47,0.1,1.3,0.036,11.0,74.0,0.54,white,0.99082,3.48,11.2,4,white,4253
7.5,0.29,0.24,9.9,0.058,25.0,115.0,0.46,white,0.99567,3.15,10.9,5,white,4254
6.0,0.33,0.26,5.1,0.051,16.0,119.0,0.41,white,0.99416,3.15,9.2,5,white,4255
6.0,0.33,0.26,5.1,0.051,16.0,119.0,0.41,white,0.99416,3.15,9.2,5,white,4256
5.8,0.32,0.23,1.5,0.033,39.0,121.0,0.35,white,0.9887,2.96,12.0,5,white,4257
5.8,0.3,0.23,1.5,0.034,37.0,121.0,0.34,white,0.98871,2.96,12.1,6,white,4258
3.8,0.31,0.02,11.1,0.036,20.0,114.0,0.44,white,0.99248,3.75,12.4,6,white,4259
6.2,0.36,0.22,5.25,0.038,44.0,145.0,0.4,white,0.99184,3.22,11.2,6,white,4260
6.0,0.31,0.27,2.3,0.042,19.0,120.0,0.41,white,0.98952,3.32,12.7,7,white,4261
6.9,0.52,0.54,7.9,0.036,23.0,169.0,0.47,white,0.99267,3.26,12.2,6,white,4262
7.0,0.55,0.05,8.0,0.036,19.0,164.0,0.46,white,0.99269,3.26,12.2,6,white,4263
5.8,0.2,0.16,1.4,0.042,44.0,99.0,0.37,white,0.98912,3.23,12.2,6,white,4264
6.2,0.36,0.22,5.25,0.038,44.0,145.0,0.4,white,0.99184,3.22,11.2,6,white,4265
6.0,0.31,0.27,2.3,0.042,19.0,120.0,0.41,white,0.98952,3.32,12.7,7,white,4266
6.0,0.29,0.27,2.3,0.044,20.0,117.0,0.41,white,0.9895,3.31,12.7,7,white,4267
5.7,0.22,0.29,3.5,0.04,27.0,146.0,0.36,white,0.98999,3.17,12.1,6,white,4268
7.1,0.46,0.23,13.7,0.045,44.0,192.0,0.53,white,0.9981,3.11,9.4,5,white,4269
6.6,0.21,0.3,9.9,0.041,64.0,174.0,0.5,white,0.995,3.07,10.1,6,white,4270
6.9,0.42,0.2,15.4,0.043,57.0,201.0,0.54,white,0.99848,3.08,9.4,5,white,4271
5.7,0.22,0.2,16.0,0.044,41.0,113.0,0.46,white,0.99862,3.22,8.9,6,white,4272
5.7,0.22,0.2,16.0,0.044,41.0,113.0,0.46,white,0.99862,3.22,8.9,6,white,4273
5.7,0.22,0.2,16.0,0.044,41.0,113.0,0.46,white,0.99862,3.22,8.9,6,white,4274
5.7,0.22,0.2,16.0,0.044,41.0,113.0,0.46,white,0.99862,3.22,8.9,6,white,4275
5.2,0.31,0.2,2.4,0.027,27.0,117.0,0.45,white,0.98886,3.56,13.0,7,white,4276
7.2,0.22,0.35,5.5,0.054,37.0,183.0,0.5,white,0.99474,3.08,10.3,5,white,4277
5.6,0.18,0.29,2.3,0.04,5.0,47.0,0.45,white,0.99126,3.07,10.1,4,white,4278
6.2,0.24,0.27,16.8,0.04,48.0,129.0,0.38,white,0.99691,3.23,10.5,6,white,4279
5.7,0.22,0.2,16.0,0.044,41.0,113.0,0.46,white,0.99862,3.22,8.9,6,white,4280
5.7,0.26,0.24,17.8,0.059,23.0,124.0,0.5,white,0.99773,3.3,10.1,5,white,4281
5.7,0.26,0.24,17.8,0.059,23.0,124.0,0.5,white,0.99773,3.3,10.1,5,white,4282
6.0,0.2,0.26,6.8,0.049,22.0,93.0,0.42,white,0.9928,3.15,11.0,6,white,4283
6.0,0.2,0.26,6.8,0.049,22.0,93.0,0.42,white,0.9928,3.15,11.0,6,white,4284
6.0,0.2,0.26,6.8,0.049,22.0,93.0,0.42,white,0.9928,3.15,11.0,6,white,4285
6.0,0.2,0.26,6.8,0.049,22.0,93.0,0.42,white,0.9928,3.15,11.0,6,white,4286
7.6,0.28,0.17,1.6,0.046,28.0,117.0,0.43,white,0.99288,3.08,10.0,5,white,4287
7.0,0.2,0.33,4.7,0.03,25.0,76.0,0.54,white,0.99202,2.88,10.5,6,white,4288
6.6,0.26,0.27,11.8,0.048,28.0,112.0,0.49,white,0.99606,2.87,9.7,6,white,4289
5.7,0.26,0.24,17.8,0.059,23.0,124.0,0.5,white,0.99773,3.3,10.1,5,white,4290
7.2,0.21,0.36,15.7,0.045,68.0,183.0,0.76,white,0.99922,3.25,9.4,5,white,4291
6.9,0.22,0.32,5.8,0.041,20.0,119.0,0.55,white,0.99296,3.17,11.2,6,white,4292
7.2,0.21,0.36,15.7,0.045,68.0,183.0,0.76,white,0.99922,3.25,9.4,5,white,4293
7.4,0.22,0.28,9.0,0.046,22.0,121.0,0.55,white,0.99468,3.1,10.8,5,white,4294
7.2,0.21,0.36,15.7,0.045,68.0,183.0,0.76,white,0.99922,3.25,9.4,5,white,4295
6.9,0.22,0.32,5.8,0.041,20.0,119.0,0.55,white,0.99296,3.17,11.2,6,white,4296
7.0,0.2,0.35,8.8,0.037,31.0,103.0,0.49,white,0.99388,3.13,11.0,6,white,4297
5.6,0.26,0.0,10.2,0.038,13.0,111.0,0.46,white,0.99315,3.44,12.4,6,white,4298
6.3,0.28,0.3,6.6,0.208,60.0,154.0,0.4,white,0.99478,3.1,9.4,6,white,4299
6.4,0.29,0.3,6.5,0.209,62.0,156.0,0.4,white,0.99478,3.1,9.4,5,white,4300
7.2,0.34,0.23,8.9,0.105,22.0,155.0,0.58,white,0.99692,3.01,9.5,5,white,4301
7.1,0.39,0.39,11.1,0.034,25.0,204.0,0.52,white,0.99616,3.05,10.0,6,white,4302
6.9,0.26,0.29,4.2,0.043,33.0,114.0,0.31,white,0.9902,3.16,12.5,6,white,4303
6.1,0.24,0.25,1.6,0.044,24.0,115.0,0.59,white,0.9921,3.39,10.9,6,white,4304
5.9,0.25,0.24,7.4,0.044,21.0,113.0,0.58,white,0.99462,3.38,10.5,6,white,4305
6.1,0.24,0.27,11.5,0.05,51.0,133.0,0.37,white,0.99476,3.22,10.8,6,white,4306
6.5,0.22,0.27,1.6,0.039,36.0,116.0,0.57,white,0.99178,3.38,11.0,7,white,4307
6.2,0.26,0.29,2.0,0.036,16.0,87.0,0.61,white,0.99081,3.33,11.8,6,white,4308
6.6,0.34,0.25,4.8,0.038,16.0,121.0,0.71,white,0.99198,3.36,12.6,6,white,4309
5.6,0.225,0.24,9.8,0.054,59.0,140.0,0.39,white,0.99545,3.17,10.2,6,white,4310
7.1,0.23,0.28,1.9,0.046,33.0,103.0,0.31,white,0.98997,3.12,12.0,5,white,4311
6.9,0.26,0.29,4.2,0.043,33.0,114.0,0.31,white,0.9902,3.16,12.5,6,white,4312
6.4,0.27,0.3,1.6,0.04,19.0,86.0,0.65,white,0.99089,3.32,11.5,6,white,4313
6.3,0.41,0.22,7.3,0.035,23.0,117.0,0.39,white,0.99172,3.2,11.94,7,white,4314
6.7,0.41,0.24,5.4,0.035,33.0,115.0,0.44,white,0.9901,3.12,12.8933333333333,7,white,4315
7.2,0.585,0.2,10.4,0.086,17.0,94.0,0.4,white,0.99681,3.13,9.4,5,white,4316
6.7,0.34,0.26,1.9,0.038,58.0,138.0,0.47,white,0.9893,3.0,12.2,7,white,4317
6.3,0.41,0.22,7.3,0.035,23.0,117.0,0.39,white,0.99172,3.2,11.94,7,white,4318
6.7,0.41,0.24,5.4,0.035,33.0,115.0,0.44,white,0.9901,3.12,12.8933333333333,7,white,4319
6.4,0.26,0.35,7.7,0.056,45.0,191.0,0.5,white,0.99527,3.16,9.5,5,white,4320
6.3,0.28,0.22,11.5,0.036,27.0,150.0,0.33,white,0.99445,3.0,10.6,6,white,4321
7.4,0.16,0.33,1.2,0.042,47.0,121.0,0.68,white,0.99198,3.04,10.5,7,white,4322
8.4,0.27,0.3,2.2,0.037,36.0,129.0,0.3,white,0.99085,2.89,11.4666666666667,6,white,4323
5.9,0.2,0.28,1.0,0.043,45.0,100.0,0.41,white,0.99033,3.4,11.4,6,white,4324
6.4,0.24,0.26,8.2,0.054,47.0,182.0,0.5,white,0.99538,3.12,9.5,5,white,4325
7.4,0.38,0.34,8.3,0.052,44.0,168.0,0.52,white,0.99627,3.11,9.2,5,white,4326
6.4,0.24,0.26,8.2,0.054,47.0,182.0,0.5,white,0.99538,3.12,9.5,5,white,4327
6.4,0.42,0.19,9.3,0.043,28.0,145.0,0.53,white,0.99433,3.23,10.98,5,white,4328
6.4,0.23,0.26,8.1,0.054,47.0,181.0,0.49,white,0.9954,3.12,9.4,5,white,4329
6.4,0.24,0.26,8.2,0.054,47.0,182.0,0.5,white,0.99538,3.12,9.5,5,white,4330
7.4,0.38,0.34,8.3,0.052,44.0,168.0,0.52,white,0.99627,3.11,9.2,5,white,4331
7.3,0.19,0.27,13.9,0.057,45.0,155.0,0.41,white,0.99807,2.94,8.8,8,white,4332
7.3,0.19,0.27,13.9,0.057,45.0,155.0,0.41,white,0.99807,2.94,8.8,8,white,4333
7.3,0.19,0.27,13.9,0.057,45.0,155.0,0.41,white,0.99807,2.94,8.8,8,white,4334
7.3,0.19,0.27,13.9,0.057,45.0,155.0,0.41,white,0.99807,2.94,8.8,8,white,4335
7.3,0.19,0.27,13.9,0.057,45.0,155.0,0.41,white,0.99807,2.94,8.8,8,white,4336
7.3,0.19,0.27,13.9,0.057,45.0,155.0,0.41,white,0.99807,2.94,8.8,8,white,4337
7.3,0.19,0.27,13.9,0.057,45.0,155.0,0.41,white,0.99807,2.94,8.8,8,white,4338
6.8,0.24,0.29,2.0,0.044,15.0,96.0,0.64,white,0.99232,3.23,10.4,8,white,4339
7.3,0.19,0.27,13.9,0.057,45.0,155.0,0.41,white,0.99807,2.94,8.8,8,white,4340
7.4,0.27,0.52,15.7,0.054,36.0,139.0,0.62,white,0.99788,3.04,10.0333333333333,6,white,4341
5.7,0.28,0.35,1.2,0.052,39.0,141.0,0.69,white,0.99108,3.44,11.3,6,white,4342
5.8,0.22,0.25,1.5,0.024,21.0,109.0,0.58,white,0.99234,3.37,10.4,6,white,4343
6.7,0.27,0.69,1.2,0.176,36.0,106.0,0.43,white,0.99288,2.96,9.2,6,white,4344
7.1,0.2,0.35,3.2,0.034,21.0,107.0,0.54,white,0.99195,3.11,11.1,6,white,4345
6.7,0.27,0.69,1.2,0.176,36.0,106.0,0.43,white,0.99288,2.96,9.2,6,white,4346
7.1,0.23,0.3,2.6,0.034,62.0,148.0,0.56,white,0.99121,3.03,11.3,7,white,4347
7.6,0.31,0.52,13.2,0.042,61.0,148.0,0.47,white,0.99839,2.98,9.1,6,white,4348
7.2,0.34,0.28,10.4,0.108,43.0,187.0,0.57,white,0.99738,2.96,9.4,5,white,4349
7.0,0.36,0.25,5.7,0.015,14.0,73.0,0.59,white,0.98963,2.82,13.2,6,white,4350
6.4,0.31,0.28,2.5,0.039,34.0,137.0,0.38,white,0.98946,3.22,12.7,6,white,4351
7.3,0.28,0.35,1.6,0.054,31.0,148.0,0.47,white,0.99178,3.18,10.7,5,white,4352
7.4,0.16,0.3,1.4,0.064,34.0,166.0,0.42,white,0.99136,3.11,11.4333333333333,6,white,4353
6.4,0.31,0.27,7.4,0.049,48.0,169.0,0.45,white,0.99323,3.27,11.1,6,white,4354
6.4,0.31,0.28,2.5,0.039,34.0,137.0,0.38,white,0.98946,3.22,12.7,6,white,4355
6.2,0.29,0.29,5.6,0.046,35.0,178.0,0.51,white,0.99313,3.25,10.5333333333333,5,white,4356
5.9,0.28,0.34,3.6,0.04,50.0,194.0,0.52,white,0.9912,3.31,11.6,6,white,4357
6.5,0.23,0.2,7.5,0.05,44.0,179.0,0.48,white,0.99504,3.18,9.53333333333333,5,white,4358
7.2,0.34,0.2,5.8,0.062,52.0,203.0,0.44,white,0.99461,3.17,9.8,6,white,4359
7.3,0.28,0.35,1.6,0.054,31.0,148.0,0.47,white,0.99178,3.18,10.7,5,white,4360
6.5,0.2,0.33,1.5,0.039,36.0,110.0,0.65,white,0.99008,3.22,12.0,6,white,4361
6.2,0.24,0.27,2.9,0.039,30.0,123.0,0.37,white,0.98959,3.12,12.8,6,white,4362
7.1,0.31,0.25,11.2,0.048,32.0,136.0,0.4,white,0.99663,3.14,9.5,5,white,4363
6.4,0.29,0.21,9.65,0.041,36.0,119.0,0.34,white,0.99334,2.99,10.9333333333333,6,white,4364
6.3,0.19,0.33,10.1,0.063,63.0,133.0,0.41,white,0.99561,2.86,9.1,5,white,4365
5.9,0.29,0.28,3.2,0.035,16.0,117.0,0.42,white,0.98959,3.26,12.6,6,white,4366
7.1,0.31,0.25,11.2,0.048,32.0,136.0,0.4,white,0.99663,3.14,9.5,5,white,4367
6.5,0.3,0.28,11.45,0.041,29.0,109.0,0.3,white,0.99418,2.98,10.9,6,white,4368
6.4,0.29,0.21,9.65,0.041,36.0,119.0,0.34,white,0.99334,2.99,10.9333333333333,6,white,4369
6.5,0.22,0.19,4.5,0.096,16.0,115.0,0.44,white,0.9937,3.02,9.6,5,white,4370
7.0,0.23,0.28,2.7,0.053,16.0,92.0,0.56,white,0.99372,3.18,9.3,5,white,4371
7.1,0.23,0.23,3.5,0.038,23.0,112.0,0.37,white,0.99157,3.05,11.3666666666667,6,white,4372
6.1,0.26,0.28,1.7,0.043,24.0,98.0,0.44,white,0.98918,3.14,12.5,6,white,4373
6.4,0.35,0.21,2.1,0.051,46.0,171.0,0.5,white,0.9932,3.16,9.5,5,white,4374
6.0,0.32,0.32,4.8,0.041,40.0,186.0,0.54,white,0.99235,3.22,11.0,6,white,4375
6.1,0.34,0.21,5.0,0.042,17.0,133.0,0.53,white,0.99373,3.02,9.4,5,white,4376
6.5,0.13,0.27,2.6,0.035,32.0,76.0,0.76,white,0.9914,3.21,11.3333333333333,6,white,4377
6.5,0.315,0.2,6.6,0.041,9.0,126.0,0.51,white,0.99494,2.94,8.8,5,white,4378
6.1,0.34,0.21,5.0,0.042,17.0,133.0,0.53,white,0.99373,3.02,9.4,5,white,4379
5.7,0.31,0.29,7.3,0.05,33.0,143.0,0.5,white,0.99332,3.31,11.0666666666667,6,white,4380
6.4,0.3,0.27,5.0,0.058,27.0,151.0,0.49,white,0.99198,3.22,12.2,6,white,4381
7.0,0.24,0.26,1.7,0.041,31.0,110.0,0.53,white,0.99142,3.2,11.0,6,white,4382
6.5,0.13,0.27,2.6,0.035,32.0,76.0,0.76,white,0.9914,3.21,11.3333333333333,6,white,4383
6.4,0.26,0.21,8.2,0.05,51.0,182.0,0.48,white,0.99542,3.23,9.5,5,white,4384
6.4,0.26,0.21,8.2,0.05,51.0,182.0,0.48,white,0.99542,3.23,9.5,5,white,4385
6.0,0.27,0.31,5.0,0.043,54.0,170.0,0.52,white,0.9924,3.28,11.0,6,white,4386
7.1,0.21,0.33,1.2,0.039,34.0,97.0,0.75,white,0.99112,3.11,11.2,6,white,4387
6.7,0.26,0.29,7.1,0.036,28.0,100.0,0.36,white,0.99534,3.08,9.3,6,white,4388
6.3,0.28,0.22,9.5,0.04,30.0,111.0,0.31,white,0.99338,3.05,10.8,4,white,4389
6.2,0.25,0.44,15.8,0.057,39.0,167.0,0.51,white,0.99804,3.14,9.2,5,white,4390
7.3,0.22,0.37,15.5,0.048,70.0,203.0,0.77,white,0.99899,3.25,9.4,5,white,4391
6.2,0.25,0.44,15.8,0.057,39.0,167.0,0.51,white,0.99804,3.14,9.2,5,white,4392
6.4,0.18,0.28,17.05,0.047,53.0,139.0,0.35,white,0.99724,3.25,10.5,6,white,4393
6.3,0.2,0.26,12.7,0.046,60.0,143.0,0.35,white,0.99526,3.26,10.8,6,white,4394
6.6,0.24,0.22,12.3,0.051,35.0,146.0,0.67,white,0.99676,3.1,9.4,5,white,4395
7.4,0.27,0.26,11.8,0.053,55.0,173.0,0.6,white,0.99699,3.11,9.8,5,white,4396
7.4,0.27,0.26,11.8,0.053,55.0,173.0,0.6,white,0.99699,3.11,9.8,5,white,4397
7.4,0.27,0.26,11.8,0.053,55.0,173.0,0.6,white,0.99699,3.11,9.8,5,white,4398
6.6,0.24,0.22,12.3,0.051,35.0,146.0,0.67,white,0.99676,3.1,9.4,5,white,4399
7.4,0.27,0.26,11.8,0.053,55.0,173.0,0.6,white,0.99699,3.11,9.8,5,white,4400
7.1,0.38,0.29,13.6,0.041,30.0,137.0,0.96,white,0.99461,3.02,12.1,6,white,4401
6.8,0.43,0.26,5.2,0.043,40.0,176.0,0.41,white,0.99116,3.17,12.3,6,white,4402
5.2,0.22,0.46,6.2,0.066,41.0,187.0,0.42,white,0.99362,3.19,9.73333333333333,5,white,4403
5.9,0.29,0.16,7.9,0.044,48.0,197.0,0.36,white,0.99512,3.21,9.4,5,white,4404
5.9,0.29,0.16,7.9,0.044,48.0,197.0,0.36,white,0.99512,3.21,9.4,5,white,4405
6.3,0.29,0.29,3.3,0.037,32.0,140.0,0.36,white,0.9895,3.17,12.8,7,white,4406
6.3,0.19,0.32,2.8,0.046,18.0,80.0,0.47,white,0.99043,2.92,11.05,6,white,4407
5.7,0.29,0.16,7.9,0.044,48.0,197.0,0.36,white,0.99512,3.21,9.4,5,white,4408
6.3,0.29,0.29,3.3,0.037,32.0,140.0,0.36,white,0.9895,3.17,12.8,7,white,4409
5.7,0.24,0.47,6.3,0.069,35.0,182.0,0.46,white,0.99391,3.11,9.73333333333333,5,white,4410
5.8,0.3,0.38,4.9,0.039,22.0,86.0,0.58,white,0.98963,3.23,13.1,7,white,4411
7.1,0.27,0.27,10.4,0.041,26.0,114.0,0.52,white,0.99335,3.04,11.5,7,white,4412
5.8,0.3,0.38,4.9,0.039,22.0,86.0,0.58,white,0.98963,3.23,13.1,7,white,4413
7.1,0.27,0.27,10.4,0.041,26.0,114.0,0.52,white,0.99335,3.04,11.5,7,white,4414
6.3,0.305,0.22,16.0,0.061,26.0,141.0,0.5,white,0.99824,3.08,9.1,5,white,4415
5.7,0.24,0.47,6.3,0.069,35.0,182.0,0.46,white,0.99391,3.11,9.75,5,white,4416
6.2,0.22,0.28,2.2,0.04,24.0,125.0,0.48,white,0.9917,3.19,10.5,6,white,4417
6.6,0.22,0.23,17.3,0.047,37.0,118.0,0.46,white,0.99906,3.08,8.8,6,white,4418
6.6,0.22,0.23,17.3,0.047,37.0,118.0,0.46,white,0.99906,3.08,8.8,6,white,4419
6.6,0.22,0.23,17.3,0.047,37.0,118.0,0.46,white,0.99906,3.08,8.8,6,white,4420
6.6,0.22,0.23,17.3,0.047,37.0,118.0,0.46,white,0.99906,3.08,8.8,6,white,4421
6.2,0.22,0.28,2.2,0.04,24.0,125.0,0.48,white,0.9917,3.19,10.5,6,white,4422
6.2,0.22,0.28,2.2,0.04,24.0,125.0,0.48,white,0.9917,3.19,10.5,6,white,4423
6.6,0.22,0.23,17.3,0.047,37.0,118.0,0.46,white,0.99906,3.08,8.8,6,white,4424
6.1,0.22,0.5,6.6,0.045,30.0,122.0,0.49,white,0.99415,3.22,9.9,6,white,4425
6.2,0.21,0.52,6.5,0.047,28.0,123.0,0.49,white,0.99418,3.22,9.9,6,white,4426
6.3,0.32,0.26,12.3,0.044,24.0,205.0,0.58,white,0.99611,3.11,9.9,5,white,4427
6.9,0.44,0.27,5.0,0.038,33.0,166.0,0.42,white,0.99124,3.2,12.2,6,white,4428
6.1,0.31,0.34,2.8,0.042,59.5,162.0,0.47,white,0.99179,3.27,10.8,6,white,4429
8.1,0.36,0.59,13.6,0.051,60.0,134.0,0.39,white,0.99886,2.96,8.7,5,white,4430
6.6,0.38,0.28,2.8,0.043,17.0,67.0,0.47,white,0.98924,3.21,13.2,6,white,4431
6.7,0.24,0.26,5.4,0.03,15.0,94.0,0.38,white,0.99045,3.15,12.7,6,white,4432
6.9,0.56,0.26,10.9,0.06,55.0,193.0,0.44,white,0.9969,3.21,9.4,5,white,4433
7.2,0.24,0.24,1.7,0.045,18.0,161.0,0.53,white,0.99196,3.25,11.2,6,white,4434
6.5,0.29,0.3,9.15,0.051,25.0,166.0,0.56,white,0.99339,3.24,11.3333333333333,6,white,4435
6.7,0.28,0.28,4.5,0.051,14.0,92.0,0.58,white,0.99224,3.36,11.9,6,white,4436
6.5,0.29,0.3,9.15,0.051,25.0,166.0,0.56,white,0.99339,3.24,11.35,6,white,4437
6.1,0.21,0.19,1.4,0.046,51.0,131.0,0.39,white,0.99184,3.22,10.5,5,white,4438
7.2,0.47,0.16,5.9,0.048,14.0,125.0,0.49,white,0.99428,3.09,9.8,5,white,4439
6.7,0.34,0.31,16.4,0.051,20.0,146.0,0.54,white,0.99834,3.06,9.1,5,white,4440
6.6,0.27,0.25,1.2,0.033,36.0,111.0,0.37,white,0.98918,3.16,12.4,6,white,4441
6.7,0.34,0.31,16.4,0.051,20.0,146.0,0.54,white,0.99834,3.06,9.1,5,white,4442
7.2,0.47,0.16,5.9,0.048,14.0,125.0,0.49,white,0.99428,3.09,9.8,5,white,4443
5.0,0.35,0.25,7.8,0.031,24.0,116.0,0.4,white,0.99241,3.39,11.3,6,white,4444
5.0,0.35,0.25,7.8,0.031,24.0,116.0,0.4,white,0.99241,3.39,11.3,6,white,4445
4.4,0.46,0.1,2.8,0.024,31.0,111.0,0.34,white,0.98816,3.48,13.1,6,white,4446
6.6,0.38,0.29,2.9,0.035,15.0,101.0,0.37,white,0.98916,3.04,12.5,6,white,4447
7.3,0.3,0.25,2.5,0.045,32.0,122.0,0.54,white,0.99329,3.18,10.3,5,white,4448
6.4,0.28,0.22,12.8,0.039,51.0,150.0,0.43,white,0.99535,3.23,10.7,6,white,4449
6.9,0.29,0.25,12.2,0.04,29.0,136.0,0.65,white,0.99552,3.05,10.4,6,white,4450
6.3,0.3,0.19,7.7,0.049,47.0,184.0,0.48,white,0.99514,3.22,9.5,5,white,4451
6.3,0.39,0.22,2.8,0.048,53.0,173.0,0.45,white,0.99304,3.24,9.8,5,white,4452
6.6,0.38,0.29,2.9,0.035,15.0,101.0,0.37,white,0.98916,3.04,12.5,6,white,4453
6.6,0.18,0.26,17.3,0.051,17.0,149.0,0.43,white,0.9984,3.0,9.4,6,white,4454
6.0,0.28,0.29,19.3,0.051,36.0,174.0,0.5,white,0.99911,3.14,9.0,5,white,4455
6.0,0.28,0.29,19.3,0.051,36.0,174.0,0.5,white,0.99911,3.14,9.0,5,white,4456
6.0,0.28,0.29,19.3,0.051,36.0,174.0,0.5,white,0.99911,3.14,9.0,5,white,4457
6.6,0.35,0.26,2.7,0.045,19.0,129.0,0.48,white,0.98952,3.24,13.0,7,white,4458
5.9,0.22,0.18,6.4,0.041,28.0,120.0,0.5,white,0.99403,3.27,9.9,5,white,4459
6.6,0.18,0.26,17.3,0.051,17.0,149.0,0.43,white,0.9984,3.0,9.4,6,white,4460
7.7,0.28,0.24,2.4,0.044,29.0,157.0,0.56,white,0.99312,3.27,10.6,6,white,4461
7.1,0.42,0.2,2.8,0.038,28.0,109.0,0.47,white,0.98968,3.23,13.4,6,white,4462
6.7,0.32,0.32,1.7,0.031,31.0,114.0,0.35,white,0.98946,3.12,12.5,6,white,4463
6.6,0.26,0.56,15.4,0.053,32.0,141.0,0.49,white,0.9981,3.11,9.3,5,white,4464
6.6,0.26,0.56,15.4,0.053,32.0,141.0,0.49,white,0.9981,3.11,9.3,5,white,4465
6.2,0.32,0.24,4.1,0.051,34.0,149.0,0.52,white,0.99306,3.36,11.0,5,white,4466
6.3,0.25,0.27,6.6,0.054,40.0,158.0,0.48,white,0.99378,3.2,10.3,5,white,4467
6.2,0.21,0.24,1.2,0.051,31.0,95.0,0.57,white,0.99036,3.24,11.3,6,white,4468
6.4,0.23,0.27,2.1,0.042,35.0,100.0,0.63,white,0.99094,3.03,10.9,6,white,4469
4.7,0.145,0.29,1.0,0.042,35.0,90.0,0.49,white,0.9908,3.76,11.3,6,white,4470
6.2,0.2,0.28,1.1,0.039,24.0,78.0,0.47,white,0.9899,3.36,12.1,6,white,4471
7.0,0.28,0.28,1.4,0.039,12.0,83.0,0.65,white,0.99173,3.18,11.1,5,white,4472
7.1,0.36,0.2,1.6,0.271,24.0,140.0,0.63,white,0.99356,3.11,9.8,5,white,4473
5.7,0.25,0.22,9.8,0.049,50.0,125.0,0.45,white,0.99571,3.2,10.1,6,white,4474
5.7,0.22,0.33,1.9,0.036,37.0,110.0,0.58,white,0.98945,3.26,12.4,6,white,4475
6.0,0.2,0.38,1.3,0.034,37.0,104.0,0.52,white,0.98865,3.11,12.7,6,white,4476
6.4,0.32,0.26,7.9,0.05,53.0,180.0,0.5,white,0.99514,3.14,9.6,5,white,4477
6.4,0.32,0.26,7.9,0.05,53.0,180.0,0.5,white,0.99514,3.14,9.6,5,white,4478
6.0,0.555,0.26,4.5,0.053,17.0,126.0,0.46,white,0.9943,3.24,9.1,5,white,4479
5.9,0.22,0.45,22.6,0.12,55.0,122.0,0.35,white,0.99636,3.1,12.8,5,white,4480
6.4,0.32,0.26,7.9,0.05,53.0,180.0,0.5,white,0.99514,3.14,9.6,5,white,4481
6.2,0.3,0.33,3.5,0.037,37.0,155.0,0.37,white,0.98987,3.18,12.4,6,white,4482
5.8,0.28,0.18,1.2,0.058,7.0,108.0,0.58,white,0.99288,3.23,9.55,4,white,4483
5.8,0.555,0.26,4.5,0.053,17.0,126.0,0.46,white,0.9943,3.24,9.1,5,white,4484
6.7,0.31,0.33,2.0,0.033,12.0,74.0,0.65,white,0.99064,3.29,12.5,6,white,4485
6.4,0.15,0.25,7.8,0.05,13.0,68.0,0.4,white,0.99394,3.16,9.9,6,white,4486
6.4,0.13,0.28,0.9,0.045,32.0,87.0,0.52,white,0.99175,3.47,11.2,6,white,4487
6.7,0.48,0.49,2.9,0.03,28.0,122.0,0.4,white,0.98926,3.13,13.0,6,white,4488
6.7,0.48,0.49,2.9,0.03,28.0,122.0,0.4,white,0.98926,3.13,13.0,6,white,4489
5.8,0.3,0.33,3.5,0.033,25.0,116.0,0.44,white,0.99057,3.2,11.7,6,white,4490
6.1,0.28,0.23,4.2,0.038,13.0,95.0,0.7,white,0.98898,2.97,13.1,6,white,4491
6.0,0.19,0.37,9.7,0.032,17.0,50.0,0.66,white,0.9932,3.08,12.0,6,white,4492
6.8,0.31,0.25,10.5,0.043,30.0,165.0,0.55,white,0.9972,3.36,10.55,6,white,4493
7.5,0.24,0.29,1.1,0.046,34.0,84.0,0.39,white,0.9902,3.04,11.45,6,white,4494
6.8,0.23,0.39,16.1,0.053,71.0,194.0,0.64,white,0.9988,3.18,10.2,6,white,4495
7.5,0.24,0.29,1.1,0.046,34.0,84.0,0.39,white,0.9902,3.04,11.45,6,white,4496
6.3,0.29,0.3,8.1,0.212,60.0,150.0,0.4,white,0.9958,3.1,9.3,5,white,4497
6.8,0.2,0.25,6.2,0.052,22.0,106.0,0.54,white,0.9935,3.09,10.8,5,white,4498
5.2,0.38,0.26,7.7,0.053,20.0,103.0,0.45,white,0.9925,3.27,12.2,6,white,4499
7.8,0.27,0.33,2.4,0.053,36.0,175.0,0.55,white,0.992,3.2,11.0,6,white,4500
6.6,0.54,0.21,16.3,0.055,41.0,182.0,0.54,white,0.9986,3.35,10.4,6,white,4501
7.1,0.25,0.31,2.3,0.05,32.0,156.0,0.51,white,0.9914,3.14,11.4,6,white,4502
5.8,0.61,0.01,8.4,0.041,31.0,104.0,0.72,white,0.9909,3.26,14.05,7,white,4503
6.5,0.32,0.23,8.5,0.051,20.0,138.0,0.42,white,0.9943,3.03,10.7,5,white,4504
6.4,0.28,0.23,6.0,0.051,50.0,162.0,0.52,white,0.994,3.15,10.2,5,white,4505
6.6,0.19,0.28,1.1,0.044,38.0,100.0,0.69,white,0.9904,3.22,11.2,6,white,4506
5.1,0.305,0.13,1.75,0.036,17.0,73.0,0.51,white,0.99,3.4,12.3333333333333,5,white,4507
5.8,0.26,0.3,2.6,0.034,75.0,129.0,0.38,white,0.9902,3.2,11.5,4,white,4508
6.7,0.23,0.17,1.3,0.061,14.0,100.0,0.55,white,0.9925,3.07,9.5,5,white,4509
6.8,0.33,0.3,2.1,0.047,35.0,147.0,0.56,white,0.9886,3.24,13.4,6,white,4510
6.1,0.27,0.32,1.1,0.034,24.0,110.0,0.4,white,0.9898,3.36,12.5,6,white,4511
6.1,0.27,0.32,1.1,0.034,24.0,110.0,0.4,white,0.9898,3.36,12.5,6,white,4512
6.8,0.4,0.29,2.8,0.044,27.0,97.0,0.42,white,0.9904,3.12,11.2,6,white,4513
6.1,0.4,0.18,9.0,0.051,28.5,259.0,0.5,white,0.9964,3.19,8.8,5,white,4514
7.1,0.28,0.26,2.8,0.039,50.0,118.0,0.59,white,0.9908,3.06,11.2,6,white,4515
6.2,0.32,0.32,2.2,0.036,15.0,70.0,0.48,white,0.9899,3.16,12.7,6,white,4516
6.8,0.17,0.17,5.1,0.049,26.0,82.0,0.38,white,0.993,3.0,9.8,6,white,4517
9.0,0.2,0.33,3.5,0.049,10.0,40.0,0.36,white,0.9944,3.14,9.8,6,white,4518
5.8,0.13,0.22,12.7,0.058,24.0,183.0,0.42,white,0.9956,3.32,11.7,6,white,4519
5.8,0.31,0.31,7.5,0.052,55.0,230.0,0.46,white,0.9949,3.19,9.8,5,white,4520
6.3,0.36,0.2,2.0,0.048,48.0,191.0,0.51,white,0.9929,3.17,9.6,5,white,4521
9.0,0.2,0.33,3.5,0.049,10.0,40.0,0.36,white,0.9944,3.14,9.8,6,white,4522
6.7,0.18,0.25,14.3,0.048,79.0,149.0,0.37,white,0.9975,3.12,9.7,5,white,4523
6.6,0.16,0.25,9.8,0.049,59.5,137.0,0.38,white,0.995,3.16,10.0,6,white,4524
5.8,0.13,0.22,12.7,0.058,24.0,183.0,0.42,white,0.9956,3.32,11.7,6,white,4525
5.8,0.27,0.22,12.7,0.058,42.0,206.0,0.38,white,0.9946,3.32,12.3,6,white,4526
6.8,0.17,0.17,5.1,0.049,26.0,82.0,0.38,white,0.993,3.0,9.8,6,white,4527
6.4,0.37,0.19,3.5,0.068,18.0,101.0,0.38,white,0.9934,3.03,9.0,6,white,4528
7.3,0.26,0.53,12.7,0.047,60.5,164.5,0.45,white,0.9984,3.06,9.1,6,white,4529
7.3,0.28,0.54,12.9,0.049,62.0,162.5,0.45,white,0.9984,3.06,9.1,6,white,4530
7.3,0.28,0.54,12.9,0.049,62.0,162.5,0.45,white,0.9984,3.06,9.1,6,white,4531
5.8,0.12,0.21,1.3,0.056,35.0,121.0,0.33,white,0.9908,3.32,11.4,6,white,4532
6.1,0.25,0.18,10.5,0.049,41.0,124.0,0.35,white,0.9963,3.14,10.5,5,white,4533
6.4,0.24,0.27,1.5,0.04,35.0,105.0,0.3,white,0.98914,3.13,12.4,6,white,4534
7.3,0.26,0.53,12.7,0.047,60.5,156.0,0.45,white,0.9984,3.06,9.1,6,white,4535
7.3,0.28,0.54,12.9,0.049,62.0,152.0,0.45,white,0.9984,3.06,9.1,6,white,4536
8.3,0.18,0.37,1.2,0.049,6.0,94.0,0.52,white,0.9937,3.18,10.1,5,white,4537
7.1,0.09,0.3,6.2,0.032,24.0,134.0,0.39,white,0.993,2.99,10.9,6,white,4538
8.3,0.14,0.36,8.8,0.026,13.0,60.0,0.35,white,0.9956,3.13,11.05,5,white,4539
5.8,0.28,0.3,3.9,0.026,36.0,105.0,0.58,white,0.98963,3.26,12.75,6,white,4540
6.0,0.23,0.34,1.3,0.025,23.0,111.0,0.37,white,0.98961,3.36,12.7,6,white,4541
6.9,0.28,0.37,9.1,0.037,16.0,76.0,0.54,white,0.9948,3.05,11.1,5,white,4542
6.9,0.28,0.37,9.1,0.037,16.0,76.0,0.54,white,0.9948,3.05,11.1,5,white,4543
5.8,0.28,0.3,3.9,0.026,36.0,105.0,0.58,white,0.98963,3.26,12.75,6,white,4544
6.3,0.25,0.53,1.8,0.021,41.0,101.0,0.31,white,0.989315,3.19,13.0,6,white,4545
6.5,0.2,0.31,2.1,0.033,32.0,95.0,0.61,white,0.989435,2.96,12.0,6,white,4546
5.9,0.29,0.32,1.4,0.022,17.0,47.0,0.35,white,0.9899,3.35,11.5,6,white,4547
6.4,0.46,0.22,14.7,0.047,51.0,183.0,0.6,white,0.998275,3.39,10.5,5,white,4548
6.9,0.28,0.37,9.1,0.037,16.0,76.0,0.54,white,0.9948,3.05,11.1,5,white,4549
6.8,0.23,0.33,1.9,0.047,20.0,101.0,0.46,white,0.9914,3.1,11.1,6,white,4550
7.0,0.23,0.32,1.8,0.048,25.0,113.0,0.47,white,0.9915,3.11,11.1,6,white,4551
6.4,0.55,0.26,9.6,0.027,20.0,104.0,0.73,white,0.9924,3.22,13.1,6,white,4552
5.7,0.28,0.3,3.9,0.026,36.0,105.0,0.58,white,0.98963,3.26,12.75,6,white,4553
6.0,0.23,0.34,1.3,0.025,23.0,111.0,0.37,white,0.98961,3.36,12.7,6,white,4554
6.8,0.45,0.3,11.8,0.094,23.0,97.0,0.44,white,0.997,3.09,9.6,5,white,4555
6.1,0.2,0.4,1.9,0.028,32.0,138.0,0.72,white,0.9914,3.26,11.7,5,white,4556
6.1,0.37,0.46,12.0,0.042,61.0,210.0,0.59,white,0.997,3.17,9.7,6,white,4557
5.9,0.21,0.23,7.9,0.033,22.0,130.0,0.59,white,0.9944,3.38,10.9,6,white,4558
6.9,0.22,0.32,9.3,0.04,22.0,110.0,0.54,white,0.9958,3.34,10.7,7,white,4559
5.4,0.27,0.22,4.6,0.022,29.0,107.0,0.54,white,0.98889,3.33,13.8,6,white,4560
6.0,0.26,0.26,2.2,0.035,10.0,72.0,0.48,white,0.989465,3.11,12.15,6,white,4561
5.6,0.18,0.3,10.2,0.028,28.0,131.0,0.42,white,0.9954,3.49,10.8,7,white,4562
5.6,0.26,0.27,10.6,0.03,27.0,119.0,0.34,white,0.9947,3.4,10.7,7,white,4563
7.0,0.23,0.35,1.4,0.036,31.0,113.0,0.48,white,0.9912,3.16,10.8,7,white,4564
5.8,0.28,0.66,9.1,0.039,26.0,159.0,0.55,white,0.9965,3.66,10.8,5,white,4565
8.6,0.36,0.26,11.1,0.03,43.5,171.0,0.49,white,0.9948,3.03,12.0,5,white,4566
5.8,0.28,0.66,9.1,0.039,26.0,159.0,0.55,white,0.9965,3.66,10.8,5,white,4567
6.4,0.3,0.27,4.4,0.055,17.0,135.0,0.44,white,0.9925,3.23,12.2,6,white,4568
6.2,0.2,0.32,2.8,0.05,17.0,126.0,0.55,white,0.9936,3.18,9.4,6,white,4569
5.8,0.29,0.15,1.1,0.029,12.0,83.0,0.4,white,0.9898,3.3,11.4,6,white,4570
5.7,0.22,0.28,1.3,0.027,26.0,101.0,0.38,white,0.98948,3.35,12.5,7,white,4571
5.6,0.22,0.32,1.2,0.024,29.0,97.0,0.46,white,0.98823,3.2,13.05,7,white,4572
6.8,0.32,0.23,3.3,0.026,31.0,99.0,0.4,white,0.9896,3.1,12.4,6,white,4573
6.2,0.2,0.26,9.7,0.03,39.0,102.0,0.56,white,0.9908,3.08,12.9,7,white,4574
6.1,0.35,0.24,2.3,0.034,25.0,133.0,0.59,white,0.9906,3.34,12.0,7,white,4575
5.9,0.3,0.29,1.1,0.036,23.0,56.0,0.38,white,0.9904,3.19,11.3,5,white,4576
6.3,0.15,0.34,11.4,0.05,25.0,96.0,0.49,white,0.99754,3.21,10.0,6,white,4577
4.8,0.13,0.32,1.2,0.042,40.0,98.0,0.64,white,0.9898,3.42,11.8,7,white,4578
6.0,0.2,0.26,14.7,0.045,53.0,125.0,0.69,white,0.998365,2.99,9.4,6,white,4579
5.7,0.2,0.24,13.8,0.047,44.0,112.0,0.66,white,0.99837,2.97,8.8,6,white,4580
6.0,0.27,0.26,1.3,0.038,32.0,138.0,0.43,white,0.99125,3.46,11.1,6,white,4581
6.3,0.37,0.51,6.3,0.048,35.0,146.0,1.01,white,0.9943,3.1,10.5,6,white,4582
6.4,0.23,0.37,7.9,0.05,60.0,150.0,0.49,white,0.99488,2.86,9.3,6,white,4583
5.9,0.34,0.25,2.0,0.042,12.0,110.0,0.54,white,0.99034,3.02,11.4,6,white,4584
5.0,0.33,0.23,11.8,0.03,23.0,158.0,0.64,white,0.99322,3.41,11.8,6,white,4585
5.4,0.29,0.38,1.2,0.029,31.0,132.0,0.36,white,0.98895,3.28,12.4,6,white,4586
8.0,0.33,0.35,10.0,0.035,22.0,108.0,0.36,white,0.99457,3.12,11.6,6,white,4587
6.4,0.3,0.33,5.2,0.05,30.0,137.0,0.58,white,0.99304,3.26,11.1,5,white,4588
5.4,0.29,0.38,1.2,0.029,31.0,132.0,0.36,white,0.98895,3.28,12.4,6,white,4589
6.4,0.33,0.3,7.2,0.041,42.0,168.0,0.49,white,0.99331,3.22,11.1,6,white,4590
7.0,0.33,0.78,9.9,0.042,21.0,251.0,0.55,white,0.99435,3.01,11.0,6,white,4591
6.7,0.45,0.3,5.3,0.036,27.0,165.0,0.46,white,0.99122,3.12,12.2,6,white,4592
6.5,0.36,0.31,13.55,0.053,20.0,113.0,0.56,white,0.99544,3.2,11.0,6,white,4593
5.8,0.42,0.3,2.2,0.035,26.0,129.0,0.47,white,0.989,3.32,12.9,6,white,4594
7.1,0.39,0.3,9.9,0.037,29.0,124.0,0.42,white,0.99414,3.07,10.9,6,white,4595
6.7,0.53,0.29,4.3,0.069,20.0,114.0,0.59,white,0.99014,3.22,13.4,6,white,4596
6.7,0.66,0.0,13.0,0.033,32.0,75.0,0.5,white,0.99551,3.15,10.7,6,white,4597
6.5,0.36,0.31,13.55,0.053,20.0,113.0,0.56,white,0.99544,3.2,11.0,6,white,4598
6.5,0.16,0.33,1.0,0.027,23.0,75.0,0.39,white,0.9908,3.3,11.4,7,white,4599
8.3,0.22,0.34,1.1,0.043,20.0,116.0,0.47,white,0.9927,3.0,10.2,6,white,4600
6.9,0.23,0.35,6.9,0.03,45.0,116.0,0.54,white,0.99244,2.8,11.0,6,white,4601
6.4,0.17,0.34,13.4,0.044,45.0,139.0,0.43,white,0.99752,3.06,9.1,6,white,4602
5.0,0.33,0.18,4.6,0.032,40.0,124.0,0.4,white,0.99114,3.18,11.0,6,white,4603
6.8,0.38,0.29,9.9,0.037,40.0,146.0,0.37,white,0.99326,3.11,11.5,6,white,4604
6.5,0.29,0.32,3.0,0.036,38.0,93.0,0.59,white,0.9906,3.16,12.0,6,white,4605
6.9,0.29,0.32,5.8,0.04,16.0,112.0,0.58,white,0.993,3.04,11.2,5,white,4606
6.6,0.28,0.3,12.9,0.033,31.0,177.0,0.39,white,0.99479,3.12,11.2,6,white,4607
6.2,0.36,0.27,3.2,0.032,13.0,73.0,0.69,white,0.98942,2.9,12.6,7,white,4608
6.0,0.615,0.04,0.8,0.032,8.0,50.0,0.4,white,0.99036,3.14,11.0,4,white,4609
5.9,0.44,0.36,2.5,0.03,12.0,73.0,0.48,white,0.99201,3.22,10.8,6,white,4610
5.9,0.42,0.36,2.4,0.034,19.0,77.0,0.48,white,0.99184,3.25,10.9,5,white,4611
5.8,0.34,0.21,7.2,0.041,48.0,146.0,0.49,white,0.99441,3.16,9.8,5,white,4612
5.8,0.27,0.2,7.3,0.04,42.0,145.0,0.48,white,0.99442,3.15,9.8,5,white,4613
7.1,0.33,0.18,6.3,0.094,27.0,166.0,0.49,white,0.99474,2.9,9.5,5,white,4614
6.1,0.44,0.28,4.25,0.032,43.0,132.0,0.47,white,0.9916,3.26,11.2666666666667,7,white,4615
7.3,0.28,0.37,1.2,0.039,26.0,99.0,0.62,white,0.99198,3.01,10.8,5,white,4616
5.2,0.5,0.18,2.0,0.036,23.0,129.0,0.77,white,0.98949,3.36,13.4,7,white,4617
6.1,0.44,0.28,4.25,0.032,43.0,132.0,0.47,white,0.9916,3.26,11.3,7,white,4618
6.4,0.62,0.12,4.7,0.06,33.0,196.0,0.48,white,0.99556,3.22,8.9,5,white,4619
6.4,0.38,0.19,4.5,0.038,36.0,119.0,0.42,white,0.99151,3.07,11.2,6,white,4620
7.5,0.305,0.38,1.4,0.047,30.0,95.0,0.52,white,0.99158,3.22,11.5,7,white,4621
6.5,0.5,0.22,4.1,0.036,35.0,131.0,0.55,white,0.9902,3.26,13.0,7,white,4622
6.6,0.4,0.3,5.3,0.038,20.0,125.0,0.73,white,0.99204,3.36,12.6,6,white,4623
6.4,0.4,0.25,4.2,0.032,15.0,91.0,0.52,white,0.98988,3.26,13.1,6,white,4624
8.3,0.49,0.23,6.65,0.034,6.0,158.0,0.48,white,0.99344,3.05,11.2,5,white,4625
6.3,0.3,0.91,8.2,0.034,50.0,199.0,0.49,white,0.99394,3.39,11.7,6,white,4626
6.1,0.19,0.37,2.6,0.041,24.0,99.0,0.5,white,0.99153,3.18,10.9,6,white,4627
6.1,0.19,0.37,2.6,0.041,24.0,99.0,0.5,white,0.99153,3.18,10.9,6,white,4628
5.6,0.24,0.34,2.0,0.041,14.0,73.0,0.45,white,0.98981,3.04,11.6,7,white,4629
5.7,0.25,0.32,12.2,0.041,43.0,127.0,0.53,white,0.99524,3.23,10.4,7,white,4630
6.6,0.21,0.39,2.3,0.041,31.0,102.0,0.58,white,0.99221,3.22,10.9,7,white,4631
6.3,0.3,0.91,8.2,0.034,50.0,199.0,0.49,white,0.99394,3.39,11.7,6,white,4632
6.2,0.28,0.41,5.0,0.043,50.0,188.0,0.64,white,0.99318,3.23,10.8,6,white,4633
5.8,0.29,0.38,10.7,0.038,49.0,136.0,0.59,white,0.99366,3.11,11.2,6,white,4634
5.8,0.345,0.15,10.8,0.033,26.0,120.0,0.49,white,0.99494,3.25,10.0,6,white,4635
6.5,0.51,0.25,1.7,0.048,39.0,177.0,0.57,white,0.99212,3.28,10.5666666666667,5,white,4636
6.0,0.24,0.41,1.3,0.036,42.0,118.0,0.64,white,0.99018,3.04,11.7333333333333,6,white,4637
6.5,0.51,0.25,1.7,0.048,39.0,177.0,0.57,white,0.99212,3.28,10.6,5,white,4638
6.9,0.54,0.26,12.7,0.049,59.0,195.0,0.54,white,0.99596,3.26,10.5,6,white,4639
6.0,0.24,0.41,1.3,0.036,42.0,118.0,0.64,white,0.99018,3.04,11.75,6,white,4640
6.6,0.26,0.36,1.2,0.035,43.0,126.0,0.63,white,0.99094,3.01,11.4,6,white,4641
5.7,0.24,0.3,1.3,0.03,25.0,98.0,0.43,white,0.98968,3.37,12.4,7,white,4642
6.5,0.21,0.35,5.7,0.043,47.0,197.0,0.5,white,0.99392,3.24,10.1,6,white,4643
6.8,0.29,0.22,3.4,0.035,40.0,122.0,0.47,white,0.99024,3.09,12.3,6,white,4644
5.0,0.24,0.34,1.1,0.034,49.0,158.0,0.32,white,0.98774,3.32,13.1,7,white,4645
5.9,0.18,0.28,1.0,0.037,24.0,88.0,0.55,white,0.99094,3.29,10.65,7,white,4646
5.8,0.26,0.29,1.0,0.042,35.0,101.0,0.48,white,0.99044,3.36,11.4,7,white,4647
6.7,0.61,0.21,1.65,0.117,40.0,240.0,0.57,white,0.9938,3.11,9.3,5,white,4648
5.7,0.695,0.06,6.8,0.042,9.0,84.0,0.44,white,0.99432,3.44,10.2,5,white,4649
5.6,0.695,0.06,6.8,0.042,9.0,84.0,0.44,white,0.99432,3.44,10.2,5,white,4650
5.7,0.39,0.25,4.9,0.033,49.0,113.0,0.58,white,0.98966,3.26,13.1,7,white,4651
6.1,0.38,0.47,1.4,0.051,59.0,210.0,0.5,white,0.99309,3.24,9.6,5,white,4652
6.3,0.36,0.28,2.5,0.035,18.0,73.0,0.47,white,0.98868,3.1,12.8,7,white,4653
6.0,0.29,0.41,10.8,0.048,55.0,149.0,0.59,white,0.9937,3.09,10.9666666666667,7,white,4654
6.0,0.29,0.41,10.8,0.048,55.0,149.0,0.59,white,0.9937,3.09,10.9666666666667,7,white,4655
6.0,0.29,0.41,10.8,0.048,55.0,149.0,0.59,white,0.9937,3.09,10.9666666666667,7,white,4656
6.0,0.29,0.41,10.8,0.048,55.0,149.0,0.59,white,0.9937,3.09,11.0,7,white,4657
7.1,0.43,0.25,2.8,0.036,43.0,132.0,0.47,white,0.98975,3.21,13.4,6,white,4658
6.6,0.25,0.25,1.3,0.04,28.0,85.0,0.48,white,0.98984,2.87,11.2,6,white,4659
6.6,0.33,0.41,2.0,0.027,14.0,79.0,0.63,white,0.99063,3.27,12.4,6,white,4660
8.0,0.23,0.41,1.1,0.048,35.0,150.0,0.47,white,0.99168,3.09,11.2,5,white,4661
7.3,0.17,0.36,8.2,0.028,44.0,111.0,0.41,white,0.99272,3.14,12.4,6,white,4662
6.0,0.17,0.33,6.0,0.036,30.0,111.0,0.58,white,0.99362,3.32,10.1333333333333,7,white,4663
6.1,0.16,0.34,6.1,0.034,31.0,114.0,0.58,white,0.99365,3.32,10.1333333333333,7,white,4664
7.3,0.17,0.36,8.2,0.028,44.0,111.0,0.41,white,0.99272,3.14,12.4,6,white,4665
6.4,0.31,0.53,8.8,0.057,36.0,221.0,0.44,white,0.99642,3.17,9.1,5,white,4666
6.1,0.16,0.34,6.1,0.034,31.0,114.0,0.58,white,0.99365,3.32,10.15,7,white,4667
6.0,0.17,0.33,6.0,0.036,30.0,111.0,0.58,white,0.99362,3.32,10.15,7,white,4668
5.9,0.44,0.33,1.2,0.049,12.0,117.0,0.44,white,0.99134,3.46,11.5,5,white,4669
6.6,0.285,0.49,11.4,0.035,57.0,137.0,0.54,white,0.99732,3.08,8.9,6,white,4670
4.9,0.335,0.14,1.3,0.036,69.0,168.0,0.46,white,0.99212,3.47,10.4666666666667,5,white,4671
4.9,0.335,0.14,1.3,0.036,69.0,168.0,0.46,white,0.99212,3.47,10.4666666666667,5,white,4672
6.0,0.28,0.52,6.2,0.028,37.0,104.0,0.51,white,0.99161,3.28,11.8,7,white,4673
5.8,0.35,0.29,3.2,0.034,41.0,151.0,0.58,white,0.9912,3.35,11.6333333333333,7,white,4674
5.7,0.21,0.37,4.5,0.04,58.0,140.0,0.62,white,0.99332,3.29,10.6,6,white,4675
6.5,0.25,0.32,9.9,0.045,41.0,128.0,0.52,white,0.99636,3.18,9.6,6,white,4676
6.0,0.28,0.52,6.2,0.028,37.0,104.0,0.51,white,0.99161,3.28,11.8,7,white,4677
6.6,0.285,0.49,11.4,0.035,57.0,137.0,0.54,white,0.99732,3.08,8.9,6,white,4678
4.7,0.335,0.14,1.3,0.036,69.0,168.0,0.46,white,0.99212,3.47,10.5,5,white,4679
6.8,0.63,0.04,1.3,0.058,25.0,133.0,0.39,white,0.99271,3.17,10.2,4,white,4680
5.6,0.27,0.37,0.9,0.025,11.0,49.0,0.33,white,0.98845,3.29,13.1,6,white,4681
6.8,0.32,0.33,0.7,0.027,15.0,66.0,0.31,white,0.9899,3.11,11.8,6,white,4682
6.5,0.33,0.32,1.0,0.041,39.0,120.0,0.37,white,0.99004,3.06,12.2,6,white,4683
6.0,0.24,0.34,1.0,0.036,52.0,184.0,0.44,white,0.99097,3.44,11.45,6,white,4684
7.2,0.26,0.32,10.4,0.062,23.0,114.0,0.49,white,0.9966,3.23,10.5,5,white,4685
6.8,0.63,0.04,1.3,0.058,25.0,133.0,0.39,white,0.99271,3.17,10.2,4,white,4686
6.7,0.16,0.32,12.5,0.035,18.0,156.0,0.36,white,0.99666,2.88,9.0,6,white,4687
6.7,0.16,0.32,12.5,0.035,18.0,156.0,0.36,white,0.99666,2.88,9.0,6,white,4688
6.7,0.16,0.32,12.5,0.035,18.0,156.0,0.36,white,0.99666,2.88,9.0,6,white,4689
6.7,0.16,0.32,12.5,0.035,18.0,156.0,0.36,white,0.99666,2.88,9.0,6,white,4690
6.9,0.19,0.31,19.25,0.043,38.0,167.0,0.52,white,0.99954,2.93,9.1,7,white,4691
6.0,0.36,0.32,1.1,0.053,26.0,173.0,0.54,white,0.99414,3.38,8.8,5,white,4692
6.7,0.16,0.32,12.5,0.035,18.0,156.0,0.36,white,0.99666,2.88,9.0,6,white,4693
6.9,0.19,0.31,19.25,0.043,38.0,167.0,0.52,white,0.99954,2.93,9.1,7,white,4694
6.7,0.35,0.32,9.0,0.032,29.0,113.0,0.65,white,0.99188,3.13,12.9,7,white,4695
6.1,0.15,0.4,1.2,0.03,19.0,84.0,0.96,white,0.98926,3.19,13.0,6,white,4696
6.7,0.35,0.32,9.0,0.032,29.0,113.0,0.65,white,0.99188,3.13,12.9,7,white,4697
7.0,0.27,0.74,1.3,0.173,34.0,121.0,0.46,white,0.99334,3.04,9.2,6,white,4698
6.8,0.3,0.33,12.8,0.041,60.0,168.0,0.56,white,0.99659,3.1,9.8,5,white,4699
6.8,0.3,0.33,12.8,0.041,60.0,168.0,0.56,white,0.99659,3.1,9.8,5,white,4700
6.4,0.69,0.09,7.6,0.044,34.0,144.0,0.38,white,0.9948,3.26,10.1,6,white,4701
6.4,0.69,0.09,7.6,0.044,34.0,144.0,0.38,white,0.9948,3.26,10.1,6,white,4702
5.9,0.12,0.28,1.4,0.037,36.0,83.0,0.42,white,0.99074,3.33,10.9,7,white,4703
6.3,0.36,0.5,8.3,0.053,51.0,202.0,0.51,white,0.9955,3.2,9.6,6,white,4704
5.7,0.27,0.16,9.0,0.053,32.0,111.0,0.37,white,0.99474,3.36,10.4,6,white,4705
6.1,0.22,0.4,1.85,0.031,25.0,111.0,0.3,white,0.98966,3.03,11.8,7,white,4706
5.6,0.205,0.16,12.55,0.051,31.0,115.0,0.38,white,0.99564,3.4,10.8,6,white,4707
7.2,0.33,0.28,1.4,0.034,26.0,109.0,0.57,white,0.99246,3.28,10.6,6,white,4708
5.9,0.21,0.31,1.8,0.033,45.0,142.0,0.5,white,0.98984,3.35,12.7,6,white,4709
5.4,0.33,0.31,4.0,0.03,27.0,108.0,0.43,white,0.99031,3.3,12.2,7,white,4710
5.4,0.205,0.16,12.55,0.051,31.0,115.0,0.38,white,0.99564,3.4,10.8,6,white,4711
5.7,0.27,0.16,9.0,0.053,32.0,111.0,0.37,white,0.99474,3.36,10.4,6,white,4712
6.4,0.28,0.28,3.0,0.04,19.0,98.0,0.47,white,0.99216,3.25,11.1,6,white,4713
6.1,0.22,0.4,1.85,0.031,25.0,111.0,0.3,white,0.98966,3.03,11.8,7,white,4714
6.7,0.15,0.32,7.9,0.034,17.0,81.0,0.31,white,0.99512,3.29,10.0,6,white,4715
5.5,0.315,0.38,2.6,0.033,10.0,69.0,0.59,white,0.9909,3.12,10.8,6,white,4716
4.8,0.225,0.38,1.2,0.074,47.0,130.0,0.4,white,0.99132,3.31,10.3,6,white,4717
5.2,0.24,0.15,7.1,0.043,32.0,134.0,0.48,white,0.99378,3.24,9.9,6,white,4718
6.7,0.15,0.32,7.9,0.034,17.0,81.0,0.31,white,0.99512,3.29,10.0,6,white,4719
6.6,0.27,0.32,1.3,0.044,18.0,93.0,0.56,white,0.99044,3.11,12.25,5,white,4720
6.1,0.32,0.33,10.7,0.036,27.0,98.0,0.52,white,0.99521,3.34,10.2,6,white,4721
6.0,0.25,0.28,7.7,0.053,37.0,132.0,0.5,white,0.99489,3.06,9.4,6,white,4722
6.4,0.42,0.46,8.4,0.05,58.0,180.0,0.46,white,0.99495,3.18,9.7,6,white,4723
6.1,0.32,0.33,10.7,0.036,27.0,98.0,0.52,white,0.99521,3.34,10.2,6,white,4724
6.9,0.31,0.33,12.7,0.038,33.0,116.0,0.65,white,0.9954,3.04,10.4,6,white,4725
6.3,0.48,0.48,1.8,0.035,35.0,96.0,0.74,white,0.99121,3.49,12.2,6,white,4726
6.0,0.25,0.28,7.7,0.053,37.0,132.0,0.5,white,0.99489,3.06,9.4,6,white,4727
7.2,0.21,0.31,10.5,0.035,36.0,122.0,0.4,white,0.99478,3.12,10.6,6,white,4728
6.8,0.32,0.43,1.6,0.05,4.0,65.0,0.47,white,0.99346,3.27,10.7,5,white,4729
7.9,0.3,0.6,1.85,0.048,13.0,106.0,0.49,white,0.99331,3.24,11.85,5,white,4730
5.3,0.31,0.38,10.5,0.031,53.0,140.0,0.46,white,0.99321,3.34,11.7,6,white,4731
5.3,0.31,0.38,10.5,0.031,53.0,140.0,0.46,white,0.99321,3.34,11.7,6,white,4732
5.2,0.185,0.22,1.0,0.03,47.0,123.0,0.44,white,0.99218,3.55,10.15,6,white,4733
5.5,0.16,0.31,1.2,0.026,31.0,68.0,0.44,white,0.9898,3.33,11.6333333333333,6,white,4734
6.0,0.17,0.36,1.7,0.042,14.0,61.0,0.54,white,0.99144,3.22,10.8,6,white,4735
6.0,0.16,0.36,1.6,0.042,13.0,61.0,0.54,white,0.99143,3.22,10.8,6,white,4736
6.1,0.24,0.32,9.0,0.031,41.0,134.0,0.26,white,0.99234,3.25,12.3,7,white,4737
5.5,0.3,0.25,1.9,0.029,33.0,118.0,0.66,white,0.98972,3.36,12.5,6,white,4738
5.5,0.16,0.31,1.2,0.026,31.0,68.0,0.44,white,0.9898,3.33,11.65,6,white,4739
6.0,0.32,0.46,1.5,0.05,56.0,189.0,0.49,white,0.99308,3.24,9.6,5,white,4740
6.1,0.27,0.31,3.9,0.034,42.0,137.0,0.46,white,0.99218,3.24,10.9,6,white,4741
6.0,0.27,0.32,3.6,0.035,36.0,133.0,0.46,white,0.99215,3.23,10.8,6,white,4742
6.0,0.14,0.37,1.2,0.032,63.0,148.0,0.44,white,0.99185,3.32,11.2,5,white,4743
5.0,0.24,0.19,5.0,0.043,17.0,101.0,0.57,white,0.99438,3.67,10.0,5,white,4744
6.1,0.26,0.25,2.9,0.047,289.0,440.0,0.64,white,0.99314,3.44,10.5,3,white,4745
6.3,0.23,0.5,10.4,0.043,61.0,132.0,0.46,white,0.99542,2.86,9.1,6,white,4746
5.6,0.26,0.5,11.4,0.029,25.0,93.0,0.49,white,0.99428,3.23,10.5,6,white,4747
6.1,0.34,0.24,18.35,0.05,33.0,184.0,0.61,white,0.99943,3.12,9.3,5,white,4748
6.2,0.35,0.25,18.4,0.051,28.0,182.0,0.62,white,0.99946,3.13,9.3,6,white,4749
6.0,0.14,0.37,1.2,0.032,63.0,148.0,0.44,white,0.99185,3.32,11.2,5,white,4750
7.3,0.36,0.62,7.1,0.033,48.0,185.0,0.62,white,0.99472,3.14,10.6,6,white,4751
5.1,0.25,0.36,1.3,0.035,40.0,78.0,0.64,white,0.9891,3.23,12.1,7,white,4752
5.5,0.16,0.26,1.5,0.032,35.0,100.0,0.77,white,0.99076,3.43,12.0,6,white,4753
6.4,0.19,0.35,10.2,0.043,40.0,106.0,0.5,white,0.99632,3.16,9.7,6,white,4754
6.6,0.29,0.73,2.2,0.027,21.0,92.0,0.48,white,0.99,3.12,12.4,6,white,4755
6.0,0.38,0.26,3.5,0.035,38.0,111.0,0.47,white,0.98872,3.18,13.6,7,white,4756
6.0,0.38,0.26,3.5,0.035,38.0,111.0,0.47,white,0.98872,3.18,13.6,7,white,4757
6.5,0.2,0.35,3.9,0.04,27.0,140.0,0.53,white,0.99102,2.98,11.8,6,white,4758
6.6,0.17,0.26,7.4,0.052,45.0,128.0,0.37,white,0.99388,3.16,10.0,6,white,4759
6.6,0.17,0.26,7.4,0.052,45.0,128.0,0.37,white,0.99388,3.16,10.0,6,white,4760
6.2,0.15,0.27,11.0,0.035,46.0,116.0,0.38,white,0.99602,3.12,9.1,6,white,4761
5.9,0.48,0.3,1.5,0.037,19.0,78.0,0.42,white,0.99057,3.47,11.9,7,white,4762
5.3,0.4,0.25,3.9,0.031,45.0,130.0,0.58,white,0.99072,3.31,11.75,7,white,4763
5.9,0.26,0.29,5.4,0.046,34.0,116.0,0.41,white,0.99224,3.24,11.4,6,white,4764
5.2,0.3,0.34,1.5,0.038,18.0,96.0,0.48,white,0.98942,3.56,13.0,8,white,4765
6.4,0.32,0.25,5.0,0.055,28.0,138.0,0.5,white,0.99171,3.27,12.4,8,white,4766
6.6,0.19,0.25,1.2,0.052,34.0,181.0,0.42,white,0.99352,3.3,9.4,7,white,4767
6.8,0.27,0.3,13.0,0.047,69.0,160.0,0.5,white,0.99705,3.16,9.6,6,white,4768
6.8,0.27,0.3,13.0,0.047,69.0,160.0,0.5,white,0.99705,3.16,9.6,6,white,4769
6.8,0.27,0.3,13.0,0.047,69.0,160.0,0.5,white,0.99705,3.16,9.6,6,white,4770
6.8,0.27,0.3,13.0,0.047,69.0,160.0,0.5,white,0.99705,3.16,9.6,6,white,4771
6.4,0.28,0.45,8.6,0.057,47.0,223.0,0.51,white,0.99654,3.16,9.1,5,white,4772
5.2,0.21,0.31,1.7,0.048,17.0,61.0,0.37,white,0.98953,3.24,12.0,7,white,4773
7.1,0.24,0.34,1.2,0.045,6.0,132.0,0.46,white,0.99132,3.16,11.2,4,white,4774
5.0,0.27,0.4,1.2,0.076,42.0,124.0,0.47,white,0.99204,3.32,10.1,6,white,4775
5.8,0.27,0.4,1.2,0.076,47.0,130.0,0.45,white,0.99185,3.13,10.3,6,white,4776
5.9,0.27,0.32,2.0,0.034,31.0,102.0,0.56,white,0.98952,3.16,12.3,6,white,4777
5.8,0.315,0.19,19.4,0.031,28.0,106.0,0.4,white,0.99704,2.97,10.55,6,white,4778
6.0,0.59,0.0,0.8,0.037,30.0,95.0,0.4,white,0.99032,3.1,10.9,4,white,4779
5.8,0.3,0.09,6.3,0.042,36.0,138.0,0.48,white,0.99382,3.15,9.7,5,white,4780
5.6,0.3,0.1,6.4,0.043,34.0,142.0,0.48,white,0.99382,3.14,9.8,5,white,4781
6.7,0.3,0.5,12.1,0.045,38.0,127.0,0.53,white,0.9974,3.04,8.9,6,white,4782
6.7,0.3,0.5,12.1,0.045,38.0,127.0,0.53,white,0.9974,3.04,8.9,6,white,4783
6.4,0.31,0.31,12.9,0.045,55.0,161.0,0.59,white,0.99546,3.02,10.2,5,white,4784
6.9,0.25,0.29,2.4,0.038,28.0,76.0,0.36,white,0.99088,3.01,11.7,7,white,4785
4.4,0.32,0.39,4.3,0.03,31.0,127.0,0.36,white,0.98904,3.46,12.8,8,white,4786
3.9,0.225,0.4,4.2,0.03,29.0,118.0,0.36,white,0.989,3.57,12.8,8,white,4787
6.4,0.31,0.31,12.9,0.045,55.0,161.0,0.59,white,0.99546,3.02,10.2,5,white,4788
5.5,0.62,0.33,1.7,0.037,24.0,118.0,0.39,white,0.98758,3.15,13.55,6,white,4789
6.2,0.3,0.42,2.2,0.036,28.0,128.0,0.38,white,0.9901,3.13,11.6,6,white,4790
6.7,0.3,0.5,12.1,0.045,38.0,127.0,0.53,white,0.9974,3.04,8.9,6,white,4791
4.7,0.785,0.0,3.4,0.036,23.0,134.0,0.92,white,0.98981,3.53,13.8,6,white,4792
6.0,0.31,0.32,7.4,0.175,47.0,159.0,0.5,white,0.9952,3.19,9.4,6,white,4793
6.0,0.32,0.3,7.3,0.174,46.0,159.0,0.49,white,0.99519,3.18,9.4,5,white,4794
6.4,0.105,0.29,1.1,0.035,44.0,140.0,0.55,white,0.99142,3.17,10.7,7,white,4795
6.4,0.105,0.29,1.1,0.035,44.0,140.0,0.55,white,0.99142,3.17,10.7,7,white,4796
5.7,0.33,0.32,1.4,0.043,28.0,93.0,0.5,white,0.9897,3.31,12.3,6,white,4797
5.9,0.32,0.19,14.5,0.042,37.0,115.0,0.43,white,0.99684,3.16,10.3,5,white,4798
6.2,0.26,0.2,8.0,0.047,35.0,111.0,0.42,white,0.99445,3.11,10.4,6,white,4799
6.0,0.2,0.33,1.1,0.039,45.0,126.0,0.45,white,0.99051,3.31,11.6,7,white,4800
6.4,0.105,0.29,1.1,0.035,44.0,140.0,0.55,white,0.99142,3.17,10.7,7,white,4801
5.8,0.28,0.34,2.2,0.037,24.0,125.0,0.33,white,0.98986,3.36,12.8,8,white,4802
6.4,0.31,0.5,5.8,0.038,42.0,111.0,0.53,white,0.99189,3.18,11.9,7,white,4803
6.0,0.35,0.46,0.9,0.033,9.0,65.0,0.35,white,0.98934,3.24,12.1,4,white,4804
5.1,0.26,0.34,6.4,0.034,26.0,99.0,0.41,white,0.99449,3.23,9.2,6,white,4805
6.6,0.28,0.09,10.9,0.051,37.0,131.0,0.62,white,0.99566,2.93,9.5,6,white,4806
6.0,0.17,0.3,7.3,0.039,39.0,104.0,0.57,white,0.99252,2.91,11.0,6,white,4807
7.3,0.35,0.67,8.3,0.053,10.0,100.0,0.5,white,0.9959,3.19,10.9,5,white,4808
6.0,0.26,0.24,1.3,0.053,66.0,150.0,0.62,white,0.9924,3.21,10.4,6,white,4809
5.4,0.375,0.4,3.3,0.054,29.0,147.0,0.52,white,0.99482,3.42,9.1,5,white,4810
7.0,0.17,0.42,1.0,0.075,19.0,71.0,0.62,white,0.99103,3.32,11.4,6,white,4811
5.1,0.26,0.33,1.1,0.027,46.0,113.0,0.43,white,0.98946,3.35,11.4,7,white,4812
5.8,0.36,0.5,1.0,0.127,63.0,178.0,0.45,white,0.99212,3.1,9.7,5,white,4813
5.7,0.4,0.35,5.1,0.026,17.0,113.0,0.67,white,0.99052,3.18,12.4,6,white,4814
6.2,0.76,0.01,3.2,0.041,18.0,120.0,0.94,white,0.99026,3.2,13.7,7,white,4815
6.1,0.41,0.2,12.6,0.032,54.0,136.0,0.43,white,0.99516,2.91,10.6,6,white,4816
5.8,0.385,0.25,3.7,0.031,38.0,122.0,0.63,white,0.99128,3.2,11.2,6,white,4817
6.0,0.27,0.4,1.7,0.021,18.0,82.0,0.95,white,0.9891,3.24,13.1333333333333,6,white,4818
5.7,0.4,0.35,5.1,0.026,17.0,113.0,0.67,white,0.99052,3.18,12.4,6,white,4819
5.8,0.36,0.5,1.0,0.127,63.0,178.0,0.45,white,0.99212,3.1,9.7,5,white,4820
7.0,0.24,0.47,1.3,0.043,18.0,131.0,0.45,white,0.99176,3.19,11.0,6,white,4821
6.8,0.23,0.48,1.5,0.036,35.0,165.0,0.45,white,0.99162,3.18,11.3,6,white,4822
6.5,0.28,0.34,4.6,0.054,22.0,130.0,0.46,white,0.99193,3.2,12.0,7,white,4823
6.4,0.23,0.35,10.3,0.042,54.0,140.0,0.47,white,0.9967,3.23,9.2,5,white,4824
6.0,0.34,0.29,6.1,0.046,29.0,134.0,0.57,white,0.99462,3.48,10.7,6,white,4825
6.0,0.34,0.29,6.1,0.046,29.0,134.0,0.57,white,0.99462,3.48,10.7,6,white,4826
6.7,0.22,0.33,1.2,0.036,36.0,86.0,0.76,white,0.99058,3.1,11.4,6,white,4827
6.4,0.23,0.35,10.3,0.042,54.0,140.0,0.47,white,0.9967,3.23,9.2,5,white,4828
6.0,0.32,0.33,9.9,0.032,22.0,90.0,0.43,white,0.99258,3.1,12.1,7,white,4829
5.8,0.29,0.27,1.6,0.062,17.0,140.0,0.35,white,0.99138,3.23,11.1,6,white,4830
5.8,0.38,0.26,1.1,0.058,20.0,140.0,0.43,white,0.99271,3.27,9.7,6,white,4831
5.9,0.32,0.26,1.5,0.057,17.0,141.0,0.36,white,0.9917,3.24,10.7,5,white,4832
5.6,0.33,0.28,1.2,0.031,33.0,97.0,0.58,white,0.99126,3.49,10.9,6,white,4833
5.9,0.37,0.3,1.5,0.033,35.0,95.0,0.56,white,0.98986,3.36,12.0,7,white,4834
5.6,0.295,0.26,1.1,0.035,40.0,102.0,0.56,white,0.99154,3.47,10.6,6,white,4835
6.7,0.5,0.36,11.5,0.096,18.0,92.0,0.49,white,0.99642,3.11,9.6,5,white,4836
6.5,0.28,0.38,7.8,0.031,54.0,216.0,0.42,white,0.99154,3.03,13.1,6,white,4837
5.3,0.275,0.24,7.4,0.038,28.0,114.0,0.51,white,0.99313,3.38,11.0,6,white,4838
5.2,0.405,0.15,1.45,0.038,10.0,44.0,0.4,white,0.99125,3.52,11.6,4,white,4839
6.8,0.34,0.36,8.9,0.029,44.0,128.0,0.35,white,0.99318,3.28,11.95,7,white,4840
5.7,0.22,0.25,1.1,0.05,97.0,175.0,0.62,white,0.99099,3.44,11.1,6,white,4841
6.2,0.28,0.57,1.0,0.043,50.0,92.0,0.36,white,0.99004,3.17,11.5,6,white,4842
5.6,0.34,0.25,2.5,0.046,47.0,182.0,0.4,white,0.99093,3.21,11.3,5,white,4843
4.8,0.29,0.23,1.1,0.044,38.0,180.0,0.34,white,0.98924,3.28,11.9,6,white,4844
6.6,0.38,0.29,2.4,0.136,15.0,93.0,0.6,white,0.99336,3.18,9.5,5,white,4845
5.1,0.3,0.3,2.3,0.048,40.0,150.0,0.46,white,0.98944,3.29,12.2,6,white,4846
4.4,0.54,0.09,5.1,0.038,52.0,97.0,0.4,white,0.99022,3.41,12.2,7,white,4847
7.0,0.36,0.35,2.5,0.048,67.0,161.0,0.56,white,0.99146,3.05,11.1,6,white,4848
6.4,0.33,0.44,8.9,0.055,52.0,164.0,0.48,white,0.99488,3.1,9.6,5,white,4849
7.0,0.36,0.35,2.5,0.048,67.0,161.0,0.56,white,0.99146,3.05,11.1,6,white,4850
6.4,0.33,0.44,8.9,0.055,52.0,164.0,0.48,white,0.99488,3.1,9.6,5,white,4851
6.2,0.23,0.38,1.6,0.044,12.0,113.0,0.73,white,0.99176,3.3,11.4,5,white,4852
5.2,0.25,0.23,1.4,0.047,20.0,77.0,0.62,white,0.99001,3.32,11.4,5,white,4853
6.2,0.35,0.29,3.9,0.041,22.0,79.0,0.59,white,0.99005,3.1,12.0666666666667,6,white,4854
7.1,0.23,0.39,13.7,0.058,26.0,172.0,0.46,white,0.99755,2.9,9.0,6,white,4855
7.1,0.23,0.39,13.7,0.058,26.0,172.0,0.46,white,0.99755,2.9,9.0,6,white,4856
7.5,0.38,0.33,9.2,0.043,19.0,116.0,0.42,white,0.99444,3.08,11.4,6,white,4857
6.4,0.35,0.51,7.8,0.055,53.0,177.0,0.45,white,0.99502,3.12,9.6,5,white,4858
6.0,0.43,0.34,7.6,0.045,25.0,118.0,0.37,white,0.99222,3.03,11.0,6,white,4859
6.0,0.52,0.33,7.7,0.046,24.0,119.0,0.38,white,0.99224,3.04,11.0,6,white,4860
5.5,0.31,0.29,3.0,0.027,16.0,102.0,0.56,white,0.99067,3.23,11.2,6,white,4861
5.9,0.22,0.3,1.3,0.052,42.0,86.0,0.47,white,0.99069,3.31,11.55,6,white,4862
6.2,0.36,0.32,4.0,0.036,44.0,92.0,0.5,white,0.98936,3.2,13.3,7,white,4863
6.0,0.41,0.23,1.1,0.066,22.0,148.0,0.47,white,0.99266,3.3,9.63333333333333,5,white,4864
6.2,0.355,0.35,2.0,0.046,31.0,95.0,0.46,white,0.98822,3.06,13.6,6,white,4865
5.7,0.41,0.21,1.9,0.048,30.0,112.0,0.55,white,0.99138,3.29,11.2,6,white,4866
5.3,0.6,0.34,1.4,0.031,3.0,60.0,0.38,white,0.98854,3.27,13.0,6,white,4867
5.8,0.23,0.31,4.5,0.046,42.0,124.0,0.64,white,0.99324,3.31,10.8,6,white,4868
6.6,0.24,0.33,10.1,0.032,8.0,81.0,0.51,white,0.99626,3.19,9.8,6,white,4869
6.1,0.32,0.28,6.6,0.021,29.0,132.0,0.36,white,0.99188,3.15,11.45,7,white,4870
5.0,0.2,0.4,1.9,0.015,20.0,98.0,0.55,white,0.9897,3.37,12.05,6,white,4871
6.0,0.42,0.41,12.4,0.032,50.0,179.0,0.6,white,0.99622,3.14,9.7,5,white,4872
5.7,0.21,0.32,1.6,0.03,33.0,122.0,0.52,white,0.99044,3.33,11.9,6,white,4873
5.6,0.2,0.36,2.5,0.048,16.0,125.0,0.49,white,0.99282,3.49,10.0,6,white,4874
7.4,0.22,0.26,1.2,0.035,18.0,97.0,0.41,white,0.99245,3.12,9.7,6,white,4875
6.2,0.38,0.42,2.5,0.038,34.0,117.0,0.59,white,0.99132,3.36,11.6,7,white,4876
5.9,0.54,0.0,0.8,0.032,12.0,82.0,0.36,white,0.99286,3.25,8.8,5,white,4877
6.2,0.53,0.02,0.9,0.035,6.0,81.0,0.35,white,0.99234,3.24,9.5,4,white,4878
6.6,0.34,0.4,8.1,0.046,68.0,170.0,0.5,white,0.99494,3.15,9.53333333333333,6,white,4879
6.6,0.34,0.4,8.1,0.046,68.0,170.0,0.5,white,0.99494,3.15,9.53333333333333,6,white,4880
5.0,0.235,0.27,11.75,0.03,34.0,118.0,0.5,white,0.9954,3.07,9.4,6,white,4881
5.5,0.32,0.13,1.3,0.037,45.0,156.0,0.38,white,0.99184,3.26,10.7,5,white,4882
4.9,0.47,0.17,1.9,0.035,60.0,148.0,0.35,white,0.98964,3.27,11.5,6,white,4883
6.5,0.33,0.38,8.3,0.048,68.0,174.0,0.5,white,0.99492,3.14,9.6,5,white,4884
6.6,0.34,0.4,8.1,0.046,68.0,170.0,0.5,white,0.99494,3.15,9.55,6,white,4885
6.2,0.21,0.28,5.7,0.028,45.0,121.0,1.08,white,0.99168,3.21,12.15,7,white,4886
6.2,0.41,0.22,1.9,0.023,5.0,56.0,0.79,white,0.98928,3.04,13.0,7,white,4887
6.8,0.22,0.36,1.2,0.052,38.0,127.0,0.54,white,0.9933,3.04,9.2,5,white,4888
4.9,0.235,0.27,11.75,0.03,34.0,118.0,0.5,white,0.9954,3.07,9.4,6,white,4889
6.1,0.34,0.29,2.2,0.036,25.0,100.0,0.44,white,0.98938,3.06,11.8,6,white,4890
5.7,0.21,0.32,0.9,0.038,38.0,121.0,0.46,white,0.99074,3.24,10.6,6,white,4891
6.5,0.23,0.38,1.3,0.032,29.0,112.0,0.54,white,0.99298,3.29,9.7,5,white,4892
6.2,0.21,0.29,1.6,0.039,24.0,92.0,0.5,white,0.99114,3.27,11.2,6,white,4893
6.6,0.32,0.36,8.0,0.047,57.0,168.0,0.46,white,0.9949,3.15,9.6,5,white,4894
6.5,0.24,0.19,1.2,0.041,30.0,111.0,0.46,white,0.99254,2.99,9.4,6,white,4895
5.5,0.29,0.3,1.1,0.022,20.0,110.0,0.38,white,0.98869,3.34,12.8,7,white,4896
6.0,0.21,0.38,0.8,0.02,22.0,98.0,0.32,white,0.98941,3.26,11.8,6,white,4897
